م,الصنف,كمية,رويال الكيم / سنتر اللوتس التجاري,سعر التكلفة,رويال الكيم اونلاين,سعر1 كارت,رويال توزيع / عربيه,سعر2 كارت,ريال الكيم / اداره مخازن,سعر3 كارت,ROYAL ELCHIM . HURGADA,سعر4 كارت,ROYAL ELCHIM MARWA,تاريخ اخر حركة,الفرق,بيع,شراء,مرتجع بيع,مرتجع شراء,صادر,وارد,تالف,تسوية,قيمة بيع,قيمة شراء,قيمة مرتجع بيع,قيمة مرتجع شراء,قيمة تالف,الباركود,الوصف,حجز,غير مؤكد,ج تكلفة,نوع الصنف,اسم الصنف,الوصف 4,الوصف 5,ترتيب القائمة,سعر1 %,إجمالي الكمية,حد الطلب رويال الكيم / سنتر اللوتس التجاري,التصنيف الرئيسي,اسم القائمة,نواقص رويال الكيم / سنتر اللوتس التجاري,اخر تسوية رويال الكيم / سنتر اللوتس التجاري,صورة الصنف,اخر سعر شراء,سعر عرض,تاريخ النواقص,خصم بيع,خصم شراء,سعر1 = رويال الكيم / سنتر اللوتس التجاري,سعر2 = رويال الكيم / سنتر اللوتس التجاري,سعر3 = رويال الكيم / سنتر اللوتس التجاري,سعر4 = رويال الكيم / سنتر اللوتس التجاري,مطلوب حد الطلب,تاريخ اخر بيع,أونلاين,كمية أونلاين,تاريخ خصم أونلاين,سعر أونلاين,#هاشتاج,كلمات البحث,مورد اخر,ملاحظات,أول تاريخ,اخر تاريخ,تحت الطلب,نسبة الخصم**,اخر سعر تكلفة,تاريخ اخر شراء,*اسم الصنف Online,سعر تكلفة مخصص,إيقاف الإدراج,قيمة سعر1,قيمة سعر2,قيمة سعر3,قيمة سعر4,عدد الصور
,ACRYLIC NAIL,,,,,,,,,,,,,,,,,,,,,,,,,,,,,,,,,ACRYLIC NAIL,,,,,,,,,,,,,,,,,,,,,,,,,,,,,,,,,,,,,,,,,,,,,
1,ACRYLIC NAIL TOP COAT UNO DIAMOND SHEILD,0,0,150,0,275,0,225,0,200,0,175,0,2026/02/25,,,,,,,,,,,,,,,089001,UNO,0,,0,ACRYLIC NAIL,TOP COAT,DIAMOND SHEILD,,,83٫33,0,0,,1,نواقص,99999,,140,,2026/02/25,,,,,,,,2026/02/25,,-1,,,,,GLOPAL,,,,0,45٫45,150,2023/02/24,,150,لا,275,225,200,175,0
2,ACRYLIC NAIL TOP COAT UNO SUPER SHINE,0,0,150,0,275,0,225,0,200,0,175,0,2023/12/11,,,,,,,,,,,,,,,2000110661113,UNO,0,,0,ACRYLIC NAIL,TOP COAT,SUPER SHINE,,,83٫33,0,0,,1,---,99999,,140,,,,,,,,,,2023/04/09,,-1,,,,,GLOPAL,,,,0,45٫45,150,2023/02/24,,150,لا,275,225,200,175,0
2,إجمالي -   ACRYLIC NAIL,0,0,0,0,0,0,0,0,0,0,0,0,,0,0,0,0,0,0,0,0,0,0,0,0,0,0,,,0,0,0,,,,,,0,0,,,,,,,0,,,,,0,0,0,0,0,,,,,,,,,,,,,,0,,,0,,0,0,0,0,
,,,,,,,,,,,,,,,,,,,,,,,,,,,,,,,,,,,,,,,,,,,,,,,,,,,,,,,,,,,,,,,,,,,,,,,,,,,,,,,
,ARGAN DE LUXE,,,,,,,,,,,,,,,,,,,,,,,,,,,,,,,,,ARGAN DE LUXE,,,,,,,,,,,,,,,,,,,,,,,,,,,,,,,,,,,,,,,,,,,,,
3,ARGAN DE LUXE HAIR B& BODY SERUM,0,0,193٫75,0,285,0,260,0,240,0,220,0,2025/07/02,,,,,,,,,,,,,,,783583000420,,0,,0,ARGAN DE LUXE,HAIR B& BODY SERUM,,,,47٫1,0,0,,1,نواقص,99999,,220,,2025/04/16,,,,,,,,2025/04/15,,-1,,,,,عزت Omay,,,,0,32٫02,220,2024/05/23,,193٫75,لا,285,260,240,220,0
4,ARGAN DE LUXE INFUSING MASK HAIR,0,0,116٫67,0,185,0,165,0,150,0,135,0,2026/05/10,,,,,,,,,,,,,,,783583000321,,0,,0,ARGAN DE LUXE,INFUSING MASK HAIR,,,,58٫57,0,0,,1,نواقص,99999,,120,,2026/01/26,,,,,,,,2026/01/26,,-1,,,,,عزت Omay,,,,0,36٫94,120,2024/05/23,,116٫67,لا,185,165,150,135,0
5,ARGAN DE LUXE SHAMPO & BALSAM,0,0,230,0,375,0,350,0,300,0,275,0,2025/07/02,,,,,,,,,,,,,,,7835830003227,,0,,0,ARGAN DE LUXE,SHAMPO & BALSAM,,,,63٫04,0,0,,1,نواقص,99999,,235,,2025/02/03,,,,,,,,2025/03/04,,-1,,,,,عزت Omay,,,,0,38٫67,235,2024/05/23,,230,لا,375,350,300,275,0
6,ARGAN DE LUXE مجموعه ثلاثيه,0,0,450,0,700,0,650,0,600,0,550,0,2024/03/30,,,,,,,,,,,,,,,7891549896703,,0,,0,ARGAN DE LUXE,مجموعه ثلاثيه,,,,55٫56,0,0,,1,نواقص,99999,,450,,2024/03/31,,,,,,,,,,-1,,,,,عزت Omay,,,,0,35٫71,450,2023/12/30,,450,لا,700,650,600,550,0
4,إجمالي -   ARGAN DE LUXE,0,0,0,0,0,0,0,0,0,0,0,0,,0,0,0,0,0,0,0,0,0,0,0,0,0,0,,,0,0,0,,,,,,0,0,,,,,,,0,,,,,0,0,0,0,0,,,,,,,,,,,,,,0,,,0,,0,0,0,0,
,,,,,,,,,,,,,,,,,,,,,,,,,,,,,,,,,,,,,,,,,,,,,,,,,,,,,,,,,,,,,,,,,,,,,,,,,,,,,,,
,AVON,,,,,,,,,,,,,,,,,,,,,,,,,,,,,,,,,AVON,,,,,,,,,,,,,,,,,,,,,,,,,,,,,,,,,,,,,,,,,,,,,
7,AVON ARTISTIQUE 50ML IRIS FETICHE,0,0,160,0,275,0,225,0,200,0,175,0,2022/03/21,,,,,,,,,,,,,,,5059018044624,50ML,0,,0,AVON,ARTISTIQUE,IRIS FETICHE,,,71٫88,0,0,,1,نواقص,99999,,160,,2022/03/21,,,,,,,,2022/03/21,,-1,,,,,رصيد اول المده,,,,0,41٫82,160,2021/08/01,,160,لا,275,225,200,175,0
8,AVON BLACK SUID ROLL-ON,0,0,15,0,22,0,20,0,17,0,15,0,2021/09/14,,,,,,,,,,,,,,,049001,ROLL-ON,0,,0,AVON,BLACK SUID,,,,46٫67,0,0,,1,---,99999,,15,,,,,,,,,,2021/09/14,,-1,,,,,رصيد اول المده,,,,0,31٫82,15,2021/08/29,,15,لا,22,20,17,15,0
9,AVON Blite Gntlman Roll On,0,0,30,0,45,0,42,0,40,0,38,0,2024/04/08,,,,,,,,,,,,,,,5059018162540,Roll On,0,,0,AVON,Blite Gntlman,,,,50,0,0,,1,نواقص,99999,,30,,2024/04/08,,,,,,,,2024/04/08,,-1,,,,,,,,,0,33٫33,30,2024/03/11,,30,لا,45,42,40,38,0
10,AVON BODY LOTION CARE REVITALISING,0,0,45,0,75,0,65,0,60,0,50,0,2021/12/18,,,,,,,,,,,,,,,5059018003898,CARE,0,,0,AVON,BODY LOTION,REVITALISING,750ML,,66٫67,0,0,,1,---,99999,\us\134\pid\1227\f132793952552791876001.png,45,,,,,,,,,,2021/12/18,,-1,,,,,رصيد اول المده,,,,0,40,45,2021/08/03,,45,لا,75,65,60,50,1
11,AVON BOUQUET 50 ML,0,0,95,0,150,0,135,0,120,0,105,0,2023/06/01,,,,,,,,,,,,,,,5059018013453,50 ML,0,,0,AVON,BOUQUET,,,,57٫89,0,0,,1,نواقص,99999,,95,,2023/06/02,,,,,,,,2023/06/01,,-1,,,,,رصيد اول المده,,,,0,36٫67,95,2021/08/01,,95,لا,150,135,120,105,0
12,AVON BUBBLE BATH WHITE LILY 1000ML,0,0,55,0,75,0,70,0,65,0,60,0,2023/12/11,,,,,,,,,,,,,,,5050136082031,WHITE LILY,0,,0,AVON,BUBBLE BATH,1000ML,,,36٫36,0,0,,1,---,99999,,55,,,,,,,,,,,,-1,,,,,رصيد اول المده,,,,0,26٫67,55,2021/08/03,,55,لا,75,70,65,60,0
13,AVON Caramapple,0,0,130,0,175,0,160,0,150,0,140,0,2022/07/26,,,,,,,,,,,,,,,5059018063663,,0,,0,AVON,Caramapple,,,,34٫62,0,0,,1,نواقص,99999,,130,,2022/07/30,,,,,,,,2022/07/26,,-1,,,,,رويال / اداره المخازن الاقصر,,,,0,25٫71,130,2021/05/13,,130,لا,175,160,150,140,0
14,AVON Care Body Lotion 400 Ml,0,0,30,0,60,0,55,0,50,0,45,0,2023/12/11,,,,,,,,,,,,,,,5059018034311,400 Ml,0,,0,AVON,Care Body Lotion,,,,100,0,0,,1,نواقص,99999,,30,,2022/06/16,,,,,,,,2021/12/25,,-1,,,,,Avon,,,,0,50,30,2021/12/19,,30,لا,60,55,50,45,0
15,AVON Care مرطب,0,0,40,0,60,0,55,0,50,0,45,0,2023/12/11,,,,,,,,,,,,,,,5059018098863,,0,,0,AVON,Care مرطب,,,,50,0,0,,1,نواقص,99999,,40,,2023/01/19,,,,,,,,2023/01/18,,-1,,,,,رويال / اداره المخازن الاقصر,,,,0,33٫33,40,2022/02/24,,40,لا,60,55,50,45,0
16,AVON CELEBRATE 75 ML FOR HIM,0,0,140,0,200,0,175,0,165,0,155,0,2025/07/02,,,,,,,,,,,,,,,5059018013767,75 ML,0,,0,AVON,CELEBRATE,FOR HIM,,,42٫86,0,0,,1,نواقص,99999,,140,,2025/02/03,,,,,,,,,,-1,,,,,رصيد اول المده,,,,0,30,140,2021/08/01,,140,لا,200,175,165,155,0
17,AVON CELEBRE 50ML,0,0,115٫6,0,175,0,155,0,145,0,135,0,2024/01/11,,,,,,,,,,,,,,,5059018104472,50ML,0,,0,AVON,CELEBRE,,,,51٫38,0,0,,1,نواقص,99999,,123,,2023/11/01,,,,,,,,2024/01/11,,-1,,,,,Avon,,,,0,33٫94,123,2021/12/19,,115٫6,لا,175,155,145,135,0
18,AVON CELEBRE FRESH,0,0,110٫1,0,150,0,140,0,130,0,125,0,2024/09/25,,,,,,,,,,,,,,,5059018104465,FRESH,0,,0,AVON,CELEBRE,,,,36٫24,0,0,,1,نواقص,99999,,115,,2024/09/26,,,,,,,,2024/09/25,,-1,,,,,Avon,,,,0,26٫6,110٫2,2021/09/13,,110٫1,لا,150,140,130,125,0
19,AVON CELEBRE ROLL,0,0,14,0,22,0,20,0,18,0,16,0,2022/05/23,,,,,,,,,,,,,,,5059018121912,ROLL,0,,0,AVON,CELEBRE,,,,57٫14,0,0,,1,نواقص,99999,,14,,2022/05/24,,,,,,,,2022/05/23,,-1,,,,,Avon,,,,0,36٫36,14,2021/12/19,,14,لا,22,20,18,16,0
20,AVON CHERISH,0,0,150,0,185,0,155,0,153,0,151,0,2023/07/14,,,,,,,,,,,,,,,049015,,0,,0,AVON,CHERISH,,,,23٫33,0,0,,1,نواقص,99999,,150,,2023/07/14,,,,,,,,2023/07/14,,-1,,,,,,,,,0,18٫92,150,2022/05/09,,150,لا,185,155,153,151,0
21,AVON CHERISH ROLL-ON,0,0,14٫33,0,22,0,20,0,17,0,15,0,2022/07/29,,,,,,,,,,,,,,,5050136455422,ROLL-ON,0,,0,AVON,CHERISH,,,,53٫49,0,0,,1,نواقص,99999,,14,,2022/07/27,,,,,,,,2022/07/29,,-1,,,,,رويال/ادره المخازن,,,,0,34٫85,14,2022/02/09,,14٫33,لا,22,20,17,15,0
22,AVON CHERRY BLOSSORE,0,0,45,0,70,0,65,0,60,0,55,0,2026/05/10,,,,,,,,,,,,,,,5059018002198,,0,,0,AVON,CHERRY BLOSSORE,,,,55٫56,0,0,,1,نواقص,99999,,45,,2023/10/12,,,,,,,,2022/05/01,,-1,,,,,رويال/ادره المخازن,,,,0,35٫71,45,2022/02/09,,45,لا,70,65,60,55,0
23,AVON EDGE MAN 75 ML,0,0,95,0,150,0,135,0,120,0,105,0,2023/03/30,,,,,,,,,,,,,,,5050136494704,75 ML,0,,0,AVON,EDGE MAN,,,,57٫89,0,0,,1,نواقص,99999,,95,,2023/03/30,,,,,,,,2023/03/30,,-1,,,,,رصيد اول المده,,,,0,36٫67,95,2021/08/03,,95,لا,150,135,120,105,0
24,AVON ENCANTO 50ml Alluring,0,0,120,0,175,0,155,0,150,0,135,0,2025/07/02,,,,,,,,,,,,,,,5059018008015,50ml,0,,0,AVON,ENCANTO,Alluring,,,45٫83,0,0,,1,نواقص,99999,,120,,2025/02/03,,,,,,,,,,-1,,,,,رصيد اول المده,,,,0,31٫43,120,2021/08/01,,120,لا,175,155,150,135,0
25,AVON EYE MAKE UP REMOVER,0,0,22٫08,0,45,0,35,0,30,0,25,0,2023/05/10,,,,,,,,,,,,,,,049009,,0,,0,AVON,EYE MAKE UP REMOVER,,,,103٫78,0,0,,1,نواقص,99999,,25,,2022/08/06,,,,,,,,2022/08/06,,-1,,,,,,,,,0,50٫93,25,2022/08/06,,22٫08,لا,45,35,30,25,0
26,AVON FAR AWAY,0,0,250,0,357,0,350,0,345,0,340,0,2024/05/30,,,,,,,,,,,,,,,5059018288592,,0,,0,AVON,FAR AWAY,,,,42٫8,0,0,,1,نواقص,99999,,250,,2024/05/30,,,,,,,,2024/05/30,,-1,,,,,,,,,0,29٫97,250,2024/05/09,,250,لا,357,350,345,340,0
27,AVON FAR AWAY 50ML,0,0,124٫63,0,175,0,155,0,150,0,135,0,2023/12/11,,,,,,,,,,,,,,,5050136672461,50ML,0,,0,AVON,FAR AWAY,,,,40٫41,0,0,,1,نواقص,99999,,125,,2022/06/16,,,,,,,,2021/12/15,,-1,,,,,رويال / اداره المخازن الاقصر,,,,0,28٫78,125,2021/11/24,,124٫63,لا,175,155,150,135,0
28,AVON FAR AWAY BODY LOTION 150ML,0,0,55,0,100,0,90,0,80,0,70,0,2024/05/19,,,,,,,,,,,,,,,5059018036063,BODY LOTION,0,,0,AVON,FAR AWAY,150ML,,,81٫82,0,0,,1,نواقص,99999,,55,,2024/05/20,,,,,,,,2024/05/19,,-1,,,,,,,,,0,45,55,2024/05/09,,55,لا,100,90,80,70,0
29,AVON FAR AWAY Rebel & Diva,0,0,124٫45,0,175,0,160,0,150,0,135,0,2023/08/23,,,,,,,,,,,,,,,5059018048554,Rebel & Diva,0,,0,AVON,FAR AWAY,,,,40٫62,0,0,,1,نواقص,99999,,125,,2023/08/24,,,,,,,,2023/08/23,,-1,,,,,رويال/ادره المخازن,,,,0,28٫89,125,2022/02/09,,124٫45,لا,175,160,150,135,0
30,AVON FAR AWAY ROLL-ON,0,0,29٫37,0,45,0,42,0,40,0,38,0,2025/07/02,,,,,,,,,,,,,,,5059018023094,ROLL-ON,0,,0,AVON,FAR AWAY,,,,53٫2,0,0,,1,نواقص,99999,,30,,2025/02/03,,,,,,,,2024/05/31,,-1,,,,,,,,,0,34٫73,30,2024/03/11,,29٫37,لا,45,42,40,38,0
31,AVON FAR AWAY GLAMOUR 50 Ml,0,0,135,0,225,0,200,0,175,0,165,0,2023/12/11,,,,,,,,,,,,,,,5050136672270,50 Ml,0,,0,AVON,FAR AWAY GLAMOUR,,,,66٫67,0,0,,1,نواقص,99999,,135,,2022/08/12,,,,,,,,,,-1,,,,,نقدي متنوع,,,,0,40,135,2022/05/23,,135,لا,225,200,175,165,0
32,AVON FAR AWAY GLAMOUR BODY LOTION 150 ML,0,0,29٫47,0,60,0,50,0,45,0,35,0,2023/12/11,,,,,,,,,,,,,,,5059018003461,BODY LOTION,0,,0,AVON,FAR AWAY GLAMOUR,150 ML,,,103٫62,0,0,,1,نواقص,99999,,31,,2022/06/16,,,,,,,,2022/06/15,,-1,,,,,رويال/ادره المخازن,,,,0,50٫89,31,2022/02/09,,29٫47,لا,60,50,45,35,0
33,AVON Frozen 70 Ml Gift Set,0,0,120,0,150,0,145,0,140,0,135,0,2025/07/02,,,,,,,,,,,,,,,5059018023100,70 Ml,0,,0,AVON,Frozen,Gift Set,,,25,0,0,,1,نواقص,99999,,120,,2025/02/03,,,,,,,,,,-1,,,,,رصيد اول المده,,,,0,20,120,2021/08/01,,120,لا,150,145,140,135,0
34,AVON FULL SPEED GAMER,0,0,119٫78,0,160,0,150,0,140,0,135,0,2023/12/11,,,,,,,,,,,,,,,5059018150530,GAMER,0,,0,AVON,FULL SPEED,,,,33٫58,0,0,,1,---,99999,,125,,,,,,,,,,,,-1,,,,,Avon,,,,0,25٫14,119٫78,2021/09/13,,119٫78,لا,160,150,140,135,0
35,AVON FULL SPEED ORIGINAL,0,0,119٫78,0,160,0,150,0,140,0,135,0,2023/12/11,,,,,,,,,,,,,,,5059018165459,ORIGINAL,0,,0,AVON,FULL SPEED,,,,33٫58,0,0,,1,نواقص,99999,,125,,2023/02/15,,,,,,,,,,-1,,,,,Avon,,,,0,25٫14,119٫78,2021/09/13,,119٫78,لا,160,150,140,135,0
36,AVON FULL SPEED VIRTUAL ADRENALINE,0,0,119٫78,0,160,0,150,0,140,0,135,0,2022/10/03,,,,,,,,,,,,,,,5059018152084,VIRTUAL ADRENALINE,0,,0,AVON,FULL SPEED,,,,33٫58,0,0,,1,نواقص,99999,,125,,2022/10/03,,,,,,,,2022/10/03,,-1,,,,,Avon,,,,0,25٫14,119٫78,2021/09/13,,119٫78,لا,160,150,140,135,0
37,AVON Full Speed Shampo Anti Dandruf,0,0,15,0,35,0,30,0,25,0,20,0,2024/03/31,,,,,,,,,,,,,,,5059018007599,Anti Dandruf,0,,0,AVON,Full Speed Shampo,,,,133٫33,0,0,,1,نواقص,99999,,15,,2024/03/31,,,,,,,,2024/03/31,,-1,,,,,رويال / اداره المخازن الاقصر,,,,0,57٫14,15,2021/05/13,,15,لا,35,30,25,20,0
38,AVON Fullspeed Body Wash,0,0,15,0,35,0,30,0,25,0,20,0,2024/01/23,,,,,,,,,,,,,,,049010,,0,,0,AVON,Fullspeed Body Wash,,,,133٫33,0,0,,1,نواقص,99999,,15,,2024/01/23,,,,,,,,2024/01/23,,-1,,,,,رويال / اداره المخازن الاقصر,,,,0,57٫14,15,2021/05/13,,15,لا,35,30,25,20,0
39,AVON Fullspeed Edt,0,0,0,0,150,0,135,0,125,0,110,0,,,,,,,,,,,,,,,,049000,,0,,0,AVON,Fullspeed Edt,,,,,0,0,,1,نواقص,99999,,0,,2021/07/12,,,,,,,,,,-1,,,,,,,,,0,,0,,,0,لا,150,135,125,110,0
40,AVON Fullspeed Edt Roll,0,0,30,0,45,0,42,0,40,0,38,0,2025/07/02,,,,,,,,,,,,,,,5059018217189,Roll,0,,0,AVON,Fullspeed Edt,,,,50,0,0,,1,نواقص,99999,,30,,2025/02/03,,,,,,,,2024/01/31,,-1,,,,,,,,,0,33٫33,30,2024/03/11,,30,لا,45,42,40,38,0
41,AVON Glamstyl,0,0,110,0,160,0,150,0,140,0,135,0,2023/10/25,,,,,,,,,,,,,,,5059018067586,,0,,0,AVON,Glamstyl,,,,45٫45,0,0,,1,---,99999,,110,,2023/10/12,,,,,,,,2023/10/25,,-1,,,,,رويال/ادره المخازن,,,,0,31٫25,110,2022/02/09,,110,لا,160,150,140,135,0
42,AVON GOOD NIGHT SWEET HEART 500ML,0,0,34٫27,0,60,0,55,0,50,0,45,0,2023/12/11,,,,,,,,,,,,,,,5059018096517,500ML,0,,0,AVON,GOOD NIGHT SWEET HEART,,,,75٫09,0,0,,1,نواقص,99999,,35,,2022/05/04,,,,,,,,2022/05/03,,-1,,,,,Avon,,,,0,42٫89,33٫54,2021/09/13,,34٫27,لا,60,55,50,45,0
43,AVON HAIR & BODY WASH SENSES 2IN1 FOR MEN,0,0,36,0,65,0,50,0,45,0,40,0,2026/05/10,,,,,,,,,,,,,,,5059018074690,SENSES,0,,0,AVON,HAIR & BODY WASH,2IN1 FOR MEN,720 ML,,80٫56,0,0,,1,---,99999,,36,,,,,,,,,,,,-1,,,,,رصيد اول المده,,,,0,44٫62,36,2021/08/03,,36,لا,65,50,45,40,0
44,AVON HAIR CARE NATURALE 125ML,0,0,11,0,20,0,18,0,15,0,12,0,2025/07/02,,,,,,,,,,,,,,,5050136373184,NATURALE,0,,0,AVON,HAIR CARE,125ML,,,81٫82,0,0,,1,نواقص,99999,,11,,2025/02/03,,,,,,,,,,-1,,,,,رويال/ادره المخازن,,,,0,45,11,2022/02/09,,11,لا,20,18,15,12,0
45,AVON HAIR LOTION ADANED TECHNIQUES,0,0,9٫58,0,35,0,25,0,20,0,15,0,2022/08/19,,,,,,,,,,,,,,,5059018090652,ADANED TECHNIQUES,0,,0,AVON,HAIR LOTION,,,,265٫27,0,0,,1,---,99999,,10,,,,,,,,,,,,-1,,,,,Avon,,,,0,72٫62,9٫58,2021/09/13,,9٫58,لا,35,25,20,15,0
46,AVON High Copy,0,0,48٫2,0,95,0,85,0,75,0,65,0,2026/05/10,,,,,,,,,,,,,,,049016,,0,,0,AVON,High Copy,,,,97٫12,0,0,,1,نواقص,99999,,45,,2023/10/12,,,,,,,,2023/08/04,,-1,,,,,محمود السقاري,,,,0,49٫27,48٫21,2023/03/01,,48٫2,لا,95,85,75,65,0
47,AVON INCANDESSENCE,0,0,74٫45,0,175,0,160,0,150,0,135,0,2023/12/11,,,,,,,,,,,,,,,5059018031747   5059018175076,,0,,0,AVON,INCANDESSENCE,,,,135٫06,0,0,,1,نواقص,99999,,123٫9,,2022/06/16,,,,,,,,2022/03/30,,-1,,,,,Avon,,,,0,57٫46,123٫9,2021/10/30,,74٫45,لا,175,160,150,135,0
48,AVON INCANDESSENCE Body Lotion,0,0,25,0,60,0,55,0,50,0,45,0,2022/02/14,,,,,,,,,,,,,,,049013,Body Lotion,0,,0,AVON,INCANDESSENCE,,,,140,0,0,,1,نواقص,99999,,25,,2022/02/15,,,,,,,,2022/02/14,,-1,,,,,رويال / اداره المخازن الاقصر,,,,0,58٫33,25,2021/12/29,,25,لا,60,55,50,45,0
49,AVON INCANDESSENCE ENJOY BODY LOTION,0,0,25,0,60,0,55,0,50,0,45,0,2023/12/11,,,,,,,,,,,,,,,049014,ENJOY,0,,0,AVON,INCANDESSENCE,BODY LOTION,,,140,0,0,,1,نواقص,99999,,25,,2022/06/16,,,,,,,,,,-1,,,,,رويال / اداره المخازن الاقصر,,,,0,58٫33,25,2021/12/29,,25,لا,60,55,50,45,0
50,AVON INCANDESSENCE ROLL-ON,0,0,25٫58,0,42,0,40,0,38,0,35,0,2025/06/28,,,,,,,,,,,,,,,5059018006899,ROLL-ON,0,,0,AVON,INCANDESSENCE,,,,64٫22,0,0,,1,نواقص,99999,,27,,2024/04/05,,,,,,,,2024/04/05,,-1,,,,,,,,,0,39٫11,27,2023/12/12,,25٫58,لا,42,40,38,35,0
51,AVON INCANDESSENCE ENJOY 50ML,0,0,115,0,175,0,155,0,140,0,130,0,2022/08/12,,,,,,,,,,,,,,,5059018031686,50ML,0,,0,AVON,INCANDESSENCE ENJOY,,,,52٫17,0,0,,1,نواقص,99999,,115,,2022/08/12,,,,,,,,2022/08/12,,-1,,,,,رصيد اول المده,,,,0,34٫29,115,2021/08/01,,115,لا,175,155,140,130,0
52,AVON INDIVIDUAL BLUE 50ML ORIGENAL,0,0,114٫89,0,160,0,150,0,140,0,130,0,2023/08/28,,,,,,,,,,,,,,,5059018015693,50ML ORIGENAL,0,,0,AVON,INDIVIDUAL BLUE,,,,39٫26,0,0,,1,نواقص,99999,,125,,2023/08/28,,,,,,,,2023/08/28,,-1,,,,,Avon,,,,0,28٫19,119٫78,2021/09/13,,114٫89,لا,160,150,140,130,0
53,AVON INDIVIDUAL BLUE Roll,0,0,26,0,42,0,40,0,38,0,35,0,2023/12/24,,,,,,,,,,,,,,,5059018015921,Roll,0,,0,AVON,INDIVIDUAL BLUE,,,,61٫54,0,0,,1,نواقص,99999,,26,,2023/12/24,,,,,,,,2023/12/24,,-1,,,,,Avon,,,,0,38٫1,26,2023/10/21,,26,لا,42,40,38,35,0
54,AVON INDIVIDUAL BLUE SUNSET,0,0,121٫89,0,175,0,160,0,150,0,135,0,2024/04/18,,,,,,,,,,,,,,,5050136143275,SUNSET,0,,0,AVON,INDIVIDUAL BLUE,,,,43٫57,0,0,,1,نواقص,99999,,123٫9,,2024/04/18,,,,,,,,2024/04/18,,-1,,,,,Avon,,,,0,30٫35,123٫9,2021/10/30,,121٫89,لا,175,160,150,135,0
55,AVON Life Colour Spray,0,0,30,0,75,0,65,0,55,0,45,0,2025/07/02,,,,,,,,,,,,,,,5050136154080,,0,,0,AVON,Life Colour Spray,,,,150,0,0,,1,نواقص,99999,,30,,2025/02/03,,,,,,,,,,-1,,,,,رويال / اداره المخازن الاقصر,,,,0,60,30,2022/04/12,,30,لا,75,65,55,45,0
56,AVON LITTLE BLACK DRESS BODY LOTION 150ML,0,0,31٫5,0,60,0,50,0,40,0,35,0,2021/12/11,,,,,,,,,,,,,,,5050136183738,BODY LOTION,0,,0,AVON,LITTLE BLACK DRESS,150ML,WEEKEND,,90٫48,0,0,,1,---,99999,,31٫5,,,,,,,,,,2021/12/11,,-1,,,,,رصيد اول المده,,,,0,47٫5,31٫5,2021/08/03,,31٫5,لا,60,50,40,35,0
57,AVON LITTLE BLACK DRESS ROLL-ON,0,0,30,0,45,0,42,0,40,0,38,0,2025/07/02,,,,,,,,,,,,,,,5050136151317   5059018264343,ROLL-ON,0,,0,AVON,LITTLE BLACK DRESS,,,,50,0,0,,1,نواقص,99999,,30,,2025/02/03,,,,,,,,2022/08/05,,-1,,,,,,,,,0,33٫33,30,2024/03/11,,30,لا,45,42,40,38,0
58,AVON LITTLE PARFUM,0,0,1,0,3,0,2,0,1٫5,0,1٫5,0,2023/12/11,,,,,,,,,,,,,,,049003,,0,,0,AVON,LITTLE PARFUM,,,,200,0,0,,1,---,99999,,1,,,,,,,,,,,,-1,,,,,رصيد اول المده,,,,0,66٫67,1,2021/08/29,,1,لا,3,2,1٫5,1٫5,0
59,AVON Luck 10 Ml,0,0,35,0,60,0,55,0,50,0,45,0,2023/12/11,,,,,,,,,,,,,,,5059018101808,10 Ml,0,,0,AVON,Luck,,,,71٫43,0,0,,1,نواقص,99999,,35,,2023/10/12,,,,,,,,,,-1,,,,,Avon,,,,0,41٫67,35,2021/12/19,,35,لا,60,55,50,45,0
60,AVON LUCKY ME BODY LOTION 150ML,0,0,31٫5,0,60,0,50,0,40,0,35,0,2022/02/12,,,,,,,,,,,,,,,5059018067494,BODY LOTION,0,,0,AVON,LUCKY ME,150ML,,,90٫48,0,0,,1,---,99999,,31٫5,,,,,,,,,,2022/02/12,,-1,,,,,رصيد اول المده,,,,0,47٫5,31٫5,2021/08/03,,31٫5,لا,60,50,40,35,0
61,AVON Luminata 30ml,0,0,123٫9,0,175,0,160,0,150,0,135,0,2022/08/18,,,,,,,,,,,,,,,049012   5059018014559,,0,,0,AVON,Luminata 30ml,,,,41٫24,0,0,,1,نواقص,99999,,123٫9,,2022/08/18,,,,,,,,2022/08/18,,-1,,,,,Avon,,,,0,29٫2,123٫9,2021/10/30,,123٫9,لا,175,160,150,135,0
62,AVON MAXIME HAIR & BODY WASH FOR HIM,0,0,36,0,70,0,60,0,50,0,40,0,2026/05/10,,,,,,,,,,,,,,,5059018023124,HAIR & BODY WASH,0,,0,AVON,MAXIME,FOR HIM,,,94٫44,0,0,,1,---,99999,,36,,,,,,,,,,,,-1,,,,,رصيد اول المده,,,,0,48٫57,36,2021/08/03,,36,لا,70,60,50,40,0
63,AVON MESMERIZE FOR HIM,0,0,123٫32,0,160,0,150,0,140,0,135,0,2026/05/10,,,,,,,,,,,,,,,5059018015655,FOR HIM,0,,0,AVON,MESMERIZE,,,,29٫74,0,0,,1,نواقص,99999,,125,,2023/08/28,,,,,,,,2023/08/28,,-1,,,,,رويال/ادره المخازن,,,,0,22٫92,125,2022/02/09,,123٫32,لا,160,150,140,135,0
64,AVON MICELLAR WATER SOOTHE REMOVE MAKEUP,0,0,10,0,25,0,20,0,15,0,12,0,2022/05/23,,,,,,,,,,,,,,,5059018016058,SOOTHE,0,,0,AVON,MICELLAR WATER,REMOVE MAKEUP,,,150,0,0,,1,نواقص,99999,,10,,2022/05/25,,,,,,,,2022/05/23,,-1,,,,,Avon,,,,0,60,10,2021/10/30,,10,لا,25,20,15,12,0
65,AVON MINI LIPSTICK,0,0,2,0,5,0,4٫5,0,4,0,3٫5,0,2023/12/11,,,,,,,,,,,,,,,049002,,0,,0,AVON,MINI LIPSTICK,,,,150,0,0,,1,---,99999,,2,,,,,,,,,,,,-1,,,,,رصيد اول المده,,,,0,60,2,2021/08/29,,2,لا,5,4٫5,4,3٫5,0
66,AVON MOISTURISING HAND GEL,0,0,19٫58,0,45,0,35,0,30,0,25,0,2025/07/02,,,,,,,,,,,,,,,5059018110695,,0,,0,AVON,MOISTURISING HAND GEL,,,,129٫8,0,0,,1,نواقص,99999,,20,,2025/02/03,,,,,,,,,,-1,,,,,رويال / اداره المخازن الاقصر,,,,0,56٫48,20,2022/02/24,,19٫58,لا,45,35,30,25,0
67,AVON Msmriz Roll_on,0,0,14,0,22,0,18,0,16,0,15,0,2022/04/27,,,,,,,,,,,,,,,5059018013460,Roll_on,0,,0,AVON,Msmriz,,,,57٫14,0,0,,1,نواقص,99999,,14,,2022/04/28,,,,,,,,2022/04/27,,-1,,,,,Avon,,,,0,36٫36,14,2021/10/30,,14,لا,22,18,16,15,0
68,AVON My Wish For You,0,0,165,0,250,0,230,0,200,0,180,0,2022/10/18,,,,,,,,,,,,,,,5059018111685,For You,0,,0,AVON,My Wish,,,,51٫52,0,0,,1,نواقص,99999,,165,,2022/08/12,,,,,,,,2022/10/18,,-1,,,,,رويال / اداره المخازن الاقصر,,,,0,34,165,2021/11/24,,165,لا,250,230,200,180,0
69,AVON Natural Hair Care,0,0,5,0,20,0,18,0,16,0,14,0,2023/12/11,,,,,,,,,,,,,,,5050136615208,,0,,0,AVON,Natural Hair Care,,,,300,0,0,,1,نواقص,99999,,5,,2022/06/16,,,,,,,,2022/04/16,,-1,,,,,رويال / اداره المخازن الاقصر,,,,0,75,5,2022/04/12,,5,لا,20,18,16,14,0
70,AVON OnDuty,0,0,14,0,22,0,20,0,18,0,15,0,2021/11/18,,,,,,,,,,,,,,,5050136620295,,0,,0,AVON,OnDuty,,,,57٫14,0,0,,1,نواقص,99999,,14,,2021/11/18,,,,,,,,2021/11/18,,-1,,,,,Avon,,,,0,36٫36,14,2021/10/30,,14,لا,22,20,18,15,0
71,AVON ONDUTY ACTIVE ROLL-ON 48H,0,0,15٫25,0,25,0,22,0,20,0,18,0,2023/12/11,,,,,,,,,,,,,,,5050136281472,ROLL-ON,0,,0,AVON,ONDUTY ACTIVE,48H,,,63٫93,0,0,,1,نواقص,99999,,16,,2022/06/16,,,,,,,,,,-1,,,,,رصيد اول المده,,,,0,39,16,2021/08/29,,15٫25,لا,25,22,20,18,0
72,AVON PASSION DANCE,0,0,112٫08,0,150,0,140,0,130,0,125,0,2023/12/26,,,,,,,,,,,,,,,5059018104489,DANCE,0,,0,AVON,PASSION,,,,33٫83,0,0,,1,---,99999,,115,,2023/10/12,,,,,,,,2023/12/26,,-1,,,,,رويال/ادره المخازن,,,,0,25٫28,115,2022/02/09,,112٫08,لا,150,140,130,125,0
73,AVON PEACH VELVET,0,0,45,0,70,0,65,0,60,0,55,0,2023/04/08,,,,,,,,,,,,,,,5059018083630,,0,,0,AVON,PEACH VELVET,,,,55٫56,0,0,,1,نواقص,99999,,45,,2023/04/08,,,,,,,,2023/04/08,,-1,,,,,رويال/ادره المخازن,,,,0,35٫71,45,2022/02/09,,45,لا,70,65,60,55,0
74,AVON PERCEIVE 50 ML WOMEN,0,0,119٫71,0,175,0,160,0,150,0,135,0,2023/12/11,,,,,,,,,,,,,,,5050136670825,50 ML,0,,0,AVON,PERCEIVE,WOMEN,,,46٫18,0,0,,1,نواقص,99999,,123٫9,,2023/07/04,,,,,,,,2023/07/04,,-1,,,,,Avon,,,,0,31٫59,123٫9,2021/10/30,,119٫71,لا,175,160,150,135,0
75,AVON Perceive 100 Ml For Men,0,0,125,0,175,0,155,0,145,0,135,0,2023/02/14,,,,,,,,,,,,,,,5059018018854,100 Ml,0,,0,AVON,Perceive,For Men,,,40,0,0,,1,نواقص,99999,,125,,2023/02/14,,,,,,,,2023/02/14,,-1,,,,,Avon,,,,0,28٫57,125,2021/12/19,,125,لا,175,155,145,135,0
76,AVON PERCIEVE ROLL-ON,0,0,26,0,42,0,40,0,38,0,35,0,2025/06/28,,,,,,,,,,,,,,,5050136672454,ROLL-ON,0,,0,AVON,PERCIEVE,,,,61٫54,0,0,,1,نواقص,99999,,26,,2024/06/01,,,,,,,,2024/05/31,,-1,,,,,Avon,,,,0,38٫1,26,2023/10/21,,26,لا,42,40,38,35,0
77,AVON POMEGRANATE & PEONY,0,0,45,0,70,0,65,0,60,0,55,0,2021/11/01,,,,,,,,,,,,,,,049011,,0,,0,AVON,POMEGRANATE & PEONY,,,,55٫56,0,0,,1,نواقص,99999,,45,,2021/11/01,,,,,,,,2021/11/01,,-1,,,,,رويال / اداره المخازن الاقصر,,,,0,35٫71,45,2021/05/13,,45,لا,70,65,60,55,0
78,AVON PRECIOUS SHOWER OILS,0,0,65,0,72,0,72,0,72,0,70,0,2023/12/11,,,,,,,,,,,,,,,5050136487379,,0,,0,AVON,PRECIOUS SHOWER OILS,,,,10٫77,0,0,,1,نواقص,99999,,65,,2021/07/12,,,,,,,,,,-1,,,,,رويال/ادره المخازن,,,,0,9٫72,65,2022/02/09,,65,لا,72,72,72,70,0
79,AVON PUR BLANCA ROLL-ON,0,0,29,0,45,0,42,0,40,0,38,0,2025/06/28,,,,,,,,,,,,,,,5059018015938,ROLL-ON,0,,0,AVON,PUR BLANCA,,,,55٫17,0,0,,1,نواقص,99999,,30,,2024/06/01,,,,,,,,2024/07/30,,-1,,,,,,,,,0,35٫56,30,2024/03/11,,29,لا,45,42,40,38,0
80,AVON Rare Flower Night Orchid Bodylotion,0,0,25,0,60,0,55,0,50,0,45,0,2021/12/25,,,,,,,,,,,,,,,5050136190262,Bodylotion,0,,0,AVON,Rare Flower Night Orchid,,,,140,0,0,,1,نواقص,99999,,25,,2021/12/25,,30,,,,,,2021/12/25,,-1,,,,,رويال / اداره المخازن الاقصر,,,,0,58٫33,25,2021/05/13,,25,لا,60,55,50,45,0
81,AVON Rare Gold 50 Ml,0,0,250,0,357,0,325,0,300,0,285,0,2024/05/27,,,,,,,,,,,,,,,5059018007087,50 Ml,0,,0,AVON,Rare Gold,,,,42٫8,0,0,,1,نواقص,99999,,250,,2024/05/27,,,,,,,,2024/05/27,,-1,,,,,Avon,,,,0,29٫97,250,2024/04/06,,250,لا,357,325,300,285,0
82,AVON Rare Parls 50ml,0,0,250,0,357,0,320,0,300,0,290,0,2024/07/02,,,,,,,,,,,,,,,5059018015709,,0,,0,AVON,Rare Parls 50ml,,,,42٫8,0,0,,1,نواقص,99999,,250,,2024/04/08,,,,,,,,2024/07/02,,-1,,,,,Avon,,,,0,29٫97,250,2024/04/06,,250,لا,357,320,300,290,0
83,AVON Rare Pearls Gs Offer,0,0,115٫5,0,231٫58,0,225,0,220,0,200,0,2021/12/14,,,,,,,,,,,,,,,5059018111708,Offer,0,,0,AVON,Rare Pearls Gs,,,,100٫5,0,0,,1,نواقص,99999,,115٫5,,2021/12/14,,30,,,,,,2021/12/14,,-1,,,,,رويال / اداره المخازن الاقصر,,,,0,50٫13,115٫5,2021/11/24,,115٫5,لا,231٫58,225,220,200,0
84,AVON REFRESHING FACIAL CLEANING,0,0,25,0,40,0,35,0,30,0,26,0,2021/12/25,,,,,,,,,,,,,,,5050136489571,,0,,0,AVON,REFRESHING FACIAL CLEANING,,,,60,0,0,,1,نواقص,99999,,25,,2021/12/25,,,,,,,,2021/12/25,,-1,,,,,رويال / اداره المخازن الاقصر,,,,0,37٫5,25,2021/11/24,,25,لا,40,35,30,26,0
85,AVON Roll On,0,0,26,0,42,0,40,0,38,0,35,0,2024/01/31,,,,,,,,,,,,,,,049017,,0,,0,AVON,Roll On,,,,61٫54,0,0,,1,نواقص,99999,,26,,2024/01/31,,,,,,,,2024/01/31,,-1,,,,,Avon,,,,0,38٫1,26,2023/10/21,,26,لا,42,40,38,35,0
86,AVON RUBY KISS LIPSTIC,0,0,0,0,35,0,30,0,25,0,20,0,,,,,,,,,,,,,,,,049005,LIPSTIC,0,,0,AVON,RUBY KISS,,,,,0,0,,1,---,99999,,0,,,,,,,,,,,,-1,,,,,,,,,0,,0,,,0,لا,35,30,25,20,0
87,AVON Shampo Avocado,0,0,15,0,45,0,35,0,25,0,20,0,2023/01/10,,,,,,,,,,,,,,,5059018070821,,0,,0,AVON,Shampo Avocado,,,,200,0,0,,1,نواقص,99999,,15,,2023/01/10,,,,,,,,2023/01/10,,-1,,,,,رويال / اداره المخازن الاقصر,,,,0,66٫67,15,2022/04/12,,15,لا,45,35,25,20,0
88,AVON SURREAL ISLAND BODY LOTION 150ML,0,0,31٫5,0,60,0,50,0,40,0,35,0,2022/02/12,,,,,,,,,,,,,,,5050136706791,BODY LOTION,0,,0,AVON,SURREAL ISLAND,150ML,,,90٫48,0,0,,1,---,99999,,31٫5,,,,,,,,,,2022/02/12,,-1,,,,,رصيد اول المده,,,,0,47٫5,31٫5,2021/08/03,,31٫5,لا,60,50,40,35,0
89,AVON SURRRAEL ISLAND 75ML,0,0,125,0,185,0,155,0,145,0,140,0,2023/07/14,,,,,,,,,,,,,,,5050136304096,75ML,0,,0,AVON,SURRRAEL ISLAND,,,,48,0,0,,1,نواقص,99999,,125,,2023/07/14,,,,,,,,2023/07/14,,-1,,,,,رصيد اول المده,,,,0,32٫43,125,2021/08/01,,125,لا,185,155,145,140,0
90,AVON Today Tomorrow This Love,0,0,123,0,175,0,155,0,145,0,135,0,2021/12/29,,,,,,,,,,,,,,,5059018109484,This Love,0,,0,AVON,Today Tomorrow,,,,42٫28,0,0,,1,نواقص,99999,,123,,2022/01/03,,,,,,,,2021/12/29,,-1,,,,,Avon,,,,0,29٫71,123,2021/12/19,,123,لا,175,155,145,135,0
91,AVON UNLIMITED MASCRA ISTANT LIFT,0,0,36,0,75,0,65,0,50,0,40,0,2023/12/11,,,,,,,,,,,,,,,049004,ISTANT LIFT,0,,0,AVON,UNLIMITED MASCRA,,,,108٫33,0,0,,1,نواقص,99999,,36,,2023/10/12,,,,,,,,,,-1,,,,,رصيد اول المده,,,,0,52,36,2021/08/29,,36,لا,75,65,50,40,0
92,AVON V FOR VICTORY GOLD MEN EDIT,0,0,123٫45,0,175,0,160,0,140,0,135,0,2025/07/02,,,,,,,,,,,,,,,5059018013576,GOLD MEN EDIT,0,,0,AVON,V FOR VICTORY,,,,41٫76,0,0,,1,نواقص,99999,,125,,2025/02/03,,,,,,,,2024/04/08,,-1,,,,,رويال/ادره المخازن,,,,0,29٫46,125,2022/02/09,,123٫45,لا,175,160,140,135,0
93,AVON WHITE LILY,0,0,45,0,70,0,65,0,60,0,55,0,2022/06/21,,,,,,,,,,,,,,,5059018115645,,0,,0,AVON,WHITE LILY,,,,55٫56,0,0,,1,نواقص,99999,,45,,2021/12/21,,,,,,,,2022/06/21,,-1,,,,,رويال/ادره المخازن,,,,0,35٫71,45,2022/02/09,,45,لا,70,65,60,55,0
94,AVON WILD COUNTRY 75 ML MEN,0,0,123٫28,0,175,0,155,0,150,0,145,0,2023/12/11,,,,,,,,,,,,,,,5050136327156,75 ML,0,,0,AVON,WILD COUNTRY,MEN,,,41٫95,0,0,,1,نواقص,99999,,125,,2023/06/04,,,,,,,,2023/06/03,,-1,,,,,رويال/ادره المخازن,,,,0,29٫55,125,2022/02/09,,123٫28,لا,175,155,150,145,0
95,AVON Wish Of Love 50 Ml,0,0,112,0,150,0,145,0,140,0,135,0,2022/03/21,,,,,,,,,,,,,,,5059018173133   5050136875114,50 Ml,0,,0,AVON,Wish Of Love,,,,33٫93,0,0,,1,نواقص,99999,,123,,2022/03/21,,,,,,,,2022/03/21,,-1,,,,,Avon,,,,0,25٫33,123,2021/12/19,,112,لا,150,145,140,135,0
96,AVON اسبري CELEBRE,0,0,40,0,60,0,55,0,50,0,45,0,2025/07/02,,,,,,,,,,,,,,,5059018043351   5059018122568,,0,,0,AVON,اسبري CELEBRE,,,,50,0,0,,1,نواقص,99999,,40,,2025/02/03,,,,,,,,2023/07/29,,-1,,,,,Avon,,,,0,33٫33,40,2021/12/19,,40,لا,60,55,50,45,0
97,AVON بودره معطره فراوي,0,0,25,0,35,0,32,0,30,0,28,0,2023/05/10,,,,,,,,,,,,,,,5059018033437,,0,,0,AVON,بودره معطره فراوي,,,,40,0,0,,1,نواقص,99999,,25,,2023/05/10,,,,,,,,2023/05/10,,-1,,,,,رويال/ادره المخازن,,,,0,28٫57,25,2022/02/09,,25,لا,35,32,30,28,0
91,إجمالي -   AVON,0,0,0,0,0,0,0,0,0,0,0,0,,0,0,0,0,0,0,0,0,0,0,0,0,0,0,,,0,0,0,,,,,,0,0,,,,,,,0,,,,,0,0,0,0,0,,,,,,,,,,,,,,0,,,0,,0,0,0,0,
,,,,,,,,,,,,,,,,,,,,,,,,,,,,,,,,,,,,,,,,,,,,,,,,,,,,,,,,,,,,,,,,,,,,,,,,,,,,,,,
,Azha,,,,,,,,,,,,,,,,,,,,,,,,,,,,,,,,,Azha,,,,,,,,,,,,,,,,,,,,,,,,,,,,,,,,,,,,,,,,,,,,,
98,Azha Eye Contour,0,0,55,0,105,0,80,0,70,0,60,0,2026/03/29,,,,,,,,,,,,,,,6224010520035,,0,,0,Azha,Eye Contour,,,,90٫91,0,0,,1,نواقص,99999,,55,,2026/03/29,,,,,,,,2026/03/29,,-1,,,,,,,,,0,47٫62,55,2023/12/05,,55,لا,105,80,70,60,0
99,Azha Night Cream,0,0,50,0,89,0,80,0,70,0,60,0,2025/07/02,,,,,,,,,,,,,,,6224010520059,,0,,0,Azha,Night Cream,,,,78,0,0,,1,نواقص,99999,,50,,2025/02/03,,,,,,,,,,-1,,,,,,,,,0,43٫82,50,2023/12/05,,50,لا,89,80,70,60,0
100,Azha Serum Vitamin C,0,0,95,0,189,0,160,0,150,0,140,0,2025/06/28,,,,,,,,,,,,,,,6224010520516,,0,,0,Azha,Serum Vitamin C,,,,98٫95,0,0,,1,نواقص,99999,,95,,2024/03/03,,,,,,,,2024/03/03,,-1,,,,,,,,,0,49٫74,95,2023/12/05,,95,لا,189,160,150,140,0
101,Azha Sun Screem Profit,0,0,100,0,159,0,150,0,145,0,135,0,2024/02/26,,,,,,,,,,,,,,,6224010520110,Profit,0,,0,Azha,Sun Screem,,,,59,0,0,,1,نواقص,99999,,100,,2024/02/29,,,,,,,,2024/02/26,,-1,,,,,,,,,0,37٫11,100,2023/12/05,,100,لا,159,150,145,135,0
102,Azha غسول Argento,0,0,141٫25,0,189,0,170,0,160,0,155,0,2024/07/25,,,,,,,,,,,,,,,6224010520011,,0,,0,Azha,غسول Argento,,,,33٫81,0,0,,1,نواقص,99999,,147٫5,,2024/07/25,,,,,,,,2024/07/25,,-1,,,,,,,,,0,25٫26,147٫5,2024/03/19,,141٫25,لا,189,170,160,155,0
5,إجمالي -   Azha,0,0,0,0,0,0,0,0,0,0,0,0,,0,0,0,0,0,0,0,0,0,0,0,0,0,0,,,0,0,0,,,,,,0,0,,,,,,,0,,,,,0,0,0,0,0,,,,,,,,,,,,,,0,,,0,,0,0,0,0,
,,,,,,,,,,,,,,,,,,,,,,,,,,,,,,,,,,,,,,,,,,,,,,,,,,,,,,,,,,,,,,,,,,,,,,,,,,,,,,,
,Bio Soft,,,,,,,,,,,,,,,,,,,,,,,,,,,,,,,,,Bio Soft,,,,,,,,,,,,,,,,,,,,,,,,,,,,,,,,,,,,,,,,,,,,,
103,Bio Soft Aloe Vera,0,0,40,0,70,0,65,0,60,0,55,0,2024/07/27,,,,,,,,,,,,,,,6224007432242,,0,,0,Bio Soft,Aloe Vera,,,,75,0,0,,1,نواقص,99999,,40,,2024/07/27,,,,,,,,2024/07/27,,-1,,,,,مايكل ثروت / مايت سينما,,,,0,42٫86,40,2023/08/10,,40,لا,70,65,60,55,0
104,Bio Soft Curly Cream,0,0,55,0,80,0,75,0,70,0,65,0,2023/04/14,,,,,,,,,,,,,,,6224007432266,,0,,0,Bio Soft,Curly Cream,,,,45٫45,0,0,,1,نواقص,99999,,55,,2023/04/14,,,,,,,,2023/04/14,,-1,,,,,كيرمينا,,,,0,31٫25,55,2022/12/12,,55,لا,80,75,70,65,0
105,Bio Soft Deep Conditioner Avocado,0,0,55,0,80,0,75,0,70,0,65,0,2024/01/10,,,,,,,,,,,,,,,088002,Avocado,0,,0,Bio Soft,Deep Conditioner,,,,45٫45,0,0,,1,نواقص,99999,,55,,2024/01/10,,,,,,,,2024/01/10,,-1,,,,,كيرمينا,,,,0,31٫25,55,2022/12/12,,55,لا,80,75,70,65,0
106,Bio Soft Deep Conditioner Coconut,0,0,55,0,80,0,75,0,70,0,65,0,2023/12/05,,,,,,,,,,,,,,,6225897152623,Coconut,0,,0,Bio Soft,Deep Conditioner,,,,45٫45,0,0,,1,نواقص,99999,,55,,2023/12/06,,,,,,,,2023/12/05,,-1,,,,,كيرمينا,,,,0,31٫25,55,2022/12/12,,55,لا,80,75,70,65,0
107,Bio Soft Deep Conditioner Shea,0,0,55,0,80,0,75,0,70,0,65,0,2023/12/11,,,,,,,,,,,,,,,088001,Shea,0,,0,Bio Soft,Deep Conditioner,,,,45٫45,0,0,,1,نواقص,99999,,55,,2023/10/12,,,,,,,,,,-1,,,,,كيرمينا,,,,0,31٫25,55,2022/12/12,,55,لا,80,75,70,65,0
108,Bio Soft Face & Body Sugar & Coffe,0,0,45,0,70,0,65,0,60,0,55,0,2024/03/21,,,,,,,,,,,,,,,6224007432211,Sugar & Coffe,0,,0,Bio Soft,Face & Body,,,,55٫56,0,0,,1,نواقص,99999,,45,,2024/03/21,,,,,,,,2024/03/21,,-1,,,,,كيرمينا,,,,0,35٫71,45,2022/12/12,,45,لا,70,65,60,55,0
109,Bio Soft Face & Body Scrub Argan & Almond,0,0,45,0,70,0,65,0,60,0,55,0,2025/04/13,,,,,,,,,,,,,,,6224007432204,Argan & Almond,0,,0,Bio Soft,Face & Body Scrub,,,,55٫56,0,0,,1,نواقص,99999,,45,,2025/04/13,,,,,,,,2025/04/13,,-1,,,,,كيرمينا,,,,0,35٫71,45,2022/12/12,,45,لا,70,65,60,55,0
110,Bio Soft Face & Body Scrub Blackseed &charcoal,0,0,45,0,70,0,65,0,60,0,55,0,2024/11/02,,,,,,,,,,,,,,,6224007432228,Blackseed &charcoal,0,,0,Bio Soft,Face & Body Scrub,,,,55٫56,0,0,,1,نواقص,99999,,45,,2024/11/02,,,,,,,,2024/11/02,,-1,,,,,كيرمينا,,,,0,35٫71,45,2022/12/12,,45,لا,70,65,60,55,0
111,Bio Soft Face & Body Scrub Coconut & Shea,0,0,45,0,70,0,65,0,60,0,55,0,2024/05/19,,,,,,,,,,,,,,,6224007432198,Coconut & Shea,0,,0,Bio Soft,Face & Body Scrub,,,,55٫56,0,0,,1,نواقص,99999,,45,,2024/05/20,,,,,,,,2024/05/19,,-1,,,,,كيرمينا,,,,0,35٫71,45,2022/12/12,,45,لا,70,65,60,55,0
112,Bio Soft Flaxseeds Gel,0,0,55,0,80,0,75,0,70,0,65,0,2024/01/23,,,,,,,,,,,,,,,6224007432297,,0,,0,Bio Soft,Flaxseeds Gel,,,,45٫45,0,0,,1,نواقص,99999,,55,,2024/01/23,,,,,,,,2024/01/23,,-1,,,,,كيرمينا,,,,0,31٫25,55,2022/12/12,,55,لا,80,75,70,65,0
113,Bio Soft Rose Smothing Gel,0,0,45,0,70,0,65,0,60,0,55,0,2025/02/17,,,,,,,,,,,,,,,6225000271388,,0,,0,Bio Soft,Rose Smothing Gel,,,,55٫56,0,0,,1,نواقص,99999,,45,,2025/02/17,,,,,,,,2025/02/17,,-1,,,,,كيرمينا,,,,0,35٫71,45,2022/12/12,,45,لا,70,65,60,55,0
114,Bio Soft Rose Water Coconut,0,0,28,0,45,0,40,0,35,0,32,0,2023/12/11,,,,,,,,,,,,,,,088008,Coconut,0,,0,Bio Soft,Rose Water,,,,60٫71,0,0,,1,نواقص,99999,,28,,2023/12/06,,,,,,,,2023/12/06,,-1,,,,,كيرمينا,,,,0,37٫78,28,2022/12/12,,28,لا,45,40,35,32,0
115,Bio Soft Rose Water Micellar,0,0,28,0,45,0,40,0,35,0,32,0,2023/12/01,,,,,,,,,,,,,,,088007,Micellar,0,,0,Bio Soft,Rose Water,,,,60٫71,0,0,,1,نواقص,99999,,28,,2023/12/02,,,,,,,,2023/12/01,,-1,,,,,كيرمينا,,,,0,37٫78,28,2022/12/12,,28,لا,45,40,35,32,0
116,Bio Soft Shampo Anti Dandruf,0,0,55,0,80,0,75,0,70,0,65,0,2023/12/11,,,,,,,,,,,,,,,088005,Anti Dandruf,0,,0,Bio Soft,Shampo,,,,45٫45,0,0,,1,نواقص,99999,,55,,2023/10/12,,,,,,,,,,-1,,,,,كيرمينا,,,,0,31٫25,55,2022/12/12,,55,لا,80,75,70,65,0
117,Bio Soft Shampo Argan,0,0,55,0,80,0,75,0,70,0,65,0,2023/12/11,,,,,,,,,,,,,,,088004,Argan,0,,0,Bio Soft,Shampo,,,,45٫45,0,0,,1,نواقص,99999,,55,,2023/10/12,,,,,,,,,,-1,,,,,كيرمينا,,,,0,31٫25,55,2022/12/12,,55,لا,80,75,70,65,0
118,Bio Soft Shampo Avocado,0,0,55,0,80,0,75,0,70,0,65,0,2023/12/11,,,,,,,,,,,,,,,088003,Avocado,0,,0,Bio Soft,Shampo,,,,45٫45,0,0,,1,نواقص,99999,,55,,2023/10/12,,,,,,,,,,-1,,,,,كيرمينا,,,,0,31٫25,55,2022/12/12,,55,لا,80,75,70,65,0
119,Bio Soft Shampo Hyaluronic Acid,0,0,55,0,80,0,75,0,70,0,65,0,2023/12/11,,,,,,,,,,,,,,,088006,Hyaluronic Acid,0,,0,Bio Soft,Shampo,,,,45٫45,0,0,,1,نواقص,99999,,55,,2023/10/12,,,,,,,,,,-1,,,,,كيرمينا,,,,0,31٫25,55,2022/12/12,,55,لا,80,75,70,65,0
120,Bio Soft Snail,0,0,45,0,70,0,65,0,60,0,55,0,2025/06/17,,,,,,,,,,,,,,,6224007432259,,0,,0,Bio Soft,Snail,,,,55٫56,0,0,,1,نواقص,99999,,45,,2025/06/17,,,,,,,,2025/06/17,,-1,,,,,كيرمينا,,,,0,35٫71,45,2022/12/12,,45,لا,70,65,60,55,0
121,Bio Soft Soap Charcoal,0,0,29,0,45,0,40,0,35,0,33,0,2023/12/11,,,,,,,,,,,,,,,088010,Charcoal,0,,0,Bio Soft,Soap,,,,55٫17,0,0,,1,نواقص,99999,,29,,2023/10/12,,,,,,,,2023/11/01,,-1,,,,,كيرمينا,,,,0,35٫56,29,2022/12/12,,29,لا,45,40,35,33,0
122,Bio Soft Soap Oil Ant,0,0,29,0,45,0,40,0,35,0,33,0,2024/01/11,,,,,,,,,,,,,,,264697789864,Oil Ant,0,,0,Bio Soft,Soap,,,,55٫17,0,0,,1,نواقص,99999,,29,,2024/01/11,,,,,,,,2024/01/11,,-1,,,,,كيرمينا,,,,0,35٫56,29,2022/12/12,,29,لا,45,40,35,33,0
20,إجمالي -   Bio Soft,0,0,0,0,0,0,0,0,0,0,0,0,,0,0,0,0,0,0,0,0,0,0,0,0,0,0,,,0,0,0,,,,,,0,0,,,,,,,0,,,,,0,0,0,0,0,,,,,,,,,,,,,,0,,,0,,0,0,0,0,
,,,,,,,,,,,,,,,,,,,,,,,,,,,,,,,,,,,,,,,,,,,,,,,,,,,,,,,,,,,,,,,,,,,,,,,,,,,,,,,
,Blusher stick,,,,,,,,,,,,,,,,,,,,,,,,,,,,,,,,,Blusher stick,,,,,,,,,,,,,,,,,,,,,,,,,,,,,,,,,,,,,,,,,,,,,
123,Blusher stick Might cinema 6008 106,0,0,0,0,,0,,0,,0,,0,,,,,,,,,,,,,,,,135001,6008,0,,0,Blusher stick,Might cinema,106,اسفنج,,,0,0,,1,---,99999,,0,,,,,,,,,,,,-1,,,,,,,,,0,,0,,,0,لا,,,,,0
124,Blusher stick Might cinema 6008 -,0,0,0,0,,0,,0,,0,,0,,,,,,,,,,,,,,,,135002,6008,0,,0,Blusher stick,Might cinema,-,107,,,0,0,,1,---,99999,,0,,,,,,,,,,,,-1,,,,,,,,,0,,0,,,0,لا,,,,,0
2,إجمالي -   Blusher stick,0,0,0,0,0,0,0,0,0,0,0,0,,0,0,0,0,0,0,0,0,0,0,0,0,0,0,,,0,0,0,,,,,,0,0,,,,,,,0,,,,,0,0,0,0,0,,,,,,,,,,,,,,0,,,0,,0,0,0,0,
,,,,,,,,,,,,,,,,,,,,,,,,,,,,,,,,,,,,,,,,,,,,,,,,,,,,,,,,,,,,,,,,,,,,,,,,,,,,,,,
,Bobana,,,,,,,,,,,,,,,,,,,,,,,,,,,,,,,,,Bobana,,,,,,,,,,,,,,,,,,,,,,,,,,,,,,,,,,,,,,,,,,,,,
125,Bobana AFTER SUN 150ML,0,0,86٫67,0,120,0,115,0,110,0,100,0,2024/05/31,,,,,,,,,,,,,,,6222019612249,150ML,0,,0,Bobana,AFTER SUN,,,,38٫46,0,0,,1,---,99999,,86٫67,,,,,,,,,,,,-1,,,,,شركه بوبانا/محمود,,,,0,27٫78,86٫67,2024/05/26,,86٫67,لا,120,115,110,100,0
126,Bobana Collagen Hyaluronic Acid,0,0,88٫25,0,160,0,150,0,140,0,130,0,2024/10/30,,,,,,,,,,,,,,,6222019610795,Hyaluronic Acid,0,,0,Bobana,Collagen,,,,81٫3,0,0,,1,نواقص,99999,,94,,2024/10/30,,,,,,,,2024/10/30,,-1,,,,,شركخ اجياد للتجاره والتوكيلات /عجور,,,,0,44٫84,94,2023/11/21,,88٫25,لا,160,150,140,130,0
127,Bobana Collagen Vitamin C,0,0,94,0,160,0,150,0,140,0,130,0,2025/07/02,,,,,,,,,,,,,,,6222019611235,Vitamin C,0,,0,Bobana,Collagen,,,,70٫21,0,0,,1,نواقص,99999,,94,,2025/02/03,,,,,,,,2024/03/08,,-1,,,,,شركخ اجياد للتجاره والتوكيلات /عجور,,,,0,41٫25,94,2023/11/21,,94,لا,160,150,140,130,0
128,Bobana Dry & Fresh,0,0,37٫62,0,60,0,55,0,50,0,45,0,2025/06/28,,,,,,,,,,,,,,,6222019607030,,0,,0,Bobana,Dry & Fresh,,,,59٫48,0,0,,1,نواقص,99999,,41٫25,,2025/02/10,,,,,,,,2025/03/27,,-1,,,,,شركه بوبانا/محمود,,,,0,37٫3,41٫25,2024/05/11,,37٫62,لا,60,55,50,45,0
129,Bobana Face Wash بالريتينول,0,0,39٫08,0,65,0,60,0,55,0,50,0,2025/06/28,,,,,,,,,,,,,,,6222019612447,بالريتينول,0,,0,Bobana,Face Wash,,,,66٫32,0,0,,1,نواقص,99999,,41٫41,,2025/03/24,,,,,,,,2025/03/29,,-1,,,,,شركه بوبانا/محمود,,,,0,39٫88,41٫41,2024/04/29,,39٫08,لا,65,60,55,50,0
130,Bobana Face Wash بالريتينول 50ML,0,0,17٫75,0,35,0,32,0,30,0,25,0,2025/06/28,,,,,,,,,,,,,,,6222019612430,بالريتينول,0,,0,Bobana,Face Wash,50ML,,,97٫18,0,0,,1,نواقص,99999,,17٫75,,2025/03/25,,,,,,,,2025/03/24,,-1,,,,,شركه بوبانا/محمود,,,,0,49٫29,17٫75,2024/05/26,,17٫75,لا,35,32,30,25,0
131,Bobana Face Wash حبيبات الفحم,0,0,40٫75,0,65,0,60,0,55,0,50,0,2025/01/20,,,,,,,,,,,,,,,6222019607146,حبيبات الفحم,0,,0,Bobana,Face Wash,,,,59٫51,0,0,,1,نواقص,99999,,41٫41,,2025/01/20,,,,,,,,2025/01/20,,-1,,,,,شركه بوبانا/محمود,,,,0,37٫31,41٫41,2024/04/29,,40٫75,لا,65,60,55,50,0
132,Bobana Face Wash حبيبات الفحم 50ML,0,0,17٫75,0,35,0,32,0,30,0,25,0,2025/07/02,,,,,,,,,,,,,,,6222019610276,حبيبات الفحم,0,,0,Bobana,Face Wash,50ML,,,97٫18,0,0,,1,نواقص,99999,,17٫75,,2025/02/03,,,,,,,,2024/09/28,,-1,,,,,شركه بوبانا/محمود,,,,0,49٫29,17٫75,2024/05/26,,17٫75,لا,35,32,30,25,0
133,Bobana Face Wash حمض الهيالورنيك,0,0,37٫36,0,65,0,55,0,50,0,45,0,2025/03/28,,,,,,,,,,,,,,,6222019607153,حمض الهيالورنيك,0,,0,Bobana,Face Wash,,,,74,0,0,,1,نواقص,99999,,40٫5,,2025/03/29,,,,,,,,2025/03/28,,-1,,,,,شركخ اجياد للتجاره والتوكيلات /عجور,,,,0,42٫53,40٫5,2023/11/21,,37٫36,لا,65,55,50,45,0
134,Bobana Face Wash فيتامين سي,0,0,41٫41,0,65,0,60,0,55,0,50,0,2024/12/03,,,,,,,,,,,,,,,6222019607160,فيتامين سي,0,,0,Bobana,Face Wash,,,,56٫97,0,0,,1,نواقص,99999,,41٫41,,2024/12/03,,,,,,,,2024/12/03,,-1,,,,,شركه بوبانا/محمود,,,,0,36٫29,41٫41,2024/04/29,,41٫41,لا,65,60,55,50,0
135,Bobana Face Wash فيتامين سي 50ML,0,0,17٫75,0,35,0,32,0,30,0,25,0,2025/06/04,,,,,,,,,,,,,,,6222019610290,فيتامين سي,0,,0,Bobana,Face Wash,50ML,,,97٫18,0,0,,1,نواقص,99999,,17٫75,,2024/08/23,,,,,,,,2025/06/04,,-1,,,,,شركه بوبانا/محمود,,,,0,49٫29,17٫75,2024/05/26,,17٫75,لا,35,32,30,25,0
136,Bobana Leav-in Cream,0,0,69,0,100,0,90,0,85,0,80,0,2025/06/28,,,,,,,,,,,,,,,6222019612218,,0,,0,Bobana,Leav-in Cream,,,,44٫93,0,0,,1,نواقص,99999,,69,,2024/11/03,,,,,,,,2024/11/03,,-1,,,,,شركخ اجياد للتجاره والتوكيلات /عجور,,,,0,31,69,2023/04/04,,69,لا,100,90,85,80,0
137,Bobana Lightenig Cream للمناطق الحساسه,0,0,29٫58,0,50,0,45,0,40,0,35,0,2025/06/28,,,,,,,,,,,,,,,6222019603087,للمناطق الحساسه,0,,0,Bobana,Lightenig Cream,,,,69٫03,0,0,,1,---,99999,,29٫58,,,,,,,,,,2024/08/29,,-1,,,,,شركه بوبانا/محمود,,,,0,40٫84,29٫58,2024/04/29,,29٫58,لا,50,45,40,35,0
138,Bobana LIP BALM COCOA,0,0,32٫52,0,55,0,50,0,45,0,40,0,2025/07/02,,,,,,,,,,,,,,,6222019612577,COCOA,0,,0,Bobana,LIP BALM,,,,69٫13,0,0,,1,نواقص,99999,,32٫52,,2025/02/03,,,,,,,,2025/01/30,,-1,,,,,شركه بوبانا/محمود,,,,0,40٫87,32٫52,2024/05/26,,32٫52,لا,55,50,45,40,0
139,Bobana Soft & Gentel,0,0,39٫05,0,60,0,55,0,50,0,45,0,2025/07/02,,,,,,,,,,,,,,,6222019607047,,0,,0,Bobana,Soft & Gentel,,,,53٫64,0,0,,1,نواقص,99999,,41٫25,,2025/02/03,,,,,,,,2024/09/19,,-1,,,,,شركه بوبانا/محمود,,,,0,34٫91,41٫25,2024/05/11,,39٫05,لا,60,55,50,45,0
140,Bobana SUN SCREEN 60ML,0,0,75٫33,0,100,0,95,0,90,0,85,0,2024/06/08,,,,,,,,,,,,,,,6222019612256,60ML,0,,0,Bobana,SUN SCREEN,,,,32٫74,0,0,,1,نواقص,99999,,75٫33,,2024/06/08,,,,,,,,2024/06/06,,-1,,,,,شركه بوبانا/محمود,,,,0,24٫67,75٫33,2024/05/26,,75٫33,لا,100,95,90,85,0
141,Bobana White & Clean,0,0,39٫74,0,60,0,55,0,50,0,45,0,2025/07/02,,,,,,,,,,,,,,,6222019607078,,0,,0,Bobana,White & Clean,,,,50٫98,0,0,,1,نواقص,99999,,41٫25,,2025/02/03,,,,,,,,2024/06/11,,-1,,,,,شركه بوبانا/محمود,,,,0,33٫77,41٫25,2024/05/11,,39٫74,لا,60,55,50,45,0
142,Bobana بلسم الثوم الاسود 400مل,0,0,54٫15,0,100,0,90,0,80,0,70,0,2025/03/12,,,,,,,,,,,,,,,6222019611211,الثوم الاسود,0,,0,Bobana,بلسم,400مل,,,84٫67,0,0,,1,نواقص,99999,,47٫5,,2025/03/13,,45٫85,,,,,,2025/03/12,,-1,,,,,Vision For Cosmetics S.A.E,,,,0,45٫85,54٫15,2022/06/29,,54٫15,لا,100,90,80,70,0
143,Bobana بلسم زيت جوز الهند 400مل,0,0,54٫15,0,100,0,90,0,80,0,70,0,2026/05/10,,,,,,,,,,,,,,,6222019611150,زيت جوز الهند,0,,0,Bobana,بلسم,400مل,,,84٫67,0,0,,1,نواقص,99999,,47٫5,,2024/07/23,,45٫85,,,,,,2024/07/23,,-1,,,,,Vision For Cosmetics S.A.E,,,,0,45٫85,54٫15,2022/06/29,,54٫15,لا,100,90,80,70,0
144,Bobana جل صنفره فحم 150مل,0,0,35٫2,0,65,0,58٫5,0,52,0,45٫5,0,2022/10/17,,,,,,,,,,,,,,,6222019610979,فحم,0,,0,Bobana,جل صنفره,150مل,,,84٫66,0,0,,1,نواقص,99999,,30٫88,,2022/10/17,,45٫85,,,,,,2022/10/17,,-1,,,,,Vision For Cosmetics S.A.E,,,,0,45٫85,35٫2,2022/06/29,,35٫2,لا,65,58٫5,52,45٫5,0
145,Bobana جل صنفره فيتامين سي 150مل,0,0,35٫2,0,65,0,58٫5,0,52,0,45٫5,0,2024/10/15,,,,,,,,,,,,,,,6222019611037,فيتامين سي,0,,0,Bobana,جل صنفره,150مل,,,84٫66,0,0,,1,نواقص,99999,,30٫88,,2024/10/15,,45٫85,,,,,,2024/10/15,,-1,,,,,Vision For Cosmetics S.A.E,,,,0,45٫85,35٫2,2022/06/29,,35٫2,لا,65,58٫5,52,45٫5,0
146,Bobana شامبو زيت الثوم الاسود 400مل,0,0,51٫44,0,95,0,85٫5,0,76,0,66٫5,0,2024/01/10,,,,,,,,,,,,,,,6222019611204,زيت الثوم الاسود,0,,0,Bobana,شامبو,400مل,,,84٫68,0,0,,1,نواقص,99999,,51٫44,,2024/01/10,,45٫85,,,,,,2024/01/10,,-1,,,,,شركخ اجياد للتجاره والتوكيلات /عجور,,,,0,45٫85,51٫44,2022/08/16,,51٫44,لا,95,85٫5,76,66٫5,0
147,Bobana شامبو زيت جوز الهند 400مل,0,0,51٫44,0,110,0,99,0,88,0,77,0,2026/05/10,,,,,,,,,,,,,,,6222019611143,زيت جوز الهند,0,,0,Bobana,شامبو,400مل,,,113٫84,0,0,,1,نواقص,99999,,45٫12,,2025/02/03,,45٫85,,,,,,2024/07/23,,-1,,,,,Vision For Cosmetics S.A.E,,,,0,53٫24,51٫44,2022/06/29,,51٫44,لا,110,99,88,77,0
148,Bobana كريم صنفره بالفحم 300جم,0,0,32٫85,0,55,0,50,0,45,0,40,0,2026/05/10,,,,,,,,,,,,,,,6222019603063,بالفحم,0,,0,Bobana,كريم صنفره,300جم,,,67٫43,0,0,,1,نواقص,99999,,32٫27,,2025/02/17,,45٫85,,,,,,2025/03/08,,-1,,,,,شركه بوبانا/محمود,,,,0,40٫28,32٫27,2024/04/29,,32٫85,لا,55,50,45,40,0
149,Bobana ماسك حليب للتفتيح والترطيب 250جم,0,0,21٫66,0,40,0,36,0,32,0,28,0,2026/05/10,,,,,,,,,,,,,,,6222019610801,للتفتيح والترطيب,0,,0,Bobana,ماسك حليب,250جم,,,84٫66,0,0,,1,نواقص,99999,,19,,2023/10/12,,45٫85,,,,,,2022/12/28,,-1,,,,,Vision For Cosmetics S.A.E,,,,0,45٫85,21٫66,2022/06/29,,21٫66,لا,40,36,32,28,0
150,Bobana ماسك حليب للتفتيح وتوحيد,0,0,29٫57,0,45,0,42,0,40,0,35,0,2024/12/21,,,,,,,,,,,,,,,6222019612584,للتفتيح وتوحيد,0,,0,Bobana,ماسك حليب,,,,52٫17,0,0,,1,نواقص,99999,,29٫57,,2024/12/21,,,,,,,,2024/12/21,,-1,,,,,شركه بوبانا/محمود,,,,0,34٫28,29٫57,2024/04/29,,29٫57,لا,45,42,40,35,0
151,Bobana ماسك شعر زيت الثوم الاسود 500مل,0,0,67٫69,0,125,0,112٫5,0,100,0,87٫5,0,2023/12/11,,,,,,,,,,,,,,,6222019611228,زيت الثوم الاسود,0,,0,Bobana,ماسك شعر,500مل,,,84٫67,0,0,,1,نواقص,99999,,59٫38,,2023/10/12,,45٫85,,,,,,2022/08/25,,-1,,,,,Vision For Cosmetics S.A.E,,,,0,45٫85,67٫69,2022/06/29,,67٫69,لا,125,112٫5,100,87٫5,0
152,Bobana ماسك شعر زيت جوز الهند 500مل,0,0,67٫69,0,125,0,112٫5,0,100,0,87٫5,0,2024/04/18,,,,,,,,,,,,,,,6222019611167,زيت جوز الهند,0,,0,Bobana,ماسك شعر,500مل,,,84٫67,0,0,,1,نواقص,99999,,59٫38,,2024/04/18,,45٫85,,,,,,2024/04/18,,-1,,,,,Vision For Cosmetics S.A.E,,,,0,45٫85,67٫69,2022/06/29,,67٫69,لا,125,112٫5,100,87٫5,0
153,Bobana ماسك قناع الدهب,0,0,37٫65,0,55,0,50,0,45,0,42,0,2025/02/26,,,,,,,,,,,,,,,6222019601939,الدهب,0,,0,Bobana,ماسك قناع,,,,46٫1,0,0,,1,نواقص,99999,,37٫65,,2025/02/26,,,,,,,,2025/02/26,,-1,,,,,شركه بوبانا/محمود,,,,0,31٫55,37٫65,2024/04/29,,37٫65,لا,55,50,45,42,0
154,Bobana ملح حليب اسود,0,0,11٫49,0,20,0,18,0,15,0,13,0,2023/12/11,,,,,,,,,,,,,,,6224008059424,,0,,0,Bobana,ملح حليب اسود,,,,73٫99,0,0,منتجات العنايه الشخصيه,1,نواقص,99999,\us\134\pid\294\f132540004072532212012.jpg,11٫5,,2022/06/16,,,,,,,,2022/02/09,Online,0,,10,#ROYALELCHIM ,"هيردو,عنايه شخصيه,بوبانا,ملح,حليب,HAIRDO,SPA,",رويال/ادره المخازن,,,,0,42٫53,11٫5,2022/02/09,ملح حليب,11٫49,لا,20,18,15,13,3
30,إجمالي -   Bobana,0,0,0,0,0,0,0,0,0,0,0,0,,0,0,0,0,0,0,0,0,0,0,0,0,0,0,,,0,0,0,,,,,,0,0,,,,,,,0,,,,,0,0,0,0,0,,,,,,,,,,,,,,0,,,0,,0,0,0,0,
,,,,,,,,,,,,,,,,,,,,,,,,,,,,,,,,,,,,,,,,,,,,,,,,,,,,,,,,,,,,,,,,,,,,,,,,,,,,,,,
,Body Mist,,,,,,,,,,,,,,,,,,,,,,,,,,,,,,,,,Body Mist,,,,,,,,,,,,,,,,,,,,,,,,,,,,,,,,,,,,,,,,,,,,,
155,Body Mist Kal Midnight Stars 75ML,0,0,0٫95,0,75,0,65,0,60,0,55,0,2026/03/03,,,,,,,,,,,,,,,6223009601359,Midnight Stars,0,,0,Body Mist,Kal,75ML,,,7794٫74,0,0,,1,نواقص,99999,,1,,2026/03/03,,,,,,,,2026/03/03,,-1,,,,,Kaline,,,,0,98٫73,0٫95,2026/02/18,,0٫95,لا,75,65,60,55,0
156,Body Mist Kal Sweet Vanilla 75ml,0,0,0٫95,0,75,0,65,0,60,0,55,0,2026/04/21,,,,,,,,,,,,,,,6223009601380,Sweet Vanilla,0,,0,Body Mist,Kal,75ml,,,7794٫74,0,0,,1,نواقص,99999,,1,,2026/04/21,,,,,,,,2026/04/21,,-1,,,,,Kaline,,,,0,98٫73,0٫95,2026/03/26,,0٫95,لا,75,65,60,55,0
2,إجمالي -   Body Mist,0,0,0,0,0,0,0,0,0,0,0,0,,0,0,0,0,0,0,0,0,0,0,0,0,0,0,,,0,0,0,,,,,,0,0,,,,,,,0,,,,,0,0,0,0,0,,,,,,,,,,,,,,0,,,0,,0,0,0,0,
,,,,,,,,,,,,,,,,,,,,,,,,,,,,,,,,,,,,,,,,,,,,,,,,,,,,,,,,,,,,,,,,,,,,,,,,,,,,,,,
,CLEAN & CLEAR,,,,,,,,,,,,,,,,,,,,,,,,,,,,,,,,,CLEAN & CLEAR,,,,,,,,,,,,,,,,,,,,,,,,,,,,,,,,,,,,,,,,,,,,,
157,CLEAN & CLEAR BLACKHEAD CLEARING 100 ML,0,0,80,0,95,0,92,0,88,0,84,0,2025/09/22,,,,,,,,,,,,,,,6223000652435,100 ML,0,,0,CLEAN & CLEAR,BLACKHEAD CLEARING,,,,18٫75,0,0,,1,نواقص,99999,,80,,2025/01/29,,,,,,,,2025/09/22,,-1,,,,,اسحق انور,,,,0,15٫79,80,2024/04/15,,80,لا,95,92,88,84,0
158,CLEAN & CLEAR غسول رغوي منعش 150 ML,0,0,84,0,105,0,100,0,95,0,90,0,2024/07/29,,,,,,,,,,,,,,,6223000652558,150 ML,0,,0,CLEAN & CLEAR,غسول رغوي منعش,,,,25,0,0,,1,---,99999,,84,,,,,,,,,,2024/07/29,,-1,,,,,اسحق انور,,,,0,20,84,2024/04/15,,84,لا,105,100,95,90,0
159,CLEAN & CLEAR غسول عميق المفعول 100 ML,0,0,70,0,95,0,90,0,85,0,80,0,2024/04/26,,,,,,,,,,,,,,,6223000652503,100 ML,0,,0,CLEAN & CLEAR,غسول عميق المفعول,,,,35٫71,0,0,,1,---,99999,,70,,,,,,,,,,,,-1,,,,,اسحق انور,,,,0,26٫32,70,2024/04/15,,70,لا,95,90,85,80,0
160,CLEAN & CLEAR غسول يومي لظيف 50 ML,0,0,22,0,28,0,27,0,26,0,24,0,2026/05/10,,,,,,,,,,,,,,,1121150,50 ML,0,,0,CLEAN & CLEAR,غسول يومي لظيف,,,,27٫27,0,0,,1,---,99999,,22,,,,,,,,,,,,-1,,,,,اسحق انور,,,,0,21٫43,22,2024/04/15,,22,لا,28,27,26,24,0
161,CLEAN & CLEAR غسول يومي يتحكم باللمعان 150ML,0,0,80,0,100,0,95,0,90,0,85,0,2025/09/09,,,,,,,,,,,,,,,6223000658383,150ML,0,,0,CLEAN & CLEAR,غسول يومي يتحكم باللمعان,,,,25,0,0,,1,نواقص,99999,,80,,2025/09/09,,,,,,,,2025/09/09,,-1,,,,,اسحق انور,,,,0,20,80,2024/04/15,,80,لا,100,95,90,85,0
162,CLEAN & CLEAR مقشر يومي تحكم لمعان,0,0,75,0,90,0,85,0,80,0,78,0,2025/10/18,,,,,,,,,,,,,,,6223000655764,,0,,0,CLEAN & CLEAR,مقشر يومي تحكم لمعان,,,,20,0,0,,1,نواقص,99999,,75,,2025/01/29,,,,,,,,2025/10/18,,-1,,,,,اسحق انور,,,,0,16٫67,75,2024/04/15,,75,لا,90,85,80,78,0
6,إجمالي -   CLEAN & CLEAR,0,0,0,0,0,0,0,0,0,0,0,0,,0,0,0,0,0,0,0,0,0,0,0,0,0,0,,,0,0,0,,,,,,0,0,,,,,,,0,,,,,0,0,0,0,0,,,,,,,,,,,,,,0,,,0,,0,0,0,0,
,,,,,,,,,,,,,,,,,,,,,,,,,,,,,,,,,,,,,,,,,,,,,,,,,,,,,,,,,,,,,,,,,,,,,,,,,,,,,,,
,Cleo,,,,,,,,,,,,,,,,,,,,,,,,,,,,,,,,,Cleo,,,,,,,,,,,,,,,,,,,,,,,,,,,,,,,,,,,,,,,,,,,,,
163,Cleo Day Cream,0,0,83,0,135,0,125,0,120,0,110,0,2024/04/22,,,,,,,,,,,,,,,6224011102575,,0,,0,Cleo,Day Cream,,,,62٫65,0,0,,1,نواقص,99999,,83,,2024/04/22,,,,,,,,2024/04/22,,-1,,,,,,,,,0,38٫52,83,2023/12/06,,83,لا,135,125,120,110,0
164,Cleo Foundation,0,0,83,0,135,0,125,0,120,0,110,0,2024/11/02,,,,,,,,,,,,,,,6224011102629,,0,,0,Cleo,Foundation,,,,62٫65,0,0,,1,نواقص,99999,,83,,2024/11/02,,,,,,,,2024/11/02,,-1,,,,,,,,,0,38٫52,83,2023/12/06,,83,لا,135,125,120,110,0
165,Cleo Night Cream,0,0,83,0,135,0,125,0,120,0,110,0,2024/04/22,,,,,,,,,,,,,,,6224011102582,,0,,0,Cleo,Night Cream,,,,62٫65,0,0,,1,نواقص,99999,,83,,2024/04/22,,,,,,,,2024/04/22,,-1,,,,,,,,,0,38٫52,83,2023/12/06,,83,لا,135,125,120,110,0
166,Cleo Serum Hyaluronic Acid,0,0,125,0,150,0,145,0,140,0,135,0,2026/02/10,,,,,,,,,,,,,,,6224011102520,,0,,0,Cleo,Serum Hyaluronic Acid,,,,20,0,0,,1,نواقص,99999,,125,,2025/02/03,,,,,,,,2024/11/02,,-1,,,,,,,,,0,16٫67,125,2024/05/21,,125,لا,150,145,140,135,0
167,Cleo Sun Cream,0,0,75,0,135,0,125,0,115,0,100,0,2024/08/05,,,,,,,,,,,,,,,099001,,0,,0,Cleo,Sun Cream,,,,80,0,0,,1,نواقص,99999,,75,,2024/08/05,,,,,,,,2024/08/05,,-1,,,,,,,,,0,44٫44,75,2024/03/07,,75,لا,135,125,115,100,0
168,Cleo Sun Gel Cream,0,0,100,0,135,0,125,0,120,0,110,0,2025/01/22,,,,,,,,,,,,,,,6224009604852,,0,,0,Cleo,Sun Gel Cream,,,,35,0,0,,1,نواقص,99999,,100,,2025/01/22,,,,,,,,2025/01/22,,-1,,,,,,,,,0,25٫93,100,2024/11/22,,100,لا,135,125,120,110,0
169,Cleo Vitamin C,0,0,100,0,150,0,140,0,130,0,120,0,2024/03/25,,,,,,,,,,,,,,,6224011102070,,0,,0,Cleo,Vitamin C,,,,50,0,0,,1,نواقص,99999,,100,,2024/03/25,,,,,,,,2024/03/25,,-1,,,,,,,,,0,33٫33,100,2024/03/07,,100,لا,150,140,130,120,0
170,Cleo غسول مقاوم للتجاعيد,0,0,83,0,135,0,125,0,120,0,110,0,2024/03/07,,,,,,,,,,,,,,,6224011102322,,0,,0,Cleo,غسول مقاوم للتجاعيد,,,,62٫65,0,0,,1,نواقص,99999,,83,,2024/03/07,,,,,,,,2024/03/07,,-1,,,,,,,,,0,38٫52,83,2023/12/06,,83,لا,135,125,120,110,0
171,Cleo ماء ميسيلار منظف,0,0,83,0,135,0,125,0,120,0,110,0,2024/05/19,,,,,,,,,,,,,,,6224011102018,,0,,0,Cleo,ماء ميسيلار منظف,,,,62٫65,0,0,,1,نواقص,99999,,83,,2024/05/20,,,,,,,,2024/05/19,,-1,,,,,,,,,0,38٫52,83,2023/12/06,,83,لا,135,125,120,110,0
9,إجمالي -   Cleo,0,0,0,0,0,0,0,0,0,0,0,0,,0,0,0,0,0,0,0,0,0,0,0,0,0,0,,,0,0,0,,,,,,0,0,,,,,,,0,,,,,0,0,0,0,0,,,,,,,,,,,,,,0,,,0,,0,0,0,0,
,,,,,,,,,,,,,,,,,,,,,,,,,,,,,,,,,,,,,,,,,,,,,,,,,,,,,,,,,,,,,,,,,,,,,,,,,,,,,,,
,Coco Wax,,,,,,,,,,,,,,,,,,,,,,,,,,,,,,,,,Coco Wax,,,,,,,,,,,,,,,,,,,,,,,,,,,,,,,,,,,,,,,,,,,,,
172,Coco Wax Body Splash Charming,0,0,92٫9,0,175,0,165,0,150,0,140,0,2025/05/23,,,,,,,,,,,,,,,6224001498725,Charming,0,,0,Coco Wax,Body Splash,,,,88٫38,0,0,,1,نواقص,99999,,93٫13,,2025/05/23,,,,,,,,2025/05/23,,-1,,,,,Coco Wax,,,,0,46٫92,92٫9,2025/02/06,,92٫9,لا,175,165,150,140,0
173,Coco Wax Body Splash Feeling,0,0,101٫7,0,190,0,175,0,165,0,150,0,2025/08/21,,,,,,,,,,,,,,,6224001498831,Feeling,0,,0,Coco Wax,Body Splash,,,,86٫82,0,0,,1,نواقص,99999,,101٫95,,2025/03/11,,,,,,,,2025/08/21,,-1,,,,,Coco Wax,,,,0,46٫47,101٫7,2025/02/06,,101٫7,لا,190,175,165,150,0
174,Coco Wax Body Splash Lady,0,0,92٫9,0,175,0,165,0,150,0,140,0,2025/03/24,,,,,,,,,,,,,,,6224001498695,Lady,0,,0,Coco Wax,Body Splash,,,,88٫38,0,0,,1,نواقص,99999,,93٫13,,2025/02/24,,,,,,,,2025/03/24,,-1,,,,,Coco Wax,,,,0,46٫91,92٫9,2025/02/06,,92٫9,لا,175,165,150,140,0
175,Coco Wax COCO WAX Dad Sea Mud,0,0,30,0,50,0,45,0,40,0,35,0,2023/12/11,,,,,,,,,,,,,,,0002222,Dad Sea Mud,0,,0,Coco Wax,COCO WAX,,,,66٫67,0,0,,1,نواقص,99999,,30,,2022/12/20,,,,,,,,2023/01/16,,-1,,,,,معرض الوكيل للتجاره,,,,0,40,30,2022/10/08,,30,لا,50,45,40,35,0
176,Coco Wax COCO WAX Dad Sea Mud 500gm,0,0,63,0,85,0,80,0,75,0,70,0,2023/12/11,,,,,,,,,,,,,,,6772504931008,Dad Sea Mud,0,,0,Coco Wax,COCO WAX,500gm,,,34٫92,0,0,,1,نواقص,99999,,63,,2023/09/08,,,,,,,,2023/04/22,,-1,,,,,معرض الوكيل للتجاره,,,,0,25٫88,63,2022/10/08,,63,لا,85,80,75,70,0
177,Coco Wax COCO WAX بالعسل خرز,0,0,59٫64,0,85,0,80,0,75,0,70,0,2023/12/11,,,,,,,,,,,,,,,6772504931039,بالعسل,0,,0,Coco Wax,COCO WAX,خرز,,,42٫53,0,0,,1,نواقص,99999,,63,,2022/10/16,,,,,,,,2023/01/14,,-1,,,,,معرض الوكيل للتجاره,,,,0,29٫84,63,2022/10/08,,59٫64,لا,85,80,75,70,0
178,Coco Wax COCO WAX خلاصه التفاح,0,0,63٫28,0,85,0,80,0,75,0,70,0,2026/02/10,,,,,,,,,,,,,,,6772504931046,خلاصه التفاح,0,,0,Coco Wax,COCO WAX,,,,34٫32,0,0,,1,نواقص,99999,,63,,2025/02/03,,,,,,,,2023/01/14,,-1,,,,,معرض الوكيل للتجاره,,,,0,25٫55,63,2022/10/08,,63٫28,لا,85,80,75,70,0
179,Coco Wax COCO WAX خلاصه الورد,0,0,63٫28,0,85,0,80,0,75,0,70,0,2023/12/11,,,,,,,,,,,,,,,6772504931015,خلاصه الورد,0,,0,Coco Wax,COCO WAX,,,,34٫32,0,0,,1,نواقص,99999,,63,,2022/09/09,,,,,,,,2022/12/13,,-1,,,,,معرض الوكيل للتجاره,,,,0,25٫55,64٫42,2022/07/26,,63٫28,لا,85,80,75,70,0
180,Coco Wax COCO WAX لافندر خرز,0,0,49,0,75,0,70,0,65,0,60,0,2022/02/28,,,,,,,,,,,,,,,6772504931022,لافندر,0,,0,Coco Wax,COCO WAX,خرز,,,53٫06,0,0,,1,نواقص,99999,,49,,2022/01/28,,,,,,,,2022/02/28,,-1,,,,,ميخائيل نجع حمادي,,,,0,34٫67,49,2022/01/28,,49,لا,75,70,65,60,0
181,Coco Wax COCO WAX مكعبات,0,0,25٫29,0,45,0,40,0,35,0,30,0,2023/12/11,,,,,,,,,,,,,,,6772504931169,مكعبات,0,,0,Coco Wax,COCO WAX,,,,77٫94,0,0,,1,نواقص,99999,,25,,2023/10/12,,,,,,,,2022/03/04,,-1,,,,,معرض الوكيل للتجاره,,,,0,43٫8,25٫29,2021/09/13,,25٫29,لا,45,40,35,30,0
182,Coco Wax COCO WAX مكعبات صبار,0,0,25,0,45,0,40,0,35,0,30,0,2022/12/20,,,,,,,,,,,,,,,6772504931213,مكعبات,0,,0,Coco Wax,COCO WAX,صبار,,,80,0,0,,1,نواقص,99999,,25,,2022/12/20,,,,,,,,2022/12/20,,-1,,,,,,,,,0,44٫44,25,2022/07/26,,25,لا,45,40,35,30,0
183,Coco Wax Dead Sea Mud 500 Gm,0,0,72٫29,0,125,0,110,0,100,0,85,0,2024/12/01,,,,,,,,,,,,,,,6224001498312,500 Gm,0,,0,Coco Wax,Dead Sea Mud,,,,72٫91,0,0,,1,نواقص,828,,75,,2023/04/07,,,,,,,,2023/05/28,,-1,,,,,Coco Wax,,,,0,42٫17,72٫29,2023/03/26,,72٫29,لا,125,110,100,85,0
184,Coco Wax مناديل شمع 100 طبقه *القطعه,0,0,11٫57,0,22,0,20,0,18,0,15,0,2026/05/10,,,,,,,,,,,,,,,6772504931862,,0,,0,Coco Wax,مناديل شمع 100 طبقه *القطعه,,,,90٫2,0,0,,1,نواقص,99999,,12,,2025/02/03,,,,,,,,2024/07/19,,-1,,,,,Coco Wax,,,,0,47٫42,11٫57,2023/03/26,,11٫57,لا,22,20,18,15,0
13,إجمالي -   Coco Wax,0,0,0,0,0,0,0,0,0,0,0,0,,0,0,0,0,0,0,0,0,0,0,0,0,0,0,,,0,0,0,,,,,,0,0,,,,,,,0,,,,,0,0,0,0,0,,,,,,,,,,,,,,0,,,0,,0,0,0,0,
,,,,,,,,,,,,,,,,,,,,,,,,,,,,,,,,,,,,,,,,,,,,,,,,,,,,,,,,,,,,,,,,,,,,,,,,,,,,,,,
,DABUR,,,,,,,,,,,,,,,,,,,,,,,,,,,,,,,,,DABUR,,,,,,,,,,,,,,,,,,,,,,,,,,,,,,,,,,,,,,,,,,,,,
185,DABUR Amila Hair Oil Kids 100ml,0,0,17٫47,0,32٫5,0,30,0,28,0,27,0,2023/12/11,,,,,,,,,,,,,,,6224007940259,,0,,0,DABUR,Amila Hair Oil Kids 100ml,,,,86٫08,0,0,,1,نواقص,99999,,24٫3,,2023/07/10,,,,,,,,2023/07/10,,-1,,,,,كيرمينا,,,,0,46٫26,24٫3,2023/04/14,,17٫47,لا,32٫5,30,28,27,0
186,DABUR Amla 200 Ml Olive,0,0,32٫45,0,45,0,42,0,40,0,37,0,2023/11/01,,,,,,,,,,,,,,,6291069653021,Olive,0,,0,DABUR,Amla 200 Ml,,,,38٫67,0,0,,1,نواقص,99999,,32٫45,,2023/05/15,,,,,,,,2023/11/01,,-1,,,,,كيرمينا,,,,0,27٫89,32٫45,2023/04/14,,32٫45,لا,45,42,40,37,0
187,DABUR Amla 50 Ml,0,0,11٫7,0,15,0,14,0,13,0,12٫5,0,2023/09/03,,,,,,,,,,,,,,,051001,,0,,0,DABUR,Amla 50 Ml,,,,28٫21,0,0,,1,نواقص,99999,,11٫7,,2023/08/24,,,,,,,,2023/09/03,,-1,,,,,كيرمينا,,,,0,22,11٫7,2023/04/14,,11٫7,لا,15,14,13,12٫5,0
188,DABUR AMLA GOLD OLIVE 200 ML,0,0,30,0,50,0,45,0,40,0,35,0,2023/08/13,,,,,,,,,,,,,,,6291069007206,OLIVE,0,,0,DABUR,AMLA GOLD,200 ML,,,66٫67,0,0,,1,نواقص,99999,,30,,2023/08/14,,,,,,,,2023/08/13,,-1,,,,,مايكل ثروت / مايت سينما,,,,0,40,30,2023/08/10,,30,لا,50,45,40,35,0
189,DABUR AMLA JASMINE 50 ML,0,0,10,0,23,0,20,0,18,0,16,0,2023/09/29,,,,,,,,,,,,,,,6224000851057,50 ML,0,,0,DABUR,AMLA JASMINE,,,,130,0,0,,1,نواقص,99999,,10,,2023/09/29,,,,,,,,2023/09/29,,-1,,,,,مايكل ثروت / مايت سينما,,,,0,56٫52,10,2023/08/10,,10,لا,23,20,18,16,0
190,DABUR AMLA JASMINE 100 ML,0,0,15,0,35,0,30,0,28,0,25,0,2024/12/01,,,,,,,,,,,,,,,6224000851064,100 ML,0,,0,DABUR,AMLA JASMINE,,,,133٫33,0,0,,1,نواقص,99999,,15,,2023/08/14,,,,,,,,,,-1,,,,,مايكل ثروت / مايت سينما,,,,0,57٫14,15,2023/08/10,,15,لا,35,30,28,25,0
191,DABUR AMLA JASMINE 200 ML,0,0,25,0,45,0,40,0,38,0,35,0,2023/10/31,,,,,,,,,,,,,,,6224000851071,200 ML,0,,0,DABUR,AMLA JASMINE,,,,80,0,0,,1,نواقص,99999,,25,,2023/10/31,,,,,,,,2023/10/31,,-1,,,,,مايكل ثروت / مايت سينما,,,,0,44٫44,25,2023/08/10,,25,لا,45,40,38,35,0
192,DABUR HERB'L عرض فرشه,0,0,35,0,50,0,45,0,42,0,40,0,2025/04/29,,,,,,,,,,,,,,,5022496181501,عرض فرشه,0,,0,DABUR,HERB'L,,,,42٫86,0,0,,1,نواقص,99999,,35,,2025/04/29,,,,,,,,2025/04/29,,-1,,,,,اسحق انور,,,,0,30,35,2024/04/15,,35,لا,50,45,42,40,0
193,DABUR Shampo Amla vitamin 200 Ml,0,0,0,0,12,0,11,0,11,0,10٫5,0,,,,,,,,,,,,,,,,6224007939024,,0,,0,DABUR,Shampo Amla vitamin 200 Ml,,,,,0,0,,1,نواقص,99999,,0,,2021/07/14,,,,,,,,,,-1,,,,,,,,,0,,0,,,0,لا,12,11,11,10٫5,0
194,DABUR حناء بني طبيعي 4,0,0,0,0,12,0,11,0,10,0,10,0,,,,,,,,,,,,,,,,6224000851408,بني طبيعي 4,0,,0,DABUR,حناء,,,,,0,0,,1,نواقص,99999,,0,,2021/07/15,,,,,,,,,,-1,,,,,,,,,0,,0,,,0,لا,12,11,10,10,0
195,DABUR فاتيكا زيت اللوز 180,0,0,10,0,18,0,15,0,13,0,12,0,2022/08/06,,,,,,,,,,,,,,,6291069651072,زيت اللوز,0,,0,DABUR,فاتيكا,180,,,80,0,0,,1,نواقص,99999,,10,,2022/08/06,,,,,,,,2022/08/06,,-1,,,,,,,,,0,44٫44,10,2022/08/06,,10,لا,18,15,13,12,0
196,DABUR مسواك الاصلي 50+10,0,0,15,0,25,0,22,0,20,0,17٫5,0,2025/06/21,,,,,,,,,,,,,,,6291069206708,50+10,0,,0,DABUR,مسواك الاصلي,,,,66٫67,0,0,,1,نواقص,99999,,15,,2025/06/21,,,,,,,,2025/06/21,,-1,,,,,اسحق انور,,,,0,40,15,2024/04/15,,15,لا,25,22,20,17٫5,0
197,DABUR مسواك الاصلي 120+20,0,0,30,0,42,0,38,0,35,0,32,0,2025/03/07,,,,,,,,,,,,,,,6291069206807,120+20,0,,0,DABUR,مسواك الاصلي,,,,40,0,0,,1,نواقص,99999,,30,,2025/03/07,,,,,,,,2025/03/07,,-1,,,,,اسحق انور,,,,0,28٫57,30,2024/04/15,,30,لا,42,38,35,32,0
13,إجمالي -   DABUR,0,0,0,0,0,0,0,0,0,0,0,0,,0,0,0,0,0,0,0,0,0,0,0,0,0,0,,,0,0,0,,,,,,0,0,,,,,,,0,,,,,0,0,0,0,0,,,,,,,,,,,,,,0,,,0,,0,0,0,0,
,,,,,,,,,,,,,,,,,,,,,,,,,,,,,,,,,,,,,,,,,,,,,,,,,,,,,,,,,,,,,,,,,,,,,,,,,,,,,,,
,DENICE,,,,,,,,,,,,,,,,,,,,,,,,,,,,,,,,,DENICE,,,,,,,,,,,,,,,,,,,,,,,,,,,,,,,,,,,,,,,,,,,,,
198,DENICE BODY WASH 2.2 KG DREAM DELIGHT,0,0,66٫15,0,115,0,110,0,100,0,95,0,2025/09/26,,,,,,,,,,,,,,,6224660569590,2.2 KG,0,,0,DENICE,BODY WASH,DREAM DELIGHT,,,73٫85,0,0,,1,نواقص,99999,,86٫82,,2025/09/26,,,,,,,,2025/05/26,,-1,,,,,شركه SKY/DEZORA /,,,,0,42٫48,86٫82,2024/02/18,,66٫15,لا,115,110,100,95,0
1,إجمالي -   DENICE,0,0,0,0,0,0,0,0,0,0,0,0,,0,0,0,0,0,0,0,0,0,0,0,0,0,0,,,0,0,0,,,,,,0,0,,,,,,,0,,,,,0,0,0,0,0,,,,,,,,,,,,,,0,,,0,,0,0,0,0,
,,,,,,,,,,,,,,,,,,,,,,,,,,,,,,,,,,,,,,,,,,,,,,,,,,,,,,,,,,,,,,,,,,,,,,,,,,,,,,,
,EMAJ,,,,,,,,,,,,,,,,,,,,,,,,,,,,,,,,,EMAJ,,,,,,,,,,,,,,,,,,,,,,,,,,,,,,,,,,,,,,,,,,,,,
199,EMAJ EMAJ CREAM ALMOND OIL &VITAMIN E,0,0,23٫75,0,45,0,40,0,35,0,30,0,2024/06/29,,,,,,,,,,,,,,,6223004848520,,0,,0,EMAJ,EMAJ CREAM ALMOND OIL &VITAMIN E,,,,89٫47,0,0,منتجات العنايه الشخصيه,1,نواقص,99999,\us\134\pid\635\f132580628858208939155.png,23٫75,,2024/03/23,,,,,,,,2024/06/29,Online,0,2024/02/01,10,#ROYALELCHIM ,"العنايه,بالشعر,EMAJ,CREAM,ALMOND,OIL,VITAMINE",معرض الوكيل للتجاره,,,,0,47٫22,23٫75,2023/07/13,EMAJ CREAM ALMOND OIL VITAMINE,23٫75,لا,45,40,35,30,2
200,EMAJ EMAJ CREAM COLLAGEN &ARGAN OIL,0,0,19٫53,0,45,0,40,0,35,0,30,0,2024/03/25,,,,,,,,,,,,,,,6223004848537,,0,,0,EMAJ,EMAJ CREAM COLLAGEN &ARGAN OIL,,,,130٫46,0,0,منتجات العنايه الشخصيه,1,نواقص,99999,\us\134\pid\634\f132580620875879859091.png,23٫75,,2023/09/23,,,,,,,,2024/03/25,Online,0,2024/02/01,10,#ROYALELCHIM ,"العنايه,بالشعر,EMAJ,CREAM,COLLAGEN,ARGAN,OIL",معرض الوكيل للتجاره,,,,0,56٫61,23٫75,2023/07/13,EMAJ CREAM COLLAGEN ARGAN OIL,19٫53,لا,45,40,35,30,2
201,EMAJ EMAJ CREAM KERATIN&NATURAL OILS,0,0,11,0,20,0,18,0,15,0,12,0,2022/04/02,,,,,,,,,,,,,,,6223004848513,,0,,0,EMAJ,EMAJ CREAM KERATIN&NATURAL OILS,,,,81٫82,0,0,منتجات العنايه الشخصيه,1,---,99999,\us\134\pid\637\f132580633514527321157.png,11,,,,,,,,,,2022/04/02,,-6,2024/01/01,10,#ROYALELCHIM ,"العنايه,بالشعر,EMAJ,CREAM,KERATINNATURAL,OILS",رويال/ادره المخازن,,,,0,45,11,2022/02/02,EMAJ CREAM KERATINNATURAL OILS,11,لا,20,18,15,12,2
202,EMAJ EMAJ CREAM OLIVE OIL&VITAMIN E,0,0,23٫03,0,45,0,40,0,35,0,30,0,2026/02/10,,,,,,,,,,,,,,,6223004845840,,0,,0,EMAJ,EMAJ CREAM OLIVE OIL&VITAMIN E,,,,95٫43,0,0,منتجات العنايه الشخصيه,1,نواقص,99999,\us\134\pid\638\f132580593294172126879.png,23٫75,,2025/02/03,,,,,,,,2024/03/10,Online,0,2021/04/01,10,#ROYALELCHIM ,"العنايه,بالشعر,EMAJ,CREAM,OLIVE,OLIVITAMINE",معرض الوكيل للتجاره,,,,0,48٫83,23٫75,2023/07/13,EMAJ CREAM OLIVE,23٫03,لا,45,40,35,30,2
203,EMAJ EMAJ CREAM ROYAL HONEY&PROTEIN,0,0,10,0,20,0,18,0,15,0,12,0,2023/12/11,,,,,,,,,,,,,,,6223004848506,,0,,0,EMAJ,EMAJ CREAM ROYAL HONEY&PROTEIN,,,,100,0,0,منتجات العنايه الشخصيه,1,نواقص,99999,\us\134\pid\636\f132580600469688231937.png,10,,2022/06/16,,,,,,,,2023/07/02,Online,0,2021/04/01,10,#ROYALELCHIM ,"EMAJ,CREAM,ROYAL,HONEYPROTEIN,العنايه,بالشعر",رويال/ادره المخازن,,,,0,50,10,2022/02/02,EMAJ CREAM ROYAL HONEYPROTEIN,10,لا,20,18,15,12,2
204,EMAJ EMAJ GEL CREAM 2*1 اعشاب طبيعيه,0,0,9٫5,0,20,0,15,0,13,0,12,0,2024/04/15,,,,,,,,,,,,,,,6223004840012,اعشاب طبيعيه,0,,0,EMAJ,EMAJ GEL CREAM 2*1,,,,110٫53,0,0,,1,نواقص,99999,,9٫5,,2022/03/29,,,,,,,,2022/04/07,,-1,,,,,حماده العربى,,,,0,52٫5,9٫5,2022/04/01,,9٫5,لا,20,15,13,12,0
205,EMAJ EMAJ GEL CREAM 2*1 بروتين,0,0,9٫34,0,20,0,15,0,13,0,12,0,2024/04/15,,,,,,,,,,,,,,,6223004840029,بروتين,0,,0,EMAJ,EMAJ GEL CREAM 2*1,,,,114٫12,0,0,,1,نواقص,99999,,9٫5,,2022/01/20,,,,,,,,2022/06/14,,-1,,,,,حماده العربى,,,,0,53٫3,9٫5,2022/04/01,,9٫34,لا,20,15,13,12,0
206,EMAJ EMAJ GEL CREAM 2*1 زيوت طبيعيه + فيتامين ه,0,0,9٫5,0,20,0,15,0,13,0,12,0,2024/04/15,,,,,,,,,,,,,,,6223004840036,زيوت طبيعيه + فيتامين ه,0,,0,EMAJ,EMAJ GEL CREAM 2*1,,,,110٫53,0,0,,1,نواقص,99999,,9٫5,,2021/12/25,,,,,,,,2023/05/21,,-1,,,,,حماده العربى,,,,0,52٫5,9٫5,2022/04/01,,9٫5,لا,20,15,13,12,0
207,EMAJ EMAJ HAIR CONDITINING 1000 ML بروتين وفيتامين ه,0,0,16٫85,0,35,0,30,0,25,0,21,0,2024/04/15,,,,,,,,,,,,,,,6223004849718,بروتين وفيتامين ه,0,,0,EMAJ,EMAJ HAIR CONDITINING 1000 ML,,,,107٫66,0,0,,1,نواقص,99999,,15٫5,,2021/10/20,,,,,,,,2022/01/04,,-1,,,,,رويال/ادره المخازن,,,,0,51٫84,15٫5,2021/11/06,,16٫85,لا,35,30,25,21,0
208,EMAJ EMAJ HAIR CONDITINING 1000 ML بزيت الثوم,0,0,17٫05,0,35,0,30,0,25,0,21,0,2024/04/15,,,,,,,,,,,,,,,6223004849695,بزيت الثوم,0,,0,EMAJ,EMAJ HAIR CONDITINING 1000 ML,,,,105٫26,0,0,,1,نواقص,99999,,16,,2022/06/16,,,,,,,,2022/06/22,,-1,,,,,رويال/ادره المخازن,,,,0,51٫28,16,2022/02/02,,17٫05,لا,35,30,25,21,0
209,EMAJ EMAJ HAIR CONDITINING 1000 ML بزيت دهن التعبان,0,0,17,0,35,0,30,0,25,0,21,0,2024/04/15,,,,,,,,,,,,,,,6223004849688,بزيت دهن التعبان,0,,0,EMAJ,EMAJ HAIR CONDITINING 1000 ML,,,,105٫82,0,0,,1,نواقص,99999,,15٫5,,2022/06/16,,,,,,,,2022/03/23,,-1,,,,,رويال/ادره المخازن,,,,0,51٫41,15٫5,2021/11/06,,17,لا,35,30,25,21,0
210,EMAJ EMAJ HAIR CONDITINING 1000 ML زيت جوز الهند وزبده الشايا,0,0,17٫31,0,35,0,30,0,25,0,21,0,2024/04/15,,,,,,,,,,,,,,,6223004849671,زيت جوز الهند وزبده الشايا,0,,0,EMAJ,EMAJ HAIR CONDITINING 1000 ML,,,,102٫24,0,0,,1,نواقص,99999,,15٫5,,2022/03/19,,,,,,,,2022/03/23,,-1,,,,,رويال/ادره المخازن,,,,0,50٫55,15٫5,2021/11/06,,17٫31,لا,35,30,25,21,0
211,EMAJ Emaj Hair Cream With Balsam,0,0,14,0,30,0,25,0,20,0,18,0,2023/12/11,,,,,,,,,,,,,,,077004,,0,,0,EMAJ,Emaj Hair Cream With Balsam,,,,114٫29,0,0,,1,نواقص,99999,,14,,2023/10/12,,,,,,,,2023/11/29,,-1,,,,,حماده العربى,,,,0,53٫33,14,2022/06/12,,14,لا,30,25,20,18,0
212,EMAJ EMAJ SKIN CREAM جوز هند,0,0,7٫4,0,12٫5,0,11,0,9٫5,0,8٫5,0,2024/04/15,,,,,,,,,,,,,,,6223004844454,جوز هند,0,,0,EMAJ,EMAJ SKIN CREAM,,,,68٫94,0,0,,1,نواقص,99999,,7٫5,,2022/06/16,,,,,,,,2023/08/13,,-1,,,,,رويال/ادره المخازن,,,,0,40٫81,7٫5,2022/02/09,,7٫4,لا,12٫5,11,9٫5,8٫5,0
213,EMAJ EMAJ SKIN CREAM خلاصه رومان,0,0,7٫4,0,12٫5,0,11,0,9٫5,0,8٫5,0,2024/04/15,,,,,,,,,,,,,,,6223004844447,خلاصه رومان,0,,0,EMAJ,EMAJ SKIN CREAM,,,,68٫97,0,0,,1,نواقص,99999,,7٫5,,2022/06/16,,,,,,,,2022/09/07,,-1,,,,,رويال/ادره المخازن,,,,0,40٫82,7٫5,2021/12/16,,7٫4,لا,12٫5,11,9٫5,8٫5,0
214,EMAJ EMAJ SKIN CREAM عسل ملكي و جذر,0,0,7٫45,0,12,0,10,0,9,0,8٫5,0,2024/04/15,,,,,,,,,,,,,,,6223004844478,عسل ملكي و جذر,0,,0,EMAJ,EMAJ SKIN CREAM,,,,61٫01,0,0,,1,نواقص,99999,,7,,2022/06/16,,,,,,,,2022/02/06,,-1,,,,,رويال/ادره المخازن,,,,0,37٫89,7,2021/12/16,,7٫45,لا,12,10,9,8٫5,0
215,EMAJ Hair Cream Black Seed,0,0,10,0,20,0,15,0,13,0,12,0,2023/12/11,,,,,,,,,,,,,,,6223004848940,Black Seed,0,,0,EMAJ,Hair Cream,,,,100,0,0,,1,---,99999,,10,,,,,,,,,,2023/09/30,,-1,,,,,حماده العربى,,,,0,50,10,2022/04/01,,10,لا,20,15,13,12,0
216,EMAJ Hair Cream Keratin/shea Butter,0,0,10,0,20,0,15,0,13,0,12,0,2024/04/15,,,,,,,,,,,,,,,6223004848964,Keratin/shea Butter,0,,0,EMAJ,Hair Cream,,,,100,0,0,,1,---,99999,,10,,,,,,,,,,2024/02/10,,-1,,,,,حماده العربى,,,,0,50,10,2022/04/01,,10,لا,20,15,13,12,0
217,EMAJ TROPICAL AFTER SUN LOTION,0,0,18,0,28,0,25,0,22,0,19,0,2026/05/10,,,,,,,,,,,,,,,6223004847127,,0,,0,EMAJ,TROPICAL AFTER SUN LOTION,,,,55٫56,0,0,,1,نواقص,99999,,18,,2023/10/12,,,,,,,,2023/02/27,,-1,,,,,حماده العربى,,,,0,35٫71,18,2021/11/09,,18,لا,28,25,22,19,0
218,EMAJ TROPICAL TANNING OIL SPF6,0,0,62٫18,0,35,0,30,0,28,0,25,0,2026/05/10,,,,,,,,,,,,,,,6223004847073,SPF6,0,,0,EMAJ,TROPICAL TANNING OIL,,,,-43٫71,0,0,,1,نواقص,99999,,24,,2023/10/12,,,,,,,,,,-1,,,,,حماده العربى,,,,0,-77٫66,24,2021/11/09,,62٫18,لا,35,30,28,25,0
219,EMAJ جل كريم 2*1 Jojoba Oil,0,0,11,0,20,0,18,0,15,0,12٫5,0,2024/04/15,,,,,,,,,,,,,,,6223004845000,Jojoba Oil,0,,0,EMAJ,جل كريم 2*1,,,,81٫82,0,0,,1,نواقص,99999,,11,,2022/05/11,,,,,,,,2022/06/14,,-1,,,,,معرض الوكيل للتجاره,,,,0,45,11,2022/02/22,,11,لا,20,18,15,12٫5,0
220,EMAJ جل كريم 2*1 Olive Oil,0,0,11,0,20,0,18,0,15,0,12٫5,0,2022/09/14,,,,,,,,,,,,,,,6223004845024,Olive Oil,0,,0,EMAJ,جل كريم 2*1,,,,81٫82,0,0,,1,نواقص,99999,,11,,2022/09/14,,,,,,,,2022/09/14,,-1,,,,,معرض الوكيل للتجاره,,,,0,45,11,2022/02/22,,11,لا,20,18,15,12٫5,0
221,EMAJ جل كريم 2*1 Shea Butter,0,0,11,0,20,0,18,0,15,0,12٫5,0,2024/04/15,,,,,,,,,,,,,,,6223004845031,Shea Butter,0,,0,EMAJ,جل كريم 2*1,,,,81٫82,0,0,,1,نواقص,99999,,11,,2022/09/14,,,,,,,,2022/09/14,,-1,,,,,معرض الوكيل للتجاره,,,,0,45,11,2022/02/22,,11,لا,20,18,15,12٫5,0
222,EMAJ حمام Emaj,0,0,15,0,35,0,30,0,25,0,20,0,2021/11/06,,,,,,,,,,,,,,,012006,,0,,0,EMAJ,حمام Emaj,,,,133٫33,0,0,,1,نواقص,99999,,15,,2021/07/14,,,,,,,,2021/11/06,,-1,,,,,رويال/ادره المخازن,,,,0,57٫14,15,2021/11/06,,15,لا,35,30,25,20,0
223,EMAJ كريم Emaj Hairfood,0,0,14٫5,0,30,0,25,0,20,0,18,0,2023/12/11,,,,,,,,,,,,,,,012007,,0,,0,EMAJ,كريم Emaj Hairfood,,,,106٫9,0,0,منتجات العناية الشخصية,1,نواقص,99999,\us\134\pid\310\f132546616486220992043.png,14٫5,,2023/10/12,,,,,,,,2023/05/19,Online,0,2020/04/01,10,#ROYALELCHIM ,"CAREM,HAIR,EMAJ,كريم,شعر,لمعان,مغذي,معالج,تلف",حماده العربى,,,,0,51٫67,14٫5,2022/06/12,كريم EMAJ HAIRFOOD,14٫5,لا,30,25,20,18,5
224,EMAJ 6224011862066,0,0,0,0,,0,,0,,0,,0,,,,,,,,,,,,,,,,077007,,0,,0,EMAJ,6224011862066,,,,,0,0,,1,---,99999,,0,,,,,,,,,,,,-1,,,,,,,,,0,,0,,,0,لا,,,,,0
26,إجمالي -   EMAJ,0,0,0,0,0,0,0,0,0,0,0,0,,0,0,0,0,0,0,0,0,0,0,0,0,0,0,,,0,0,0,,,,,,0,0,,,,,,,0,,,,,0,0,0,0,0,,,,,,,,,,,,,,0,,,0,,0,0,0,0,
,,,,,,,,,,,,,,,,,,,,,,,,,,,,,,,,,,,,,,,,,,,,,,,,,,,,,,,,,,,,,,,,,,,,,,,,,,,,,,,
,EMARAT PARFUME,,,,,,,,,,,,,,,,,,,,,,,,,,,,,,,,,EMARAT PARFUME,,,,,,,,,,,,,,,,,,,,,,,,,,,,,,,,,,,,,,,,,,,,,
225,EMARAT PARFUME Amber Oud 30ml,0,0,10٫07,0,20,0,15,0,13,0,11٫5,0,2023/12/11,,,,,,,,,,,,,,,6291100633326,30ml,0,,0,EMARAT PARFUME,Amber Oud,,,,98٫52,0,0,,1,نواقص,99999,,10,,2022/10/08,,,,,,,,2022/10/08,,-1,,,,,رويال/ادره المخازن,,,,0,49٫63,10,2022/02/11,,10٫07,لا,20,15,13,11٫5,0
226,EMARAT PARFUME Attractife 30ml,0,0,10٫43,0,20,0,15,0,13,0,12٫5,0,2023/12/11,,,,,,,,,,,,,,,6291100633395,30ml,0,,0,EMARAT PARFUME,Attractife,,,,91٫71,0,0,,1,نواقص,99999,,11,,2023/10/12,,,,,,,,2023/01/21,,-1,,,,,شركه برفانات.. كريم صلاح,,,,0,47٫84,11,2022/04/04,,10٫43,لا,20,15,13,12٫5,0
227,EMARAT PARFUME Cublc 30ml,0,0,10٫09,0,20,0,15,0,13,0,11٫5,0,2023/12/11,,,,,,,,,,,,,,,6291100633333,30ml,0,,0,EMARAT PARFUME,Cublc,,,,98٫17,0,0,,1,نواقص,99999,,10,,2022/09/26,,,,,,,,2022/09/23,,-1,,,,,رويال/ادره المخازن,,,,0,49٫54,10,2022/02/11,,10٫09,لا,20,15,13,11٫5,0
228,EMARAT PARFUME Dark Blue 30ml,0,0,10٫08,0,20,0,15,0,13,0,11٫5,0,2023/12/11,,,,,,,,,,,,,,,6291100633371,30ml,0,,0,EMARAT PARFUME,Dark Blue,,,,98٫38,0,0,,1,نواقص,99999,,10,,2023/10/12,,,,,,,,2022/11/15,,-1,,,,,شركه برفانات.. كريم صلاح,,,,0,49٫59,10,2021/12/18,,10٫08,لا,20,15,13,11٫5,0
229,EMARAT PARFUME Fabiola Fashion Lady,0,0,65,0,130,0,110,0,90,0,80,0,2024/01/11,,,,,,,,,,,,,,,6291100634040,Fashion Lady,0,,0,EMARAT PARFUME,Fabiola,,,,100,0,0,,1,نواقص,99999,,65,,2023/10/12,,,,,,,,2024/01/11,,-1,,,,,شركه برفانات.. كريم صلاح,,,,0,50,65,2022/03/18,,65,لا,130,110,90,80,0
230,EMARAT PARFUME Fabiola Nice Lady,0,0,65,0,130,0,110,0,90,0,80,0,2024/04/15,,,,,,,,,,,,,,,6291100634057,Nice Lady,0,,0,EMARAT PARFUME,Fabiola,,,,100,0,0,,1,نواقص,99999,,65,,2023/07/10,,,,,,,,2024/01/11,,-1,,,,,شركه برفانات.. كريم صلاح,,,,0,50,65,2022/03/18,,65,لا,130,110,90,80,0
231,EMARAT PARFUME Florentina 30ml,0,0,10٫07,0,20,0,15,0,13,0,11٫5,0,2023/12/11,,,,,,,,,,,,,,,6291100633418,30ml,0,,0,EMARAT PARFUME,Florentina,,,,98٫52,0,0,,1,نواقص,99999,,10,,2022/06/16,,,,,,,,2022/06/15,,-1,,,,,شركه برفانات.. كريم صلاح,,,,0,49٫63,10,2021/12/18,,10٫07,لا,20,15,13,11٫5,0
232,EMARAT PARFUME Leather Oud 30ml,0,0,10٫07,0,20,0,15,0,13,0,11٫5,0,2023/12/11,,,,,,,,,,,,,,,6291100633364,30ml,0,,0,EMARAT PARFUME,Leather Oud,,,,98٫52,0,0,,1,نواقص,99999,,10,,2022/11/29,,,,,,,,2022/11/28,,-1,,,,,شركه برفانات.. كريم صلاح,,,,0,49٫63,10,2021/12/18,,10٫07,لا,20,15,13,11٫5,0
233,EMARAT PARFUME Legend Whit,0,0,32٫4,0,65,0,60,0,55,0,38,0,2023/12/11,,,,,,,,,,,,,,,8439627584419,Whit,0,,0,EMARAT PARFUME,Legend,,,,100٫62,0,0,,1,نواقص,99999,,32٫4,,2023/10/12,,,,,,,,2023/05/25,,-1,,,,,شركه برفانات.. كريم صلاح,,,,0,50٫15,32٫4,2021/11/17,,32٫4,لا,65,60,55,38,0
234,EMARAT PARFUME Mirage,0,0,10٫1,0,20,0,15,0,13,0,11٫5,0,2023/12/11,,,,,,,,,,,,,,,6291100633340,,0,,0,EMARAT PARFUME,Mirage,,,,97٫95,0,0,,1,نواقص,99999,,10,,2023/10/12,,,,,,,,2022/12/29,,-1,,,,,رويال/ادره المخازن,,,,0,49٫48,10,2022/02/11,,10٫1,لا,20,15,13,11٫5,0
235,EMARAT PARFUME Pieces 30ml,0,0,10٫29,0,20,0,15,0,13,0,12٫5,0,2023/12/11,,,,,,,,,,,,,,,6291100633432,30ml,0,,0,EMARAT PARFUME,Pieces,,,,94٫39,0,0,,1,---,99999,,11,,2022/10/10,,,,,,,,2022/12/04,,-1,,,,,شركه برفانات.. كريم صلاح,,,,0,48٫56,11,2022/04/04,,10٫29,لا,20,15,13,12٫5,0
236,EMARAT PARFUME Poweful,0,0,32٫4,0,65,0,55,0,45,0,38,0,2023/12/11,,,,,,,,,,,,,,,6291100637485,,0,,0,EMARAT PARFUME,Poweful,,,,100٫62,0,0,,1,نواقص,99999,,32٫4,,2022/06/16,,,,,,,,2022/04/09,,-1,,,,,شركه برفانات.. كريم صلاح,,,,0,50٫15,32٫4,2021/11/17,,32٫4,لا,65,55,45,38,0
237,EMARAT PARFUME Race 30ml,0,0,10٫03,0,20,0,15,0,13,0,11٫5,0,2023/12/11,,,,,,,,,,,,,,,6291100633357,30ml,0,,0,EMARAT PARFUME,Race,,,,99٫43,0,0,,1,نواقص,99999,,10,,2023/10/12,,,,,,,,2023/04/13,,-1,,,,,رويال/ادره المخازن,,,,0,49٫86,10,2022/02/11,,10٫03,لا,20,15,13,11٫5,0
238,EMARAT PARFUME Silk Flower,0,0,10٫23,0,20,0,15,0,13,0,12٫5,0,2023/12/11,,,,,,,,,,,,,,,6291100633388,,0,,0,EMARAT PARFUME,Silk Flower,,,,95٫5,0,0,,1,نواقص,99999,,11,,2023/10/12,,,,,,,,2023/08/13,,-1,,,,,شركه برفانات.. كريم صلاح,,,,0,48٫85,11,2022/04/04,,10٫23,لا,20,15,13,12٫5,0
239,EMARAT PARFUME Soul Ofman,0,0,39٫43,0,85,0,75,0,65,0,55,0,2023/12/11,,,,,,,,,,,,,,,8439627600157,,0,,0,EMARAT PARFUME,Soul Ofman,,,,115٫58,0,0,,1,نواقص,99999,,40,,2023/10/12,,,,,,,,2022/11/11,,-1,,,,,شركه برفانات.. كريم صلاح,,,,0,53٫61,40,2022/06/18,,39٫43,لا,85,75,65,55,0
240,EMARAT PARFUME Sparkle,0,0,10٫39,0,20,0,16,0,13,0,12٫5,0,2024/04/15,,,,,,,,,,,,,,,6291100633425,,0,,0,EMARAT PARFUME,Sparkle,,,,92٫55,0,0,,1,نواقص,99999,,11,,2023/10/12,,,,,,,,2022/12/18,,-1,,,,,شركه برفانات.. كريم صلاح,,,,0,48٫06,11,2022/04/04,,10٫39,لا,20,16,13,12٫5,0
241,EMARAT PARFUME Victor Intense,0,0,32٫4,0,65,0,60,0,55,0,38,0,2022/11/30,,,,,,,,,,,,,,,8439627590786,Intense,0,,0,EMARAT PARFUME,Victor,,,,100٫62,0,0,,1,نواقص,99999,,32٫4,,2022/11/30,,,,,,,,2022/11/30,,-1,,,,,شركه برفانات.. كريم صلاح,,,,0,50٫15,32٫4,2021/11/17,,32٫4,لا,65,60,55,38,0
242,EMARAT PARFUME We Togother,0,0,10٫39,0,20,0,15,0,13,0,12٫5,0,2023/12/11,,,,,,,,,,,,,,,6291100633401,,0,,0,EMARAT PARFUME,We Togother,,,,92٫51,0,0,,1,نواقص,99999,,11,,2023/10/12,,,,,,,,2022/12/21,,-1,,,,,شركه برفانات.. كريم صلاح,,,,0,48٫06,11,2022/04/04,,10٫39,لا,20,15,13,12٫5,0
18,إجمالي -   EMARAT PARFUME,0,0,0,0,0,0,0,0,0,0,0,0,,0,0,0,0,0,0,0,0,0,0,0,0,0,0,,,0,0,0,,,,,,0,0,,,,,,,0,,,,,0,0,0,0,0,,,,,,,,,,,,,,0,,,0,,0,0,0,0,
,,,,,,,,,,,,,,,,,,,,,,,,,,,,,,,,,,,,,,,,,,,,,,,,,,,,,,,,,,,,,,,,,,,,,,,,,,,,,,,
,EMPER,,,,,,,,,,,,,,,,,,,,,,,,,,,,,,,,,EMPER,,,,,,,,,,,,,,,,,,,,,,,,,,,,,,,,,,,,,,,,,,,,,
243,EMPER ADDRESS,0,0,0,0,55,0,50,0,45,0,40,0,,,,,,,,,,,,,,,,6291103665836,,0,,0,EMPER,ADDRESS,,,,,0,0,,1,نواقص,99999,,0,,2021/07/14,,,,,,,,,,-1,,,,,,,,,0,,0,,,0,لا,55,50,45,40,0
244,EMPER Bandit Homme,0,0,31٫67,0,55,0,50,0,45,0,40,0,2023/08/13,,,,,,,,,,,,,,,6291103663047,Homme,0,,0,EMPER,Bandit,,,,73٫68,0,0,عطور,1,نواقص,99999,\us\134\pid\642\f132557270230321625591.png,25,,2022/10/12,,,,,,,,2023/08/13,Online,0,,,#SPRAY ,"EMPER,BANDIT,عطر,سبراي,ثابت,جسم,",نقدي متنوع,,,,0,42٫42,25,2022/08/18,BANDIT,31٫67,لا,55,50,45,40,1
245,EMPER BORDEUX REFRESHING PRIVE,0,0,160,0,210,0,195,0,185,0,175,0,2024/10/04,,,,,,,,,,,,,,,6291103669148,PRIVE,0,,0,EMPER,BORDEUX REFRESHING,,,,31٫25,0,0,عطور,1,نواقص,99999,\us\134\pid\434\f132558047381890652163.png,160,,2024/10/04,,,,,,,,2024/10/04,Online,0,2021/01/29,,#SPRAY ,"EMPER,BORDEUX,SPRAY,FEMME,WOMAN,حريمي,اسبراي,بدي اسبلاش",عزت Omay,,,,0,23٫81,160,2024/07/06,BORDEUX REFRESHING,160,لا,210,195,185,175,1
246,EMPER CATWALK LE CHAMEAU,0,0,240,0,375,0,325,0,300,0,260,0,2022/01/15,,,,,,,,,,,,,,,6291103664372,LE CHAMEAU,0,,0,EMPER,CATWALK,,,,56٫25,0,0,,1,---,99999,,240,,,,,,,,,,2022/01/15,,-1,,,,,رصيد اول المده,,,,0,36,240,2021/08/01,,240,لا,375,325,300,260,0
247,EMPER Chifon Pour Femme,0,0,35,0,55,0,50,0,45,0,40,0,2023/06/17,,,,,,,,,,,,,,,6291103660534,Pour Femme,0,,0,EMPER,Chifon,,,,57٫14,0,0,عطور,1,نواقص,1369,\us\134\pid\657\f132557092787646795469.png,35,,2022/05/12,,,,,,,,2023/06/17,Online,0,2021/04/01,20,#SPRAY ,"عطر,سبراي,معطر,فواج,ثابت,حريمي,CHIFON,EMPER",رويال / اداره المخازن الاقصر,,,,0,36٫36,35,2021/12/21,CHIFON,35,لا,55,50,45,40,1
248,EMPER Chifon Rose Couture Pour Femme,0,0,35,0,55,0,50,0,45,0,40,0,2023/12/11,,,,,,,,,,,,,,,6291103668394,Pour Femme,0,,0,EMPER,Chifon Rose Couture,,,,57٫14,0,0,عطور,1,نواقص,99999,\us\134\pid\654\f132557982090634748071.png,35,,2023/10/12,,,,,,,,2023/04/20,Online,0,,,#SPRAY ,"SPRAY,CHIFON ROSE COUTURE,EMPER,FEMME,WOMAN,اسبراي,عطور,حريمي",رويال / اداره المخازن الاقصر,,,,0,36٫36,35,2021/12/21,CHIFON ROSE COUTURE,35,لا,55,50,45,40,1
249,EMPER Clasico Pour Homme,0,0,35,0,55,0,50,0,45,0,40,0,2023/12/11,,,,,,,,,,,,,,,6291103667922,Pour Homme,0,,0,EMPER,Clasico,,,,57٫14,0,0,عطور,1,نواقص,99999,\us\134\pid\649\f132557258480358562582.png,35,,2023/07/02,,,,,,,,2023/07/02,Online,0,2024/01/01,20,#SPRAY ,"SPRAY,EMPER,HOMME,CLASICO,سبراي,عطر,مزيل,ثابت",رويال / اداره المخازن الاقصر,,,,0,36٫36,35,2021/12/21,CLASICO,35,لا,55,50,45,40,1
250,EMPER Class 100ML,0,0,221٫25,0,400,0,325,0,300,0,260,0,2023/12/24,,,,,,,,,,,,,,,6291103666857,100ML,0,,0,EMPER,Class,,,,80٫79,0,0,,1,نواقص,99999,,215,,2023/12/24,,,,,,,,2023/12/24,,-1,,,,,ا/عبد الفتاح سمير عبد الفتاح,,,,0,44٫69,215,2021/09/14,,221٫25,لا,400,325,300,260,0
251,EMPER Class Pour Homme,0,0,35,0,55,0,50,0,45,0,40,0,2023/12/11,,,,,,,,,,,,,,,6291103667779,Pour Homme,0,,0,EMPER,Class,,,,57٫14,0,0,عطور,1,نواقص,99999,\us\134\pid\641\f132557177949421123574.png,35,,2023/02/02,,,,,,,,2023/01/31,Online,0,,0,#SPRAY ,"SPRAY,EMPER,CLASS,HOMME,عطور,اسبراي,ثابت",رويال / اداره المخازن الاقصر,,,,0,36٫36,35,2021/12/21,CLASS,35,لا,55,50,45,40,1
252,EMPER CORE 100ML,0,0,210,0,350,0,320,0,280,0,235,0,2023/12/11,,,,,,,,,,,,,,,6291103669643,100ML,0,,0,EMPER,CORE,,,,66٫67,0,0,,1,نواقص,99999,,210,,2023/05/12,,,,,,,,2023/05/12,,-1,,,,,رصيد اول المده,,,,0,40,210,2021/08/01,,210,لا,350,320,280,235,0
253,EMPER DELUXE LE CHAMEAU,0,0,215,0,350,0,320,0,280,0,235,0,2022/08/18,,,,,,,,,,,,,,,6291103664822,LE CHAMEAU,0,,0,EMPER,DELUXE,,,,62٫79,0,0,,1,نواقص,99999,,215,,2021/07/14,,,,,,,,2022/08/18,,-1,,,,,رويال/ادره المخازن,,,,0,38٫57,215,2022/02/09,,215,لا,350,320,280,235,0
254,EMPER Emper Pour Homme,0,0,35,0,55,0,50,0,45,0,40,0,2022/08/19,,,,,,,,,,,,,,,6291103663658,Pour Homme,0,,0,EMPER,Emper,,,,57٫14,0,0,عطور,1,نواقص,99999,\us\134\pid\640\f132557149535867068547.png,35,,2022/02/23,,,,,,,,2022/04/29,Online,0,,20,#spray ,"spray,emper,homme,عطور,اسبراي,رجالي,برفان,",رويال / اداره المخازن الاقصر,,,,0,36٫36,35,2021/12/21,Emper,35,لا,55,50,45,40,1
255,EMPER EPIC ADVENTURE EAU DE TOILETTE 100ML,0,0,225,0,375,0,350,0,325,0,250,0,2023/01/09,,,,,,,,,,,,,,,6291103660466,,0,,0,EMPER,EPIC ADVENTURE EAU DE TOILETTE 100ML,,,,66٫67,0,0,عطور,1,نواقص,99999,\us\134\pid\711\f132561359535443490202.png,225,,2023/01/09,,,,,,,,2023/01/09,Online,0,2021/04/01,20,#ROYALELCHIM ,"عطر,ايبك,خشبي,EMPER,ADVENTURE,FLORAL",رصيد اول المده,,,,0,40,225,2021/08/01,EPIC ADVENTURE 100 ML,225,لا,375,350,325,250,3
256,EMPER Epic Adventure Night 100ML,0,0,210,0,375,0,325,0,300,0,350,0,2023/12/11,,,,,,,,,,,,,,,6291103664150,100ML,0,,0,EMPER,Epic Adventure Night,,,,78٫57,0,0,,1,---,99999,,210,,,,,,,,,,,,-1,,,,,ا/عبد الفتاح سمير عبد الفتاح,,,,0,44,210,2021/09/14,,210,لا,375,325,300,350,0
257,EMPER Epic Adventure Night Pour Homme,0,0,31٫67,0,55,0,50,0,45,0,40,0,2022/12/13,,,,,,,,,,,,,,,6291103662767,Pour Homme,0,,0,EMPER,Epic Adventure Night,,,,73٫68,0,0,عطور,1,نواقص,99999,\us\134\pid\645\f132557171905087659570.png,25,,2022/12/14,,,,,,,,2022/12/13,Online,0,2021/04/01,20,#SPRAY ,"SPRAY,EMPER,EPIC ADVENTURE,HOMME,رجالي,عطور,اسبراي",نقدي متنوع,,,,0,42٫42,25,2022/08/18,EPIC ADVENTURE NIGHT,31٫67,لا,55,50,45,40,1
258,EMPER Esabella Pour Femme,0,0,35,0,55,0,50,0,45,0,40,0,2022/06/12,,,,,,,,,,,,,,,6291103660565,Pour Femme,0,,0,EMPER,Esabella,,,,57٫14,0,0,عطور,1,نواقص,99999,\us\134\pid\653\f132557917497380718054.png,35,,2022/05/04,,,,,,,,2022/06/12,Online,0,,,#SPRAY ,"SPRAY,ESABELLA,EMPER,FEMME,اسبراي,عطور,حريمي",رويال / اداره المخازن الاقصر,,,,0,36٫36,35,2021/12/21,ESABELLA,35,لا,55,50,45,40,1
259,EMPER FABRIQUE,0,0,0,0,55,0,50,0,45,0,40,0,,,,,,,,,,,,,,,,6291103663078,,0,,0,EMPER,FABRIQUE,,,,,0,0,,1,نواقص,99999,,0,,2021/07/14,,,,,,,,,,-1,,,,,,,,,0,,0,,,0,لا,55,50,45,40,0
260,EMPER Fasio,0,0,190,0,350,0,330,0,300,0,250,0,2026/02/10,,,,,,,,,,,,,,,6291103660398,,0,,0,EMPER,Fasio,,,,84٫21,0,0,,1,نواقص,99999,,190,,2025/02/03,,,,,,,,,,-1,,,,,رويال / اداره المخازن الاقصر,,,,0,45٫71,190,2021/05/13,,190,لا,350,330,300,250,0
261,EMPER Fasio Essence Pour Femme,0,0,35,0,55,0,50,0,45,0,40,0,2022/12/07,,,,,,,,,,,,,,,6291103661142,Pour Femme,0,,0,EMPER,Fasio Essence,,,,57٫14,0,0,عطور,1,نواقص,99999,\us\134\pid\656\f132557101609012792475.png,35,,2022/12/08,,,,,,,,2022/12/07,Online,0,,,#SPRAY ,"سبراى,معطر, فواح,للجسم,حريمي,ورد,FASIO,ESSENCE,POUR,FEMME",رصيد اول المده,,,,0,36٫36,35,2021/08/03,FASIO ESSENCE,35,لا,55,50,45,40,2
262,EMPER Fasio INTENSE,0,0,75,0,90,0,88,0,85,0,80,0,2023/12/11,,,,,,,,,,,,,,,6291108521113,,0,,0,EMPER,Fasio INTENSE,,,,20,0,0,,1,نواقص,99999,,75,,2023/10/12,,,,,,,,2023/09/11,,-1,,,,,مدحت ميكب,,,,0,16٫67,75,2023/09/09,,75,لا,90,88,85,80,0
263,EMPER FASIO The Secreat 100 Ml Pour Femme,0,0,0,0,275,0,250,0,225,0,200,0,,,,,,,,,,,,,,,,6291103665386,Pour Femme,0,,0,EMPER,FASIO The Secreat 100 Ml,,,,,0,0,عطور,1,---,99999,\us\134\pid\719\f132561343129989932199.png,0,,,,,,,,,,,Online,0,2021/03/01,20,#ROYALELCHIM ,"PARFUM,EMPER,FASIO,SECREAT,WILD,PRECIOUS,عطر,انثي,سر,امارات",,,,,0,,0,,FASIO the secreat,0,لا,275,250,225,200,2
264,EMPER Fasio The Secret Pour Femme,0,0,35,0,55,0,50,0,45,0,40,0,2022/08/24,,,,,,,,,,,,,,,6291103662279,Pour Femme,0,,0,EMPER,Fasio The Secret,,,,57٫14,0,0,عطور,1,نواقص,99999,\us\134\pid\664\f132557081162925402465.png,35,,2022/08/24,,,,,,,,2022/08/24,Online,0,,,#SPRAY ,"اسبراي,عطر,للجسم,حريمي, ديبوردنت,SPRAY",رصيد اول المده,,,,0,36٫36,35,2021/08/03,FASIO THE SECRET,35,لا,55,50,45,40,2
265,EMPER G Pour Femme,0,0,0,0,55,0,50,0,45,0,40,0,,,,,,,,,,,,,,,,6291103667762,Pour Femme,0,,0,EMPER,G,,,,,0,0,عطور,1,---,99999,\us\134\pid\662\f132557112311510976506.png,0,,,,,,,,,,,Online,0,2021/04/01,20,#SPRAY ,"SPRAY,G,FEMME,EMPER,عطور,اسبراي,مزيل عرق,حريمي",,,,,0,,0,,G,0,لا,55,50,45,40,1
266,EMPER G Pour Homme,0,0,32٫5,0,55,0,50,0,45,0,40,0,2023/05/14,,,,,,,,,,,,,,,6291103667755,Pour Homme,0,,0,EMPER,G,,,,69٫23,0,0,عطور,1,نواقص,99999,\us\134\pid\646\f132557156004908492550.png,25,,2022/11/25,,,,,,,,2023/05/14,Online,0,,,#SPRAY ,"SPRAY,EMPER,HOMME,G,عطور,اسبراي,رجالي,فواح",نقدي متنوع,,,,0,40٫91,25,2022/08/18,G,32٫5,لا,55,50,45,40,1
267,EMPER GOLD MINE,0,0,35,0,55,0,50,0,45,0,40,0,2022/08/19,,,,,,,,,,,,,,,6291103668417,,0,,0,EMPER,GOLD MINE,,,,57٫14,0,0,,1,نواقص,99999,,35,,2022/06/13,,,,,,,,2022/06/12,,-1,,,,,رويال / اداره المخازن الاقصر,,,,0,36٫36,35,2021/12/21,,35,لا,55,50,45,40,0
268,EMPER INVITATION,0,0,35,0,55,0,50,0,45,0,40,0,2022/02/12,,,,,,,,,,,,,,,6291103660121,,0,,0,EMPER,INVITATION,,,,57٫14,0,0,,1,نواقص,99999,,35,,2021/07/14,,,,,,,,2022/02/12,,-1,,,,,رويال / اداره المخازن الاقصر,,,,0,36٫36,35,2021/12/21,,35,لا,55,50,45,40,0
269,EMPER Invitation Luxury Spots Edition Pour Homme,0,0,35,0,55,0,50,0,45,0,40,0,2022/12/05,,,,,,,,,,,,,,,6291103663023,Pour Homme,0,,0,EMPER,Invitation Luxury Spots Edition,,,,57٫14,0,0,عطور,1,نواقص,99999,\us\134\pid\643\f132557265886522812588.png,35,,2022/12/06,,,,,,,,2022/12/05,Online,0,2021/04/01,20,#SPRAY ,"SPRAY,INVITATION,SPORT,سبراي,عطر,ثابت,",رصيد اول المده,,,,0,36٫36,35,2021/08/03,INVITATION LUXURY SPOTS EDITION,35,لا,55,50,45,40,1
270,EMPER Lady President Pour Femme,0,0,35,0,55,0,50,0,45,0,40,0,2026/05/10,,,,,,,,,,,,,,,6291103662071,Pour Femme,0,,0,EMPER,Lady President,,,,57٫14,0,0,,1,نواقص,99999,,35,,2023/10/12,,,,,,,,2023/08/03,,-1,,,,,رويال / اداره المخازن الاقصر,,,,0,36٫36,35,2021/12/21,,35,لا,55,50,45,40,0
271,EMPER Legend Pour Femme,0,0,35,0,55,0,50,0,45,0,40,0,2024/07/26,,,,,,,,,,,,,,,6291103666161,Pour Femme,0,,0,EMPER,Legend,,,,57٫14,0,0,عطور,1,نواقص,1368,\us\134\pid\665\f132557867350608112051.png,35,,2024/07/26,,,,,,,,2024/07/26,,-1,2021/04/01,20,#SPRAY ,"SPRAY,EMPER,LEGEND,FEMME,اسبراي,حريمي,عطور,عطر",رويال / اداره المخازن الاقصر,,,,0,36٫36,35,2021/12/21,LEGEND,35,لا,55,50,45,40,1
272,EMPER Legend Pour Homme,0,0,35,0,55,0,50,0,45,0,40,0,2023/12/11,,,,,,,,,,,,,,,6291108520260,Pour Homme,0,,0,EMPER,Legend,,,,57٫14,0,0,عطور,1,نواقص,99999,\us\134\pid\651\f132557123852721068511.png,35,,2022/07/05,,,,,,,,2021/09/14,Online,0,2021/04/01,20,#SPRAY ,"SPRAY,EMPER,HOMME,LEGEND,عطور,اسبراي,رجالي",رصيد اول المده,,,,0,36٫36,35,2021/08/03,LEGEND,35,لا,55,50,45,40,1
273,EMPER Legend ROYAL,0,0,75,0,90,0,88,0,85,0,80,0,2023/11/13,,,,,,,,,,,,,,,6291108520239,ROYAL,0,,0,EMPER,Legend,,,,20,0,0,,1,نواقص,99999,,75,,2023/11/13,,,,,,,,2023/11/13,,-1,,,,,مدحت ميكب,,,,0,16٫67,75,2023/09/09,,75,لا,90,88,85,80,0
274,EMPER Memories Pour Femme,0,0,35,0,55,0,50,0,45,0,40,0,2022/07/06,,,,,,,,,,,,,,,6291103660152,Pour Femme,0,,0,EMPER,Memories,,,,57٫14,0,0,عطور,1,نواقص,99999,\us\134\pid\658\f132557996081041803074.png,35,,2022/06/11,,,,,,,,2022/07/06,Online,0,,,#SPRAY ,"SPRAY,MEMORIES,EMPER,FEMME,WOMAN,حريمي,عطور,اسبراي",رويال / اداره المخازن الاقصر,,,,0,36٫36,35,2021/12/21,MEMORIES,35,لا,55,50,45,40,1
275,EMPER Memories Pour Femme NEW,0,0,75,0,90,0,88,0,85,0,80,0,2023/11/13,,,,,,,,,,,,,,,6291108520444,Pour Femme,0,,0,EMPER,Memories,NEW,,,20,0,0,,1,نواقص,99999,,75,,2023/11/13,,,,,,,,2023/11/13,,-1,,,,,مدحت ميكب,,,,0,16٫67,75,2023/09/09,,75,لا,90,88,85,80,0
276,EMPER Memories Pour Homme,0,0,35,0,55,0,50,0,45,0,40,0,2023/12/11,,,,,,,,,,,,,,,6291103660145,Pour Homme,0,,0,EMPER,Memories,,,,57٫14,0,0,عطور,1,نواقص,99999,\us\134\pid\639\f132560406568893244016.png,35,,2023/10/12,,,,,,,,,Online,0,2021/04/01,20,#SPRAY ,"SPARY,MEMORIES,EMPER,HOMME,اسبري,عطور,رجالي",رصيد اول المده,,,,0,36٫36,35,2021/08/03,MEMORIES,35,لا,55,50,45,40,2
277,EMPER MISS SENO REFRESHING PRIVE,0,0,160,0,210,0,195,0,185,0,175,0,2026/02/10,,,,,,,,,,,,,,,6291108520000,PRIVE,0,,0,EMPER,MISS SENO REFRESHING,,,,31٫25,0,0,عطور,1,نواقص,99999,\us\134\pid\431\f132558656212869477024.png,160,,2025/02/03,,,,,,,,,Online,0,2021/04/01,30,#SPRAY ,"SPRAY,MISS SENO,EMPER,REFRSHING,عطور,حريمي,بدي اسبلاش,اسبراي",عزت Omay,,,,0,23٫81,160,2024/07/06,MISS SENO REFRESHING,160,لا,210,195,185,175,1
278,EMPER Noir De Maxima Pour Homme,0,0,35,0,55,0,50,0,45,0,40,0,2023/05/14,,,,,,,,,,,,,,,6291103660626,Pour Homme,0,,0,EMPER,Noir De Maxima,,,,57٫14,0,0,عطور,1,نواقص,1368,\us\134\pid\652\f132557293356554864608.png,35,,2023/02/08,,,,,,,,2023/05/14,,-1,2021/04/01,20,#SPRAY ,"SPRAY,NOIR,DE,MAXIMA,EMPER,عطور,سبراي,جسم,ثابت",رصيد اول المده,,,,0,36٫36,35,2021/08/03,NOIR DE MAXIMA,35,لا,55,50,45,40,1
279,EMPER PANORAMA REFRESHING PRIVE,0,0,160,0,210,0,195,0,185,0,175,0,2024/07/10,,,,,,,,,,,,,,,6291103669131,PRIVE,0,,0,EMPER,PANORAMA REFRESHING,,,,31٫25,0,0,عطور,1,نواقص,99999,\us\134\pid\433\f132576343761527111030.png,160,,2024/07/10,,,,,,,,2024/07/10,Online,0,2021/04/01,20,#SPRAY ,"EMPER,PANORAMA,REFRESHING,PRIVE",عزت Omay,,,,0,23٫81,160,2024/07/06,PANORAMA REFRESHING PRIVE,160,لا,210,195,185,175,3
280,EMPER PRIMA,0,0,35,0,55,0,50,0,45,0,40,0,2023/12/11,,,,,,,,,,,,,,,6291103666192,,0,,0,EMPER,PRIMA,,,,57٫14,0,0,,1,نواقص,99999,,35,,2023/10/12,,,,,,,,2023/05/18,,-1,,,,,رويال / اداره المخازن الاقصر,,,,0,36٫36,35,2021/12/21,,35,لا,55,50,45,40,0
281,EMPER Prism Pour Femme,0,0,31٫67,0,55,0,50,0,45,0,40,0,2023/12/11,,,,,,,,,,,,,,,6291103667908,Pour Femme,0,,0,EMPER,Prism,,,,73٫68,0,0,عطور,1,نواقص,99999,\us\134\pid\655\f132558014303448535105.png,25,,2023/10/12,,,,,,,,2022/11/15,Online,0,2021/04/01,20,#SPRAY ,"SPRAY,PRISM,FEMME,WOMAN,EMPER,عطور,حريمي.اسبراي",نقدي متنوع,,,,0,42٫42,25,2022/08/18,PRISM,31٫67,لا,55,50,45,40,1
282,EMPER Prive BLUE CLUE,0,0,118٫25,0,185,0,175,0,165,0,155,0,2025/04/19,,,,,,,,,,,,,,,6291108522080,BLUE CLUE,0,,0,EMPER,Prive,,,,56٫45,0,0,,1,نواقص,486,,118٫25,,2025/01/31,,,,,,,,2025/04/19,,-1,,,,,عزت Omay,,,,0,36٫08,118٫25,2024/05/03,,118٫25,لا,185,175,165,155,0
283,EMPER Prive INTERMAT,0,0,118٫25,0,185,0,175,0,165,0,155,0,2025/10/17,,,,,,,,,,,,,,,6291108522158,INTERMAT,0,,0,EMPER,Prive,,,,56٫45,0,0,,1,نواقص,99999,,118٫25,,2024/09/21,,,,,,,,2025/10/17,,-1,,,,,عزت Omay,,,,0,36٫08,118٫25,2024/05/03,,118٫25,لا,185,175,165,155,0
284,EMPER Prive Knight,0,0,118٫25,0,185,0,175,0,165,0,155,0,2025/07/05,,,,,,,,,,,,,,,6291108522295,Knight,0,,0,EMPER,Prive,,,,56٫45,0,0,,1,نواقص,99999,,118٫25,,2025/07/05,,,,,,,,2025/07/05,,-1,,,,,عزت Omay,,,,0,36٫08,118٫25,2024/05/03,,118٫25,لا,185,175,165,155,0
285,EMPER Prive L`express,0,0,118٫25,0,185,0,175,0,165,0,155,0,2026/02/10,,,,,,,,,,,,,,,6291108522172,L`express,0,,0,EMPER,Prive,,,,56٫45,0,0,,1,نواقص,99999,,118٫25,,2025/02/03,,,,,,,,2024/08/20,,-1,,,,,عزت Omay,,,,0,36٫08,118٫25,2024/05/03,,118٫25,لا,185,175,165,155,0
286,EMPER Prive La Diva Bella,0,0,118٫25,0,185,0,175,0,165,0,155,0,2024/08/24,,,,,,,,,,,,,,,6291108522189,La Diva Bella,0,,0,EMPER,Prive,,,,56٫45,0,0,,1,نواقص,99999,,118٫25,,2024/08/26,,,,,,,,2024/08/24,,-1,,,,,عزت Omay,,,,0,36٫08,118٫25,2024/05/03,,118٫25,لا,185,175,165,155,0
287,EMPER Prive Supreme Flower,0,0,118٫25,0,185,0,175,0,165,0,155,0,2025/09/25,,,,,,,,,,,,,,,6291108522240,Supreme Flower,0,,0,EMPER,Prive,,,,56٫45,0,0,,1,نواقص,99999,,118٫25,,2025/09/26,,,,,,,,2025/09/25,,-1,,,,,عزت Omay,,,,0,36٫08,118٫25,2024/05/03,,118٫25,لا,185,175,165,155,0
288,EMPER PRSIDENTE,0,0,35,0,55,0,50,0,45,0,40,0,2023/12/11,,,,,,,,,,,,,,,6291103660671,,0,,0,EMPER,PRSIDENTE,,,,57٫14,0,0,,1,نواقص,99999,,35,,2022/11/17,,,,,,,,2022/11/15,,-1,,,,,رويال / اداره المخازن الاقصر,,,,0,36٫36,35,2021/12/21,,35,لا,55,50,45,40,0
289,EMPER Qubism,0,0,35,0,55,0,50,0,45,0,38,0,2024/04/20,,,,,,,,,,,,,,,018007,,0,,0,EMPER,Qubism,,,,57٫14,0,0,,1,نواقص,99999,,35,,2022/06/16,,,,,,,,,,-1,,,,,رويال / اداره المخازن الاقصر,,,,0,36٫36,35,2021/03/16,,35,لا,55,50,45,38,0
290,EMPER Qubism Pour Homme,0,0,35,0,55,0,50,0,45,0,40,0,2023/12/11,,,,,,,,,,,,,,,6291103660688,Pour Homme,0,,0,EMPER,Qubism,,,,57٫14,0,0,عطور,1,نواقص,1368,\us\134\pid\644\f132557279541742471598.png,35,,2023/04/13,,,,,,,,2023/04/13,Online,0,,20,#SPRAY ,"EMPER,QUBISM,POUR,HOMME,عطر,سبراي,جسم,ثابت",رويال / اداره المخازن الاقصر,,,,0,36٫36,35,2021/12/21,QUBISM,35,لا,55,50,45,40,1
291,EMPER RANGER ARMY EDIITION,0,0,35,0,55,0,50,0,45,0,40,0,2022/08/19,,,,,,,,,,,,,,,6291103666666,,0,,0,EMPER,RANGER ARMY EDIITION,,,,57٫14,0,0,,1,نواقص,99999,,35,,2022/03/29,,,,,,,,2022/03/29,,-1,,,,,رويال / اداره المخازن الاقصر,,,,0,36٫36,35,2021/12/21,,35,لا,55,50,45,40,0
292,EMPER Rise Pour Femme,0,0,35,0,55,0,50,0,45,0,40,0,2024/09/06,,,,,,,,,,,,,,,6291103666673,Pour Femme,0,,0,EMPER,Rise,,,,57٫14,0,0,عطور,1,نواقص,99999,\us\134\pid\663\f132557968327975405066.png,35,,2023/04/12,,,,,,,,2024/09/06,Online,0,,,#SPRAY ,"SPRAY,EMPER,RISE,FEMM,WOMAN,عطور,اسبراي,حريمي",رويال / اداره المخازن الاقصر,,,,0,36٫36,35,2021/12/21,RISE,35,لا,55,50,45,40,1
293,EMPER Saga Pour Homme,0,0,35,0,55,0,50,0,45,0,40,0,2023/08/05,,,,,,,,,,,,,,,6291103660701,Pour Homme,0,,0,EMPER,Saga,,,,57٫14,0,0,عطور,1,نواقص,1368,\us\134\pid\647\f132557202890073059579.png,35,,2023/04/08,,,,,,,,2023/08/05,Online,0,2021/04/01,20,#SPRAY ,"SPRAY,EMPER,SAGA,HOMMEوعطر,سبراي,مزيل",رويال / اداره المخازن الاقصر,,,,0,36٫36,35,2021/12/21,SAGA,35,لا,55,50,45,40,1
294,EMPER Saga Pink Pour Femme,0,0,35,0,55,0,50,0,45,0,40,0,2023/12/11,,,,,,,,,,,,,,,6291103661166,Pour Femme,0,,0,EMPER,Saga Pink,,,,57٫14,0,0,عطور,1,نواقص,99999,\us\134\pid\661\f132557956482210729063.png,35,,2022/06/16,,,,,,,,2022/02/12,Online,0,2021/04/01,20,#SPRAY ,"SPRAY,SAGA,EMPER,FEMME,WOMAN,حريمي,عطور,اسبراي",رويال / اداره المخازن الاقصر,,,,0,36٫36,35,2021/12/21,SAGA PINK,35,لا,55,50,45,40,1
295,EMPER TOOL BOK SILVER 100ML,0,0,250,0,400,0,375,0,300,0,280,0,2023/12/11,,,,,,,,,,,,,,,6291103667120,100ML,0,,0,EMPER,TOOL BOK SILVER,,,,60,0,0,,1,نواقص,99999,,250,,2023/07/20,,,,,,,,2023/07/20,,-1,,,,,رصيد اول المده,,,,0,37٫5,250,2021/08/01,,250,لا,400,375,300,280,0
296,EMPER TOOL BOX BLACK,0,0,35,0,55,0,50,0,45,0,40,0,2023/02/13,,,,,,,,,,,,,,,6291103666611,,0,,0,EMPER,TOOL BOX BLACK,,,,57٫14,0,0,,1,نواقص,99999,,35,,2023/02/13,,,,,,,,2023/02/13,,-1,,,,,رويال / اداره المخازن الاقصر,,,,0,36٫36,35,2021/12/21,,35,لا,55,50,45,40,0
297,EMPER TOOL BOX SILVER SPRAY,0,0,35,0,55,0,50,0,45,0,40,0,2026/02/10,,,,,,,,,,,,,,,6291103667434,SPRAY,0,,0,EMPER,TOOL BOX SILVER,,,,57٫14,0,0,,1,نواقص,99999,,35,,2025/02/03,,,,,,,,2022/02/19,,-1,,,,,رويال / اداره المخازن الاقصر,,,,0,36٫36,35,2021/12/21,,35,لا,55,50,45,40,0
298,EMPER Twist Pour Femme,0,0,35,0,55,0,50,0,45,0,40,0,2023/05/16,,,,,,,,,,,,,,,6291103663030,Pour Femme,0,,0,EMPER,Twist,,,,57٫14,0,0,عطور,1,نواقص,99999,\us\134\pid\660\f132557945909877837060.png,35,,2023/04/08,,,,,,,,2023/05/16,,1,,,#SPRAY ,"SPRAY,WOMAN,FEMME,TWIST,EMPER,اسبراي,عطور,حريمي",رويال / اداره المخازن الاقصر,,,,0,36٫36,35,2021/12/21,TWIST,35,لا,55,50,45,40,1
299,EMPER Unplugged 80ML,0,0,215,0,350,0,320,0,280,0,235,0,2022/01/15,,,,,,,,,,,,,,,6291103666925,80ML,0,,0,EMPER,Unplugged,,,,62٫79,0,0,,1,---,99999,,215,,,,,,,,,,2022/01/15,,-1,,,,,رصيد اول المده,,,,0,38٫57,215,2021/08/01,,215,لا,350,320,280,235,0
300,EMPER Unplugged NOIR 80ML,0,0,215,0,350,0,320,0,280,0,235,0,2023/05/23,,,,,,,,,,,,,,,6291103669384,80ML,0,,0,EMPER,Unplugged NOIR,,,,62٫79,0,0,,1,نواقص,99999,,215,,2023/05/24,,,,,,,,2023/05/23,,-1,,,,,رصيد اول المده,,,,0,38٫57,215,2021/08/01,,215,لا,350,320,280,235,0
301,EMPER Urban Man Pour Homme,0,0,35,0,55,0,50,0,45,0,40,0,2023/05/14,,,,,,,,,,,,,,,6291103660732,Pour Homme,0,,0,EMPER,Urban Man,,,,57٫14,0,0,عطور,1,نواقص,99999,\us\134\pid\648\f132557164284844520566.png,35,,2023/02/13,,,,,,,,2023/05/14,,-1,2021/04/01,20,#SPRAY ,"SPRAY,EMPER,HOMME,URBAN,عطور,اسبراي,رجالي,رش",رويال / اداره المخازن الاقصر,,,,0,36٫36,35,2021/12/21,URBAN MAN,35,لا,55,50,45,40,1
302,EMPER Urban Woman Pour Femme,0,0,35,0,55,0,50,0,45,0,40,0,2023/03/08,,,,,,,,,,,,,,,6291103660749,Pour Femme,0,,0,EMPER,Urban Woman,,,,57٫14,0,0,عطور,1,نواقص,99999,\us\134\pid\659\f132557932614342462057.png,35,,2023/03/08,,,,,,,,2023/03/08,,1,,,#SPRAY ,"SPRAY,EMPER,WOMAN,URBAN,عطور,حريمي,اسبراي",رويال / اداره المخازن الاقصر,,,,0,36٫36,35,2021/12/21,URBAN WOMAN,35,لا,55,50,45,40,1
303,EMPER Verona,0,0,110,0,275,0,225,0,175,0,135,0,2023/12/11,,,,,,,,,,,,,,,6291103663788,,0,,0,EMPER,Verona,,,,150,0,0,,1,نواقص,99999,,110,,2023/10/12,,,,,,,,2023/12/11,,-1,,,,,رويال/ادره المخازن,,,,0,60,110,2022/02/11,,110,لا,275,225,175,135,0
61,إجمالي -   EMPER,0,0,0,0,0,0,0,0,0,0,0,0,,0,0,0,0,0,0,0,0,0,0,0,0,0,0,,,0,0,0,,,,,,0,0,,,,,,,0,,,,,0,0,0,0,0,,,,,,,,,,,,,,0,,,0,,0,0,0,0,
,,,,,,,,,,,,,,,,,,,,,,,,,,,,,,,,,,,,,,,,,,,,,,,,,,,,,,,,,,,,,,,,,,,,,,,,,,,,,,,
,ENERGY,,,,,,,,,,,,,,,,,,,,,,,,,,,,,,,,,ENERGY,,,,,,,,,,,,,,,,,,,,,,,,,,,,,,,,,,,,,,,,,,,,,
304,ENERGY ARGAN OIL SERUM 60 ML,0,0,168,0,210,0,200,0,190,0,180,0,2026/05/10,,,,,,,,,,,,,,,5285003149931,60 ML,0,,0,ENERGY,ARGAN OIL SERUM,,,,25,0,0,,1,---,99999,,168,,,,,,,,,,,,-1,,,,,اسحق انور,,,,0,20,168,2024/04/15,,168,لا,210,200,190,180,0
305,ENERGY CRISTAL SERUM 100 ML,0,0,265,0,350,0,330,0,310,0,290,0,2024/11/18,,,,,,,,,,,,,,,6291100270675,100 ML,0,,0,ENERGY,CRISTAL SERUM,,,,32٫08,0,0,,1,نواقص,99999,,265,,2024/11/18,,,,,,,,2024/11/18,,-1,,,,,اسحق انور,,,,0,24٫29,265,2024/04/15,,265,لا,350,330,310,290,0
306,ENERGY KERATIN SERUM 50 ML,0,0,168,0,210,0,200,0,190,0,180,0,2024/07/25,,,,,,,,,,,,,,,5285003149788,50 ML,0,,0,ENERGY,KERATIN SERUM,,,,25,0,0,,1,---,99999,,168,,,,,,,,,,2024/07/25,,-1,,,,,اسحق انور,,,,0,20,168,2024/04/15,,168,لا,210,200,190,180,0
307,ENERGY SNAKE OIL 50 ML,0,0,175,0,225,0,210,0,200,0,190,0,2025/03/21,,,,,,,,,,,,,,,6291100278329,50 ML,0,,0,ENERGY,SNAKE OIL,,,,28٫57,0,0,,1,نواقص,99999,,175,,2025/03/21,,,,,,,,2025/03/21,,-1,,,,,اسحق انور,,,,0,22٫22,175,2024/04/15,,175,لا,225,210,200,190,0
4,إجمالي -   ENERGY,0,0,0,0,0,0,0,0,0,0,0,0,,0,0,0,0,0,0,0,0,0,0,0,0,0,0,,,0,0,0,,,,,,0,0,,,,,,,0,,,,,0,0,0,0,0,,,,,,,,,,,,,,0,,,0,,0,0,0,0,
,,,,,,,,,,,,,,,,,,,,,,,,,,,,,,,,,,,,,,,,,,,,,,,,,,,,,,,,,,,,,,,,,,,,,,,,,,,,,,,
,ENGY COSMETICS,,,,,,,,,,,,,,,,,,,,,,,,,,,,,,,,,ENGY COSMETICS,,,,,,,,,,,,,,,,,,,,,,,,,,,,,,,,,,,,,,,,,,,,,
308,ENGY COSMETICS BLUSHER ROZANA 2*1,0,0,6,0,12,0,10,0,9,0,7٫5,0,2023/12/11,,,,,,,,,,,,,,,034003,2*1,0,,0,ENGY COSMETICS,BLUSHER ROZANA,,,,100,0,0,,1,نواقص,99999,,6,,2023/10/12,,,,,,,,2023/02/13,,-1,,,,,SINA COSMETICS,,,,0,50,6,2021/11/03,,6,لا,12,10,9,7٫5,0
309,ENGY COSMETICS BLUSHER ROZANA BLUSHER,0,0,5٫75,0,10,0,8,0,7,0,6٫5,0,2023/12/11,,,,,,,,,,,,,,,6223002747054,BLUSHER,0,,0,ENGY COSMETICS,BLUSHER ROZANA,,,,73٫91,0,0,,1,نواقص,99999,,5٫75,,2022/12/22,,,,,,,,2022/12/21,,-1,,,,,SINA COSMETICS,,,,0,42٫5,5٫75,2021/11/05,,5٫75,لا,10,8,7,6٫5,0
310,ENGY COSMETICS COLLECTION 82WAY TO GO BEUTY,0,0,535,0,750,0,700,0,650,0,585,0,2026/05/10,,,,,,,,,,,,,,,6223002744091,,0,,0,ENGY COSMETICS,COLLECTION 82WAY TO GO BEUTY,,,,40٫19,0,0,MAKE-UP,1,نواقص,99999,\us\134\pid\590\f132585671214332080616.png,535,,2023/12/11,,,,,,,,2023/12/11,Online,0,2021/04/01,10,#ROYALELCHIM ,"ENGy,COSMETlCS,COLLECTION,82WAY,TO,GO,BEUTY",SINA COSMETICS,,,,0,28٫67,535,2023/12/11,ENGY COSMETlCS COLLECTION 82WAY TO GO BEUTY,535,لا,750,700,650,585,2
311,ENGY COSMETICS Extra Active & Save عرض تفتيح,0,0,12٫14,0,20,0,17٫5,0,15,0,13٫5,0,2023/12/11,,,,,,,,,,,,,,,6223002743414,عرض تفتيح,0,,0,ENGY COSMETICS,Extra Active & Save,,,,64٫71,0,0,,1,نواقص,99999,,12,,2022/06/16,,,,,,,,2022/04/27,,-1,,,,,رصيد اول المده,,,,0,39٫29,12,2021/08/29,,12٫14,لا,20,17٫5,15,13٫5,0
312,ENGY COSMETICS EYE LINER 8GM,0,0,40٫51,0,30,0,25,0,20,0,18٫5,0,2023/12/11,,,,,,,,,,,,,,,6223002745272   6223002745227,,0,,0,ENGY COSMETICS,EYE LINER 8GM,,,,-25٫95,0,0,MAKE-UP,1,نواقص,99999,\us\134\pid\591\f132556989581570431289.png,17٫25,,2022/05/19,,,,,,,,2022/05/04,Online,0,,,#SINACOSMETICS ,"ايلينر,SUPER,EYE,LINER,DEFINATION",نقدي متنوع,,,,0,-35٫04,17٫25,2022/08/19,ENGY EYE LINER 8 GM,40٫51,لا,30,25,20,18٫5,4
313,ENGY COSMETICS EYE SHAOW 18 PALETTE COLORS H.C,0,0,18,0,30,0,27,0,25,0,22,0,2024/03/16,,,,,,,,,,,,,,,031001,H.C,0,,0,ENGY COSMETICS,EYE SHAOW 18 PALETTE COLORS,,,,66٫67,0,0,MAKE-UP,1,نواقص,99999,\us\134\pid\574\f132557828454251013081.png,19٫25,,2023/11/07,,,,,,,,2024/03/16,Online,0,,,#SINACOSMETICS ,"PALETTE,COLORS,,EYE,SHADOW,MAKE-UP,ENGY,ايشادو,باليت,الوان,مختلفه",SINA COSMETICS,,,,0,40,19٫25,2021/11/05,18 ENGY EYE SHADOW PALETTE COLORS,18,لا,30,27,25,22,5
314,ENGY COSMETICS EYE SHAOW 18 PALETTE COLORS W.C,0,0,18٫92,0,30,0,27,0,25,0,22,0,2023/10/16,,,,,,,,,,,,,,,6223002740802,W.C,0,,0,ENGY COSMETICS,EYE SHAOW 18 PALETTE COLORS,,,,58٫54,0,0,MAKE-UP,1,نواقص,99999,\us\134\pid\572\f132563117423296121062.png,19٫25,,2023/10/12,,,,,,,,2023/10/16,Online,0,,,#SINACOSMETICS ,"PALETTE,COLORS,,EYE,SHADOW,MAKE-UP,ENGY,ايشادو,باليت,الوان,مختلفه",SINA COSMETICS,,,,0,36٫92,19٫25,2021/11/05,18 ENGY EYE SHADOW PALETTE COLORS W,18٫92,لا,30,27,25,22,4
315,ENGY COSMETICS EYE SHAOW18 PALETTE COLORS B.C,0,0,15,0,25,0,22,0,20,0,17٫5,0,2023/04/05,,,,,,,,,,,,,,,031000,B.C,0,,0,ENGY COSMETICS,EYE SHAOW18 PALETTE COLORS,,,,66٫67,0,0,,1,نواقص,99999,,15,,2023/04/05,,,,,,,,2023/04/05,,-1,,,,,رويال/ادره المخازن,,,,0,40,15,2022/02/14,,15,لا,25,22,20,17٫5,0
316,ENGY COSMETICS FACIAL SCRUB HONEY MILK 225,0,0,9٫5,0,15,0,13,0,11,0,10٫5,0,2022/11/15,,,,,,,,,,,,,,,6223002742288,,0,,0,ENGY COSMETICS,FACIAL SCRUB HONEY MILK 225,,,,57٫89,0,0,,1,---,99999,,9٫5,,,,,,,,,,2022/11/15,,-1,,,,,رويال/ادره المخازن,,,,0,36٫67,9٫5,2022/02/09,,9٫5,لا,15,13,11,10٫5,0
317,ENGY COSMETICS FACIAL SCRUP HONEY&MILK 225GM,0,0,8٫75,0,15,0,13,0,10,0,9,0,2023/12/11,,,,,,,,,,,,,,,031005,,0,,0,ENGY COSMETICS,FACIAL SCRUP HONEY&MILK 225GM,,,,71٫43,0,0,منتجات العنايه الشخصيه,1,نواقص,99999,\us\134\pid\600\f132556920435492060019.png,8٫75,,2021/07/14,,,,,,,,2022/04/14,Online,0,,,#SINACOSMETICS ,"سنفره,تفتيح,نضاره,SCRUP,HONEY,MILK",رصيد اول المده,,,,0,41٫67,8٫75,2021/09/02,FACIAL SCRUP HONY&MILK,8٫75,لا,15,13,10,9,4
318,ENGY COSMETICS FACIAL SCRUP MINT 225GM,0,0,8٫72,0,15,0,13,0,10,0,9,0,2023/12/31,,,,,,,,,,,,,,,031006,,0,,0,ENGY COSMETICS,FACIAL SCRUP MINT 225GM,,,,72٫09,0,0,منتجات العنايه الشخصيه,1,نواقص,99999,\us\134\pid\601\f132556923189244769024.png,8٫5,,2021/07/14,,,,,,,,2023/12/31,,2,,,#SINACOSMETICS ,"صنفره,نعومه,تفتيح,نضاره,ENGY.COSMETICS,SCRUP,MKNT,PERFUME",رويال/ادره المخازن,,,,0,41٫89,8٫5,2021/12/18,FACIAL SCRUP MINT,8٫72,لا,15,13,10,9,3
319,ENGY COSMETICS Limitless Mascra,0,0,25,0,45,0,40,0,35,0,30,0,2026/05/10,,,,,,,,,,,,,,,6223002749423,,0,,0,ENGY COSMETICS,Limitless Mascra,,,,80,0,0,,1,نواقص,99999,,25,,2024/04/02,,,,,,,,2024/04/02,,-1,,,,,SINA COSMETICS,,,,0,44٫44,25,2023/09/21,,25,لا,45,40,35,30,0
320,ENGY COSMETICS MAKE UP KIT أرابيسك,0,0,484٫89,0,750,0,700,0,650,0,600,0,2024/06/08,,,,,,,,,,,,,,,034002,أرابيسك,0,,0,ENGY COSMETICS,MAKE UP KIT,,,,54٫67,0,0,MAKE-UP,1,نواقص,99999,\us\134\pid\2212\f132869185902772522155.png,485,,2024/06/08,,,,,,,,2024/06/08,Online,0,2024/02/01,15,#SINACOSMETICS ,,SINA COSMETICS,,,,0,35٫35,484٫89,2023/11/14,ENGY MAKE-UP SET 70,484٫89,لا,750,700,650,600,3
321,ENGY COSMETICS Mascra 3x Vokume Black Curvy &longer,0,0,17٫11,0,30,0,25,0,20,0,18٫5,0,2023/12/11,,,,,,,,,,,,,,,6223002745203,Curvy &longer,0,,0,ENGY COSMETICS,Mascra 3x Vokume Black,,,,75٫33,0,0,MAKE-UP,1,نواقص,99999,\us\134\pid\755\f132828515496754797028.png,17٫25,,2023/10/12,,,,,,,,2022/08/04,Online,0,,,#ROYALELCHIM ,"ENGY,COSMETlCS,Mascra,3x,Vokume,Black,Curvy,longer",رويال/ادره المخازن,,,,0,42٫96,17٫25,2022/02/14,ENGY COSMETlCS Mascra 3x Vokume Black,17٫11,لا,30,25,20,18٫5,1
322,ENGY COSMETICS MINI NAIL COLOR,0,0,3,0,5,0,4٫5,0,4,0,3٫5,0,2022/08/19,,,,,,,,,,,,,,,031002,,0,,0,ENGY COSMETICS,MINI NAIL COLOR,,,,66٫67,0,0,MAKE-UP,1,---,99999,\us\134\pid\592\f132585715141433383011.png,3,,,,,,,,,,2021/11/23,,-42,2021/04/01,10,#ROYALELCHIM ,"ENGY,COSMETlCS,MlNl,NAklL,COLOR",رصيد اول المده,,,,0,40,3,2021/08/29,ENGY COSMETlCS MlNl NAklL COLOR,3,لا,5,4٫5,4,3٫5,1
323,ENGY COSMETICS عرض تفتيح100جرام,0,0,15,0,25,0,22,0,20,0,17٫5,0,2022/05/05,,,,,,,,,,,,,,,6223002744640,,0,,0,ENGY COSMETICS,عرض تفتيح100جرام,,,,66٫67,0,0,منتجات العنايه الشخصيه,1,---,99999,\us\134\pid\593\f132556934942466768084.png,15,,,,,,,,,,2022/05/05,,2,2021/10/29,,#SINACOSMETICS ,"عرض,تفتيح,نضاره,لبشره,تنعيم",رصيد اول المده,,,,0,40,15,2021/08/28,عرض تفتيح 100جرام,15,لا,25,22,20,17٫5,3
324,ENGY COSMETICS عرض مجموعه تفتيح+تبيض,0,0,15,0,20,0,18,0,15,0,14,0,2021/11/27,,,,,,,,,,,,,,,6223002744978,,0,,0,ENGY COSMETICS,عرض مجموعه تفتيح+تبيض,,,,33٫33,0,0,منتجات العنايه الشخصيه,1,---,99999,\us\134\pid\594\f132556966999292276223.png,15,,,,,,,,,,,,0,,,#SINACOSMETICS ,"مجموعه,تفتيح,تبيض,كريم,مبيض,ENGY,COSMETICS",,,,,0,25,15,2021/11/26,عرض مجموعه تفتيح+تبيض,15,لا,20,18,15,14,3
325,ENGY COSMETICS علبه ايشادو كتاب 18 لون,0,0,55,0,100,0,90,0,80,0,70,0,2023/12/11,,,,,,,,,,,,,,,034001,كتاب 18 لون,0,,0,ENGY COSMETICS,علبه ايشادو,,,,81٫82,0,0,,1,نواقص,99999,,55,,2022/06/16,,,,,,,,,,-1,,,,,SINA COSMETICS,,,,0,45,55,2021/11/05,,55,لا,100,90,80,70,0
326,ENGY COSMETICS علبه ميك اب ارابيسك,0,0,450,0,750,0,700,0,650,0,550,0,2023/12/11,,,,,,,,,,,,,,,034000,ارابيسك,0,,0,ENGY COSMETICS,علبه ميك اب,,,,66٫67,0,0,,1,نواقص,99999,,450,,2023/10/12,,,,,,,,2023/01/15,,-1,,,,,,,,,0,40,450,2023/04/09,,450,لا,750,700,650,550,0
327,ENGY COSMETICS علبه ميك اب تورته,0,0,245,0,375,0,350,0,300,0,285,0,2024/06/28,,,,,,,,,,,,,,,6223002746446,تورته,0,,0,ENGY COSMETICS,علبه ميك اب,,,,53٫06,0,0,MAKE-UP,1,نواقص,99999,\us\134\pid\2204\f132869139347527014115.png,245,,2024/06/29,,,,,,,,2024/06/28,Online,0,,,#SINACOSMETICS ,,SINA COSMETICS,,,,0,34٫67,245,2021/11/05,ENGY MAKE UP SET 30,245,لا,375,350,300,285,3
328,ENGY COSMETICS علبه ميك اب سلم ص,0,0,305,0,500,0,450,0,400,0,375,0,2022/11/11,,,,,,,,,,,,,,,6223002743391,سلم ص,0,,0,ENGY COSMETICS,علبه ميك اب,,,,63٫93,0,0,MAKE-UP,1,نواقص,99999,\us\134\pid\2205\f132869171774280423138.png,305,,2022/11/09,,,,,,,,2022/11/11,Online,0,,10,#SINACOSMETICS ,,SINA COSMETICS,,,,0,39,305,2021/11/05,ENGY MAKE-UP SET 49,305,لا,500,450,400,375,2
329,ENGY COSMETICS علبه ميك اب غواصه ص,0,0,127٫5,0,200,0,180,0,160,0,150,0,2026/02/10,,,,,,,,,,,,,,,6223002743711,غواصه ص,0,,0,ENGY COSMETICS,علبه ميك اب,,,,56٫86,0,0,MAKE-UP,1,نواقص,99999,\us\134\pid\2202\f132869162381879742130.png,130,,2025/02/03,,,,,,,,2022/03/23,Online,0,2024/02/01,5,#SINACOSMETICS ,,SINA COSMETICS,,,,0,36٫25,130,2021/11/05,ENGY MAKE-UP SET 22,127٫5,لا,200,180,160,150,2
330,ENGY COSMETICS علبه ميك اب قلب 3 دور,0,0,152٫33,0,375,0,325,0,300,0,275,0,2026/05/10,,,,,,,,,,,,,,,6223002747788,قلب 3 دور,0,,0,ENGY COSMETICS,علبه ميك اب,,,,146٫17,0,0,MAKE-UP,1,نواقص,99999,\us\134\pid\2203\f132869156175315928122.png,207,,2025/10/22,,,,,,,,2025/10/22,Online,0,2024/02/01,5,#SINACOSMETICS ,,,,,,0,59٫38,207,2023/10/29,ENGY MAKE-UP KIT 32,152٫33,لا,375,325,300,275,3
331,ENGY COSMETICS علبه ميك اب سلم ك,0,0,844٫81,0,1150,0,1100,0,1050,0,1000,0,2024/07/22,,,,,,,,,,,,,,,6223002743483   6223002748815,,0,,0,ENGY COSMETICS,علبه ميك اب سلم ك,,,,36٫12,0,0,MAKE-UP,1,نواقص,99999,\us\134\pid\589\f132562589965418405102.png,845,,2024/07/22,,,,,,,,2024/07/22,Online,1,2024/02/01,10,#SINACOSMETICS ,"KIT,MAKEUP,MASCARA,EYESHADOW,COLLECTION,ENGY",SINA COSMETICS,,,,0,26٫54,844٫81,2023/11/14,ENGY MAKEUP KIT 60,844٫81,لا,1150,1100,1050,1000,4
332,ENGY COSMETICS علبه ميك اب مروحه ص,0,0,200,0,300,0,280,0,260,0,240,0,2024/12/18,,,,,,,,,,,,,,,6223002744060,,0,,0,ENGY COSMETICS,علبه ميك اب مروحه ص,,,,50,0,0,MAKE-UP,1,نواقص,99999,\us\134\pid\587\f132562162340168424018.png,200,,2024/12/19,,,,,,,,2024/12/18,Online,0,2025/07/31,,#SINACOSMETICS ,"MAKEUP,POWDER,LIPSTIC,CREAMPUFF,EYESHDOW,BLUSHER",,,,,0,33٫33,200,2023/04/09,MAKEUP KIT 2236,200,لا,300,280,260,240,6
25,إجمالي -   ENGY COSMETICS,0,0,0,0,0,0,0,0,0,0,0,0,,0,0,0,0,0,0,0,0,0,0,0,0,0,0,,,0,0,0,,,,,,0,0,,,,,,,0,,,,,0,0,0,0,0,,,,,,,,,,,,,,0,,,0,,0,0,0,0,
,,,,,,,,,,,,,,,,,,,,,,,,,,,,,,,,,,,,,,,,,,,,,,,,,,,,,,,,,,,,,,,,,,,,,,,,,,,,,,,
,EVA COSEMTICS,,,,,,,,,,,,,,,,,,,,,,,,,,,,,,,,,EVA COSEMTICS,,,,,,,,,,,,,,,,,,,,,,,,,,,,,,,,,,,,,,,,,,,,,
333,EVA COSEMTICS ALOE EVA 300 ML,0,0,20,0,40,0,35,0,32,0,30,0,2023/09/07,,,,,,,,,,,,,,,6223004370847,300 ML,0,,0,EVA COSEMTICS,ALOE EVA,,,,100,0,0,,1,نواقص,99999,,20,,2023/09/07,,,,,,,,2023/09/07,,-1,,,,,مايكل ثروت / مايت سينما,,,,0,50,20,2023/08/10,,20,لا,40,35,32,30,0
334,EVA COSEMTICS ANTI AGEING,0,0,100,0,160,0,150,0,140,0,130,0,2024/05/23,,,,,,,,,,,,,,,6223001384007,,0,,0,EVA COSEMTICS,ANTI AGEING,,,,60,0,0,,1,نواقص,99999,,100,,2024/05/23,,,,,,,,2024/05/23,,-1,,,,,مايكل ثروت / مايت سينما,,,,0,37٫5,100,2023/08/10,,100,لا,160,150,140,130,0
335,EVA COSEMTICS ANTI AGEING LIPPUMPING SERUM,0,0,70,0,130,0,115,0,105,0,95,0,2025/03/12,,,,,,,,,,,,,,,6223001384236,LIPPUMPING SERUM,0,,0,EVA COSEMTICS,ANTI AGEING,,,,85٫71,0,0,,1,نواقص,99999,,70,,2025/03/13,,,,,,,,2025/03/12,,-1,,,,,مايكل ثروت / مايت سينما,,,,0,46٫15,70,2023/08/10,,70,لا,130,115,105,95,0
336,EVA COSEMTICS BODY SPLASH COZY DREAM,0,0,117٫15,0,180,0,165,0,150,0,135,0,2023/11/14,,,,,,,,,,,,,,,6223001380955,COZY DREAM,0,,0,EVA COSEMTICS,BODY SPLASH,,,,53٫65,0,0,,1,نواقص,99999,,117٫15,,2023/11/14,,,,,,,,2023/11/14,,-1,,,,,كيرمينا,,,,0,34٫92,117٫15,2023/09/09,,117٫15,لا,180,165,150,135,0
337,EVA COSEMTICS Cleanser Hylaronic Acid,0,0,40,0,75,0,70,0,65,0,60,0,2023/10/16,,,,,,,,,,,,,,,6223001384021,Hylaronic Acid,0,,0,EVA COSEMTICS,Cleanser,,,,87٫5,0,0,,1,نواقص,99999,,40,,2023/10/12,,,,,,,,2023/10/16,,-1,,,,,مايكل ثروت / مايت سينما,,,,0,46٫67,40,2023/08/10,,40,لا,75,70,65,60,0
338,EVA COSEMTICS Face Serum Vitamin A,0,0,166٫5,0,210,0,200,0,190,0,175,0,2024/10/18,,,,,,,,,,,,,,,6223001380238,Vitamin A,0,,0,EVA COSEMTICS,Face Serum,,,,26٫13,0,0,,1,نواقص,99999,,168,,2024/10/18,,,,,,,,2024/10/18,,-1,,,,,اسحق انور,,,,0,20٫71,168,2024/04/15,,166٫5,لا,210,200,190,175,0
339,EVA COSEMTICS Face Serum Vitamin C,0,0,168,0,210,0,200,0,190,0,180,0,2024/07/29,,,,,,,,,,,,,,,6223001380047,Vitamin C,0,,0,EVA COSEMTICS,Face Serum,,,,25,0,0,,1,نواقص,99999,,168,,2024/07/29,,,,,,,,2024/07/29,,-1,,,,,اسحق انور,,,,0,20,168,2024/04/15,,168,لا,210,200,190,180,0
340,EVA COSEMTICS NIGHT OUT,0,0,165,0,200,0,190,0,185,0,175,0,2024/04/03,,,,,,,,,,,,,,,6223001384175,,0,,0,EVA COSEMTICS,NIGHT OUT,,,,21٫21,0,0,,1,نواقص,99999,,165,,2024/04/03,,,,,,,,2024/04/03,,-1,,,,,,,,,0,17٫5,165,2024/03/21,,165,لا,200,190,185,175,0
341,EVA COSEMTICS SPOTLESS FACE CREAM,0,0,10,0,20,0,18,0,16,0,14,0,2026/02/10,,,,,,,,,,,,,,,6223001385455,FACE CREAM,0,,0,EVA COSEMTICS,SPOTLESS,,,,100,0,0,,1,نواقص,99999,,10,,2025/02/03,,,,,,,,2024/01/31,,-1,,,,,مايكل ثروت / مايت سينما,,,,0,50,10,2023/08/10,,10,لا,20,18,16,14,0
342,EVA COSEMTICS عرض كريم جلسرين ك+ مناديل ازاله,0,0,28,0,40,0,37,0,35,0,33,0,2022/11/21,,,,,,,,,,,,,,,6223001386919,,0,,0,EVA COSEMTICS,عرض كريم جلسرين ك+ مناديل ازاله,,,,42٫86,0,0,,1,نواقص,99999,,28,,2022/11/22,,,,,,,,2022/11/21,,-1,,,,,نقدي متنوع,,,,0,30,28,2022/05/23,,28,لا,40,37,35,33,0
343,EVA COSEMTICS غسول بالعسل,0,0,36٫5,0,65,0,60,0,57,0,52,0,2026/05/10,,,,,,,,,,,,,,,6223001388234,,0,,0,EVA COSEMTICS,غسول بالعسل,,,,78٫08,0,0,,1,نواقص,99999,,48,,2025/03/22,,,,,,,,2025/03/21,,-1,,,,,اسحق انور,,,,0,43٫85,48,2024/04/15,,36٫5,لا,65,60,57,52,0
344,EVA COSEMTICS غسول جلسرين بشره جافه,0,0,48,0,65,0,60,0,57,0,52,0,2025/04/29,,,,,,,,,,,,,,,6223001388203,بشره جافه,0,,0,EVA COSEMTICS,غسول جلسرين,,,,35٫42,0,0,,1,نواقص,99999,,48,,2025/04/29,,,,,,,,2025/04/29,,-1,,,,,اسحق انور,,,,0,26٫15,48,2024/04/15,,48,لا,65,60,57,52,0
345,EVA COSEMTICS غسول خيار,0,0,25,0,50,0,45,0,40,0,35,0,2024/01/08,,,,,,,,,,,,,,,6223001388210,,0,,0,EVA COSEMTICS,غسول خيار,,,,100,0,0,,1,نواقص,99999,,25,,2024/01/08,,,,,,,,2024/01/08,,-1,,,,,مايكل ثروت / مايت سينما,,,,0,50,25,2023/08/10,,25,لا,50,45,40,35,0
346,EVA COSEMTICS كريم ايفا للبشره بالجلسرين للبشره الجافه 20 GM,0,0,3٫5,0,6,0,5٫5,0,5,0,4٫5,0,2023/12/11,,,,,,,,,,,,,,,6223001380108,20 GM,0,,0,EVA COSEMTICS,كريم ايفا للبشره بالجلسرين للبشره الجافه,,,,71٫43,0,0,,1,نواقص,99999,,3٫5,,2022/06/16,,,,,,,,2022/05/28,,-1,,,,,رويال / اداره المخازن الاقصر,,,,0,41٫67,3٫5,2022/02/24,,3٫5,لا,6,5٫5,5,4٫5,0
347,EVA COSEMTICS كريم ايفا للبشره بالعسل للبشره العاديه 20 GM,0,0,3٫5,0,6,0,5٫5,0,5,0,4٫5,0,2023/12/11,,,,,,,,,,,,,,,6223001380146,20 GM,0,,0,EVA COSEMTICS,كريم ايفا للبشره بالعسل للبشره العاديه,,,,71٫43,0,0,,1,نواقص,99999,,3٫5,,2022/06/16,,,,,,,,2022/05/21,,-1,,,,,رويال / اداره المخازن الاقصر,,,,0,41٫67,3٫5,2022/02/24,,3٫5,لا,6,5٫5,5,4٫5,0
348,EVA COSEMTICS كريم ايفا للبشره بالعسل للبشره العاديه 170 GM,0,0,18,0,27٫5,0,25,0,22,0,19,0,2023/12/11,,,,,,,,,,,,,,,6223001380177,170 GM,0,,0,EVA COSEMTICS,كريم ايفا للبشره بالعسل للبشره العاديه,,,,52٫78,0,0,,1,نواقص,99999,,18,,2022/03/26,,,,,,,,2022/03/23,,-1,,,,,رويال/ادره المخازن,,,,0,34٫55,18,2022/02/09,,18,لا,27٫5,25,22,19,0
349,EVA COSEMTICS كريم بشره بالبزبادي للبشره الدهنيه 55 GM,0,0,8,0,11,0,10٫5,0,10,0,9,0,2023/12/11,,,,,,,,,,,,,,,6223001380207,55 GM,0,,0,EVA COSEMTICS,كريم بشره بالبزبادي للبشره الدهنيه,,,,37٫5,0,0,,1,نواقص,99999,,8,,2023/10/12,,,,,,,,2022/11/19,,-1,,,,,رويال/ادره المخازن,,,,0,27٫27,8,2022/02/09,,8,لا,11,10٫5,10,9,0
350,EVA COSEMTICS كريم بشره بالجلسرين للبشره الجافه,0,0,21,0,50,0,45,0,43,0,40,0,2024/04/20,,,,,,,,,,,,,,,6223001380139,,0,,0,EVA COSEMTICS,كريم بشره بالجلسرين للبشره الجافه,,,,138٫1,0,0,,1,نواقص,99999,,30,,2023/10/27,,,,,,,,2023/10/27,,-1,,,,,مايكل ثروت / مايت سينما,,,,0,58,30,2023/08/10,,21,لا,50,45,43,40,0
351,EVA COSEMTICS كريم بشره بالجلسرين للبشره الجافه 50 GM,0,0,15,0,22,0,20,0,18,0,17,0,2023/12/11,,,,,,,,,,,,,,,6223001380115,50 GM,0,,0,EVA COSEMTICS,كريم بشره بالجلسرين للبشره الجافه,,,,46٫67,0,0,,1,نواقص,99999,,15,,2023/06/07,,,,,,,,2023/06/05,,-1,,,,,كيرمينا,,,,0,31٫82,15,2023/04/14,,15,لا,22,20,18,17,0
352,EVA COSEMTICS كريم بشره بالعسل 50 GM,0,0,8,0,11,0,10,0,10,0,10,0,2023/12/11,,,,,,,,,,,,,,,6223001380160,50 GM,0,,0,EVA COSEMTICS,كريم بشره بالعسل,,,,37٫5,0,0,,1,نواقص,99999,,8,,2022/02/13,,,,,,,,2022/02/04,,-1,,,,,رويال/ادره المخازن,,,,0,27٫27,8,2022/02/09,,8,لا,11,10,10,10,0
353,EVA COSEMTICS كريم شعر بالصبار,0,0,12,0,18٫5,0,17,0,15,0,14,0,2023/12/11,,,,,,,,,,,,,,,6223001386469,,0,,0,EVA COSEMTICS,كريم شعر بالصبار,,,,54٫17,0,0,,1,نواقص,99999,,12,,2023/10/12,,,,,,,,2022/12/01,,-1,,,,,رويال / اداره المخازن الاقصر,,,,0,35٫14,12,2022/02/24,,12,لا,18٫5,17,15,14,0
354,EVA COSEMTICS كريم شعر بالعسل,0,0,12,0,18٫5,0,17,0,15,0,14,0,2023/12/11,,,,,,,,,,,,,,,6223001386674,,0,,0,EVA COSEMTICS,كريم شعر بالعسل,,,,54٫17,0,0,,1,نواقص,99999,,12,,2023/10/12,,,,,,,,2023/02/03,,-1,,,,,رويال / اداره المخازن الاقصر,,,,0,35٫14,12,2022/02/24,,12,لا,18٫5,17,15,14,0
22,إجمالي -   EVA COSEMTICS,0,0,0,0,0,0,0,0,0,0,0,0,,0,0,0,0,0,0,0,0,0,0,0,0,0,0,,,0,0,0,,,,,,0,0,,,,,,,0,,,,,0,0,0,0,0,,,,,,,,,,,,,,0,,,0,,0,0,0,0,
,,,,,,,,,,,,,,,,,,,,,,,,,,,,,,,,,,,,,,,,,,,,,,,,,,,,,,,,,,,,,,,,,,,,,,,,,,,,,,,
,EVA COSMETICS,,,,,,,,,,,,,,,,,,,,,,,,,,,,,,,,,EVA COSMETICS,,,,,,,,,,,,,,,,,,,,,,,,,,,,,,,,,,,,,,,,,,,,,
355,EVA COSMETICS COLLAGEN AGE 40,0,0,184,0,235,0,215,0,205,0,195,0,2025/04/23,,,,,,,,,,,,,,,6223001382225,AGE 40,0,,0,EVA COSMETICS,COLLAGEN,,,,27٫72,0,0,,1,نواقص,99999,,184,,2025/04/23,,,,,,,,2025/04/23,,-1,,,,,اسحق انور,,,,0,21٫7,184,2024/04/15,,184,لا,235,215,205,195,0
356,EVA COSMETICS COLLAGEN CLEANSER,0,0,95,0,125,0,120,0,115,0,105,0,2025/04/15,,,,,,,,,,,,,,,6223004370113,CLEANSER,0,,0,EVA COSMETICS,COLLAGEN,,,,31٫58,0,0,,1,نواقص,99999,,95,,2025/03/21,,,,,,,,2025/04/15,,-1,,,,,اسحق انور,,,,0,24,95,2024/04/15,,95,لا,125,120,115,105,0
357,EVA COSMETICS CURL LEAVE IN CREAM 200 ML,0,0,120,0,160,0,150,0,140,0,135,0,2025/01/06,,,,,,,,,,,,,,,6223001385226,LEAVE IN CREAM,0,,0,EVA COSMETICS,CURL,200 ML,,,33٫33,0,0,,1,نواقص,99999,,120,,2025/01/06,,,,,,,,2025/01/06,,-1,,,,,اسحق انور,,,,0,25,120,2024/04/15,,120,لا,160,150,140,135,0
358,EVA COSMETICS CURL SHAMPO 230,0,0,105,0,140,0,130,0,125,0,115,0,2026/01/19,,,,,,,,,,,,,,,6223001385202,SHAMPO,0,,0,EVA COSMETICS,CURL,230,,,33٫33,0,0,,1,نواقص,99999,,105,,2026/01/19,,,,,,,,2026/01/19,,-1,,,,,اسحق انور,,,,0,25,105,2024/04/15,,105,لا,140,130,125,115,0
359,EVA COSMETICS GOLD ARGAN HEAT GUARD,0,0,148,0,185,0,175,0,165,0,155,0,2026/05/10,,,,,,,,,,,,,,,6223004378164,HEAT GUARD,0,,0,EVA COSMETICS,GOLD ARGAN,,,,25,0,0,,1,---,99999,,148,,,,,,,,,,,,-1,,,,,اسحق انور,,,,0,20,148,2024/04/15,,148,لا,185,175,165,155,0
360,EVA COSMETICS KERATIN SHAMPO 230 ML,0,0,86,0,115,0,105,0,100,0,95,0,2025/03/29,,,,,,,,,,,,,,,6223001382348,SHAMPO,0,,0,EVA COSMETICS,KERATIN,230 ML,,,33٫72,0,0,,1,نواقص,99999,,86,,2025/03/29,,,,,,,,2025/03/29,,-1,,,,,اسحق انور,,,,0,25٫22,86,2024/04/15,,86,لا,115,105,100,95,0
361,EVA COSMETICS LIGHTENING ROLL ON ACTIVE FRESH,0,0,80,0,110,0,105,0,100,0,95,0,2025/01/30,,,,,,,,,,,,,,,6223001382843,ACTIVE FRESH,0,,0,EVA COSMETICS,LIGHTENING ROLL ON,,,,37٫5,0,0,,1,نواقص,99999,,80,,2025/01/31,,,,,,,,2025/01/30,,-1,,,,,اسحق انور,,,,0,27٫27,80,2024/04/15,,80,لا,110,105,100,95,0
362,EVA COSMETICS MANLOOK FOOTPOWDER ALOEVERA,0,0,24,0,30,0,29,0,28,0,27,0,2026/05/10,,,,,,,,,,,,,,,6223004372964,FOOTPOWDER,0,,0,EVA COSMETICS,MANLOOK,ALOEVERA,,,25,0,0,,1,---,99999,,24,,,,,,,,,,,,-1,,,,,اسحق انور,,,,0,20,24,2024/04/15,,24,لا,30,29,28,27,0
363,EVA COSMETICS MANLOOK FOOTPOWDER MENTOL,0,0,24,0,30,0,29,0,28,0,27,0,2026/05/10,,,,,,,,,,,,,,,6223004372971,FOOTPOWDER,0,,0,EVA COSMETICS,MANLOOK,MENTOL,,,25,0,0,,1,---,99999,,24,,,,,,,,,,,,-1,,,,,اسحق انور,,,,0,20,24,2024/04/15,,24,لا,30,29,28,27,0
364,EVA COSMETICS SMOKERS WITH CHARCOAL,0,0,36,0,50,0,47,0,43,0,40,0,2026/05/10,,,,,,,,,,,,,,,6223001387206,WITH CHARCOAL,0,,0,EVA COSMETICS,SMOKERS,,,,38٫89,0,0,,1,نواقص,99999,,36,,2024/07/27,,,,,,,,2024/07/27,,-1,,,,,اسحق انور,,,,0,28,36,2024/04/15,,36,لا,50,47,43,40,0
365,EVA COSMETICS SMOKERS WITH MISWAK,0,0,36,0,48,0,45,0,42,0,38,0,2026/05/10,,,,,,,,,,,,,,,6223001380634,WITH MISWAK,0,,0,EVA COSMETICS,SMOKERS,,,,33٫33,0,0,,1,نواقص,99999,,36,,2025/03/20,,,,,,,,2025/03/20,,-1,,,,,اسحق انور,,,,0,25,36,2024/04/15,,36,لا,48,45,42,38,0
11,إجمالي -   EVA COSMETICS,0,0,0,0,0,0,0,0,0,0,0,0,,0,0,0,0,0,0,0,0,0,0,0,0,0,0,,,0,0,0,,,,,,0,0,,,,,,,0,,,,,0,0,0,0,0,,,,,,,,,,,,,,0,,,0,,0,0,0,0,
,,,,,,,,,,,,,,,,,,,,,,,,,,,,,,,,,,,,,,,,,,,,,,,,,,,,,,,,,,,,,,,,,,,,,,,,,,,,,,,
,FASTER,,,,,,,,,,,,,,,,,,,,,,,,,,,,,,,,,FASTER,,,,,,,,,,,,,,,,,,,,,,,,,,,,,,,,,,,,,,,,,,,,,
366,FASTER BLACK GARLIC Black,0,0,110,0,160,0,145,0,135,0,130,0,2024/04/27,,,,,,,,,,,,,,,6224002702043,Black,0,,0,FASTER,BLACK GARLIC,,,,45٫45,0,0,,1,نواقص,99999,,110,,2024/04/27,,,,,,,,2024/04/27,,-1,,,,,اسحق انور,,,,0,31٫25,110,2024/04/15,,110,لا,160,145,135,130,0
367,FASTER BLACK GARLIC Red,0,0,110,0,160,0,145,0,140,0,130,0,2024/07/26,,,,,,,,,,,,,,,6224002702050,Red,0,,0,FASTER,BLACK GARLIC,,,,45٫45,0,0,,1,نواقص,99999,,110,,2024/07/26,,,,,,,,2024/07/26,,-1,,,,,اسحق انور,,,,0,31٫25,110,2024/04/15,,110,لا,160,145,140,130,0
368,FASTER BLACK GARLIC WHITE,0,0,110,0,160,0,145,0,135,0,130,0,2026/05/11,,,,,,,,,,,,,,,6224002702067,WHITE,0,,0,FASTER,BLACK GARLIC,,,,45٫45,0,0,,1,---,99999,,110,,,,,,,,,,,,-1,,,,,اسحق انور,,,,0,31٫25,110,2024/04/15,,110,لا,160,145,135,130,0
3,إجمالي -   FASTER,0,0,0,0,0,0,0,0,0,0,0,0,,0,0,0,0,0,0,0,0,0,0,0,0,0,0,,,0,0,0,,,,,,0,0,,,,,,,0,,,,,0,0,0,0,0,,,,,,,,,,,,,,0,,,0,,0,0,0,0,
,,,,,,,,,,,,,,,,,,,,,,,,,,,,,,,,,,,,,,,,,,,,,,,,,,,,,,,,,,,,,,,,,,,,,,,,,,,,,,,
,FLUORO,,,,,,,,,,,,,,,,,,,,,,,,,,,,,,,,,FLUORO,,,,,,,,,,,,,,,,,,,,,,,,,,,,,,,,,,,,,,,,,,,,,
369,FLUORO FLAVOR BLUEBERRY 50 GM,0,0,22٫5,0,30,0,28,0,26,0,24,0,2026/05/11,,,,,,,,,,,,,,,6223001387640,50 GM,0,,0,FLUORO,FLAVOR BLUEBERRY,,,,33٫33,0,0,,1,نواقص,99999,,22٫5,,2024/06/14,,,,,,,,2024/06/14,,-1,,,,,اسحق انور,,,,0,25,22٫5,2024/04/15,,22٫5,لا,30,28,26,24,0
1,إجمالي -   FLUORO,0,0,0,0,0,0,0,0,0,0,0,0,,0,0,0,0,0,0,0,0,0,0,0,0,0,0,,,0,0,0,,,,,,0,0,,,,,,,0,,,,,0,0,0,0,0,,,,,,,,,,,,,,0,,,0,,0,0,0,0,
,,,,,,,,,,,,,,,,,,,,,,,,,,,,,,,,,,,,,,,,,,,,,,,,,,,,,,,,,,,,,,,,,,,,,,,,,,,,,,,
,FREEZE,,,,,,,,,,,,,,,,,,,,,,,,,,,,,,,,,FREEZE,,,,,,,,,,,,,,,,,,,,,,,,,,,,,,,,,,,,,,,,,,,,,
370,FREEZE معطر ارضيات 250 مللي,0,0,8٫02,0,12,0,11,0,10,0,9,0,2026/05/11,,,,,,,,,,,,,,,100001,250 مللي,0,,0,FREEZE,معطر ارضيات,,,,49٫61,0,0,,1,---,99999,,7٫92,,,,,,,,,,,,-1,,,,,عزت,,,,0,33٫16,7٫92,2023/12/15,,8٫02,لا,12,11,10,9,0
1,إجمالي -   FREEZE,0,0,0,0,0,0,0,0,0,0,0,0,,0,0,0,0,0,0,0,0,0,0,0,0,0,0,,,0,0,0,,,,,,0,0,,,,,,,0,,,,,0,0,0,0,0,,,,,,,,,,,,,,0,,,0,,0,0,0,0,
,,,,,,,,,,,,,,,,,,,,,,,,,,,,,,,,,,,,,,,,,,,,,,,,,,,,,,,,,,,,,,,,,,,,,,,,,,,,,,,
,Fuchs,,,,,,,,,,,,,,,,,,,,,,,,,,,,,,,,,Fuchs,,,,,,,,,,,,,,,,,,,,,,,,,,,,,,,,,,,,,,,,,,,,,
371,Fuchs Soft كبار,0,0,5,0,12,0,10,0,8,0,7,0,2024/02/13,,,,,,,,,,,,,,,6223002533404,كبار,0,,0,Fuchs,Soft,,,,140,0,0,,1,نواقص,99999,,5,,2024/02/13,,,,,,,,2024/02/13,,-1,,,,,كيرمينا,,,,0,58٫33,5,2023/04/14,,5,لا,12,10,8,7,0
1,إجمالي -   Fuchs,0,0,0,0,0,0,0,0,0,0,0,0,,0,0,0,0,0,0,0,0,0,0,0,0,0,0,,,0,0,0,,,,,,0,0,,,,,,,0,,,,,0,0,0,0,0,,,,,,,,,,,,,,0,,,0,,0,0,0,0,
,,,,,,,,,,,,,,,,,,,,,,,,,,,,,,,,,,,,,,,,,,,,,,,,,,,,,,,,,,,,,,,,,,,,,,,,,,,,,,,
,FUCHS,,,,,,,,,,,,,,,,,,,,,,,,,,,,,,,,,FUCHS,,,,,,,,,,,,,,,,,,,,,,,,,,,,,,,,,,,,,,,,,,,,,
372,FUCHS MACIC SOFT فرشه اسنان,0,0,5,0,8,0,7,0,6,0,5٫5,0,2023/12/11,,,,,,,,,,,,,,,6223002533770,فرشه اسنان,0,,0,FUCHS,MACIC SOFT,,,,60,0,0,,1,---,99999,,5,,,,,,,,,,,,-1,,,,,رصيد اول المده,,,,0,37٫5,5,2021/08/29,,5,لا,8,7,6,5٫5,0
373,FUCHS RUSSIA2018 HARD,0,0,7٫5,0,15,0,13,0,10,0,8٫5,0,2023/12/11,,,,,,,,,,,,,,,6223002530144,,0,,0,FUCHS,RUSSIA2018 HARD,,,,100,0,0,,1,---,99999,,7٫5,,,,,,,,,,2022/11/21,,-1,,,,,رصيد اول المده,,,,0,50,7٫5,2021/08/29,,7٫5,لا,15,13,10,8٫5,0
374,FUCHS فرشه اطفال SOFT FUNNY,0,0,7,0,13,0,10,0,10,0,8,0,2023/12/11,,,,,,,,,,,,,,,6223002533503,,0,,0,FUCHS,فرشه اطفال SOFT FUNNY,,,,85٫71,0,0,,1,---,99999,,7,,,,,,,,,,,,-1,,,,,رصيد اول المده,,,,0,46٫15,7,2021/08/29,,7,لا,13,10,10,8,0
3,إجمالي -   FUCHS,0,0,0,0,0,0,0,0,0,0,0,0,,0,0,0,0,0,0,0,0,0,0,0,0,0,0,,,0,0,0,,,,,,0,0,,,,,,,0,,,,,0,0,0,0,0,,,,,,,,,,,,,,0,,,0,,0,0,0,0,
,,,,,,,,,,,,,,,,,,,,,,,,,,,,,,,,,,,,,,,,,,,,,,,,,,,,,,,,,,,,,,,,,,,,,,,,,,,,,,,
,Garnier,,,,,,,,,,,,,,,,,,,,,,,,,,,,,,,,,Garnier,,,,,,,,,,,,,,,,,,,,,,,,,,,,,,,,,,,,,,,,,,,,,
375,Garnier CREAM VITAMIN C,0,0,40,0,80,0,70,0,60,0,50,0,2023/11/18,,,,,,,,,,,,,,,046001,VITAMIN C,0,,0,Garnier,CREAM,,,,100,0,0,,1,نواقص,99999,,40,,2023/11/19,,,,,,,,2023/11/18,,-1,,,,,مايكل ثروت / مايت سينما,,,,0,50,40,2023/08/10,,40,لا,80,70,60,50,0
376,Garnier سيرم فيتامين سي ص,0,0,40,0,80,0,70,0,60,0,50,0,2023/08/13,,,,,,,,,,,,,,,3610340661075,ص,0,,0,Garnier,سيرم فيتامين سي,,,,100,0,0,,1,نواقص,99999,,40,,2023/08/14,,,,,,,,2023/08/13,,-1,,,,,مايكل ثروت / مايت سينما,,,,0,50,40,2023/08/10,,40,لا,80,70,60,50,0
377,Garnier غسول 50 مل,0,0,40,0,80,0,70,0,60,0,50,0,2023/11/18,,,,,,,,,,,,,,,3061376204239,,0,,0,Garnier,غسول 50 مل,,,,100,0,0,,1,نواقص,99999,,40,,2023/11/19,,,,,,,,2023/11/18,,-1,,,,,مايكل ثروت / مايت سينما,,,,0,50,40,2023/08/10,,40,لا,80,70,60,50,0
378,Garnier غسول فيتامين سي 50 مل,0,0,30,0,60,0,55,0,40,0,45,0,2024/05/21,,,,,,,,,,,,,,,3061376204222,50 مل,0,,0,Garnier,غسول فيتامين سي,,,,100,0,0,,1,نواقص,99999,,30,,2024/05/21,,,,,,,,2024/05/21,,-1,,,,,مايكل ثروت / مايت سينما,,,,0,50,30,2023/08/10,,30,لا,60,55,40,45,0
379,Garnier غسول فيتامين سي 400مل,0,0,80,0,130,0,120,0,110,0,100,0,2023/11/26,,,,,,,,,,,,,,,3600542446198,400مل,0,,0,Garnier,غسول فيتامين سي,,,,62٫5,0,0,,1,نواقص,99999,,80,,2023/11/26,,,,,,,,2023/11/26,,-1,,,,,مايكل ثروت / مايت سينما,,,,0,38٫46,80,2023/08/10,,80,لا,130,120,110,100,0
380,Garnier غسول مقشر,0,0,30,0,60,0,55,0,50,0,45,0,2025/05/03,,,,,,,,,,,,,,,3610340656071,,0,,0,Garnier,غسول مقشر,,,,100,0,0,,1,نواقص,99999,,30,,2025/05/03,,,,,,,,2025/05/03,,-1,,,,,مايكل ثروت / مايت سينما,,,,0,50,30,2023/08/10,,30,لا,60,55,50,45,0
381,Garnier ميسيلار فيتامين سي,0,0,40,0,80,0,70,0,60,0,50,0,2024/05/01,,,,,,,,,,,,,,,3600542404235,,0,,0,Garnier,ميسيلار فيتامين سي,,,,100,0,0,,1,نواقص,99999,,40,,2024/05/01,,,,,,,,2024/05/01,,-1,,,,,مايكل ثروت / مايت سينما,,,,0,50,40,2023/08/10,,40,لا,80,70,60,50,0
7,إجمالي -   Garnier,0,0,0,0,0,0,0,0,0,0,0,0,,0,0,0,0,0,0,0,0,0,0,0,0,0,0,,,0,0,0,,,,,,0,0,,,,,,,0,,,,,0,0,0,0,0,,,,,,,,,,,,,,0,,,0,,0,0,0,0,
,,,,,,,,,,,,,,,,,,,,,,,,,,,,,,,,,,,,,,,,,,,,,,,,,,,,,,,,,,,,,,,,,,,,,,,,,,,,,,,
,GARNIER,,,,,,,,,,,,,,,,,,,,,,,,,,,,,,,,,GARNIER,,,,,,,,,,,,,,,,,,,,,,,,,,,,,,,,,,,,,,,,,,,,,
382,GARNIER ماء مسيلار بشره حساسه,0,0,74,0,90,0,85,0,93,0,78,0,2025/01/30,,,,,,,,,,,,,,,3600542081337,بشره حساسه,0,,0,GARNIER,ماء مسيلار,,,,21٫62,0,0,,1,نواقص,99999,,74,,2025/01/31,,,,,,,,2025/01/30,,-1,,,,,اسحق انور,,,,0,17٫78,74,2024/04/15,,74,لا,90,85,93,78,0
1,إجمالي -   GARNIER,0,0,0,0,0,0,0,0,0,0,0,0,,0,0,0,0,0,0,0,0,0,0,0,0,0,0,,,0,0,0,,,,,,0,0,,,,,,,0,,,,,0,0,0,0,0,,,,,,,,,,,,,,0,,,0,,0,0,0,0,
,,,,,,,,,,,,,,,,,,,,,,,,,,,,,,,,,,,,,,,,,,,,,,,,,,,,,,,,,,,,,,,,,,,,,,,,,,,,,,,
,GILLETTE,,,,,,,,,,,,,,,,,,,,,,,,,,,,,,,,,GILLETTE,,,,,,,,,,,,,,,,,,,,,,,,,,,,,,,,,,,,,,,,,,,,,
383,GILLETTE FUSION 5,0,0,257,0,337,0,310,0,290,0,275,0,2024/06/29,,,,,,,,,,,,,,,7702018918041,,0,,0,GILLETTE,FUSION 5,,,,31٫13,0,0,,1,---,99999,,257,,,,,,,,,,2024/06/29,,-1,,,,,اسحق انور,,,,0,23٫74,257,2024/04/15,,257,لا,337,310,290,275,0
1,إجمالي -   GILLETTE,0,0,0,0,0,0,0,0,0,0,0,0,,0,0,0,0,0,0,0,0,0,0,0,0,0,0,,,0,0,0,,,,,,0,0,,,,,,,0,,,,,0,0,0,0,0,,,,,,,,,,,,,,0,,,0,,0,0,0,0,
,,,,,,,,,,,,,,,,,,,,,,,,,,,,,,,,,,,,,,,,,,,,,,,,,,,,,,,,,,,,,,,,,,,,,,,,,,,,,,,
,GLYSOLID,,,,,,,,,,,,,,,,,,,,,,,,,,,,,,,,,GLYSOLID,,,,,,,,,,,,,,,,,,,,,,,,,,,,,,,,,,,,,,,,,,,,,
384,GLYSOLID BODY LOTION 200ML CLASSIC,0,0,49,0,70,0,65,0,60,0,55,0,2025/02/28,,,,,,,,,,,,,,,6223002052424,200ML,0,,0,GLYSOLID,BODY LOTION,CLASSIC,,,42٫86,0,0,,1,نواقص,99999,,49,,2025/01/29,,,,,,,,2025/02/28,,-1,,,,,اسحق انور,,,,0,30,49,2024/04/15,,49,لا,70,65,60,55,0
385,GLYSOLID BODY LOTION 200ML SENSITIVE,0,0,49,0,70,0,65,0,60,0,55,0,2025/03/02,,,,,,,,,,,,,,,6223004682131,200ML,0,,0,GLYSOLID,BODY LOTION,SENSITIVE,,,42٫86,0,0,,1,نواقص,99999,,49,,2024/05/10,,,,,,,,2025/03/02,,-1,,,,,اسحق انور,,,,0,30,49,2024/04/15,,49,لا,70,65,60,55,0
386,GLYSOLID BODY LOTION 400 ML,0,0,80,0,120,0,115,0,110,0,100,0,2025/01/30,,,,,,,,,,,,,,,6223004688065,400 ML,0,,0,GLYSOLID,BODY LOTION,,,,50,0,0,,1,نواقص,99999,,80,,2025/01/31,,,,,,,,2025/01/30,,-1,,,,,اسحق انور,,,,0,33٫33,80,2024/04/15,,80,لا,120,115,110,100,0
3,إجمالي -   GLYSOLID,0,0,0,0,0,0,0,0,0,0,0,0,,0,0,0,0,0,0,0,0,0,0,0,0,0,0,,,0,0,0,,,,,,0,0,,,,,,,0,,,,,0,0,0,0,0,,,,,,,,,,,,,,0,,,0,,0,0,0,0,
,,,,,,,,,,,,,,,,,,,,,,,,,,,,,,,,,,,,,,,,,,,,,,,,,,,,,,,,,,,,,,,,,,,,,,,,,,,,,,,
,Hairdo,,,,,,,,,,,,,,,,,,,,,,,,,,,,,,,,,Hairdo,,,,,,,,,,,,,,,,,,,,,,,,,,,,,,,,,,,,,,,,,,,,,
387,Hairdo Wax 120,0,0,0,0,20,0,18,0,15,0,13,0,,,,,,,,,,,,,,,,015001,,0,,0,Hairdo,Wax 120,,,,,0,0,منتجات العنايه الشخصيه,1,نواقص,99999,,0,,2021/07/14,,,,,,,,,,-12,2021/10/01,25,#WAX ,"منتجات ,العنايه ,الشخصيه,HAIRDO,WAX ,#HAIRDO,واكس,هيردو,",,,,,0,,0,,WAX 120,0,لا,20,18,15,13,0
388,Hairdo Wax With Argan Oil 120ml,0,0,11,0,20,0,18,0,15,0,13,0,2022/04/04,,,,,,,,,,,,,,,6222019602981,120ml,0,,0,Hairdo,Wax With Argan Oil,,,,81٫82,0,0,منتجات العنايه الشخصيه,1,---,99999,\us\134\pid\667\f132557851756587660019.png,11,,,,,,,,,,2022/04/04,,0,,20,#THEVISIONCOSMETICS ,"HAIR,DO,ARGAN,OIL,WAX,هيردو,يلمع,يغذي,يرطب",رصيد اول المده,,,,0,45,11,2021/08/26,WAX WITH ARGAN OIL 120 ML,11,لا,20,18,15,13,3
389,Hairdo Wax With Shea Butter 120ml,0,0,11,0,20,0,18,0,15,0,13,0,2022/11/16,,,,,,,,,,,,,,,6222019602998,120ml,0,,0,Hairdo,Wax With Shea Butter,,,,81٫82,0,0,منتجات العنايه الشخصيه,1,---,99999,\us\134\pid\668\f132558683372469832059.png,11,,,,,,,,,,2022/05/02,,1,,20,#THEVISIONCOSMETICS ,"HAIR,DO,ARGAN,OIL,WAX,هيردو,يلمع,يغذي,يرطب",رصيد اول المده,,,,0,45,11,2021/08/26,WAX WITH SHEA BUTTER,11,لا,20,18,15,13,3
390,Hairdo Wax With Vitamins 120ml,0,0,11,0,20,0,18,0,15,0,13,0,2022/08/19,,,,,,,,,,,,,,,6222019602967,120ml,0,,0,Hairdo,Wax With Vitamins,,,,81٫82,0,0,منتجات العنايه الشخصيه,1,---,99999,\us\134\pid\666\f132558674974157874056.png,11,,,,,,,,,,2022/01/02,,-2,2021/02/28,20,#THEVISIONCOSMETICS ,"HAIR,DO,ARGAN,OIL,WAX,هيردو,يلمع,يغذي,يرطب",رصيد اول المده,,,,0,45,11,2021/08/26,WAX WITH VITAMINS,11,لا,20,18,15,13,3
4,إجمالي -   Hairdo,0,0,0,0,0,0,0,0,0,0,0,0,,0,0,0,0,0,0,0,0,0,0,0,0,0,0,,,0,0,0,,,,,,0,0,,,,,,,0,,,,,0,0,0,0,0,,,,,,,,,,,,,,0,,,0,,0,0,0,0,
,,,,,,,,,,,,,,,,,,,,,,,,,,,,,,,,,,,,,,,,,,,,,,,,,,,,,,,,,,,,,,,,,,,,,,,,,,,,,,,
,HEAD & SHOULDERS,,,,,,,,,,,,,,,,,,,,,,,,,,,,,,,,,HEAD & SHOULDERS,,,,,,,,,,,,,,,,,,,,,,,,,,,,,,,,,,,,,,,,,,,,,
391,HEAD & SHOULDERS MENTHOL REFRESH 200 ML,0,0,87,0,100,0,97,0,93,0,90,0,2026/05/11,,,,,,,,,,,,,,,5011321360259,200 ML,0,,0,HEAD & SHOULDERS,MENTHOL REFRESH,,,,14٫94,0,0,,1,نواقص,99999,,87,,2024/06/12,,,,,,,,2024/06/12,,-1,,,,,اسحق انور,,,,0,13,87,2024/04/15,,87,لا,100,97,93,90,0
392,HEAD & SHOULDERS SMOTH & SILKY 200 ML,0,0,87,0,100,0,97,0,93,0,90,0,2025/01/30,,,,,,,,,,,,,,,5011321359819,200 ML,0,,0,HEAD & SHOULDERS,SMOTH & SILKY,,,,14٫94,0,0,,1,نواقص,99999,,87,,2025/01/31,,,,,,,,2025/01/30,,-1,,,,,اسحق انور,,,,0,13,87,2024/04/15,,87,لا,100,97,93,90,0
2,إجمالي -   HEAD & SHOULDERS,0,0,0,0,0,0,0,0,0,0,0,0,,0,0,0,0,0,0,0,0,0,0,0,0,0,0,,,0,0,0,,,,,,0,0,,,,,,,0,,,,,0,0,0,0,0,,,,,,,,,,,,,,0,,,0,,0,0,0,0,
,,,,,,,,,,,,,,,,,,,,,,,,,,,,,,,,,,,,,,,,,,,,,,,,,,,,,,,,,,,,,,,,,,,,,,,,,,,,,,,
,Henkel,,,,,,,,,,,,,,,,,,,,,,,,,,,,,,,,,Henkel,,,,,,,,,,,,,,,,,,,,,,,,,,,,,,,,,,,,,,,,,,,,,
393,Henkel Fa كولونيا Lemon,0,0,25,0,50,0,45,0,40,0,38,0,2023/12/08,,,,,,,,,,,,,,,6281031251584,,0,,0,Henkel,Fa كولونيا Lemon,,,,100,0,0,,1,نواقص,99999,,25,,2023/12/09,,,,,,,,2023/12/08,,-1,,,,,مايكل ثروت / مايت سينما,,,,0,50,25,2023/08/10,,25,لا,50,45,40,38,0
394,Henkel PALETTE 4-88,0,0,30,0,40,0,38,0,37,0,36,0,2023/12/11,,,,,,,,,,,,,,,3838824239705,,0,,0,Henkel,PALETTE 4-88,,,,33٫33,0,0,منتجات العنايه الشخصيه,1,نواقص,99999,\us\134\pid\674\f132558810734604377067.png,30,,2022/06/16,,,,,,,,,,-2,2021/02/28,20,#COLOR ,"PALETTE,HENKEL,COLOR,صبغه,لون,تلوين,احمر غامق كثيف,88-4",رويال/ادره المخازن,,,,0,25,30,2022/02/09,PALETTE 4-88,30,لا,40,38,37,36,1
395,Henkel PALETTE 6-88,0,0,28,0,40,0,38,0,37,0,36,0,2023/12/11,,,,,,,,,,,,,,,3838824128221,,0,,0,Henkel,PALETTE 6-88,,,,42٫86,0,0,منتجات العنايه الشخصيه,1,نواقص,99999,\us\134\pid\671\f132558771689837524057.png,30,,2022/07/05,,,,,,,,2022/05/28,,2,,20,#COLOR ,"PALETTE,HENKEL,COLOR,صبغه,لون,تلوين,كستنائي متوهج,88-6",رويال/ادره المخازن,,,,0,30,30,2022/02/09,PALETTE 6-88,28,لا,40,38,37,36,1
396,Henkel PALETTE 7-0,0,0,27,0,35,0,33,0,32,0,30,0,2023/10/11,,,,,,,,,,,,,,,3838824127927,,0,,0,Henkel,PALETTE 7-0,,,,29٫63,0,0,منتجات العنايه الشخصيه,1,نواقص,99999,\us\134\pid\673\f132558790876503904062.png,27,,2022/06/16,,,,,,,,2023/05/19,,4,,,#COLOR ,"PALETTE,HENKEL,COLOR,صبغه,لون,تلوين,اشقر متوسط,0-7",رصيد اول المده,,,,0,22٫86,27,2021/08/03,PALETTE 7-0,27,لا,35,33,32,30,1
397,Henkel Perfect Wave,0,0,25,0,50,0,48,0,45,0,40,0,2023/11/14,,,,,,,,,,,,,,,6281031264140,,0,,0,Henkel,Perfect Wave,,,,100,0,0,,1,نواقص,99999,,25,,2023/11/14,,,,,,,,2023/11/14,,-1,,,,,مايكل ثروت / مايت سينما,,,,0,50,25,2023/08/10,,25,لا,50,48,45,40,0
398,Henkel فا رول اون,0,0,20,0,35,0,33,0,32,0,30,0,2023/08/19,,,,,,,,,,,,,,,8690572793695,,0,,0,Henkel,فا رول اون,,,,75,0,0,,1,نواقص,99999,,20,,2023/08/19,,,,,,,,2023/08/19,,-1,,,,,مايكل ثروت / مايت سينما,,,,0,42٫86,20,2023/08/10,,20,لا,35,33,32,30,0
6,إجمالي -   Henkel,0,0,0,0,0,0,0,0,0,0,0,0,,0,0,0,0,0,0,0,0,0,0,0,0,0,0,,,0,0,0,,,,,,0,0,,,,,,,0,,,,,0,0,0,0,0,,,,,,,,,,,,,,0,,,0,,0,0,0,0,
,,,,,,,,,,,,,,,,,,,,,,,,,,,,,,,,,,,,,,,,,,,,,,,,,,,,,,,,,,,,,,,,,,,,,,,,,,,,,,,
,Herba Vita,,,,,,,,,,,,,,,,,,,,,,,,,,,,,,,,,Herba Vita,,,,,,,,,,,,,,,,,,,,,,,,,,,,,,,,,,,,,,,,,,,,,
399,Herba Vita Balsm Argan Oil,0,0,0,0,28,0,26,0,25,0,21,0,,,,,,,,,,,,,,,,6222014508585,,0,,0,Herba Vita,Balsm Argan Oil,,,,,0,0,,1,نواقص,99999,,0,,2021/07/14,,,,,,,,,,-1,,,,,,,,,0,,0,,,0,لا,28,26,25,21,0
1,إجمالي -   Herba Vita,0,0,0,0,0,0,0,0,0,0,0,0,,0,0,0,0,0,0,0,0,0,0,0,0,0,0,,,0,0,0,,,,,,0,0,,,,,,,0,,,,,0,0,0,0,0,,,,,,,,,,,,,,0,,,0,,0,0,0,0,
,,,,,,,,,,,,,,,,,,,,,,,,,,,,,,,,,,,,,,,,,,,,,,,,,,,,,,,,,,,,,,,,,,,,,,,,,,,,,,,
,Herbsindia,,,,,,,,,,,,,,,,,,,,,,,,,,,,,,,,,Herbsindia,,,,,,,,,,,,,,,,,,,,,,,,,,,,,,,,,,,,,,,,,,,,,
400,Herbsindia AMLA & 7seeds 280 ML,0,0,80,0,110,0,100,0,95,0,90,0,2024/05/19,,,,,,,,,,,,,,,6223002230709,280 ML,0,,0,Herbsindia,AMLA & 7seeds,,,,37٫5,0,0,,1,نواقص,99999,,80,,2024/05/20,,,,,,,,2024/05/19,,-1,,,,,اسحق انور,,,,0,27٫27,80,2024/04/15,,80,لا,110,100,95,90,0
401,Herbsindia Castore & 7 Seed 280 Ml,0,0,75,0,110,0,100,0,95,0,90,0,2025/04/12,,,,,,,,,,,,,,,6223002230747,280 Ml,0,,0,Herbsindia,Castore & 7 Seed,,,,46٫67,0,0,,1,نواقص,486,,75,,2025/01/31,,,,,,,,2025/04/12,,-1,,,,,,,,,0,31٫82,75,2024/11/01,,75,لا,110,100,95,90,0
402,Herbsindia Clove & 7seeds 180 Ml,0,0,60,0,90,0,85,0,80,0,75,0,2024/07/25,,,,,,,,,,,,,,,6223002230792,180 Ml,0,,0,Herbsindia,Clove & 7seeds,,,,50,0,0,,1,نواقص,99999,,60,,2024/06/28,,,,,,,,2024/07/25,,-1,,,,,اسحق انور,,,,0,33٫33,60,2024/04/15,,60,لا,90,85,80,75,0
403,Herbsindia onion & 7seeds 180 Ml,0,0,60,0,90,0,85,0,80,0,75,0,2025/04/12,,,,,,,,,,,,,,,6223002230778,180 Ml,0,,0,Herbsindia,onion & 7seeds,,,,50,0,0,,1,نواقص,99999,,60,,2025/04/12,,,,,,,,2025/04/12,,-1,,,,,اسحق انور,,,,0,33٫33,60,2024/04/15,,60,لا,90,85,80,75,0
404,Herbsindia onion & 7seeds 280Ml,0,0,80,0,110,0,100,0,95,0,90,0,2025/03/20,,,,,,,,,,,,,,,6223002230761,280Ml,0,,0,Herbsindia,onion & 7seeds,,,,37٫5,0,0,,1,نواقص,99999,,80,,2025/03/20,,,,,,,,2025/03/20,,-1,,,,,اسحق انور,,,,0,27٫27,80,2024/04/15,,80,لا,110,100,95,90,0
405,Herbsindia Rosemary & 7seeds 180 Ml,0,0,60,0,90,0,85,0,80,0,75,0,2026/05/11,,,,,,,,,,,,,,,6223002230730,180 Ml,0,,0,Herbsindia,Rosemary & 7seeds,,,,50,0,0,,1,نواقص,99999,,60,,2024/05/01,,,,,,,,2024/05/01,,-1,,,,,اسحق انور,,,,0,33٫33,60,2024/04/15,,60,لا,90,85,80,75,0
406,Herbsindia Rosemary & 7seeds 280 Ml,0,0,80,0,110,0,100,0,95,0,90,0,2024/07/25,,,,,,,,,,,,,,,6223002230723,280 Ml,0,,0,Herbsindia,Rosemary & 7seeds,,,,37٫5,0,0,,1,---,99999,,80,,,,,,,,,,2024/07/25,,-1,,,,,اسحق انور,,,,0,27٫27,80,2024/04/15,,80,لا,110,100,95,90,0
7,إجمالي -   Herbsindia,0,0,0,0,0,0,0,0,0,0,0,0,,0,0,0,0,0,0,0,0,0,0,0,0,0,0,,,0,0,0,,,,,,0,0,,,,,,,0,,,,,0,0,0,0,0,,,,,,,,,,,,,,0,,,0,,0,0,0,0,
,,,,,,,,,,,,,,,,,,,,,,,,,,,,,,,,,,,,,,,,,,,,,,,,,,,,,,,,,,,,,,,,,,,,,,,,,,,,,,,
,Hiet Fresh,,,,,,,,,,,,,,,,,,,,,,,,,,,,,,,,,Hiet Fresh,,,,,,,,,,,,,,,,,,,,,,,,,,,,,,,,,,,,,,,,,,,,,
407,Hiet Fresh Cotton Swaba 100,0,0,3٫96,0,6,0,5,0,5,0,4٫25,0,2024/04/20,,,,,,,,,,,,,,,6224009890378,100,0,,0,Hiet Fresh,Cotton Swaba,,,,51٫48,0,0,,1,نواقص,99999,,4٫17,,2022/06/16,,,,,,,,2021/11/29,,-1,,,,,الفا ميديكال,,,,0,33٫99,3٫96,2021/09/02,,3٫96,لا,6,5,5,4٫25,0
408,Hiet Fresh Remover Wipes 200,0,0,5٫55,0,10,0,7٫5,0,7٫5,0,6٫25,0,2023/12/11,,,,,,,,,,,,,,,6224009890385,200,0,,0,Hiet Fresh,Remover Wipes,,,,80٫33,0,0,,1,نواقص,99999,,5٫83,,2022/06/16,,,,,,,,2022/10/01,,-1,,,,,الفا ميديكال,,,,0,44٫55,5٫55,2021/09/02,,5٫55,لا,10,7٫5,7٫5,6٫25,0
409,Hiet Fresh Remover Wipes Apple 15 Pcs,0,0,1٫98,0,3,0,2٫5,0,2٫5,0,2٫1,0,2022/08/19,,,,,,,,,,,,,,,6224009890422,Apple,0,,0,Hiet Fresh,Remover Wipes,15 Pcs,,,51٫48,0,0,,1,---,99999,,2٫08,,,,,,,,,,2022/06/08,,-1,,,,,الفا ميديكال,,,,0,33٫99,1٫98,2021/09/02,,1٫98,لا,3,2٫5,2٫5,2٫1,0
410,Hiet Fresh Remover Wipes Apple 40 Pcs,0,0,5٫54,0,10,0,7٫5,0,6٫94,0,6٫68,0,2023/12/11,,,,,,,,,,,,,,,6224009890507,Apple,0,,0,Hiet Fresh,Remover Wipes,40 Pcs,,,80٫38,0,0,,1,نواقص,99999,,5٫56,,2023/10/12,,,,,,,,2023/05/10,,-1,,,,,شركه Hiet Fresh,,,,0,44٫56,5٫55,2022/09/02,,5٫54,لا,10,7٫5,6٫94,6٫68,0
411,Hiet Fresh Remover Wipes Baby 40 Pcs,0,0,5٫55,0,10,0,8٫5,0,6٫94,0,6٫68,0,2023/12/11,,,,,,,,,,,,,,,6224009890248,Baby,0,,0,Hiet Fresh,Remover Wipes,40 Pcs,,,80٫26,0,0,,1,نواقص,99999,,5٫56,,2022/06/16,,,,,,,,2023/05/10,,-1,,,,,شركه Hiet Fresh,,,,0,44٫53,5٫55,2022/09/02,,5٫55,لا,10,8٫5,6٫94,6٫68,0
412,Hiet Fresh Remover Wipes Baby 72 Wipes,0,0,7٫61,0,12,0,10,0,10,0,8٫5,0,2023/12/11,,,,,,,,,,,,,,,,Baby,0,,0,Hiet Fresh,Remover Wipes,72 Wipes,,,57٫79,0,0,,1,نواقص,99999,,8,,2023/10/12,,,,,,,,2022/05/23,,-1,,,,,الفا ميديكال,,,,0,36٫63,7٫61,2021/09/02,,7٫61,لا,12,10,10,8٫5,0
413,Hiet Fresh Remover Wipes Baby 120pcs,0,0,11٫05,0,20,0,18,0,15,0,14٫42,0,2023/05/16,,,,,,,,,,,,,,,6224009890163,Baby,0,,0,Hiet Fresh,Remover Wipes,120pcs,,,81٫07,0,0,,1,نواقص,99999,,13٫61,,2022/08/29,,,,,,,,2023/05/16,,-1,,,,,شركه Hiet Fresh,,,,0,44٫77,13٫6,2022/09/02,,11٫05,لا,20,18,15,14٫42,0
414,Hiet Fresh Remover Wipes Baby Blue 72 Wipes,0,0,8٫74,0,15,0,12,0,9٫58,0,9٫21,0,2023/05/10,,,,,,,,,,,,,,,6224009890194,Baby Blue,0,,0,Hiet Fresh,Remover Wipes,72 Wipes,,,71٫6,0,0,,1,نواقص,99999,,8٫75,,2022/08/15,,,,,,,,2023/05/10,,-1,,,,,شركه Hiet Fresh,,,,0,41٫73,8٫75,2022/09/02,,8٫74,لا,15,12,9٫58,9٫21,0
415,Hiet Fresh Remover Wipes Car 40pcs,0,0,8٫33,0,15,0,12,0,10,0,9٫62,0,2022/10/15,,,,,,,,,,,,,,,6224009890255,Car,0,,0,Hiet Fresh,Remover Wipes,40pcs,,,80٫09,0,0,,1,---,99999,,8٫33,,,,,,,,,,,,-1,,,,,شركه Hiet Fresh,,,,0,44٫47,8٫33,2022/09/02,,8٫33,لا,15,12,10,9٫62,0
416,Hiet Fresh Remover Wipes Lemon 15 Pcs,0,0,1٫98,0,3,0,2٫5,0,2٫5,0,2٫1,0,2022/08/19,,,,,,,,,,,,,,,6224009890408,Lemon,0,,0,Hiet Fresh,Remover Wipes,15 Pcs,,,51٫48,0,0,,1,---,99999,,2٫08,,,,,,,,,,2022/06/18,,-1,,,,,الفا ميديكال,,,,0,33٫99,1٫98,2021/09/02,,1٫98,لا,3,2٫5,2٫5,2٫1,0
417,Hiet Fresh Remover Wipes Lemon 40 Pcs,0,0,5٫54,0,10,0,8٫5,0,6٫94,0,6٫68,0,2023/12/11,,,,,,,,,,,,,,,6224009890231,Lemon,0,,0,Hiet Fresh,Remover Wipes,40 Pcs,,,80٫38,0,0,,1,نواقص,99999,,5٫56,,2022/06/16,,,,,,,,2023/05/10,,-1,,,,,شركه Hiet Fresh,,,,0,44٫56,5٫55,2022/09/02,,5٫54,لا,10,8٫5,6٫94,6٫68,0
418,Hiet Fresh Remover Wipes Lemon 72 Wipes,0,0,8٫71,0,15,0,12,0,9٫85,0,9٫21,0,2023/12/11,,,,,,,,,,,,,,,6224009890217,Lemon,0,,0,Hiet Fresh,Remover Wipes,72 Wipes,,,72٫18,0,0,,1,نواقص,99999,,8٫75,,2022/10/04,,,,,,,,2023/05/10,,-1,,,,,شركه Hiet Fresh,,,,0,41٫92,8٫75,2022/09/02,,8٫71,لا,15,12,9٫85,9٫21,0
419,Hiet Fresh Remover Wipes Lemon 120pcs,0,0,11٫62,0,20,0,17٫5,0,15,0,14٫42,0,2023/12/11,,,,,,,,,,,,,,,6224009890187,Lemon,0,,0,Hiet Fresh,Remover Wipes,120pcs,,,72٫09,0,0,,1,نواقص,99999,,13٫61,,2023/10/12,,,,,,,,2023/06/05,,-1,,,,,شركه Hiet Fresh,,,,0,41٫89,13٫6,2022/09/02,,11٫62,لا,20,17٫5,15,14٫42,0
420,Hiet Fresh Remover Wipes Rose 40 Pcs,0,0,5٫55,0,10,0,8٫5,0,6٫94,0,6٫68,0,2023/12/11,,,,,,,,,,,,,,,6224009890224,Rose,0,,0,Hiet Fresh,Remover Wipes,40 Pcs,,,80٫22,0,0,,1,نواقص,99999,,5٫56,,2022/06/16,,,,,,,,2023/03/08,,-1,,,,,شركه Hiet Fresh,,,,0,44٫51,5٫55,2022/09/02,,5٫55,لا,10,8٫5,6٫94,6٫68,0
421,Hiet Fresh Remover Wipes Rose 72pcs,0,0,8٫74,0,15,0,12,0,9٫58,0,9٫21,0,2023/05/10,,,,,,,,,,,,,,,6224009890200,Rose,0,,0,Hiet Fresh,Remover Wipes,72pcs,,,71٫6,0,0,,1,---,99999,,8٫75,,,,,,,,,,2023/05/10,,-1,,,,,شركه Hiet Fresh,,,,0,41٫73,8٫75,2022/09/02,,8٫74,لا,15,12,9٫58,9٫21,0
422,Hiet Fresh Remover Wipes Rose 120pcs,0,0,11٫51,0,20,0,17٫5,0,15,0,14٫42,0,2023/05/10,,,,,,,,,,,,,,,6224009890170,Rose,0,,0,Hiet Fresh,Remover Wipes,120pcs,,,73٫75,0,0,,1,نواقص,99999,,13٫61,,2023/01/02,,,,,,,,2023/01/02,,-1,,,,,شركه Hiet Fresh,,,,0,42٫45,13٫6,2022/09/02,,11٫51,لا,20,17٫5,15,14٫42,0
423,Hiet Fresh Remover Wipes مشكل 15pcs,0,0,84٫35,0,108,0,105,0,100,0,96٫15,0,2023/12/11,,,,,,,,,,,,,,,6224009890637,مشكل,0,,0,Hiet Fresh,Remover Wipes,15pcs,,,28٫04,0,0,,1,نواقص,99999,,85,,2023/10/12,,,,,,,,2022/09/06,,-1,,,,,شركه Hiet Fresh,,,,0,21٫9,84٫96,2022/09/02,,84٫35,لا,108,105,100,96٫15,0
17,إجمالي -   Hiet Fresh,0,0,0,0,0,0,0,0,0,0,0,0,,0,0,0,0,0,0,0,0,0,0,0,0,0,0,,,0,0,0,,,,,,0,0,,,,,,,0,,,,,0,0,0,0,0,,,,,,,,,,,,,,0,,,0,,0,0,0,0,
,,,,,,,,,,,,,,,,,,,,,,,,,,,,,,,,,,,,,,,,,,,,,,,,,,,,,,,,,,,,,,,,,,,,,,,,,,,,,,,
,Himalaya,,,,,,,,,,,,,,,,,,,,,,,,,,,,,,,,,Himalaya,,,,,,,,,,,,,,,,,,,,,,,,,,,,,,,,,,,,,,,,,,,,,
424,Himalaya عرض غسول وصابونه,0,0,0,0,23,0,21,0,20,0,18,0,,,,,,,,,,,,,,,,6624000133182,,0,,0,Himalaya,عرض غسول وصابونه,,,,,0,0,,1,نواقص,99999,,0,,2021/07/14,,,,,,,,,,-1,,,,,,,,,0,,0,,,0,لا,23,21,20,18,0
425,Himalaya غسول 100مل,0,0,0,0,40,0,38,0,35,0,30,0,,,,,,,,,,,,,,,,8901138512002,,0,,0,Himalaya,غسول 100مل,,,,,0,0,,1,نواقص,99999,,0,,2021/07/14,,,,,,,,,,-1,,,,,,,,,0,,0,,,0,لا,40,38,35,30,0
426,Himalaya غسول 50 مل,0,0,0,0,23,0,22,0,21,0,20,0,,,,,,,,,,,,,,,,8901138822286,,0,,0,Himalaya,غسول 50 مل,,,,,0,0,,1,نواقص,99999,,0,,2021/07/14,,,,,,,,,,-1,,,,,,,,,0,,0,,,0,لا,23,22,21,20,0
3,إجمالي -   Himalaya,0,0,0,0,0,0,0,0,0,0,0,0,,0,0,0,0,0,0,0,0,0,0,0,0,0,0,,,0,0,0,,,,,,0,0,,,,,,,0,,,,,0,0,0,0,0,,,,,,,,,,,,,,0,,,0,,0,0,0,0,
,,,,,,,,,,,,,,,,,,,,,,,,,,,,,,,,,,,,,,,,,,,,,,,,,,,,,,,,,,,,,,,,,,,,,,,,,,,,,,,
,Johnson,,,,,,,,,,,,,,,,,,,,,,,,,,,,,,,,,Johnson,,,,,,,,,,,,,,,,,,,,,,,,,,,,,,,,,,,,,,,,,,,,,
427,Johnson Baby Shampo 100 Ml,0,0,0,0,18,0,17,0,15,0,12,0,,,,,,,,,,,,,,,,6223000650103,,0,,0,Johnson,Baby Shampo 100 Ml,,,,,0,0,,1,نواقص,99999,,0,,2021/07/14,,,,,,,,,,-1,,,,,,,,,0,,0,,,0,لا,18,17,15,12,0
428,Johnson Baby Shampo 200 Ml,0,0,0,0,30,0,28,0,25,0,23,0,,,,,,,,,,,,,,,,6223000650110,,0,,0,Johnson,Baby Shampo 200 Ml,,,,,0,0,,1,نواقص,99999,,0,,2021/07/14,,,,,,,,,,-1,,,,,,,,,0,,0,,,0,لا,30,28,25,23,0
429,Johnson Baby Shampo 500 Ml,0,0,0,0,60,0,55,0,50,0,45,0,,,,,,,,,,,,,,,,6223000650127,,0,,0,Johnson,Baby Shampo 500 Ml,,,,,0,0,,1,نواقص,99999,,0,,2021/07/14,,,,,,,,,,-1,,,,,,,,,0,,0,,,0,لا,60,55,50,45,0
430,Johnson Body lotion,0,0,0,0,50,0,48,0,45,0,42٫5,0,,,,,,,,,,,,,,,,3574661094014,,0,,0,Johnson,Body lotion,,,,,0,0,,1,نواقص,99999,,0,,2021/07/14,,20,,,,,,,,-1,,,,,,,,,0,,0,,,0,لا,50,48,45,42٫5,0
431,Johnson OIL SLEEP TIME,0,0,30,0,70,0,60,0,50,0,40,0,2023/11/28,,,,,,,,,,,,,,,6223000654736,SLEEP TIME,0,,0,Johnson,OIL,,,,133٫33,0,0,,1,نواقص,99999,,30,,2023/11/28,,,,,,,,2023/11/28,,-1,,,,,مايكل ثروت / مايت سينما,,,,0,57٫14,30,2023/08/10,,30,لا,70,60,50,40,0
432,Johnson بلسم جونسون 100مل,0,0,0,0,16,0,15,0,14,0,13,0,,,,,,,,,,,,,,,,6223000650165,,0,,0,Johnson,بلسم جونسون 100مل,,,,,0,0,,1,نواقص,99999,,0,,2021/07/14,,,,,,,,,,-1,,,,,,,,,0,,0,,,0,لا,16,15,14,13,0
433,Johnson شامبو 750,0,0,50,0,100,0,90,0,80,0,70,0,2022/04/15,,,,,,,,,,,,,,,6223000659304,,0,,0,Johnson,شامبو 750,,,,100,0,0,,1,---,99999,,50,,,,,,,,,,2022/04/15,,-1,,,,,رويال/ادره المخازن,,,,0,50,50,2022/04/15,,50,لا,100,90,80,70,0
434,Johnson عرض شامبو750مل ×بلسم300مل,0,0,70,0,110,0,100,0,95,0,85,0,2022/05/03,,,,,,,,,,,,,,,6223000656945,,0,,0,Johnson,عرض شامبو750مل ×بلسم300مل,,,,57٫14,0,0,,1,نواقص,99999,,70,,2022/05/04,,,,,,,,2022/05/03,,-1,,,,,رويال / اداره المخازن الاقصر,,,,0,36٫36,70,2021/10/20,,70,لا,110,100,95,85,0
435,Johnson عرض شامبو750مل ×زيت200مل,0,0,0,0,110,0,100,0,95,0,85,0,,,,,,,,,,,,,,,,6223000657010,,0,,0,Johnson,عرض شامبو750مل ×زيت200مل,,,,,0,0,,1,نواقص,99999,,0,,2021/07/14,,,,,,,,,,-1,,,,,,,,,0,,0,,,0,لا,110,100,95,85,0
436,Johnson كريم بشره بالصبار والخيار 100gm,0,0,0,0,17,0,16,0,15,0,14,0,,,,,,,,,,,,,,,,6223000656754,100gm,0,,0,Johnson,كريم بشره بالصبار والخيار,,,,,0,0,,1,نواقص,99999,,0,,2021/07/14,,,,,,,,,,-1,,,,,,,,,0,,0,,,0,لا,17,16,15,14,0
437,Johnson كريم بشره بالعسل للبشره العاديه,0,0,18,0,25,0,23,0,22,0,20,0,2023/12/11,,,,,,,,,,,,,,,6223000656747,,0,,0,Johnson,كريم بشره بالعسل للبشره العاديه,,,,38٫89,0,0,,1,نواقص,99999,,18,,2022/05/12,,,,,,,,2022/05/10,,-1,,,,,رويال/ادره المخازن,,,,0,28,18,2022/02/09,,18,لا,25,23,22,20,0
438,Johnson كريم بشره بالعسل للبشره العاديه 100gm,0,0,12,0,17,0,16,0,15,0,14,0,2022/02/16,,,,,,,,,,,,,,,6223000656730,100gm,0,,0,Johnson,كريم بشره بالعسل للبشره العاديه,,,,41٫67,0,0,,1,نواقص,99999,,12,,2022/02/16,,,,,,,,2022/02/16,,-1,,,,,رويال / اداره المخازن الاقصر,,,,0,29٫41,12,2021/11/24,,12,لا,17,16,15,14,0
439,Johnson كريم بشره لجميع انواع البشره 170 Gm,0,0,20,0,35,0,32,0,30,0,28,0,2023/09/11,,,,,,,,,,,,,,,6223000656686   6223000656723,170 Gm,0,,0,Johnson,كريم بشره لجميع انواع البشره,,,,75,0,0,,1,نواقص,99999,,20,,2023/09/11,,,,,,,,2023/09/11,,-1,,,,,مايكل ثروت / مايت سينما,,,,0,42٫86,20,2023/08/10,,20,لا,35,32,30,28,0
440,Johnson كريم بشره لجميع انواع البشره Gm100,0,0,12,0,17,0,16,0,15,0,14,0,2023/12/11,,,,,,,,,,,,,,,6223000656679,Gm100,0,,0,Johnson,كريم بشره لجميع انواع البشره,,,,41٫67,0,0,,1,نواقص,99999,,12,,2022/06/16,,,,,,,,2021/11/28,,-1,,,,,رويال / اداره المخازن الاقصر,,,,0,29٫41,12,2021/11/24,,12,لا,17,16,15,14,0
14,إجمالي -   Johnson,0,0,0,0,0,0,0,0,0,0,0,0,,0,0,0,0,0,0,0,0,0,0,0,0,0,0,,,0,0,0,,,,,,0,0,,,,,,,0,,,,,0,0,0,0,0,,,,,,,,,,,,,,0,,,0,,0,0,0,0,
,,,,,,,,,,,,,,,,,,,,,,,,,,,,,,,,,,,,,,,,,,,,,,,,,,,,,,,,,,,,,,,,,,,,,,,,,,,,,,,
,JOHNSON'S,,,,,,,,,,,,,,,,,,,,,,,,,,,,,,,,,JOHNSON'S,,,,,,,,,,,,,,,,,,,,,,,,,,,,,,,,,,,,,,,,,,,,,
441,JOHNSON'S جل غسول موازن للبشره,0,0,120,0,150,0,145,0,140,0,130,0,2026/05/11,,,,,,,,,,,,,,,6223000657348,,0,,0,JOHNSON'S,جل غسول موازن للبشره,,,,25,0,0,,1,نواقص,99999,,120,,2025/01/29,,,,,,,,2025/02/05,,-1,,,,,اسحق انور,,,,0,20,120,2024/04/15,,120,لا,150,145,140,130,0
1,إجمالي -   JOHNSON'S,0,0,0,0,0,0,0,0,0,0,0,0,,0,0,0,0,0,0,0,0,0,0,0,0,0,0,,,0,0,0,,,,,,0,0,,,,,,,0,,,,,0,0,0,0,0,,,,,,,,,,,,,,0,,,0,,0,0,0,0,
,,,,,,,,,,,,,,,,,,,,,,,,,,,,,,,,,,,,,,,,,,,,,,,,,,,,,,,,,,,,,,,,,,,,,,,,,,,,,,,
,Keratinol,,,,,,,,,,,,,,,,,,,,,,,,,,,,,,,,,Keratinol,,,,,,,,,,,,,,,,,,,,,,,,,,,,,,,,,,,,,,,,,,,,,
442,Keratinol Green Tea For Greasy Hair,0,0,0,0,45,0,42,0,40,0,35,0,,,,,,,,,,,,,,,,059338122830,,0,,0,Keratinol,Green Tea For Greasy Hair,,,,,0,0,,1,نواقص,99999,,0,,2021/07/14,,,,,,,,,,-1,,,,,,,,,0,,0,,,0,لا,45,42,40,35,0
443,Keratinol Milk For All Hair Tybes Conditioner,0,0,0,0,45,0,42,0,40,0,35,0,,,,,,,,,,,,,,,,059338122885,,0,,0,Keratinol,Milk For All Hair Tybes Conditioner,,,,,0,0,,1,نواقص,99999,,0,,2021/07/14,,,,,,,,,,-1,,,,,,,,,0,,0,,,0,لا,45,42,40,35,0
444,Keratinol Shampo With Collagen,0,0,0,0,45,0,42,0,40,0,35,0,,,,,,,,,,,,,,,,059338122878,,0,,0,Keratinol,Shampo With Collagen,,,,,0,0,,1,نواقص,99999,,0,,2021/07/14,,,,,,,,,,-1,,,,,,,,,0,,0,,,0,لا,45,42,40,35,0
3,إجمالي -   Keratinol,0,0,0,0,0,0,0,0,0,0,0,0,,0,0,0,0,0,0,0,0,0,0,0,0,0,0,,,0,0,0,,,,,,0,0,,,,,,,0,,,,,0,0,0,0,0,,,,,,,,,,,,,,0,,,0,,0,0,0,0,
,,,,,,,,,,,,,,,,,,,,,,,,,,,,,,,,,,,,,,,,,,,,,,,,,,,,,,,,,,,,,,,,,,,,,,,,,,,,,,,
,KOLESTONE,,,,,,,,,,,,,,,,,,,,,,,,,,,,,,,,,KOLESTONE,,,,,,,,,,,,,,,,,,,,,,,,,,,,,,,,,,,,,,,,,,,,,
445,KOLESTONE 302/0,0,0,41,0,70,0,65,0,60,0,45,0,2023/12/11,,,,,,,,,,,,,,,4056800867806,,0,,0,KOLESTONE,302/0,,,,70٫73,0,0,,1,نواقص,99999,,41,,2023/10/12,,,,,,,,2022/11/03,,-1,,,,,استاذ / جميل ساويروس,,,,0,41٫43,41,2022/09/05,,41,لا,70,65,60,45,0
446,KOLESTONE 303/0,0,0,41,0,70,0,65,0,60,0,45,0,2023/03/14,,,,,,,,,,,,,,,4056800867882,,0,,0,KOLESTONE,303/0,,,,70٫73,0,0,,1,نواقص,99999,,41,,2022/11/09,,,,,,,,2023/03/14,,-1,,,,,استاذ / جميل ساويروس,,,,0,41٫43,41,2022/09/05,,41,لا,70,65,60,45,0
2,إجمالي -   KOLESTONE,0,0,0,0,0,0,0,0,0,0,0,0,,0,0,0,0,0,0,0,0,0,0,0,0,0,0,,,0,0,0,,,,,,0,0,,,,,,,0,,,,,0,0,0,0,0,,,,,,,,,,,,,,0,,,0,,0,0,0,0,
,,,,,,,,,,,,,,,,,,,,,,,,,,,,,,,,,,,,,,,,,,,,,,,,,,,,,,,,,,,,,,,,,,,,,,,,,,,,,,,
,"L""oreal",,,,,,,,,,,,,,,,,,,,,,,,,,,,,,,,,"L""oreal",,,,,,,,,,,,,,,,,,,,,,,,,,,,,,,,,,,,,,,,,,,,,
447,"L""oreal Arginine Resist X3 Shampoo",0,0,0,0,30,0,29,0,28,0,26,0,,,,,,,,,,,,,,,,6222017038508,,0,,0,"L""oreal",Arginine Resist X3 Shampoo,,,,,0,0,,1,نواقص,99999,,0,,2021/07/14,,,,,,,,,,-1,,,,,,,,,0,,0,,,0,لا,30,29,28,26,0
448,"L""oreal Extraordinary 100 Ml",0,0,250,0,400,0,375,0,350,0,325,0,2024/12/19,,,,,,,,,,,,,,,3600522263685,100 Ml,0,,0,"L""oreal",Extraordinary,,,,60,0,0,,1,نواقص,99999,,250,,2024/12/19,,,,,,,,2024/12/19,,-1,,,,,مايكل ثروت / مايت سينما,,,,0,37٫5,250,2023/08/10,,250,لا,400,375,350,325,0
449,"L""oreal Hyaluron Expert Gel Wash",0,0,230,0,290,0,280,0,270,0,265,0,2025/01/30,,,,,,,,,,,,,,,3600523959716,Gel Wash,0,,0,"L""oreal",Hyaluron Expert,,,,26٫09,0,0,,1,نواقص,99999,,230,,2025/01/31,,,,,,,,2025/01/30,,-1,,,,,اسحق انور,,,,0,20٫69,230,2024/03/30,,230,لا,290,280,270,265,0
450,"L""oreal Hyaluron Expert Oil Control",0,0,229,0,290,0,280,0,270,0,265,0,2025/01/06,,,,,,,,,,,,,,,3600524053147,Oil Control,0,,0,"L""oreal",Hyaluron Expert,,,,26٫64,0,0,,1,نواقص,99999,,229,,2025/01/06,,,,,,,,2025/01/06,,-1,,,,,اسحق انور,,,,0,21٫03,229,2024/03/30,,229,لا,290,280,270,265,0
451,"L""oreal serum Hyaluron 2%",0,0,170,0,230,0,220,0,200,0,190,0,2024/08/23,,,,,,,,,,,,,,,3600524042684,,0,,0,"L""oreal",serum Hyaluron 2%,,,,35٫29,0,0,,1,نواقص,99999,,170,,2024/08/23,,,,,,,,2024/08/23,,-1,,,,,مايكل ثروت / مايت سينما,,,,0,26٫09,170,2023/08/10,,170,لا,230,220,200,190,0
5,"إجمالي -   L""oreal",0,0,0,0,0,0,0,0,0,0,0,0,,0,0,0,0,0,0,0,0,0,0,0,0,0,0,,,0,0,0,,,,,,0,0,,,,,,,0,,,,,0,0,0,0,0,,,,,,,,,,,,,,0,,,0,,0,0,0,0,
,,,,,,,,,,,,,,,,,,,,,,,,,,,,,,,,,,,,,,,,,,,,,,,,,,,,,,,,,,,,,,,,,,,,,,,,,,,,,,,
,Lens,,,,,,,,,,,,,,,,,,,,,,,,,,,,,,,,,Lens,,,,,,,,,,,,,,,,,,,,,,,,,,,,,,,,,,,,,,,,,,,,,
452,Lens 1 - Day Color انواع,0,0,30,0,45,0,40,0,37٫5,0,35,0,2023/03/08,,,,,,,,,,,,,,,033017,انواع,0,,0,Lens,1 - Day Color,,,,50,0,0,,1,نواقص,99999,,30,,2022/06/16,,,,,,,,2023/03/08,,-1,,,,,رويال / اداره المخازن الاقصر,,,,0,33٫33,30,2021/12/05,,30,لا,45,40,37٫5,35,0
453,Lens I-LUX BROWN,0,0,34٫29,0,65,0,55,0,50,0,45,0,2026/05/11,,,,,,,,,,,,,,,4710700024454,BROWN,0,,0,Lens,I-LUX,,,,89٫58,0,0,,1,نواقص,99999,,33٫75,,2023/10/12,,,,,,,,2023/07/08,,-1,,,,,رويال / اداره المخازن الاقصر,,,,0,47٫25,33٫75,2021/12/05,,34٫29,لا,65,55,50,45,0
454,Lens I-lux Green,0,0,135,0,65,0,55,0,50,0,45,0,2023/12/11,,,,,,,,,,,,,,,4710700193518,Green,0,,0,Lens,I-lux,,,,-51٫85,0,0,,1,نواقص,99999,,135,,2023/10/12,,,,,,,,2023/02/13,,-1,,,,,رويال / اداره المخازن الاقصر,,,,0,-107٫69,135,2021/12/05,,135,لا,65,55,50,45,0
455,Lens I-LUX GREY,0,0,34٫55,0,65,0,55,0,50,0,45,0,2023/03/29,,,,,,,,,,,,,,,4710700024157,GREY,0,,0,Lens,I-LUX,,,,88٫16,0,0,,1,نواقص,99999,,33٫75,,2022/07/28,,,,,,,,2023/03/29,,-1,,,,,رويال / اداره المخازن الاقصر,,,,0,46٫85,33٫75,2021/12/05,,34٫55,لا,65,55,50,45,0
456,Lens MAXI EYES AQUA,0,0,30,0,50,0,45,0,40,0,35,0,2022/07/18,,,,,,,,,,,,,,,033002,AQUA,0,,0,Lens,MAXI EYES,,,,66٫67,0,0,,1,---,99999,,30,,,,,,,,,,2022/07/18,,-1,,,,,رصيد اول المده,,,,0,40,30,2021/08/29,,30,لا,50,45,40,35,0
457,Lens MAXI EYES LUMIRERE BLUE,0,0,0,0,50,0,40,0,35,0,33,0,,,,,,,,,,,,,,,,033004,LUMIRERE BLUE,0,,0,Lens,MAXI EYES,,,,,0,0,,1,---,99999,,0,,,,,,,,,,,,-1,,,,,,,,,0,,0,,,0,لا,50,40,35,33,0
458,Lens MAXI EYES LUMIRERE GRAY,0,0,30,0,50,0,45,0,40,0,35,0,2022/02/19,,,,,,,,,,,,,,,033005,LUMIRERE GRAY,0,,0,Lens,MAXI EYES,,,,66٫67,0,0,,1,---,99999,,30,,,,,,,,,,2022/02/19,,-1,,,,,رصيد اول المده,,,,0,40,30,2021/08/29,,30,لا,50,45,40,35,0
459,Lens MAXI EYES SABRIN GRAY,0,0,0,0,50,0,40,0,35,0,33,0,,,,,,,,,,,,,,,,033001,SABRIN GRAY,0,,0,Lens,MAXI EYES,,,,,0,0,,1,---,99999,,0,,,,,,,,,,,,-1,,,,,,,,,0,,0,,,0,لا,50,40,35,33,0
460,Lens Natural La Gray,0,0,70,0,120,0,110,0,95,0,80,0,2022/08/15,,,,,,,,,,,,,,,8800030800197,La Gray,0,,0,Lens,Natural,,,,71٫43,0,0,,1,نواقص,99999,,70,,2022/08/15,,,,,,,,2022/08/15,,-1,,,,,,,,,0,41٫67,70,2022/07/26,,70,لا,120,110,95,80,0
461,Lens Natural مشكل,0,0,125,0,175,0,160,0,150,0,135,0,2023/05/07,,,,,,,,,,,,,,,033018,مشكل,0,,0,Lens,Natural,,,,40,0,0,,1,نواقص,99999,,125,,2023/05/07,,,,,,,,2023/05/07,,-1,,,,,رامي / عادل يسري عدسات,,,,0,28٫57,125,2022/12/20,,125,لا,175,160,150,135,0
462,"Lens Queen""s",0,0,75,0,120,0,100,0,90,0,80,0,2023/04/20,,,,,,,,,,,,,,,04113751,,0,,0,Lens,"Queen""s",,,,60,0,0,,1,نواقص,99999,,75,,2023/04/21,,,,,,,,2023/04/20,,-1,,,,,رامي / عادل يسري عدسات,,,,0,37٫5,75,2022/12/12,,75,لا,120,100,90,80,0
463,Lens See Color Gray 3,0,0,32٫5,0,50,0,45,0,40,0,37٫5,0,2022/09/01,,,,,,,,,,,,,,,033016,Gray 3,0,,0,Lens,See Color,,,,53٫85,0,0,,1,نواقص,99999,,32٫5,,2022/09/01,,,,,,,,2022/09/01,,-1,,,,,رويال / اداره المخازن الاقصر,,,,0,35,32٫5,2021/12/05,,32٫5,لا,50,45,40,37٫5,0
464,Lens See Color Homey 3,0,0,32٫5,0,50,0,45,0,40,0,37٫5,0,2023/05/14,,,,,,,,,,,,,,,033014,Homey 3,0,,0,Lens,See Color,,,,53٫85,0,0,,1,نواقص,99999,,32٫5,,2022/09/12,,,,,,,,2023/05/14,,-1,,,,,رويال / اداره المخازن الاقصر,,,,0,35,32٫5,2021/12/05,,32٫5,لا,50,45,40,37٫5,0
465,Lens See Color Sterling Gray YEAR,0,0,35,0,100,0,75,0,50,0,40,0,2023/07/26,,,,,,,,,,,,,,,8809051938506,Sterling Gray,0,,0,Lens,See Color,YEAR,,,185٫71,0,0,,1,نواقص,99999,,35,,2023/07/28,,,,,,,,2023/07/26,,-1,,,,,رويال / اداره المخازن الاقصر,,,,0,65,35,2021/12/05,,35,لا,100,75,50,40,0
466,Lens Young Pretty Eyes Daily Color,0,0,55,0,75,0,70,0,65,0,60,0,2022/08/06,,,,,,,,,,,,,,,033013,Daily Color,0,,0,Lens,Young Pretty Eyes,,,,36٫36,0,0,,1,نواقص,99999,,55,,2022/08/08,,,,,,,,2022/08/06,,-1,,,,,رويال / اداره المخازن الاقصر,,,,0,26٫67,55,2021/12/05,,55,لا,75,70,65,60,0
15,إجمالي -   Lens,0,0,0,0,0,0,0,0,0,0,0,0,,0,0,0,0,0,0,0,0,0,0,0,0,0,0,,,0,0,0,,,,,,0,0,,,,,,,0,,,,,0,0,0,0,0,,,,,,,,,,,,,,0,,,0,,0,0,0,0,
,,,,,,,,,,,,,,,,,,,,,,,,,,,,,,,,,,,,,,,,,,,,,,,,,,,,,,,,,,,,,,,,,,,,,,,,,,,,,,,
,Leven,,,,,,,,,,,,,,,,,,,,,,,,,,,,,,,,,Leven,,,,,,,,,,,,,,,,,,,,,,,,,,,,,,,,,,,,,,,,,,,,,
467,Leven Gel Cream Aloe Vera,0,0,31٫5,0,45,0,40,0,38,0,35,0,2025/01/03,,,,,,,,,,,,,,,6224009888917,Aloe Vera,0,,0,Leven,Gel Cream,,,,42٫86,0,0,,1,نواقص,99999,,31٫5,,2025/01/03,,,,,,,,2025/01/03,,-1,,,#ROYALELCHIM ,,شركه / Leven,,,,0,30,31٫5,2024/08/30,,31٫5,لا,45,40,38,35,0
468,Leven Gel Cream Panthenol,0,0,31٫5,0,45,0,40,0,38,0,35,0,2025/01/11,,,,,,,,,,,,,,,6224009888900,Panthenol,0,,0,Leven,Gel Cream,,,,42٫86,0,0,,1,نواقص,99999,,31٫5,,2025/01/11,,,,,,,,2025/01/11,,-1,,,#ROYALELCHIM ,,شركه / Leven,,,,0,30,31٫5,2024/08/30,,31٫5,لا,45,40,38,35,0
469,Leven Gel Cream Tea Treen Oil,0,0,31٫5,0,45,0,40,0,38,0,35,0,2025/02/21,,,,,,,,,,,,,,,6224009888924,Tea Treen Oil,0,,0,Leven,Gel Cream,,,,42٫86,0,0,,1,نواقص,99999,,31٫5,,2025/02/21,,,,,,,,2025/02/21,,-1,,,#ROYALELCHIM ,,شركه / Leven,,,,0,30,31٫5,2024/08/30,,31٫5,لا,45,40,38,35,0
470,Leven Hair mask Cream Argan & Black Seed,0,0,95,0,117,0,110,0,105,0,100,0,2025/04/05,,,,,,,,,,,,,,,6224009888337,Argan & Black Seed,0,,0,Leven,Hair mask Cream,,,,23٫16,0,0,,1,نواقص,99999,,95,,2025/02/01,,,,,,,,2025/04/05,,-1,,,#ROYALELCHIM ,,شركه / Leven,,,,0,18٫8,95,2024/08/30,,95,لا,117,110,105,100,0
471,Leven Hair mask Cream Carrot Seed,0,0,95,0,117,0,110,0,105,0,100,0,2025/02/10,,,,,,,,,,,,,,,6224009888313,Carrot Seed,0,,0,Leven,Hair mask Cream,,,,23٫16,0,0,,1,نواقص,99999,,95,,2025/02/10,,,,,,,,2025/02/10,,-1,,,#ROYALELCHIM ,,شركه / Leven,,,,0,18٫8,95,2024/08/30,,95,لا,117,110,105,100,0
472,Leven Hair mask Cream Lavender & Garlic,0,0,95,0,117,0,110,0,105,0,100,0,2025/04/15,,,,,,,,,,,,,,,6224009888320,Lavender & Garlic,0,,0,Leven,Hair mask Cream,,,,23٫16,0,0,,1,نواقص,99999,,95,,2025/04/16,,,,,,,,2025/04/15,,-1,,,#ROYALELCHIM ,,شركه / Leven,,,,0,18٫8,95,2024/08/30,,95,لا,117,110,105,100,0
473,Leven Hair Norshing Cream Aloe Vera,0,0,34,0,44,0,42,0,40,0,38,0,2024/11/05,,,,,,,,,,,,,,,6224009888764,Aloe Vera,0,,0,Leven,Hair Norshing Cream,,,,29٫41,0,0,,1,نواقص,99999,,34,,2024/11/05,,,,,,,,2024/11/05,,-1,,,#ROYALELCHIM ,,شركه / Leven,,,,0,22٫73,34,2024/08/30,,34,لا,44,42,40,38,0
474,Leven Hair Norshing Cream Argan Oil,0,0,34,0,44,0,42,0,40,0,38,0,2024/09/03,,,,,,,,,,,,,,,6224009888511,Argan Oil,0,,0,Leven,Hair Norshing Cream,,,,29٫41,0,0,,1,نواقص,99999,,34,,2024/09/04,,,,,,,,2024/09/03,,-1,,,#ROYALELCHIM ,"hair,norshing,cream,Leven",شركه / Leven,,,,0,22٫73,34,2024/08/30,,34,لا,44,42,40,38,0
475,Leven Hair Norshing Cream Shea Butter,0,0,34,0,44,0,42,0,40,0,38,0,2024/11/13,,,,,,,,,,,,,,,6224009888528,Shea Butter,0,,0,Leven,Hair Norshing Cream,,,,29٫41,0,0,منتجات العنايه الشخصيه,1,نواقص,99999,\us\134\pid\4982\f133712164026141954112.png,34,,2024/11/14,,,,,,,,2024/11/13,Online,2,,,#ROYALELCHIM ,"hair,norshing,cream,Leven",شركه / Leven,,,,0,22٫73,34,2024/08/30,hair norshing cream,34,لا,44,42,40,38,1
476,Leven Shower Cream Avocado,0,0,65,0,87,0,80,0,75,0,70,0,2026/05/01,,,,,,,,,,,,,,,6224009888740,Avocado,1,,0,Leven,Shower Cream,,,,33٫85,0,0,منتجات العنايه الشخصيه,1,نواقص,99999,\us\134\pid\4988\f133700050182579377114.png,65,,2025/02/03,,,,,,,,2025/02/05,Online,1,,,#ROYALELCHIM ,"Leven,shower,cream,Avocado",شركه / Leven,,,,0,25٫29,65,2024/08/30,Leven shower cream,65,لا,87,80,75,70,2
477,Leven Shower Cream Coconut & Jasmin,0,0,65,0,87,0,80,0,75,0,70,0,2026/05/01,,,,,,,,,,,,,,,6224009888757,Coconut & Jasmin,1,,0,Leven,Shower Cream,,,,33٫85,0,0,منتجات العنايه الشخصيه,1,نواقص,99999,\us\134\pid\4987\f133700057601503196115.png,65,,2024/12/26,,,,,,,,2024/12/26,Online,1,,,#ROYALELCHIM ,"Leven,shower,cream,coconut&jasmin",شركه / Leven,,,,0,25٫29,65,2024/08/30,Leven shower cream,65,لا,87,80,75,70,2
478,Leven Whitenning Cream 3*1,0,0,48,0,65,0,60,0,57,0,53,0,2026/01/13,,,,,,,,,,,,,,,6224009888771,3*1,1,,0,Leven,Whitenning Cream,,,,35٫42,0,0,منتجات العنايه الشخصيه,1,نواقص,99999,\us\134\pid\4989\f133699347513311040112.png,48,,2026/01/13,,,,,,,,2026/01/13,Online,0,,,#ROYALELCHIM ,"leven,whitenning,cream",شركه / Leven,,,,0,26٫15,48,2024/08/30,Leven whitenning cream,48,لا,65,60,57,53,1
12,إجمالي -   Leven,0,0,0,0,0,0,0,0,0,0,0,0,,0,0,0,0,0,0,0,0,0,0,0,0,0,0,,,3,0,0,,,,,,0,0,,,,,,,0,,,,,0,0,0,0,0,,,,,,,,,,,,,,0,,,0,,0,0,0,0,
,,,,,,,,,,,,,,,,,,,,,,,,,,,,,,,,,,,,,,,,,,,,,,,,,,,,,,,,,,,,,,,,,,,,,,,,,,,,,,,
,LIZA COSEMTICS,,,,,,,,,,,,,,,,,,,,,,,,,,,,,,,,,LIZA COSEMTICS,,,,,,,,,,,,,,,,,,,,,,,,,,,,,,,,,,,,,,,,,,,,,
479,LIZA COSEMTICS Mask Gel,0,0,10,0,20,0,18,0,16,0,14,0,2023/10/07,,,,,,,,,,,,,,,6222001406108,,0,,0,LIZA COSEMTICS,Mask Gel,,,,100,0,0,,1,نواقص,99999,,10,,2023/10/08,,,,,,,,2023/10/07,,-1,,,,,مايكل ثروت / مايت سينما,,,,0,50,10,2023/08/10,,10,لا,20,18,16,14,0
480,LIZA COSEMTICS Vasline Oud,0,0,20,0,45,0,40,0,35,0,30,0,2024/01/27,,,,,,,,,,,,,,,6222001409697,,0,,0,LIZA COSEMTICS,Vasline Oud,,,,125,0,0,,1,نواقص,99999,,20,,2024/01/28,,,,,,,,2024/01/27,,-1,,,,,مايكل ثروت / مايت سينما,,,,0,55٫56,20,2023/08/10,,20,لا,45,40,35,30,0
481,LIZA COSEMTICS كريم بزيت جوز الهند,0,0,10,0,17,0,16,0,15,0,12,0,2023/09/23,,,,,,,,,,,,,,,6222001405101,,0,,0,LIZA COSEMTICS,كريم بزيت جوز الهند,,,,70,0,0,,1,نواقص,99999,,10,,2021/07/14,,,,,,,,2023/09/23,,-1,,,,,رويال/ادره المخازن,,,,0,41٫18,10,2022/02/09,,10,لا,17,16,15,12,0
482,LIZA COSEMTICS كريم زيت بالزيتون,0,0,10,0,17,0,16,0,15,0,12,0,2022/03/25,,,,,,,,,,,,,,,056001,,0,,0,LIZA COSEMTICS,كريم زيت بالزيتون,,,,70,0,0,,1,نواقص,99999,,10,,2021/07/14,,,,,,,,2022/03/25,,-1,,,,,رويال/ادره المخازن,,,,0,41٫18,10,2022/02/09,,10,لا,17,16,15,12,0
483,LIZA COSEMTICS كريم ضد القشره,0,0,0,0,17,0,16,0,15,0,12,0,,,,,,,,,,,,,,,,6222001400311,,0,,0,LIZA COSEMTICS,كريم ضد القشره,,,,,0,0,,1,نواقص,99999,,0,,2021/07/14,,,,,,,,,,-1,,,,,,,,,0,,0,,,0,لا,17,16,15,12,0
5,إجمالي -   LIZA COSEMTICS,0,0,0,0,0,0,0,0,0,0,0,0,,0,0,0,0,0,0,0,0,0,0,0,0,0,0,,,0,0,0,,,,,,0,0,,,,,,,0,,,,,0,0,0,0,0,,,,,,,,,,,,,,0,,,0,,0,0,0,0,
,,,,,,,,,,,,,,,,,,,,,,,,,,,,,,,,,,,,,,,,,,,,,,,,,,,,,,,,,,,,,,,,,,,,,,,,,,,,,,,
,L'OREAL,,,,,,,,,,,,,,,,,,,,,,,,,,,,,,,,,L'OREAL,,,,,,,,,,,,,,,,,,,,,,,,,,,,,,,,,,,,,,,,,,,,,
484,L'OREAL ELVIVE CONDITIONER HYALURON,0,0,70,0,95,0,90,0,85,0,80,0,2025/03/25,,,,,,,,,,,,,,,3610340655173,HYALURON,0,,0,L'OREAL,ELVIVE CONDITIONER,,,,35٫71,0,0,,1,نواقص,99999,,70,,2025/03/25,,,,,,,,2025/03/25,,-1,,,,,اسحق انور,,,,0,26٫32,70,2024/04/15,,70,لا,95,90,85,80,0
485,L'OREAL ELVIVE CONDITIONER TOTAL REPAIR,0,0,70,0,95,0,90,0,85,0,80,0,2026/05/11,,,,,,,,,,,,,,,3600521767863,TOTAL REPAIR,0,,0,L'OREAL,ELVIVE CONDITIONER,,,,35٫71,0,0,,1,---,99999,,70,,,,,,,,,,,,-1,,,,,اسحق انور,,,,0,26٫32,70,2024/04/15,,70,لا,95,90,85,80,0
486,L'OREAL ELVIVE SHAMPO EXTRA ORDINARY,0,0,70,0,95,0,90,0,85,0,80,0,2025/01/12,,,,,,,,,,,,,,,3610340019906,EXTRA ORDINARY,0,,0,L'OREAL,ELVIVE SHAMPO,,,,35٫71,0,0,,1,نواقص,99999,,70,,2025/01/12,,,,,,,,2025/01/12,,-1,,,,,اسحق انور,,,,0,26٫32,70,2024/04/15,,70,لا,95,90,85,80,0
487,L'OREAL ELVIVE SHAMPO EXTRA ORDINARY & JOJOBA,0,0,70,0,95,0,90,0,85,0,80,0,2026/01/26,,,,,,,,,,,,,,,3610340019944,EXTRA ORDINARY & JOJOBA,0,,0,L'OREAL,ELVIVE SHAMPO,,,,35٫71,0,0,,1,نواقص,99999,,70,,2026/01/26,,,,,,,,2026/01/26,,-1,,,,,اسحق انور,,,,0,26٫32,70,2024/04/15,,70,لا,95,90,85,80,0
488,L'OREAL ELVIVE SHAMPO HYALURON,0,0,70,0,95,0,90,0,85,0,80,0,2024/05/24,,,,,,,,,,,,,,,3610340655210,HYALURON,0,,0,L'OREAL,ELVIVE SHAMPO,,,,35٫71,0,0,,1,نواقص,99999,,70,,2024/05/24,,,,,,,,2024/05/24,,-1,,,,,اسحق انور,,,,0,26٫32,70,2024/04/15,,70,لا,95,90,85,80,0
489,L'OREAL ELVIVE SHAMPO KERATIN,0,0,70,0,95,0,90,0,85,0,80,0,2025/12/16,,,,,,,,,,,,,,,3610340653636,KERATIN,0,,0,L'OREAL,ELVIVE SHAMPO,,,,35٫71,0,0,,1,نواقص,99999,,70,,2025/12/16,,,,,,,,2025/12/16,,-1,,,,,اسحق انور,,,,0,26٫32,70,2024/04/15,,70,لا,95,90,85,80,0
490,L'OREAL ELVIVE SHAMPO TOTAL REPAIR,0,0,70,0,90,0,90,0,85,0,80,0,2026/05/11,,,,,,,,,,,,,,,3610340006463,TOTAL REPAIR,0,,0,L'OREAL,ELVIVE SHAMPO,,,,28٫57,0,0,,1,---,99999,,70,,,,,,,,,,,,-1,,,,,اسحق انور,,,,0,22٫22,70,2024/04/15,,70,لا,90,90,85,80,0
491,L'OREAL HYALURON EXPERT SHINE CONTROL,0,0,265,0,350,0,330,0,300,0,285,0,2026/05/11,,,,,,,,,,,,,,,3600524051082,SHINE CONTROL,0,,0,L'OREAL,HYALURON EXPERT,,,,32٫08,0,0,,1,---,99999,,265,,,,,,,,,,,,-1,,,,,اسحق انور,,,,0,24٫29,265,2024/04/15,,265,لا,350,330,300,285,0
492,L'OREAL بديل الزيت التالف,0,0,84,0,110,0,105,0,100,0,95,0,2026/05/11,,,,,,,,,,,,,,,3610340028502,التالف,0,,0,L'OREAL,بديل الزيت,,,,30٫95,0,0,,1,---,99999,,84,,,,,,,,,,,,-1,,,,,اسحق انور,,,,0,23٫64,84,2024/04/15,,84,لا,110,105,100,95,0
493,L'OREAL بديل الزيت طويل ومجعد,0,0,84,0,110,0,105,0,100,0,95,0,2024/06/03,,,,,,,,,,,,,,,3610340653865,طويل ومجعد,0,,0,L'OREAL,بديل الزيت,,,,30٫95,0,0,,1,نواقص,99999,,84,,2024/06/03,,,,,,,,2024/06/03,,-1,,,,,اسحق انور,,,,0,23٫64,84,2024/04/15,,84,لا,110,105,100,95,0
494,L'OREAL بديل الزيت عادي وجاف,0,0,84,0,110,0,105,0,100,0,95,0,2026/05/11,,,,,,,,,,,,,,,3610340017421,عادي وجاف,0,,0,L'OREAL,بديل الزيت,,,,30٫95,0,0,,1,---,99999,,84,,,,,,,,,,,,-1,,,,,اسحق انور,,,,0,23٫64,84,2024/04/15,,84,لا,110,105,100,95,0
495,L'OREAL بديل الزيت قابل للتساقط,0,0,84,0,110,0,105,0,100,0,95,0,2024/09/03,,,,,,,,,,,,,,,3610340650659,قابل للتساقط,0,,0,L'OREAL,بديل الزيت,,,,30٫95,0,0,,1,---,99999,,84,,,,,,,,,,2024/09/03,,-1,,,,,اسحق انور,,,,0,23٫64,84,2024/04/15,,84,لا,110,105,100,95,0
12,إجمالي -   L'OREAL,0,0,0,0,0,0,0,0,0,0,0,0,,0,0,0,0,0,0,0,0,0,0,0,0,0,0,,,0,0,0,,,,,,0,0,,,,,,,0,,,,,0,0,0,0,0,,,,,,,,,,,,,,0,,,0,,0,0,0,0,
,,,,,,,,,,,,,,,,,,,,,,,,,,,,,,,,,,,,,,,,,,,,,,,,,,,,,,,,,,,,,,,,,,,,,,,,,,,,,,,
,LUNA COSMETICS,,,,,,,,,,,,,,,,,,,,,,,,,,,,,,,,,LUNA COSMETICS,,,,,,,,,,,,,,,,,,,,,,,,,,,,,,,,,,,,,,,,,,,,,
496,LUNA COSMETICS Body Splash Musk & Amber,0,0,48٫75,0,75,0,70,0,65,0,60,0,2023/10/23,,,,,,,,,,,,,,,6221039322411,Musk & Amber,0,,0,LUNA COSMETICS,Body Splash,,,,53٫85,0,0,,1,نواقص,99999,,48٫75,,2023/10/23,,,,,,,,2023/10/23,,-1,,,,,كيرمينا,,,,0,35,48٫75,2023/09/09,,48٫75,لا,75,70,65,60,0
497,LUNA COSMETICS Body Splash Rose Desire,0,0,46٫5,0,75,0,70,0,65,0,60,0,2023/12/11,,,,,,,,,,,,,,,6221039322756,Rose Desire,0,,0,LUNA COSMETICS,Body Splash,,,,61٫29,0,0,,1,نواقص,99999,,48٫75,,2023/10/12,,,,,,,,2023/10/09,,-1,,,,,كيرمينا,,,,0,38,48٫75,2023/09/09,,46٫5,لا,75,70,65,60,0
498,LUNA COSMETICS Emolllient 20 ةم,0,0,10,0,20,0,18,0,17,0,16,0,2023/10/23,,,,,,,,,,,,,,,6221039321049,20 ةم,0,,0,LUNA COSMETICS,Emolllient,,,,100,0,0,,1,نواقص,99999,,10,,2023/10/23,,,,,,,,2023/10/23,,-1,,,,,مايكل ثروت / مايت سينما,,,,0,50,10,2023/08/10,,10,لا,20,18,17,16,0
499,LUNA COSMETICS Emolllient 40 Ml,0,0,15,0,28,0,26,0,24,0,22,0,2023/12/11,,,,,,,,,,,,,,,6221039302277,40 Ml,0,,0,LUNA COSMETICS,Emolllient,,,,86٫67,0,0,,1,نواقص,99999,,10,,2023/10/12,,,,,,,,2023/10/28,,-1,,,,,مايكل ثروت / مايت سينما,,,,0,46٫43,10,2023/08/10,,15,لا,28,26,24,22,0
500,LUNA COSMETICS Emolllient 75ةم,0,0,20,0,45,0,40,0,38,0,35,0,2023/12/04,,,,,,,,,,,,,,,6221039302932,75ةم,0,,0,LUNA COSMETICS,Emolllient,,,,125,0,0,,1,نواقص,99999,,20,,2023/12/04,,,,,,,,2023/12/04,,-1,,,,,مايكل ثروت / مايت سينما,,,,0,55٫56,20,2023/08/10,,20,لا,45,40,38,35,0
501,LUNA COSMETICS Lip Moisture Coca Cola,0,0,9,0,15,0,13,0,12,0,10,0,2026/05/11,,,,,,,,,,,,,,,6221039305483,Coca Cola,0,,0,LUNA COSMETICS,Lip Moisture,,,,66٫67,0,0,,1,نواقص,99999,,9,,2024/04/23,,,,,,,,2024/06/29,,-1,,,,,كيرمينا,,,,0,40,9,2022/12/12,,9,لا,15,13,12,10,0
502,LUNA COSMETICS Lip Moisture Peach,0,0,9,0,15,0,13,0,12,0,10,0,2026/05/11,,,,,,,,,,,,,,,6221039305513,Peach,0,,0,LUNA COSMETICS,Lip Moisture,,,,66٫67,0,0,,1,نواقص,99999,,9,,2023/10/12,,,,,,,,2024/06/29,,-1,,,,,كيرمينا,,,,0,40,9,2022/12/12,,9,لا,15,13,12,10,0
503,LUNA COSMETICS بايجن 56,0,0,38٫5,0,70,0,60,0,55,0,50,0,2023/12/11,,,,,,,,,,,,,,,6221039301034,,0,,0,LUNA COSMETICS,بايجن 56,,,,81٫82,0,0,,1,نواقص,99999,,38٫5,,2023/06/03,,,,,,,,2023/06/16,,-1,,,,,كيرمينا,,,,0,45,38٫5,2022/12/06,,38٫5,لا,70,60,55,50,0
504,LUNA COSMETICS بايجن 57,0,0,0,0,,0,,0,,0,,0,,,,,,,,,,,,,,,,063002,,0,,0,LUNA COSMETICS,بايجن 57,,,,,0,0,,1,---,99999,,0,,,,,,,,,,,,-1,,,,,,,,,0,,0,,,0,لا,,,,,0
505,LUNA COSMETICS بايجن 58,0,0,50٫88,0,70,0,60,0,58,0,55,0,2023/12/11,,,,,,,,,,,,,,,6221039301058,,0,,0,LUNA COSMETICS,بايجن 58,,,,37٫59,0,0,,1,نواقص,99999,,55,,2023/11/14,,,,,,,,2023/12/11,,-1,,,,,كيرمينا,,,,0,27٫32,55,2023/06/26,,50٫88,لا,70,60,58,55,0
506,LUNA COSMETICS بايجن 59,0,0,38٫5,0,70,0,60,0,55,0,50,0,2023/04/17,,,,,,,,,,,,,,,6221039301065,,0,,0,LUNA COSMETICS,بايجن 59,,,,81٫82,0,0,,1,نواقص,99999,,38٫5,,2023/04/18,,,,,,,,2023/04/17,,-1,,,,,كيرمينا,,,,0,45,38٫5,2022/12/06,,38٫5,لا,70,60,55,50,0
507,LUNA COSMETICS بايجين57,0,0,55,0,70,0,65,0,58,0,55,0,2023/12/11,,,,,,,,,,,,,,,063003,,0,,0,LUNA COSMETICS,بايجين57,,,,27٫27,0,0,,1,نواقص,99999,,55,,2023/10/12,,,,,,,,2023/09/13,,-1,,,,,كيرمينا,,,,0,21٫43,55,2023/06/26,,55,لا,70,65,58,55,0
12,إجمالي -   LUNA COSMETICS,0,0,0,0,0,0,0,0,0,0,0,0,,0,0,0,0,0,0,0,0,0,0,0,0,0,0,,,0,0,0,,,,,,0,0,,,,,,,0,,,,,0,0,0,0,0,,,,,,,,,,,,,,0,,,0,,0,0,0,0,
,,,,,,,,,,,,,,,,,,,,,,,,,,,,,,,,,,,,,,,,,,,,,,,,,,,,,,,,,,,,,,,,,,,,,,,,,,,,,,,
,M.M.PERFUM,,,,,,,,,,,,,,,,,,,,,,,,,,,,,,,,,M.M.PERFUM,,,,,,,,,,,,,,,,,,,,,,,,,,,,,,,,,,,,,,,,,,,,,
508,M.M.PERFUM 50 ML BMW VIP MM 50 ML,0,0,18٫28,0,40,0,35,0,30,0,25,0,2022/05/23,,,,,,,,,,,,,,,074031,MM 50 ML,0,,0,M.M.PERFUM,50 ML BMW VIP,,,,118٫85,0,0,,1,نواقص,99999,,18,,2022/05/24,,,,,,,,2022/05/23,,-1,,,,,ا/عبد الفتاح سمير عبد الفتاح,,,,0,54٫31,18٫28,2021/09/14,,18٫28,لا,40,35,30,25,0
509,M.M.PERFUM 50ML 212 VIP BLACK MM 50 ML,0,0,18٫28,0,40,0,35,0,30,0,25,0,2023/12/11,,,,,,,,,,,,,,,074035,MM 50 ML,0,,0,M.M.PERFUM,50ML 212 VIP BLACK,,,,118٫85,0,0,,1,نواقص,99999,,18,,2022/10/02,,,,,,,,2022/10/01,,-1,,,,,ا/عبد الفتاح سمير عبد الفتاح,,,,0,54٫31,18٫28,2021/09/14,,18٫28,لا,40,35,30,25,0
510,M.M.PERFUM 50ML BLACK XS LEXCES MM 50ML,0,0,18٫28,0,40,0,35,0,30,0,25,0,2023/12/11,,,,,,,,,,,,,,,074036,MM 50ML,0,,0,M.M.PERFUM,50ML BLACK XS LEXCES,,,,118٫85,0,0,,1,نواقص,99999,,18,,2022/08/11,,,,,,,,2022/08/09,,-1,,,,,ا/عبد الفتاح سمير عبد الفتاح,,,,0,54٫31,18٫28,2021/09/14,,18٫28,لا,40,35,30,25,0
511,M.M.PERFUM 50ML CRAZ LOVE MM 50 ML,0,0,18٫28,0,40,0,35,0,30,0,25,0,2022/02/19,,,,,,,,,,,,,,,074034,MM 50 ML,0,,0,M.M.PERFUM,50ML CRAZ LOVE,,,,118٫85,0,0,,1,نواقص,99999,,18,,2022/02/09,,,,,,,,2022/02/19,,-1,,,,,ا/عبد الفتاح سمير عبد الفتاح,,,,0,54٫31,18٫28,2021/09/14,,18٫28,لا,40,35,30,25,0
512,M.M.PERFUM 50ML DUNBILL DEZIRE MM 50 ML,0,0,18٫28,0,40,0,35,0,30,0,25,0,2022/03/11,,,,,,,,,,,,,,,074030,MM 50 ML,0,,0,M.M.PERFUM,50ML DUNBILL DEZIRE,,,,118٫85,0,0,,1,نواقص,99999,,18,,2022/03/12,,,,,,,,2022/03/11,,-1,,,,,ا/عبد الفتاح سمير عبد الفتاح,,,,0,54٫31,18٫28,2021/09/14,,18٫28,لا,40,35,30,25,0
513,M.M.PERFUM 50ML SCANDAL MM 50 ML,0,0,18٫28,0,40,0,35,0,30,0,25,0,2023/12/11,,,,,,,,,,,,,,,074029,MM 50 ML,0,,0,M.M.PERFUM,50ML SCANDAL,,,,118٫85,0,0,,1,نواقص,99999,,18,,2022/09/03,,,,,,,,2022/09/02,,-1,,,,,ا/عبد الفتاح سمير عبد الفتاح,,,,0,54٫31,18٫28,2021/09/14,,18٫28,لا,40,35,30,25,0
514,M.M.PERFUM 50ML SHALIS MM 50 ML,0,0,18٫28,0,40,0,35,0,30,0,25,0,2023/12/11,,,,,,,,,,,,,,,074033,MM 50 ML,0,,0,M.M.PERFUM,50ML SHALIS,,,,118٫85,0,0,,1,نواقص,99999,,18,,2023/10/12,,,,,,,,2022/10/10,,-1,,,,,ا/عبد الفتاح سمير عبد الفتاح,,,,0,54٫31,18٫28,2021/09/14,,18٫28,لا,40,35,30,25,0
515,M.M.PERFUM 50ML SHALIS WOMAN MM 50 ML,0,0,18٫28,0,40,0,35,0,30,0,25,0,2023/12/11,,,,,,,,,,,,,,,074037,MM 50 ML,0,,0,M.M.PERFUM,50ML SHALIS WOMAN,,,,118٫85,0,0,,1,نواقص,99999,,18,,2022/06/16,,,,,,,,2022/04/09,,-1,,,,,ا/عبد الفتاح سمير عبد الفتاح,,,,0,54٫31,18٫28,2021/09/14,,18٫28,لا,40,35,30,25,0
516,M.M.PERFUM 50ML SILVER SEANT MAN MM 50ML,0,0,18٫28,0,40,0,35,0,30,0,25,0,2022/09/23,,,,,,,,,,,,,,,074028,MM 50ML,0,,0,M.M.PERFUM,50ML SILVER SEANT MAN,,,,118٫85,0,0,,1,نواقص,99999,,18,,2022/09/25,,,,,,,,2022/09/23,,-1,,,,,ا/عبد الفتاح سمير عبد الفتاح,,,,0,54٫31,18٫28,2021/09/14,,18٫28,لا,40,35,30,25,0
517,M.M.PERFUM 100 ML عود خليجى,0,0,66,0,130,0,110,0,90,0,80,0,2026/05/11,,,,,,,,,,,,,,,074014,,0,,0,M.M.PERFUM,100 ML عود خليجى,,,,96٫97,0,0,,1,نواقص,99999,,65,,2023/02/13,,,,,,,,2024/03/16,,-1,,,,,ا/عبد الفتاح سمير عبد الفتاح,,,,0,49٫23,66,2021/09/14,,66,لا,130,110,90,80,0
518,M.M.PERFUM 100ML DARKAAR NOIR COPY,0,0,26٫4,0,50,0,45,0,40,0,35,0,2022/05/22,,,,,,,,,,,,,,,074020,COPY,0,,0,M.M.PERFUM,100ML DARKAAR NOIR,,,,89٫39,0,0,,1,نواقص,99999,,26,,2022/02/16,,,,,,,,2022/05/22,,-1,,,,,ا/عبد الفتاح سمير عبد الفتاح,,,,0,47٫2,26٫4,2021/09/14,,26٫4,لا,50,45,40,35,0
519,M.M.PERFUM 100ML DUNHILL DWSIRE RED COPY,0,0,26٫4,0,50,0,45,0,40,0,35,0,2022/11/15,,,,,,,,,,,,,,,074019,COPY,0,,0,M.M.PERFUM,100ML DUNHILL DWSIRE RED,,,,89٫39,0,0,,1,نواقص,99999,,26,,2022/06/16,,,,,,,,2022/11/15,,-1,,,,,ا/عبد الفتاح سمير عبد الفتاح,,,,0,47٫2,26٫4,2021/09/14,,26٫4,لا,50,45,40,35,0
520,M.M.PERFUM 100ML ENVECTOS LUXURY,0,0,42٫57,0,85,0,70,0,60,0,55,0,2024/01/23,,,,,,,,,,,,,,,074027,LUXURY,0,,0,M.M.PERFUM,100ML ENVECTOS,,,,99٫66,0,0,,1,نواقص,99999,,42٫5,,2023/04/14,,,,,,,,2024/01/23,,-1,,,,,,,,,0,49٫91,42٫5,2022/07/26,,42٫57,لا,85,70,60,55,0
521,M.M.PERFUM 100ML ESCADA COPY,0,0,35٫54,0,70,0,60,0,50,0,40,0,2026/05/11,,,,,,,,,,,,,,,074015,COPY,0,,0,M.M.PERFUM,100ML ESCADA,,,,96٫97,0,0,,1,---,99999,,35,,2023/10/12,,,,,,,,2023/11/01,,-1,,,,,ا/عبد الفتاح سمير عبد الفتاح,,,,0,49٫23,35٫54,2021/09/14,,35٫54,لا,70,60,50,40,0
522,M.M.PERFUM 100ML MOZHELA CAROLINA COPY,0,0,35٫54,0,70,0,60,0,50,0,40,0,2024/04/11,,,,,,,,,,,,,,,074016,COPY,0,,0,M.M.PERFUM,100ML MOZHELA CAROLINA,,,,96٫97,0,0,,1,نواقص,99999,,35,,2023/11/12,,,,,,,,2024/04/11,,-1,,,,,ا/عبد الفتاح سمير عبد الفتاح,,,,0,49٫23,35٫54,2021/09/14,,35٫54,لا,70,60,50,40,0
523,M.M.PERFUM 100ML PURE XS LUXURY,0,0,44٫41,0,85,0,70,0,60,0,55,0,2026/05/11,,,,,,,,,,,,,,,023014   074026,LUXURY,0,,0,M.M.PERFUM,100ML PURE XS,,,,91٫39,0,0,,1,نواقص,99999,,42,,2023/05/16,,,,,,,,2023/10/24,,-1,,,,,ا/عبد الفتاح سمير عبد الفتاح,,,,0,47٫75,42٫65,2021/09/14,,44٫41,لا,85,70,60,55,0
524,M.M.PERFUM 100ML SCULPTURE HOMME COPY,0,0,26٫4,0,50,0,45,0,40,0,35,0,2022/03/29,,,,,,,,,,,,,,,074018,COPY,0,,0,M.M.PERFUM,100ML SCULPTURE HOMME,,,,89٫39,0,0,,1,نواقص,99999,,26,,2022/02/13,,,,,,,,2022/03/29,,-1,,,,,ا/عبد الفتاح سمير عبد الفتاح,,,,0,47٫2,26٫4,2021/09/14,,26٫4,لا,50,45,40,35,0
525,M.M.PERFUM 100ML SHALIS RIMY MARQULS COPY,0,0,26٫4,0,50,0,45,0,40,0,35,0,2026/05/11,,,,,,,,,,,,,,,074021,COPY,0,,0,M.M.PERFUM,100ML SHALIS RIMY MARQULS,,,,89٫39,0,0,,1,نواقص,99999,,26,,2023/03/29,,,,,,,,2023/03/28,,-1,,,,,ا/عبد الفتاح سمير عبد الفتاح,,,,0,47٫2,26٫4,2021/09/14,,26٫4,لا,50,45,40,35,0
526,M.M.PERFUM 100ML SILVER SCENT LUXURY,0,0,43٫61,0,85,0,70,0,60,0,55,0,2026/05/11,,,,,,,,,,,,,,,074025,LUXURY,0,,0,M.M.PERFUM,100ML SILVER SCENT,,,,94٫92,0,0,,1,نواقص,99999,,42,,2022/07/30,,,,,,,,2023/08/06,,-1,,,,,نقدي متنوع,,,,0,48٫7,42,2022/08/19,,43٫61,لا,85,70,60,55,0
527,M.M.PERFUM 100ML SOVUAG LUXURY,0,0,42٫65,0,85,0,70,0,60,0,55,0,2023/12/11,,,,,,,,,,,,,,,074024,LUXURY,0,,0,M.M.PERFUM,100ML SOVUAG,,,,99٫31,0,0,,1,نواقص,99999,,42,,2023/10/12,,,,,,,,2023/11/14,,-1,,,,,ا/عبد الفتاح سمير عبد الفتاح,,,,0,49٫83,42٫65,2021/09/14,,42٫65,لا,85,70,60,55,0
528,M.M.PERFUM 100ML XL COPY,0,0,26٫4,0,50,0,45,0,40,0,35,0,2023/04/17,,,,,,,,,,,,,,,074017,COPY,0,,0,M.M.PERFUM,100ML XL,,,,89٫39,0,0,,1,نواقص,99999,,26,,2023/04/18,,,,,,,,2023/04/17,,-1,,,,,ا/عبد الفتاح سمير عبد الفتاح,,,,0,47٫2,26٫4,2021/09/14,,26٫4,لا,50,45,40,35,0
529,M.M.PERFUM 200 ML عود ليلى COSMO DESIGNS,0,0,26٫4,0,50,0,40,0,35,0,30,0,2023/12/11,,,,,,,,,,,,,,,6294015104943,COSMO DESIGNS,0,,0,M.M.PERFUM,200 ML عود ليلى,,,,89٫39,0,0,,1,نواقص,1368,,26,,2023/10/12,,,,,,,,2023/08/17,,-1,,,,,ا/عبد الفتاح سمير عبد الفتاح,,,,0,47٫2,26٫4,2021/09/14,,26٫4,لا,50,40,35,30,0
530,M.M.PERFUM 200 ML عود ملكى COSMO DESIGNS,0,0,26٫4,0,50,0,40,0,35,0,30,0,2023/12/11,,,,,,,,,,,,,,,6294015104950,COSMO DESIGNS,0,,0,M.M.PERFUM,200 ML عود ملكى,,,,89٫39,0,0,,1,نواقص,99999,,26,,2023/10/12,,,,,,,,2023/06/20,,-1,,,,,ا/عبد الفتاح سمير عبد الفتاح,,,,0,47٫2,26٫4,2021/09/14,,26٫4,لا,50,40,35,30,0
531,M.M.PERFUM 200MLصفوه العود COSMO DESIGNS,0,0,26٫4,0,50,0,40,0,35,0,30,0,2023/12/11,,,,,,,,,,,,,,,6294015104981,COSMO DESIGNS,0,,0,M.M.PERFUM,200MLصفوه العود,,,,89٫39,0,0,,1,نواقص,99999,,26,,2023/10/12,,,,,,,,2023/09/23,,-1,,,,,ا/عبد الفتاح سمير عبد الفتاح,,,,0,47٫2,26٫4,2021/09/14,,26٫4,لا,50,40,35,30,0
532,M.M.PERFUM CRAZY LOVE WOMAN 100 ML,0,0,32,0,65,0,60,0,50,0,40,0,2026/05/11,,,,,,,,,,,,,,,074038,WOMAN,0,,0,M.M.PERFUM,CRAZY LOVE,100 ML,,,103٫13,0,0,,1,نواقص,99999,,32,,2022/06/16,,,,,,,,2022/04/18,,-1,,,,,ا/عبد الفتاح سمير عبد الفتاح,,,,0,50٫77,32,2021/09/14,,32,لا,65,60,50,40,0
533,M.M.PERFUM CRIZMA 100 ML COPY,0,0,38٫58,0,80,0,70,0,60,0,50,0,2026/05/11,,,,,,,,,,,,,,,074005,COPY,0,,0,M.M.PERFUM,CRIZMA 100 ML,,,,107٫34,0,0,,1,نواقص,99999,,38,,2022/10/13,,,,,,,,2022/10/24,,-1,,,,,ا/عبد الفتاح سمير عبد الفتاح,,,,0,51٫77,38٫58,2021/09/14,,38٫58,لا,80,70,60,50,0
534,M.M.PERFUM Endera,0,0,45,0,95,0,85,0,75,0,55,0,2023/12/11,,,,,,,,,,,,,,,074043,,0,,0,M.M.PERFUM,Endera,,,,111٫11,0,0,,1,---,99999,,45,,,,,,,,,,,,-1,,,,,رويال/ادره المخازن,,,,0,52٫63,45,2022/02/11,,45,لا,95,85,75,55,0
535,M.M.PERFUM Endra 100ml,0,0,35,0,65,0,55,0,50,0,45,0,2022/11/24,,,,,,,,,,,,,,,074045,100ml,0,,0,M.M.PERFUM,Endra,,,,85٫71,0,0,,1,نواقص,99999,,35,,2022/11/24,,,,,,,,2022/11/24,,-1,,,,,رويال / اداره المخازن الاقصر,,,,0,46٫15,35,2022/04/12,,35,لا,65,55,50,45,0
536,M.M.PERFUM Fantazya 100ml,0,0,35,0,65,0,55,0,50,0,45,0,2022/06/07,,,,,,,,,,,,,,,074044,100ml,0,,0,M.M.PERFUM,Fantazya,,,,85٫71,0,0,,1,نواقص,99999,,35,,2022/06/07,,,,,,,,2022/06/07,,-1,,,,,رويال / اداره المخازن الاقصر,,,,0,46٫15,35,2022/04/12,,35,لا,65,55,50,45,0
537,M.M.PERFUM FARAWAY WOMAN 100 ML,0,0,32,0,65,0,50,0,45,0,40,0,2023/12/11,,,,,,,,,,,,,,,074039,WOMAN,0,,0,M.M.PERFUM,FARAWAY,100 ML,,,103٫13,0,0,,1,نواقص,99999,,32,,2023/10/12,,,,,,,,2022/10/17,,-1,,,,,ا/عبد الفتاح سمير عبد الفتاح,,,,0,50٫77,32,2021/09/14,,32,لا,65,50,45,40,0
538,M.M.PERFUM Jadore,0,0,36,0,75,0,65,0,55,0,45,0,2023/12/11,,,,,,,,,,,,,,,074042,,0,,0,M.M.PERFUM,Jadore,,,,108٫33,0,0,,1,نواقص,99999,,36,,2023/10/12,,,,,,,,,,-1,,,,,رويال/ادره المخازن,,,,0,52,36,2022/02/11,,36,لا,75,65,55,45,0
539,M.M.PERFUM KALEMAT 100 ML COPY,0,0,38٫58,0,80,0,70,0,60,0,50,0,2026/05/11,,,,,,,,,,,,,,,074007,COPY,0,,0,M.M.PERFUM,KALEMAT 100 ML,,,,107٫34,0,0,,1,نواقص,99999,,38,,2023/10/12,,,,,,,,2024/09/06,,-1,,,,,ا/عبد الفتاح سمير عبد الفتاح,,,,0,51٫77,38٫58,2021/09/14,,38٫58,لا,80,70,60,50,0
540,M.M.PERFUM MOZHELA NICOLE 100ML COPY,0,0,38٫58,0,80,0,70,0,60,0,50,0,2026/05/11,,,,,,,,,,,,,,,074006,COPY,0,,0,M.M.PERFUM,MOZHELA NICOLE 100ML,,,,107٫34,0,0,,1,نواقص,99999,,38,,2023/03/22,,,,,,,,2024/04/18,,-1,,,,,ا/عبد الفتاح سمير عبد الفتاح,,,,0,51٫77,38٫58,2021/09/14,,38٫58,لا,80,70,60,50,0
541,M.M.PERFUM ONE MAN SHOW COPY,0,0,30٫46,0,60,0,50,0,45,0,40,0,2024/09/06,,,,,,,,,,,,,,,074002,COPY,0,,0,M.M.PERFUM,ONE MAN SHOW,,,,96٫97,0,0,,1,نواقص,99999,,30,,2022/12/01,,,,,,,,2024/09/06,,-1,,,,,ا/عبد الفتاح سمير عبد الفتاح,,,,0,49٫23,30٫46,2021/09/14,,30٫46,لا,60,50,45,40,0
542,M.M.PERFUM SHALIS 100 ML COPY,0,0,38٫58,0,80,0,70,0,60,0,50,0,2026/05/11,,,,,,,,,,,,,,,074003,COPY,0,,0,M.M.PERFUM,SHALIS 100 ML,,,,107٫34,0,0,,1,نواقص,99999,,38,,2023/10/12,,,,,,,,2023/11/01,,-1,,,,,ا/عبد الفتاح سمير عبد الفتاح,,,,0,51٫77,38٫58,2021/09/14,,38٫58,لا,80,70,60,50,0
543,M.M.PERFUM برفانات مشكله,0,0,18,0,40,0,35,0,30,0,25,0,2024/05/08,,,,,,,,,,,,,,,074041,,0,,0,M.M.PERFUM,برفانات مشكله,,,,122٫22,0,0,,1,نواقص,99999,,18,,2024/05/08,,,,,,,,2024/05/08,,-1,,,,,رويال/ادره المخازن,,,,0,55,18,2022/02/11,,18,لا,40,35,30,25,0
544,M.M.PERFUM مجموعه Ideal,0,0,34,0,75,0,60,0,50,0,40,0,2023/12/11,,,,,,,,,,,,,,,074040,,0,,0,M.M.PERFUM,مجموعه Ideal,,,,120٫59,0,0,,1,---,99999,,34,,,,,,,,,,2023/08/06,,-1,,,,,رويال/ادره المخازن,,,,0,54٫67,34,2022/02/11,,34,لا,75,60,50,40,0
37,إجمالي -   M.M.PERFUM,0,0,0,0,0,0,0,0,0,0,0,0,,0,0,0,0,0,0,0,0,0,0,0,0,0,0,,,0,0,0,,,,,,0,0,,,,,,,0,,,,,0,0,0,0,0,,,,,,,,,,,,,,0,,,0,,0,0,0,0,
,,,,,,,,,,,,,,,,,,,,,,,,,,,,,,,,,,,,,,,,,,,,,,,,,,,,,,,,,,,,,,,,,,,,,,,,,,,,,,,
,MAKE-UP,,,,,,,,,,,,,,,,,,,,,,,,,,,,,,,,,MAKE-UP,,,,,,,,,,,,,,,,,,,,,,,,,,,,,,,,,,,,,,,,,,,,,
545,MAKE-UP 48 MAKHMALI EYE SHADOW CHARM MAX,0,0,46٫67,0,75,0,65,0,60,0,52٫5,0,2023/12/11,,,,,,,,,,,,,,,6925615300564,CHARM MAX,0,,0,MAKE-UP,48 MAKHMALI EYE SHADOW,,,,60٫71,0,0,MAKE-UP,1,نواقص,99999,\us\134\pid\817\f132586680616692102042.png,47,,2023/06/17,,,,,,,,2023/06/17,,2,,,#ROYALELCHIM ,"48MAKHMALI,EYE,SHADOW,CHARM,MAX",رويال/ادره المخازن,,,,0,37٫78,47,2022/02/14,48 MAKHMALI EYE SHADOW,46٫67,لا,75,65,60,52٫5,2
546,MAKE-UP \,0,0,0,0,,0,,0,,0,,0,,,,,,,,,,,,,,,,038308,,0,,0,MAKE-UP,\,,,,,0,0,,1,---,99999,,0,,,,,,,,,,,,-1,,,,,,,,,0,,0,,,0,لا,,,,,0
547,MAKE-UP ABZ 2 IN 1,0,0,31٫68,0,55,0,50,0,45,0,40,0,2023/12/11,,,,,,,,,,,,,,,6933885500072,,0,,0,MAKE-UP,ABZ 2 IN 1,,,,73٫62,0,0,,1,نواقص,99999,,30,,2023/10/12,,,,,,,,2023/05/18,,-1,,,,,الاصدقاء,,,,0,42٫4,31٫05,2023/03/04,,31٫68,لا,55,50,45,40,0
548,MAKE-UP ALOE VERA LIPE BALM MISS SWEET,0,0,7,0,15,0,10,0,10,0,8,0,2023/12/11,,,,,,,,,,,,,,,6922946004857,MISS SWEET,0,,0,MAKE-UP,ALOE VERA LIPE BALM,,,,114٫29,0,0,MAKE-UP,1,نواقص,99999,\us\134\pid\692\f132584903289363331365.png,7,,2023/10/12,,,,,,,,2022/05/19,,0,,,#ROYALELCHIM ,"UPALOE,VERA,LIPE,BAL, MIS, SWEET",رصيد اول المده,,,,0,53٫33,7,2021/08/29,UPALOE VERA LIPE BALM,7,لا,15,10,10,8,2
549,MAKE-UP ARTSKIN MATT LIPSTIC,0,0,26٫53,0,50,0,45,0,40,0,35,0,2024/02/19,,,,,,,,,,,,,,,6971354476909,,0,,0,MAKE-UP,ARTSKIN MATT LIPSTIC,,,,88٫49,0,0,,1,---,99999,,26٫46,,,,,,,,,,2024/02/19,,-1,,,,,ميخائيل,,,,0,46٫95,26٫53,2024/02/18,,26٫53,لا,50,45,40,35,0
550,MAKE-UP B.B FOUNDATION PRETTY WOMEN,0,0,38٫34,0,85,0,75,0,55,0,45,0,2023/01/31,,,,,,,,,,,,,,,6223002242498,PRETTY WOMEN,0,,0,MAKE-UP,B.B FOUNDATION,,,,121٫7,0,0,,1,نواقص,99999,,38,,2023/01/31,,,,,,,,2023/01/31,,-1,,,,,ميخائيل نجع حمادي,,,,0,54٫89,38٫34,2022/11/25,,38٫34,لا,85,75,55,45,0
551,MAKE-UP BB CREAM 7 IN 1 EVER BEAUTY,0,0,45,0,75,0,65,0,55,0,50,0,2022/08/03,,,,,,,,,,,,,,,6995175351504,EVER BEAUTY,0,,0,MAKE-UP,BB CREAM 7 IN 1,,,,66٫67,0,0,MAKE-UP,1,نواقص,99999,\us\134\pid\359\f132583188179859113064.png,45,,2022/08/03,,,,,,,,2022/08/03,,1,,,#ROYALELCHIM ,"العنايه,بالبشره,BB,CREAM,7IN1,EVER,BEAUTY",رصيد اول المده,,,,0,40,45,2021/08/29,BB CREAM 7 IN 1,45,لا,75,65,55,50,1
552,MAKE-UP BB CREAM 8 IN 1 SEVEN GIRL,0,0,54٫33,0,90,0,80,0,70,0,60,0,2023/05/21,,,,,,,,,,,,,,,6972243660522,SEVEN GIRL,0,,0,MAKE-UP,BB CREAM 8 IN 1,,,,65٫64,0,0,MAKE-UP,1,نواقص,99999,\us\134\pid\836\f132583184906820749059.png,55,,2022/06/16,,,,,,,,2023/05/21,,0,,,#ROYALELCHIM ,"العنايه,بالبشره,BB,CREAM,8IN1,SEVENGIRL",رويال / اداره المخازن الاقصر,,,,0,39٫63,55,2021/12/01,BB CREAM 8 IN 1,54٫33,لا,90,80,70,60,2
553,MAKE-UP BB FOUNDATION PRETTY WOMAN,0,0,30,0,65,0,55,0,45,0,40,0,2023/12/11,,,,,,,,,,,,,,,038002,PRETTY WOMAN,0,,0,MAKE-UP,BB FOUNDATION,,,,116٫67,0,0,MAKE-UP,1,---,99999,\us\134\pid\828\f132584890862273849355.png,30,,,,,,,,,,,,-9,,,#ROYALELCHIM ,UP BB FOUNDATION PRETTYWOMAN,رصيد اول المده,,,,0,53٫85,30,2021/08/29,BB FOUNDATION,30,لا,65,55,45,40,2
554,MAKE-UP BB FOUNDATION 7*1,0,0,35,0,75,0,60,0,50,0,45,0,2023/12/11,,,,,,,,,,,,,,,038049,,0,,0,MAKE-UP,BB FOUNDATION 7*1,,,,114٫29,0,0,,1,نواقص,99999,,35,,2022/06/16,,,,,,,,2022/06/02,,-1,,,,,رويال / اداره المخازن الاقصر,,,,0,53٫33,35,2021/05/13,,35,لا,75,60,50,45,0
555,MAKE-UP BB ROSE LIPSTICK,0,0,8٫5,0,25,0,20,0,15,0,13,0,2023/12/11,,,,,,,,,,,,,,,6972284101152,,0,,0,MAKE-UP,BB ROSE LIPSTICK,,,,194٫12,0,0,MAKE-UP,1,نواقص,99999,\us\134\pid\827\f132584899890153793361.png,8٫5,,2023/10/12,,,,,,,,2023/01/15,,-45,2021/04/01,10,#ROYALELCHIM ,"UP BB, ROSE,LIPSTICK",رويال / اداره المخازن الاقصر,,,,0,66,8٫5,2021/11/20,UP BB ROSE LIPSTICK,8٫5,لا,25,20,15,13,2
556,MAKE-UP BIODERMA MAX SPF 100,0,0,12٫35,0,40,0,30,0,20,0,13,0,2023/12/11,,,,,,,,,,,,,,,3401573670572,,0,,0,MAKE-UP,BIODERMA MAX SPF 100,,,,223٫99,0,0,منتجات العنايه الشخصيه,1,نواقص,99999,\us\134\pid\812\f132581449410651298949.png,12,,2022/06/16,,,,,,,,,,-15,2021/04/01,10,#ROYALELCHIM ,"العنايه,بالشعر,MAKE-UP,BLODERMA,MAX,SPF,100",رويال/ادره المخازن,,,,0,69٫13,12,2022/02/14,MAKE-UP BIODERMA MAX SPF 100,12٫35,لا,40,30,20,13,1
557,MAKE-UP Blusher Diamond 6 color,0,0,47,0,85,0,75,0,65,0,55,0,2025/06/16,,,,,,,,,,,,,,,038222,Diamond,0,,0,MAKE-UP,Blusher,6 color,,,80٫85,0,0,,1,نواقص,99999,,47,,2025/06/17,,,,,,,,2025/06/16,,-1,,,,,ميخائيل نجع حمادي,,,,0,44٫71,47,2025/03/04,,47,لا,85,75,65,55,0
558,MAKE-UP BLUSHER 2 COLOR M.N,0,0,18,0,30,0,27,0,25,0,21٫5,0,2024/10/08,,,,,,,,,,,,,,,6923859254094,M.N,0,,0,MAKE-UP,BLUSHER 2 COLOR,,,,66٫67,0,0,MAKE-UP,1,نواقص,99999,\us\134\pid\824\f132586607783204594390.png,18,,2024/10/08,,,,,,,,2024/10/08,,2,2024/01/02,10,#ROYALELCHIM ,BLUSHER 2 COLOR M.N,رويال / اداره المخازن الاقصر,,,,0,40,18,2021/11/24,BLUSHER 2 COLOR,18,لا,30,27,25,21٫5,2
559,MAKE-UP BLUSHER 8 COLOR KISS BEAUTY 9556,0,0,27,0,40,0,35,0,32٫5,0,30,0,2023/12/11,,,,,,,,,,,,,,,6903072270163,KISS BEAUTY 9556,0,,0,MAKE-UP,BLUSHER 8 COLOR,,,,48٫15,0,0,MAKE-UP,1,نواقص,99999,\us\134\pid\825\f132586623652993101404.png,27,,2023/10/12,,,,,,,,2023/12/11,,3,,,#ROYALELCHIM ,BLUSHER 8 COLOR KISSBEAUTY 9556,رصيد اول المده,,,,0,32٫5,27,2021/08/28,BLUSHER 8 COLOR,27,لا,40,35,32٫5,30,2
560,MAKE-UP BOURJOIS HEALTHY MIX,0,0,35٫37,0,75,0,65,0,55,0,45,0,2024/04/20,,,,,,,,,,,,,,,521464256456,,0,,0,MAKE-UP,BOURJOIS HEALTHY MIX,,,,112٫07,0,0,,1,نواقص,99999,,35,,2023/03/01,,,,,,,,2023/03/01,,-1,,,,,JO /النزهه الجديده,,,,0,52٫84,35٫37,2021/09/11,,35٫37,لا,75,65,55,45,0
561,MAKE-UP Bourrjois City Radiance 1,0,0,30,0,55,0,45,0,40,0,35,0,2022/06/22,,,,,,,,,,,,,,,3052503563107,1,0,,0,MAKE-UP,Bourrjois City Radiance,,,,83٫33,0,0,,1,نواقص,99999,,30,,2022/06/16,,,,,,,,2022/06/22,,-1,,,,,رويال/ادره المخازن,,,,0,45٫45,30,2022/02/14,,30,لا,55,45,40,35,0
562,MAKE-UP Bourrjois City Radiance 2,0,0,30,0,55,0,45,0,40,0,35,0,2022/06/12,,,,,,,,,,,,,,,3052503563206,2,0,,0,MAKE-UP,Bourrjois City Radiance,,,,83٫33,0,0,,1,نواقص,99999,,30,,2022/06/14,,,,,,,,2022/06/12,,-1,,,,,رويال/ادره المخازن,,,,0,45٫45,30,2022/02/14,,30,لا,55,45,40,35,0
563,MAKE-UP Bourrjois City Radiance 3,0,0,30,0,55,0,45,0,40,0,35,0,2022/07/04,,,,,,,,,,,,,,,3052503563305,3,0,,0,MAKE-UP,Bourrjois City Radiance,,,,83٫33,0,0,,1,نواقص,99999,,30,,2022/06/16,,,,,,,,2022/07/04,,-1,,,,,رويال/ادره المخازن,,,,0,45٫45,30,2022/02/14,,30,لا,55,45,40,35,0
564,MAKE-UP Bravo Blusher,0,0,20,0,35,0,30,0,25,0,23,0,2022/11/25,,,,,,,,,,,,,,,038058,,0,,0,MAKE-UP,Bravo Blusher,,,,75,0,0,,1,نواقص,99999,,20,,2022/11/25,,,,,,,,2022/11/25,,-1,,,,,رويال / اداره المخازن الاقصر,,,,0,42٫86,20,2022/04/06,,20,لا,35,30,25,23,0
565,MAKE-UP BROSE BLUSHER,0,0,24٫14,0,30,0,28,0,27,0,25,0,2024/07/15,,,,,,,,,,,,,,,6972284102371,,0,,0,MAKE-UP,BROSE BLUSHER,,,,24٫27,0,0,MAKE-UP,1,---,99999,\us\134\pid\821\f132584920546839095463.png,15,,2023/10/12,,,,,,,,2024/07/15,,6,,,#ROYALELCHIM ,"UP, BROSE,BLUSHER",رويال/ادره المخازن,,,,0,19٫53,15,2022/04/06,UP BROSE BLUSHER,24٫14,لا,30,28,27,25,2
566,MAKE-UP CATRICE 2 BLUSHER,0,0,5,0,10,0,9,0,8,0,7٫5,0,2022/07/03,,,,,,,,,,,,,,,1234567891118,,0,,0,MAKE-UP,CATRICE 2 BLUSHER,,,,100,0,0,,1,نواقص,99999,,5,,2022/06/16,,,,,,,,2022/07/03,,-1,,,,,ميخائيل نجع حمادي,,,,0,50,5,2021/05/13,,5,لا,10,9,8,7٫5,0
567,MAKE-UP CHARM MAX,0,0,25,0,75,0,65,0,55,0,50,0,2023/09/13,,,,,,,,,,,,,,,6925615300557,,0,,0,MAKE-UP,CHARM MAX,,,,200,0,0,,1,نواقص,99999,,25,,2023/01/28,,,,,,,,2023/09/13,,-1,,,,,,,,,0,66٫67,25,2022/12/07,,25,لا,75,65,55,50,0
568,MAKE-UP CHEEK PALETTE MINI STAR 55086,0,0,45٫31,0,75,0,65,0,55,0,50,0,2023/12/11,,,,,,,,,,,,,,,038031,MINI STAR 55086,0,,0,MAKE-UP,CHEEK PALETTE,,,,65٫51,0,0,,1,نواقص,99999,,45,,2022/11/19,,,,,,,,2022/11/17,,-1,,,,,رويال / اداره المخازن الاقصر,,,,0,39٫58,45,2021/11/24,,45٫31,لا,75,65,55,50,0
569,MAKE-UP CINEMA POWDER BB,0,0,22٫5,0,45,0,35,0,30,0,27,0,2022/08/13,,,,,,,,,,,,,,,6903072247189,BB,0,,0,MAKE-UP,CINEMA POWDER,,,,100,0,0,,1,نواقص,99999,,22٫5,,2022/08/14,,,,,,,,2022/08/13,,-1,,,,,رويال/ادره المخازن,,,,0,50,22٫5,2022/02/14,,22٫5,لا,45,35,30,27,0
570,MAKE-UP Colour Pop 18,0,0,20,0,45,0,40,0,35,0,30,0,2023/07/26,,,,,,,,,,,,,,,6225000279216,,0,,0,MAKE-UP,Colour Pop 18,,,,125,0,0,,1,نواقص,99999,,20,,2023/07/27,,,,,,,,2023/07/26,,-1,,,,,,,,,0,55٫56,20,2022/07/26,,20,لا,45,40,35,30,0
571,MAKE-UP COMPACT POWDER M.n,0,0,60,0,100,0,95,0,90,0,80,0,2025/12/01,,,,,,,,,,,,,,,038287,M.n,0,,0,MAKE-UP,COMPACT POWDER,,,,66٫67,0,0,,1,نواقص,99999,,60,,2025/12/01,,,,,,,,2025/12/01,,-1,,,,,ميخائيل نجع حمادي,,,,0,40,60,2025/11/04,,60,لا,100,95,90,80,0
572,MAKE-UP CONCEALER FIT ME,0,0,20,0,40,0,35,0,30,0,25,0,2022/04/29,,,,,,,,,,,,,,,038131,FIT ME,0,,0,MAKE-UP,CONCEALER,,,,100,0,0,,1,نواقص,99999,,20,,2022/04/29,,,,,,,,2022/04/29,,-1,,,,,JO /النزهه الجديده,,,,0,50,20,2022/02/20,,20,لا,40,35,30,25,0
573,MAKE-UP CONCEALER MAYBELLINE,0,0,32,0,55,0,50,0,45,0,40,0,2022/02/20,,,,,,,,,,,,,,,041554259254,MAYBELLINE,0,,0,MAKE-UP,CONCEALER,,,,71٫88,0,0,,1,نواقص,99999,,32,,2021/11/11,,,,,,,,2022/02/20,,-1,,,,,ميخائيل نجع حمادي,,,,0,41٫82,32,2021/11/09,,32,لا,55,50,45,40,0
574,MAKE-UP CONCEALER SEPHORA,0,0,20,0,40,0,35,0,30,0,25,0,2023/12/11,,,,,,,,,,,,,,,3378872019749,SEPHORA,0,,0,MAKE-UP,CONCEALER,,,,100,0,0,,1,نواقص,99999,,20,,2023/10/12,,,,,,,,2022/07/22,,-1,,,,,JO /النزهه الجديده,,,,0,50,20,2022/02/20,,20,لا,40,35,30,25,0
575,MAKE-UP Conceler Ti Me,0,0,0,0,20,0,17,0,12٫5,0,11,0,,,,,,,,,,,,,,,,010039,,0,,0,MAKE-UP,Conceler Ti Me,,,,,0,0,MAKE-UP,1,نواقص,99999,,0,,2021/07/14,,,,,,,,,,-1,,,,,,,,,0,,0,,,0,لا,20,17,12٫5,11,0
576,MAKE-UP CURLED LASHES علي ستاند,0,0,11٫25,0,20,0,17,0,14,0,12٫5,0,2023/12/11,,,,,,,,,,,,,,,038023,علي ستاند,0,,0,MAKE-UP,CURLED LASHES,,,,77٫78,0,0,,1,نواقص,99999,,11٫25,,2023/10/12,,,,,,,,2022/08/04,,-1,,,,,العروسه,,,,0,43٫75,11٫25,2021/09/02,,11٫25,لا,20,17,14,12٫5,0
577,MAKE-UP DAYNAMIC PEN MIGHT CINEMA,0,0,16٫5,0,35,0,30,0,25,0,22,0,2023/12/11,,,,,,,,,,,,,,,038147,,0,,0,MAKE-UP,DAYNAMIC PEN MIGHT CINEMA,,,,112٫12,0,0,,1,نواقص,99999,,16٫5,,2023/10/12,,,,,,,,2022/11/27,,-1,,,,,ميخائيل نجع حمادي,,,,0,52٫86,16٫5,2022/08/04,,16٫5,لا,35,30,25,22,0
578,MAKE-UP Deep Liner,0,0,42,0,80,0,70,0,65,0,60,0,2026/01/20,,,,,,,,,,,,,,,6923859203016,,0,,0,MAKE-UP,Deep Liner,,,,90٫48,0,0,,1,نواقص,99999,,42,,2026/01/20,,,,,,,,2026/01/20,,-1,,,,,محمد حافظ / مايت سينما,,,,0,47٫5,42,2025/12/13,,42,لا,80,70,65,60,0
579,MAKE-UP Deep Liner Pretty,0,0,25,0,45,0,40,0,35,0,30,0,2023/08/09,,,,,,,,,,,,,,,6223002242450,Pretty,0,,0,MAKE-UP,Deep Liner,,,,80,0,0,,1,نواقص,99999,,25,,2023/08/03,,,,,,,,2023/08/09,,-1,,,,,ميخائيل نجع حمادي,,,,0,44٫44,25,2023/06/13,,25,لا,45,40,35,30,0
580,MAKE-UP Depliner Preetywomen,0,0,23٫21,0,50,0,45,0,35,0,27٫5,0,2023/12/11,,,,,,,,,,,,,,,6223002242443,Preetywomen,0,,0,MAKE-UP,Depliner,,,,115٫46,0,0,,1,---,99999,,23,,,,,,,,,,2022/11/27,,-1,,,,,ميخائيل نجع حمادي,,,,0,53٫59,23٫21,2022/11/25,,23٫21,لا,50,45,35,27٫5,0
581,MAKE-UP DIAMOND LIPGLOSS 24H,0,0,12,0,25,0,20,0,17٫5,0,15,0,2023/12/11,,,,,,,,,,,,,,,6956871758448,,0,,0,MAKE-UP,DIAMOND LIPGLOSS 24H,,,,108٫33,0,0,MAKE-UP,1,---,99999,,12,,,,,,,,,,2023/03/07,,-22,2021/04/01,10,#ROYALELCHIM ,"UP,DIAMOND,LIPGLOS,24H العناي, بالبشره",رويال/ادره المخازن,,,,0,52,12,2022/02/14,UP DIAMONDLIPGLOS24H,12,لا,25,20,17٫5,15,0
582,MAKE-UP DIBLINER E475,0,0,16,0,35,0,30,0,25,0,20,0,2022/08/06,,,,,,,,,,,,,,,6923859202736,,0,,0,MAKE-UP,DIBLINER E475,,,,118٫75,0,0,,1,نواقص,99999,,16,,2022/08/06,,,,,,,,2022/08/06,,-1,,,,,,,,,0,54٫29,16,2022/08/06,,16,لا,35,30,25,20,0
583,MAKE-UP Dip Liner Benefit,0,0,30٫45,0,50,0,45,0,40,0,35,0,2026/05/11,,,,,,,,,,,,,,,038230,Benefit,0,,0,MAKE-UP,Dip Liner,,,,64٫2,0,0,,1,نواقص,99999,,30,,2024/04/22,,,,,,,,2024/04/22,,-1,,,,,JO /النزهه الجديده,,,,0,39٫1,30,2023/12/28,,30٫45,لا,50,45,40,35,0
584,MAKE-UP DYNAMIC LIQUID WITH STAR M.N,0,0,29٫68,0,50,0,45,0,40,0,35,0,2023/12/11,,,,,,,,,,,,,,,6923859202675,WITH STAR,0,,0,MAKE-UP,DYNAMIC LIQUID,M.N,,,68٫47,0,0,,1,نواقص,99999,,30,,2022/06/16,,,,,,,,2022/06/11,,-1,,,,,علي عبد الشافي,,,,0,40٫64,29٫68,2022/02/22,,29٫68,لا,50,45,40,35,0
585,MAKE-UP DYNAMIC LIQUIDEYELINER M.N,0,0,19٫86,0,40,0,35,0,30,0,27٫5,0,2023/12/11,,,,,,,,,,,,,,,6923859255862,M.N,0,,0,MAKE-UP,DYNAMIC LIQUIDEYELINER,,,,101٫46,0,0,MAKE-UP,1,نواقص,99999,\us\134\pid\371\f132545220051956626086.jpg,19,,2022/06/16,,,,,,,,2022/06/09,,3,,,#MAKE-UP ,"DYNAMIC, EYE ,LINER,MAKE-UP,MN,DEFINATION,CONTROL",رويال / اداره المخازن الاقصر,,,,0,50٫36,19,2021/12/01,DYNAMIC LIQUID EYELINER,19٫86,لا,40,35,30,27٫5,4
586,MAKE-UP E402 ديلينر M.N,0,0,22٫7,0,40,0,35,0,30,0,25,0,2022/08/22,,,,,,,,,,,,,,,6923859200428,M.N,0,,0,MAKE-UP,E402 ديلينر,,,,76٫21,0,0,,1,نواقص,99999,,23,,2021/12/14,,,,,,,,2022/03/29,,-1,,,,,رويال / اداره المخازن الاقصر,,,,0,43٫25,23,2021/12/01,,22٫7,لا,40,35,30,25,0
587,MAKE-UP Ellizabeth Helen مثبتى مكياج,0,0,120,0,200,0,190,0,185,0,175,0,2023/08/20,,,,,,,,,,,,,,,6281056379522,مثبتى مكياج,0,,0,MAKE-UP,Ellizabeth Helen,,,,66٫67,0,0,,1,نواقص,99999,,120,,2023/08/20,,,,,,,,2023/08/20,,-1,,,,,مايكل ثروت / مايت سينما,,,,0,40,120,2023/08/10,,120,لا,200,190,185,175,0
588,MAKE-UP Eshadow 10 COLOR BRONZ,0,0,82٫81,0,150,0,145,0,135,0,125,0,2026/05/11,,,,,,,,,,,,,,,6933495861280,BRONZ,0,,0,MAKE-UP,Eshadow 10 COLOR,,,,81٫13,0,0,,1,نواقص,99999,,80,,2023/04/19,,,,,,,,2023/05/16,,-1,,,,,الاصدقاء,,,,0,44٫79,82٫81,2023/03/04,,82٫81,لا,150,145,135,125,0
589,MAKE-UP Essence i Love Extrem,0,0,18,0,35,0,30,0,25,0,20,0,2022/08/22,,,,,,,,,,,,,,,6223002746903,,0,,0,MAKE-UP,Essence i Love Extrem,,,,94٫44,0,0,,1,---,99999,,18,,,,,,,,,,,,-1,,,,,رصيد اول المده,,,,0,48٫57,18,2021/08/29,,18,لا,35,30,25,20,0
590,MAKE-UP ESSENCE MASCARA,0,0,13٫33,0,30,0,25,0,20,0,15,0,2023/12/11,,,,,,,,,,,,,,,038116,,0,,0,MAKE-UP,ESSENCE MASCARA,,,,125,0,0,,1,نواقص,99999,,13٫33,,2022/06/16,,,,,,,,2022/04/30,,-1,,,,,شركة / ساندرا /حازم,,,,0,55٫56,13٫33,2021/12/14,,13٫33,لا,30,25,20,15,0
591,MAKE-UP ESSENCE MASCARA EXTREME,0,0,18٫75,0,40,0,35,0,30,0,23,0,2023/12/11,,,,,,,,,,,,,,,038146,EXTREME,0,,0,MAKE-UP,ESSENCE MASCARA,,,,113٫33,0,0,,1,نواقص,99999,,18٫75,,2022/10/28,,,,,,,,2022/10/28,,-1,,,,,ميخائيل نجع حمادي,,,,0,53٫13,18٫75,2022/08/04,,18٫75,لا,40,35,30,23,0
592,MAKE-UP ESSENCE PRIMER HIGH COPY,0,0,31٫43,0,70,0,60,0,50,0,40,0,2023/12/11,,,,,,,,,,,,,,,038114,HIGH COPY,0,,0,MAKE-UP,ESSENCE PRIMER,,,,122٫73,0,0,,1,نواقص,99999,,30,,2023/07/27,,,,,,,,2023/07/26,,-1,,,,,,,,,0,55٫1,30,2022/07/26,,31٫43,لا,70,60,50,40,0
593,MAKE-UP EVER BEAUTY 3d,0,0,45,0,90,0,80,0,75,0,65,0,2023/12/09,,,,,,,,,,,,,,,6995175353386,3d,0,,0,MAKE-UP,EVER BEAUTY,,,,100,0,0,,1,نواقص,99999,,45,,2023/05/08,,,,,,,,2023/12/09,,-1,,,,,ميخائيل نجع حمادي,,,,0,50,45,2022/08/29,,45,لا,90,80,75,65,0
594,MAKE-UP EVER BEAUTY 8*1,0,0,30,0,60,0,55,0,40,0,35,0,2022/04/09,,,,,,,,,,,,,,,6995175351023,8*1,0,,0,MAKE-UP,EVER BEAUTY,,,,100,0,0,,1,نواقص,99999,,30,,2022/04/12,,,,,,,,2022/04/09,,-1,,,,,JO /النزهه الجديده,,,,0,50,30,2022/02/20,,30,لا,60,55,40,35,0
595,MAKE-UP EVER BEAUTY B.B كريم خافي,0,0,40,0,90,0,80,0,75,0,65,0,2023/02/03,,,,,,,,,,,,,,,6995175352402,B.B,0,,0,MAKE-UP,EVER BEAUTY,كريم خافي,,,125,0,0,,1,نواقص,99999,,40,,2023/02/04,,,,,,,,2023/02/03,,-1,,,,,JO /النزهه الجديده,,,,0,55٫56,40,2022/10/06,,40,لا,90,80,75,65,0
596,MAKE-UP EVER BEAUTY B.B HELTHY MIX,0,0,50,0,100,0,90,0,80,0,65,0,2023/05/19,,,,,,,,,,,,,,,6995175353294,B.B HELTHY MIX,0,,0,MAKE-UP,EVER BEAUTY,,,,100,0,0,,1,نواقص,99999,,50,,2023/05/19,,,,,,,,2023/05/19,,-1,,,,,JO /النزهه الجديده,,,,0,50,50,2022/10/06,,50,لا,100,90,80,65,0
597,MAKE-UP EVER BEAUTY Bb,0,0,45,0,90,0,80,0,75,0,65,0,2023/02/24,,,,,,,,,,,,,,,6995175352419,Bb,0,,0,MAKE-UP,EVER BEAUTY,,,,100,0,0,,1,نواقص,99999,,45,,2023/02/25,,,,,,,,2023/02/24,,-1,,,,,ميخائيل نجع حمادي,,,,0,50,45,2022/08/29,,45,لا,90,80,75,65,0
598,MAKE-UP EVER BEAUTY Collagen,0,0,65٫33,0,130,0,120,0,110,0,100,0,2023/12/11,,,,,,,,,,,,,,,6995175351849,Collagen,0,,0,MAKE-UP,EVER BEAUTY,,,,98٫98,0,0,,1,نواقص,99999,,70,,2023/12/09,,,,,,,,2023/12/09,,-1,,,,,ميخائيل نجع حمادي,,,,0,49٫74,70,2023/12/04,,65٫33,لا,130,120,110,100,0
599,MAKE-UP EVER BEAUTY FIT SKIN,0,0,54٫48,0,100,0,90,0,80,0,62٫5,0,2022/11/27,,,,,,,,,,,,,,,6995175354222,FIT SKIN,0,,0,MAKE-UP,EVER BEAUTY,,,,83٫54,0,0,,1,---,99999,,54,,,,,,,,,,2022/11/27,,-1,,,,,ميخائيل نجع حمادي,,,,0,45٫52,54٫48,2022/11/25,,54٫48,لا,100,90,80,62٫5,0
600,MAKE-UP EVER BEAUTY Gold Waves,0,0,45,0,90,0,80,0,75,0,65,0,2022/08/31,,,,,,,,,,,,,,,6995175352693,Gold Waves,0,,0,MAKE-UP,EVER BEAUTY,,,,100,0,0,,1,نواقص,99999,,45,,2022/08/31,,,,,,,,2022/08/31,,-1,,,,,ميخائيل نجع حمادي,,,,0,50,45,2022/08/29,,45,لا,90,80,75,65,0
601,MAKE-UP EVER BEAUTY HD,0,0,57٫5,0,85,0,80,0,75,0,65,0,2025/02/28,,,,,,,,,,,,,,,6995175352204,HD,0,,0,MAKE-UP,EVER BEAUTY,,,,47٫83,0,0,,1,نواقص,99999,,57٫5,,2025/02/28,,,,,,,,2025/02/28,,-1,,,,,JO /النزهه الجديده,,,,0,32٫35,57٫5,2022/02/20,,57٫5,لا,85,80,75,65,0
602,MAKE-UP EVER BEAUTY Healthy Mix,0,0,42٫38,0,90,0,80,0,75,0,65,0,2023/12/11,,,,,,,,,,,,,,,6995175352334,Healthy Mix,0,,0,MAKE-UP,EVER BEAUTY,,,,112٫36,0,0,,1,نواقص,99999,,40,,2023/05/15,,,,,,,,2023/05/15,,-1,,,,,JO /النزهه الجديده,,,,0,52٫91,40,2022/10/06,,42٫38,لا,90,80,75,65,0
603,MAKE-UP EVER BEAUTY IVORY,0,0,50٫52,0,85,0,75,0,65,0,57,0,2023/12/11,,,,,,,,,,,,,,,6905621041392,IVORY,0,,0,MAKE-UP,EVER BEAUTY,,,,68٫24,0,0,,1,نواقص,99999,,50,,2023/07/13,,,,,,,,2023/07/13,,-1,,,,,JO /النزهه الجديده,,,,0,40٫56,50٫52,2021/09/11,,50٫52,لا,85,75,65,57,0
604,MAKE-UP EVER BEAUTY Magic Skin,0,0,40,0,90,0,80,0,75,0,65,0,2023/01/05,,,,,,,,,,,,,,,6995175351184,Magic Skin,0,,0,MAKE-UP,EVER BEAUTY,,,,125,0,0,,1,نواقص,99999,,40,,2023/01/05,,,,,,,,2023/01/05,,-1,,,,,JO /النزهه الجديده,,,,0,55٫56,40,2022/10/06,,40,لا,90,80,75,65,0
605,MAKE-UP EVER BEAUTY SOFT MATTE 237E,0,0,35,0,75,0,60,0,50,0,45,0,2022/09/17,,,,,,,,,,,,,,,6995175352372,SOFT MATTE 237E,0,,0,MAKE-UP,EVER BEAUTY,,,,114٫29,0,0,,1,نواقص,99999,,35,,2022/09/20,,,,,,,,2022/09/17,,-1,,,,,رويال / اداره المخازن الاقصر,,,,0,53٫33,35,2021/05/13,,35,لا,75,60,50,45,0
606,MAKE-UP EVER BEAUTY STAY,0,0,60,0,85,0,80,0,75,0,65,0,2023/07/08,,,,,,,,,,,,,,,6995175353171,STAY,0,,0,MAKE-UP,EVER BEAUTY,,,,41٫67,0,0,,1,نواقص,99999,,60,,2023/07/08,,,,,,,,2023/07/08,,-1,,,,,JO /النزهه الجديده,,,,0,29٫41,60,2022/02/20,,60,لا,85,80,75,65,0
607,MAKE-UP EVER BEAUTY SUN50 TUBE,0,0,30,0,65,0,55,0,45,0,35,0,2022/09/17,,,,,,,,,,,,,,,6995175350163,SUN50,0,,0,MAKE-UP,EVER BEAUTY,TUBE,,,116٫67,0,0,,1,نواقص,99999,,30,,2022/09/20,,,,,,,,2022/09/17,,-1,,,,,JO /النزهه الجديده,,,,0,53٫85,30,2022/02/20,,30,لا,65,55,45,35,0
608,MAKE-UP EVER BEAUTY الاميرات,0,0,75,0,115,0,105,0,95,0,85,0,2025/04/02,,,,,,,,,,,,,,,6995175354536,الاميرات,0,,0,MAKE-UP,EVER BEAUTY,,,,53٫33,0,0,,1,---,99999,,75,,,,,,,,,,2025/04/02,,-1,,,,,ميخائيل نجع حمادي,,,,0,34٫78,75,2025/01/12,,75,لا,115,105,95,85,0
609,MAKE-UP EVER BEAUTY Bb Bb Matte,0,0,66,0,90,0,80,0,75,0,70,0,2023/12/11,,,,,,,,,,,,,,,6995175351627,Bb Matte,0,,0,MAKE-UP,EVER BEAUTY Bb,,,,36٫36,0,0,,1,نواقص,99999,,66,,2023/10/12,,,,,,,,2023/09/04,,-1,,,,,ميخائيل نجع حمادي,,,,0,26٫67,66,2023/08/22,,66,لا,90,80,75,70,0
610,MAKE-UP EVER BEAUTY DEEP LINER,0,0,25٫8,0,55,0,45,0,40,0,32,0,2023/12/11,,,,,,,,,,,,,,,6922965185148,,0,,0,MAKE-UP,EVER BEAUTY DEEP LINER,,,,113٫18,0,0,,1,نواقص,99999,,25,,2023/10/12,,,,,,,,2022/10/18,,-1,,,,,ميخائيل نجع حمادي,,,,0,53٫09,25,2022/09/26,,25٫8,لا,55,45,40,32,0
611,MAKE-UP EVER BEAUTY DEEP LINER 3D,0,0,26٫5,0,55,0,50,0,45,0,32,0,2023/12/11,,,,,,,,,,,,,,,6903610711929,3D,0,,0,MAKE-UP,EVER BEAUTY DEEP LINER,,,,107٫55,0,0,,1,نواقص,99999,,26٫5,,2023/10/12,,,,,,,,2022/10/29,,-1,,,,,ميخائيل نجع حمادي,,,,0,51٫82,26٫5,2022/08/04,,26٫5,لا,55,50,45,32,0
612,MAKE-UP EVER BEAUTY FOUNDATION BB,0,0,45,0,90,0,80,0,70,0,50,0,2023/12/11,,,,,,,,,,,,,,,038149,BB,0,,0,MAKE-UP,EVER BEAUTY FOUNDATION,,,,100,0,0,,1,نواقص,99999,,45,,2023/10/12,,,,,,,,2023/09/17,,-1,,,,,ميخائيل نجع حمادي,,,,0,50,45,2022/08/04,,45,لا,90,80,70,50,0
613,MAKE-UP EXTREME EYESHADOW CREAM MIGHT CINEMA,0,0,11,0,25,0,20,0,17٫5,0,15,0,2024/06/30,,,,,,,,,,,,,,,010035,MIGHT CINEMA,0,,0,MAKE-UP,EXTREME EYESHADOW CREAM,,,,127٫27,0,0,MAKE-UP,1,نواقص,708,\us\134\pid\693\f132584915881556112459.png,11,,2023/10/12,,,,,,,,2024/06/30,,13,,10,#ROYALELCHIM ,"EXTREME,EYSHDOW,CREAM,MIGHT,CINEMA",رصيد اول المده,,,,0,56,11,2021/08/29,EXTREME EYSHDOW CREAM,11,لا,25,20,17٫5,15,2
614,MAKE-UP EXTRME CURL MASCRA,0,0,26٫14,0,50,0,45,0,40,0,35,0,2023/12/11,,,,,,,,,,,,,,,6923859254940,,0,,0,MAKE-UP,EXTRME CURL MASCRA,,,,91٫25,0,0,MAKE-UP,1,نواقص,99999,\us\134\pid\370\f132586420554845387009.png,25,,2023/04/08,,,,,,,,2023/05/07,,-1,2024/01/01,10,#ROYALELCHIM ,EXTRME CURL MASCRA,محمود السقاري,,,,0,47٫71,25,2023/03/01,EXTRME CURL MASCRA,26٫14,لا,50,45,40,35,1
615,MAKE-UP EYE BROW 2*1,0,0,13٫5,0,20,0,18,0,16,0,15,0,2023/12/11,,,,,,,,,,,,,,,038050,,0,,0,MAKE-UP,EYE BROW 2*1,,,,48٫15,0,0,,1,نواقص,99999,,13٫5,,2022/06/16,,,,,,,,2022/02/04,,-1,,,,,رويال / اداره المخازن الاقصر,,,,0,32٫5,13٫5,2021/05/13,,13٫5,لا,20,18,16,15,0
616,MAKE-UP EYE BROW CAKE POWDER MISS ROSE,0,0,25,0,40,0,35,0,30,0,27٫5,0,2024/08/20,,,,,,,,,,,,,,,6953743360433,MISS ROSE,0,,0,MAKE-UP,EYE BROW CAKE POWDER,,,,60,0,0,MAKE-UP,1,نواقص,99999,\us\134\pid\814\f132586620439482118400.png,25,,2024/08/21,,,,,,,,2024/08/20,,10,,,#ROYALELCHIM ,",EYEBROW,CAKE,POWDER,MISS,ROSE",رصيد اول المده,,,,0,37٫5,25,2021/08/29,EYE BROW CAKE POWDER,25,لا,40,35,30,27٫5,2
617,MAKE-UP EYE BROW POWDER &CREAM,0,0,20,0,35,0,30,0,25,0,22٫5,0,2023/12/11,,,,,,,,,,,,,,,6953743315419,,0,,0,MAKE-UP,EYE BROW POWDER &CREAM,,,,75,0,0,MAKE-UP,1,نواقص,99999,\us\134\pid\816\f132587256902151097065.png,20,,2023/01/14,,,,,,,,2023/08/13,,2,,,#ROYALELCHIM ,EYEBROW POWDER CREAM,رصيد اول المده,,,,0,42٫86,20,2021/08/28,EYE BROW POWDER CREAM,20,لا,35,30,25,22٫5,2
618,MAKE-UP EYE LINER+SEAL M.K.W,0,0,20,0,40,0,35,0,30,0,22,0,2022/08/22,,,,,,,,,,,,,,,6954621589960,M.K.W,0,,0,MAKE-UP,EYE LINER+SEAL,,,,100,0,0,MAKE-UP,1,---,99999,\us\134\pid\376\f132585773205251405283.png,20,,,,,,,,,,2021/09/14,,-9,2021/04/01,10,#ROYALELCHIM ,"MAKE-UP,COLLECTION,EYELINER+SEAL M.K,W",رصيد اول المده,,,,0,50,20,2021/08/29,EYE LINER+SEAL,20,لا,40,35,30,22,1
619,MAKE-UP EYE SAHADOW RUBY ROSE,0,0,50,0,100,0,90,0,80,0,75,0,2024/10/24,,,,,,,,,,,,,,,038266,,0,,0,MAKE-UP,EYE SAHADOW RUBY ROSE,,,,100,0,0,,1,نواقص,99999,,50,,2024/10/24,,,,,,,,2024/10/24,,-1,,,,,محمد حافظ / مايت سينما,,,,0,50,50,2024/10/19,,50,لا,100,90,80,75,0
620,MAKE-UP Eye Shadow For Ever52,0,0,500,0,750,0,700,0,650,0,600,0,2024/11/23,,,,,,,,,,,,,,,3592495963061,For Ever52,0,,0,MAKE-UP,Eye Shadow,,,,50,0,0,,1,نواقص,99999,,500,,2024/11/23,,,,,,,,2024/11/23,,-1,,,,,مايكل ثروت / مايت سينما,,,,0,33٫33,500,2023/08/10,,500,لا,750,700,650,600,0
621,MAKE-UP Eye Shadow Lareen 8 Color,0,0,65٫98,0,120,0,110,0,100,0,90,0,2024/09/23,,,,,,,,,,,,,,,6933495861303,Lareen,0,,0,MAKE-UP,Eye Shadow,8 Color,,,81٫89,0,0,,1,نواقص,99999,,65,,2024/09/23,,,,,,,,2024/09/23,,-1,,,,,JO /النزهه الجديده,,,,0,45٫02,65٫98,2023/12/28,,65٫98,لا,120,110,100,90,0
622,MAKE-UP Eye Shadow Lareen 18 Color,0,0,142٫1,0,220,0,200,0,190,0,175,0,2024/01/01,,,,,,,,,,,,,,,6933495862331,Lareen,0,,0,MAKE-UP,Eye Shadow,18 Color,,,54٫82,0,0,,1,نواقص,99999,,140,,2024/01/01,,,,,,,,2024/01/01,,-1,,,,,JO /النزهه الجديده,,,,0,35٫41,142٫1,2023/12/28,,142٫1,لا,220,200,190,175,0
623,MAKE-UP Eye Shadow Lareen 18 Color جلتير,0,0,172٫55,0,250,0,230,0,210,0,200,0,2024/06/21,,,,,,,,,,,,,,,6933495861235,Lareen,0,,0,MAKE-UP,Eye Shadow,18 Color جلتير,,,44٫89,0,0,,1,نواقص,99999,,170,,2024/06/22,,,,,,,,2024/06/21,,-1,,,,,JO /النزهه الجديده,,,,0,30٫98,172٫55,2023/12/28,,172٫55,لا,250,230,210,200,0
624,MAKE-UP Eye Shadow Lareen 24 Color,0,0,172٫55,0,250,0,230,0,210,0,200,0,2024/06/30,,,,,,,,,,,,,,,6933495920178,Lareen,0,,0,MAKE-UP,Eye Shadow,24 Color,,,44٫89,0,0,,1,نواقص,99999,,170,,2024/06/30,,,,,,,,2024/06/30,,-1,,,,,JO /النزهه الجديده,,,,0,30٫98,172٫55,2023/12/28,,172٫55,لا,250,230,210,200,0
625,MAKE-UP Eye Shadow Lareen 25 COLOR,0,0,172٫55,0,250,0,240,0,230,0,210,0,2024/06/23,,,,,,,,,,,,,,,6933495920161,Lareen,0,,0,MAKE-UP,Eye Shadow,25 COLOR,,,44٫89,0,0,,1,نواقص,99999,,170,,2024/06/23,,,,,,,,2024/06/23,,-1,,,,,JO /النزهه الجديده,,,,0,30٫98,172٫55,2023/12/28,,172٫55,لا,250,240,230,210,0
626,MAKE-UP Eye Shadow Lareen 28 Color,0,0,182٫7,0,270,0,260,0,240,0,220,0,2024/04/22,,,,,,,,,,,,,,,6933495890457,Lareen,0,,0,MAKE-UP,Eye Shadow,28 Color,,,47٫78,0,0,,1,نواقص,99999,,180,,2024/04/22,,,,,,,,2024/04/22,,-1,,,,,JO /النزهه الجديده,,,,0,32٫33,182٫7,2023/12/28,,182٫7,لا,270,260,240,220,0
627,MAKE-UP Eye Shadow Lareen 33 Color,0,0,238٫53,0,375,0,350,0,320,0,275,0,2024/06/19,,,,,,,,,,,,,,,6933495874891,Lareen,0,,0,MAKE-UP,Eye Shadow,33 Color,,,57٫22,0,0,,1,نواقص,99999,,235,,2024/06/20,,,,,,,,2024/06/19,,-1,,,,,JO /النزهه الجديده,,,,0,36٫39,238٫53,2023/12/28,,238٫53,لا,375,350,320,275,0
628,MAKE-UP Eye Shadow Lareen BLUSHER & HIGHLIGHT,0,0,126٫88,0,200,0,180,0,170,0,160,0,2024/07/05,,,,,,,,,,,,,,,6958741900155,Lareen,0,,0,MAKE-UP,Eye Shadow,BLUSHER & HIGHLIGHT,,,57٫64,0,0,,1,نواقص,99999,,125,,2024/07/05,,,,,,,,2024/07/05,,-1,,,,,JO /النزهه الجديده,,,,0,36٫56,126٫88,2023/12/28,,126٫88,لا,200,180,170,160,0
629,MAKE-UP Eye Shadow Lareen G006,0,0,162٫4,0,250,0,230,0,210,0,200,0,2024/12/04,,,,,,,,,,,,,,,6933495861211,Lareen,0,,0,MAKE-UP,Eye Shadow,G006,,,53٫94,0,0,,1,نواقص,99999,,160,,2023/12/29,,,,,,,,2024/12/04,,-1,,,,,JO /النزهه الجديده,,,,0,35٫04,162٫4,2023/12/28,,162٫4,لا,250,230,210,200,0
630,MAKE-UP Eye Shadow Lareen G080,0,0,203,0,300,0,285,0,260,0,250,0,2024/08/08,,,,,,,,,,,,,,,6933495863772,Lareen,0,,0,MAKE-UP,Eye Shadow,G080,,,47٫78,0,0,,1,نواقص,99999,,200,,2024/08/09,,,,,,,,2024/08/08,,-1,,,,,JO /النزهه الجديده,,,,0,32٫33,203,2023/12/28,,203,لا,300,285,260,250,0
631,MAKE-UP EYE SHADOW BOOK PRETTY WOMEN,0,0,65,0,100,0,90,0,85,0,75,0,2023/05/25,,,,,,,,,,,,,,,038001,PRETTY WOMEN,0,,0,MAKE-UP,EYE SHADOW BOOK,,,,53٫85,0,0,,1,نواقص,99999,,65,,2023/05/26,,,,,,,,2023/05/25,,-1,,,,,رويال/ادره المخازن,,,,0,35,65,2022/02/14,,65,لا,100,90,85,75,0
632,MAKE-UP EYE SHDOW 6 color,0,0,20,0,35,0,30,0,25,0,22٫5,0,2023/12/11,,,,,,,,,,,,,,,038000,,0,,0,MAKE-UP,EYE SHDOW 6 color,,,,75,0,0,MAKE-UP,1,نواقص,99999,\us\134\pid\815\f132586612917094080396.png,20,,2023/06/08,,,,,,,,2023/06/08,,-15,2021/04/01,10,#ROYALELCHIM ,EYESHDOW 6 COlOR,رويال/ادره المخازن,,,,0,42٫86,20,2022/02/14,EYE SHDOW 6 COlOR,20,لا,35,30,25,22٫5,2
633,MAKE-UP EYEBROW Gel,0,0,0,0,70,0,65,0,50,0,45,0,,,,,,,,,,,,,,,,8852463883636,,0,,0,MAKE-UP,EYEBROW Gel,,,,,0,0,,1,نواقص,99999,,0,,2021/07/14,,,,,,,,,,-1,,,,,,,,,0,,0,,,0,لا,70,65,50,45,0
634,MAKE-UP Eyebrow Pencil بنى,0,0,16٫5,0,25,0,23,0,20,0,18,0,2024/01/01,,,,,,,,,,,,,,,038208,بنى,0,,0,MAKE-UP,Eyebrow Pencil,,,,51٫52,0,0,,1,نواقص,99999,,16٫5,,2024/01/01,,,,,,,,2024/01/01,,-1,,,,,ميخائيل نجع حمادي,,,,0,34,16٫5,2023/07/18,,16٫5,لا,25,23,20,18,0
635,MAKE-UP EYELINER E473,0,0,11٫87,0,30,0,25,0,20,0,15,0,2022/06/08,,,,,,,,,,,,,,,6923859202699,,0,,0,MAKE-UP,EYELINER E473,,,,152٫7,0,0,,1,نواقص,99999,,12,,2022/06/01,,,,,,,,2022/06/08,,-1,,,,,علي عبد الشافي,,,,0,60٫43,11٫87,2022/02/22,,11٫87,لا,30,25,20,15,0
636,MAKE-UP Eyeliner Ever Beauty,0,0,50,0,70,0,65,0,60,0,55,0,2024/12/02,,,,,,,,,,,,,,,6946038692272,,0,,0,MAKE-UP,Eyeliner Ever Beauty,,,,40,0,0,,1,نواقص,99999,,50,,2024/12/02,,,,,,,,2024/12/02,,-1,,,,,ميخائيل نجع حمادي,,,,0,28٫57,50,2024/09/03,,50,لا,70,65,60,55,0
637,MAKE-UP EYELINR MATTE E466,0,0,21٫86,0,45,0,40,0,30,0,25,0,2023/12/11,,,,,,,,,,,,,,,6923859202620,E466,0,,0,MAKE-UP,EYELINR MATTE,,,,105٫9,0,0,,1,نواقص,99999,,22,,2023/10/12,,,,,,,,2023/08/13,,-1,,,,,ميخائيل نجع حمادي,,,,0,51٫43,22,2023/04/25,,21٫86,لا,45,40,30,25,0
638,MAKE-UP EYESHADOW 12 COLOR,0,0,0,0,65,0,50,0,45,0,40,0,,,,,,,,,,,,,,,,010006,,0,,0,MAKE-UP,EYESHADOW 12 COLOR,,,,,0,0,,1,---,99999,,0,,,,,,,,,,,,-1,,,,,,,,,0,,0,,,0,لا,65,50,45,40,0
639,MAKE-UP EYESHADOW 9 COLOR PRETTY WOMEN,0,0,20,0,35,0,30,0,25,0,22٫5,0,2023/12/11,,,,,,,,,,,,,,,6223002243259,PRETTY WOMEN,0,,0,MAKE-UP,EYESHADOW 9 COLOR,,,,75,0,0,MAKE-UP,1,نواقص,99999,\us\134\pid\823\f132586604612939470386.png,20,,2022/09/30,,,,,,,,2022/09/30,,3,,10,#ROYALELCHIM ,EYESHADOW 9 COLOR,رويال/ادره المخازن,,,,0,42٫86,20,2022/02/14,EYESHADOW 9 COLOR,20,لا,35,30,25,22٫5,2
640,MAKE-UP EYESHADOW DODOROSE,0,0,134٫57,0,250,0,220,0,190,0,175,0,2024/07/01,,,,,,,,,,,,,,,6972285321764,,0,,0,MAKE-UP,EYESHADOW DODOROSE,,,,85٫78,0,0,,1,نواقص,99999,,130,,2024/07/01,,,,,,,,2024/07/01,,-1,,,,,الاصدقاء,,,,0,46٫17,134٫57,2023/03/04,,134٫57,لا,250,220,190,175,0
641,MAKE-UP Eyeshadow M.N 11 Color,0,0,64٫96,0,120,0,110,0,100,0,90,0,2024/05/10,,,,,,,,,,,,,,,6923859203573,11 Color,0,,0,MAKE-UP,Eyeshadow M.N,,,,84٫73,0,0,,1,نواقص,99999,,64,,2024/05/10,,,,,,,,2024/05/10,,-1,,,,,JO /النزهه الجديده,,,,0,45٫87,64٫96,2023/12/28,,64٫96,لا,120,110,100,90,0
642,MAKE-UP Eyeshadow M.N 15 Color,0,0,64٫96,0,120,0,110,0,100,0,90,0,2024/03/20,,,,,,,,,,,,,,,6923859203566,15 Color,0,,0,MAKE-UP,Eyeshadow M.N,,,,84٫73,0,0,,1,نواقص,99999,,64,,2024/03/20,,,,,,,,2024/03/20,,-1,,,,,JO /النزهه الجديده,,,,0,45٫87,64٫96,2023/12/28,,64٫96,لا,120,110,100,90,0
643,MAKE-UP Eyeshadow M.N Menow 18 Color,0,0,100,0,150,0,140,0,130,0,120,0,2024/04/13,,,,,,,,,,,,,,,6923859202484,Menow,0,,0,MAKE-UP,Eyeshadow M.N,18 Color,,,50,0,0,,1,نواقص,99999,,100,,2024/04/13,,,,,,,,2024/04/13,,-1,,,,,ميخائيل نجع حمادي,,,,0,33٫33,100,2023/12/26,,100,لا,150,140,130,120,0
644,MAKE-UP EYLINER E468 M.N,0,0,20٫02,0,50,0,45,0,35,0,25,0,2023/12/11,,,,,,,,,,,,,,,6923859202569,M.N,0,,0,MAKE-UP,EYLINER E468,,,,149٫71,0,0,,1,نواقص,99999,,21٫5,,2023/10/12,,,,,,,,2023/01/25,,-1,,,,,ميخائيل نجع حمادي,,,,0,59٫95,21٫5,2023/01/10,,20٫02,لا,50,45,35,25,0
645,MAKE-UP FAST BROW TINED BROW GEL,0,0,22٫43,0,35,0,30,0,27٫5,0,25,0,2023/12/11,,,,,,,,,,,,,,,6970379998304,,0,,0,MAKE-UP,FAST BROW TINED BROW GEL,,,,56٫05,0,0,MAKE-UP,1,نواقص,99999,,25,,2022/04/27,,,,,,,,2023/08/05,,-20,2021/04/01,10,#ROYALELCHIM ,"UP FAS, BROW,TINED,BROW, GOL العنايه بالبشره",,,,,0,35٫92,25,2021/09/14,UP FAST BROW TINED BROW GOL,22٫43,لا,35,30,27٫5,25,0
646,MAKE-UP Fit Me Maybelline Orignal,0,0,55٫83,0,250,0,230,0,200,0,180,0,2024/01/08,,,,,,,,,,,,,,,3600531369361,Maybelline,0,,0,MAKE-UP,Fit Me,Orignal,,,347٫83,0,0,,1,نواقص,99999,,55,,2024/01/08,,,,,,,,2024/01/08,,-1,,,,,JO /النزهه الجديده,,,,0,77٫67,55٫83,2023/12/28,,55٫83,لا,250,230,200,180,0
647,MAKE-UP Fitme Matt,0,0,35,0,75,0,70,0,65,0,60,0,2022/08/06,,,,,,,,,,,,,,,041554433432,,0,,0,MAKE-UP,Fitme Matt,,,,114٫29,0,0,,1,نواقص,99999,,35,,2022/08/09,,,,,,,,2022/08/06,,-1,,,,,,,,,0,53٫33,35,2022/07/26,,35,لا,75,70,65,60,0
648,MAKE-UP Flormar Nailpolish,0,0,8٫07,0,20,0,15,0,12,0,10,0,2022/11/27,,,,,,,,,,,,,,,8690604474332,,0,,0,MAKE-UP,Flormar Nailpolish,,,,147٫78,0,0,,1,---,99999,,8,,,,,,,,,,2022/11/27,,-1,,,,,ميخائيل نجع حمادي,,,,0,59٫64,8٫07,2022/11/25,,8٫07,لا,20,15,12,10,0
649,MAKE-UP FOR EVER كونتور وبلاشر,0,0,101٫5,0,220,0,200,0,180,0,160,0,2025/09/29,,,,,,,,,,,,,,,038244,,0,,0,MAKE-UP,FOR EVER كونتور وبلاشر,,,,116٫75,0,0,,1,نواقص,99999,,100,,2025/09/30,,,,,,,,2025/09/29,,-1,,,,,JO /النزهه الجديده,,,,0,53٫86,101٫5,2023/12/28,,101٫5,لا,220,200,180,160,0
650,MAKE-UP FOUNDATION 24h,0,0,80,0,130,0,120,0,110,0,100,0,2026/05/15,,,,,,,,,,,,,,,6923859200039,24h,0,,0,MAKE-UP,FOUNDATION,,,,62٫5,0,0,,1,نواقص,99999,,80,,2024/06/06,,,,,,,,2024/06/06,,-1,,,,,ميخائيل نجع حمادي,,,,0,38٫46,80,2023/12/12,,80,لا,130,120,110,100,0
651,MAKE-UP FOUNDATION 400 ML,0,0,42٫5,0,80,0,70,0,60,0,50,0,2022/02/27,,,,,,,,,,,,,,,6923859201234,400 ML,0,,0,MAKE-UP,FOUNDATION,,,,88٫24,0,0,MAKE-UP,1,نواقص,99999,\us\134\pid\809\f132584879320140896211.png,40,,2022/03/03,,,,,,,,2022/02/27,,1,,,#ROYALELCHIM ,"العنايه,بالبشرهUP,FOUN,ATION,400,ML",رصيد اول المده,,,,0,46٫88,40,2021/08/29,UP FOUNDATION,42٫5,لا,80,70,60,50,2
652,MAKE-UP FOUNDATION Ever Beauty Bb Cream,0,0,101٫5,0,180,0,160,0,155,0,130,0,2024/05/18,,,,,,,,,,,,,,,6995175354512,Ever Beauty,0,,0,MAKE-UP,FOUNDATION,Bb Cream,,,77٫34,0,0,,1,نواقص,99999,,100,,2024/05/18,,,,,,,,2024/05/18,,-1,,,,,JO /النزهه الجديده,,,,0,43٫61,101٫5,2023/12/28,,101٫5,لا,180,160,155,130,0
653,MAKE-UP FOUNDATION Ever Beauty CAVIAR,0,0,120,0,220,0,200,0,180,0,160,0,2026/03/29,,,,,,,,,,,,,,,6995175351108,Ever Beauty,0,,0,MAKE-UP,FOUNDATION,CAVIAR,,,83٫33,0,0,,1,نواقص,99999,,120,,2026/04/02,,,,,,,,2026/03/29,,-1,,,,,ميخائيل نجع حمادي,,,,0,45٫45,120,2025/10/21,,120,لا,220,200,180,160,0
654,MAKE-UP FOUNDATION Ever Beauty Hd,0,0,101٫5,0,170,0,160,0,150,0,130,0,2025/07/19,,,,,,,,,,,,,,,6995175352150,Ever Beauty,0,,0,MAKE-UP,FOUNDATION,Hd,,,67٫49,0,0,,1,نواقص,99999,,100,,2025/07/19,,,,,,,,2025/07/19,,-1,,,,,JO /النزهه الجديده,,,,0,40٫29,101٫5,2023/12/28,,101٫5,لا,170,160,150,130,0
655,MAKE-UP FOUNDATION L'chear,0,0,110,0,190,0,180,0,170,0,160,0,2025/08/10,,,,,,,,,,,,,,,6923055519232,L'chear,0,,0,MAKE-UP,FOUNDATION,,,,72٫73,0,0,,1,نواقص,99999,,110,,2025/08/11,,,,,,,,2025/08/10,,-1,,,,,ميخائيل نجع حمادي,,,,0,42٫11,110,2025/07/22,,110,لا,190,180,170,160,0
656,MAKE-UP FOUNDATION LEDY,0,0,48٫21,0,120,0,100,0,80,0,70,0,2023/12/28,,,,,,,,,,,,,,,038248,LEDY,0,,0,MAKE-UP,FOUNDATION,,,,148٫9,0,0,,1,---,99999,,47٫5,,,,,,,,,,2023/12/28,,-1,,,,,JO /النزهه الجديده,,,,0,59٫82,48٫21,2023/12/28,,48٫21,لا,120,100,80,70,0
657,MAKE-UP FOUNDATION M.n Bb,0,0,85,0,170,0,150,0,130,0,110,0,2025/09/27,,,,,,,,,,,,,,,6923859205522,M.n,0,,0,MAKE-UP,FOUNDATION,Bb,,,100,0,0,,1,نواقص,99999,,85,,2025/09/27,,,,,,,,2025/09/27,,-1,,,,,ميخائيل نجع حمادي,,,,0,50,85,2025/09/16,,85,لا,170,150,130,110,0
658,MAKE-UP FOUNDATION Rose Gold Gr-179,0,0,116٫67,0,190,0,180,0,175,0,170,0,2025/09/12,,,,,,,,,,,,,,,6977674201276,Rose Gold,0,,0,MAKE-UP,FOUNDATION,Gr-179,,,62٫86,0,0,,1,نواقص,99999,,120,,2025/09/12,,,,,,,,2025/09/12,,-1,,,,,ميخائيل نجع حمادي,,,,0,38٫6,120,2025/07/22,,116٫67,لا,190,180,175,170,0
659,MAKE-UP FOUNDATION Snow Bright 5*1,0,0,81٫2,0,155,0,145,0,135,0,125,0,2024/03/25,,,,,,,,,,,,,,,038238,Snow Bright,0,,0,MAKE-UP,FOUNDATION,5*1,,,90٫89,0,0,,1,نواقص,99999,,80,,2024/03/25,,,,,,,,2024/03/25,,-1,,,,,JO /النزهه الجديده,,,,0,47٫61,81٫2,2023/12/28,,81٫2,لا,155,145,135,125,0
660,MAKE-UP FOUNDATION Snow Bright Bb,0,0,81٫2,0,155,0,145,0,135,0,125,0,2024/09/30,,,,,,,,,,,,,,,038237,Snow Bright,0,,0,MAKE-UP,FOUNDATION,Bb,,,90٫89,0,0,,1,نواقص,99999,,80,,2024/09/30,,,,,,,,2024/09/30,,-1,,,,,JO /النزهه الجديده,,,,0,47٫61,81٫2,2023/12/28,,81٫2,لا,155,145,135,125,0
661,MAKE-UP FOUNDATION Snow Bright Hd,0,0,81٫2,0,155,0,145,0,135,0,125,0,2024/07/02,,,,,,,,,,,,,,,038239,Snow Bright,0,,0,MAKE-UP,FOUNDATION,Hd,,,90٫89,0,0,,1,---,99999,,80,,,,,,,,,,2024/07/02,,-1,,,,,JO /النزهه الجديده,,,,0,47٫61,81٫2,2023/12/28,,81٫2,لا,155,145,135,125,0
662,MAKE-UP FOUNDATION Anastasia,0,0,55,0,110,0,90,0,80,0,70,0,2026/05/15,,,,,,,,,,,,,,,038153,,0,,0,MAKE-UP,FOUNDATION Anastasia,,,,100,0,0,,1,نواقص,99999,,55,,2023/02/13,,,,,,,,2023/02/13,,-1,,,,,JO /النزهه الجديده,,,,0,50,55,2022/10/06,,55,لا,110,90,80,70,0
663,MAKE-UP FOUNDATION CREAM JO CARE,0,0,8,0,25,0,20,0,15,0,13,0,2023/12/11,,,,,,,,,,,,,,,6224007644539,JO CARE,0,,0,MAKE-UP,FOUNDATION CREAM,,,,212٫5,0,0,MAKE-UP,1,---,99999,\us\134\pid\374\f132583177428381641021.png,8,,,,,,,,,,,,-12,2021/04/01,10,#ROYALELCHIM ,"العنايه,بالبشره,FOUNDATION,CREAM,JO,CARE",رويال/ادره المخازن,,,,0,68,8,2022/04/07,FOUNDATION CREAM,8,لا,25,20,15,13,2
664,MAKE-UP FOUNDATION Kiko,0,0,81٫2,0,150,0,140,0,130,0,120,0,2024/04/29,,,,,,,,,,,,,,,6987952023100,,0,,0,MAKE-UP,FOUNDATION Kiko,,,,84٫73,0,0,,1,نواقص,99999,,80,,2024/04/29,,,,,,,,2024/04/29,,-1,,,,,JO /النزهه الجديده,,,,0,45٫87,81٫2,2023/12/28,,81٫2,لا,150,140,130,120,0
665,MAKE-UP FOUNDATION Kiko 15spf,0,0,81٫2,0,150,0,140,0,130,0,120,0,2024/05/03,,,,,,,,,,,,,,,6979564920434,15spf,0,,0,MAKE-UP,FOUNDATION Kiko,,,,84٫73,0,0,,1,نواقص,99999,,80,,2024/05/03,,,,,,,,2024/05/03,,-1,,,,,JO /النزهه الجديده,,,,0,45٫87,81٫2,2023/12/28,,81٫2,لا,150,140,130,120,0
666,MAKE-UP FOUNDATION Mac,0,0,81٫2,0,160,0,145,0,135,0,125,0,2026/05/15,,,,,,,,,,,,,,,6356354523622,,0,,0,MAKE-UP,FOUNDATION Mac,,,,97٫04,0,0,,1,نواقص,99999,,80,,2024/06/11,,,,,,,,2024/06/11,,-1,,,,,JO /النزهه الجديده,,,,0,49٫25,81٫2,2023/12/28,,81٫2,لا,160,145,135,125,0
667,MAKE-UP FOUNDATION Pretty Woman Bb,0,0,75,0,140,0,130,0,120,0,100,0,2024/04/21,,,,,,,,,,,,,,,6222154520225,Bb,0,,0,MAKE-UP,FOUNDATION Pretty Woman,,,,86٫67,0,0,,1,نواقص,99999,,75,,2024/04/21,,,,,,,,2024/04/21,,-1,,,,,ميخائيل نجع حمادي,,,,0,46٫43,75,2024/04/16,,75,لا,140,130,120,100,0
668,MAKE-UP FOUNDATION Revolution,0,0,66٫94,0,125,0,100,0,90,0,85,0,2023/10/07,,,,,,,,,,,,,,,5005475211451,,0,,0,MAKE-UP,FOUNDATION Revolution,,,,86٫74,0,0,,1,نواقص,99999,,62٫5,,2023/10/07,,,,,,,,2023/10/07,,-1,,,,,محمود السقاري,,,,0,46٫45,62٫5,2023/03/01,,66٫94,لا,125,100,90,85,0
669,MAKE-UP FOUNDATION Solitaire,0,0,50٫75,0,110,0,95,0,85,0,75,0,2024/07/08,,,,,,,,,,,,,,,6903072396177,,0,,0,MAKE-UP,FOUNDATION Solitaire,,,,116٫75,0,0,,1,نواقص,99999,,50,,2024/07/08,,,,,,,,2024/07/08,,-1,,,,,JO /النزهه الجديده,,,,0,53٫86,50٫75,2023/12/28,,50٫75,لا,110,95,85,75,0
670,MAKE-UP FOUNDATION ZOEVA,0,0,52٫5,0,105,0,90,0,80,0,70,0,2023/12/11,,,,,,,,,,,,,,,038155,,0,,0,MAKE-UP,FOUNDATION ZOEVA,,,,100,0,0,,1,نواقص,99999,,52٫5,,2023/02/25,,,,,,,,2023/02/24,,-1,,,,,JO /النزهه الجديده,,,,0,50,52٫5,2022/10/06,,52٫5,لا,105,90,80,70,0
671,MAKE-UP GOLDZAN SERUM,0,0,50,0,85,0,75,0,65,0,60,0,2023/06/01,,,,,,,,,,,,,,,038187,,0,,0,MAKE-UP,GOLDZAN SERUM,,,,70,0,0,,1,نواقص,99999,,50,,2023/06/02,,,,,,,,2023/06/01,,-1,,,,,ميخائيل نجع حمادي,,,,0,41٫18,50,2023/03/06,,50,لا,85,75,65,60,0
672,MAKE-UP HIGH BEAM,0,0,20,0,35,0,30,0,25,0,22,0,2026/05/15,,,,,,,,,,,,,,,602004070142,,0,,0,MAKE-UP,HIGH BEAM,,,,75,0,0,,1,نواقص,99999,,20,,2022/10/29,,,,,,,,2022/10/28,,-1,,,,,رويال/ادره المخازن,,,,0,42٫86,20,2022/02/14,,20,لا,35,30,25,22,0
673,MAKE-UP HIGH COPY FOUNDATION,0,0,30,0,65,0,55,0,45,0,35,0,2023/12/11,,,,,,,,,,,,,,,038113,,0,,0,MAKE-UP,HIGH COPY FOUNDATION,,,,116٫67,0,0,,1,نواقص,99999,,30,,2023/10/12,,,,,,,,2023/03/25,,-1,,,,,رويال/ادره المخازن,,,,0,53٫85,30,2022/02/14,,30,لا,65,55,45,35,0
674,MAKE-UP HIGH COPY FOUNDATION HD,0,0,27٫5,0,60,0,50,0,40,0,33,0,2023/12/11,,,,,,,,,,,,,,,038112,HD,0,,0,MAKE-UP,HIGH COPY FOUNDATION,,,,118٫18,0,0,,1,نواقص,99999,,27٫5,,2022/06/16,,,,,,,,2022/04/21,,-1,,,,,رويال/ادره المخازن,,,,0,54٫17,27٫5,2022/02/14,,27٫5,لا,60,50,40,33,0
675,MAKE-UP HIGH COPY MASCARA,0,0,12٫5,0,25,0,20,0,18,0,14,0,2023/12/11,,,,,,,,,,,,,,,038117,,0,,0,MAKE-UP,HIGH COPY MASCARA,,,,100,0,0,,1,نواقص,99999,,12٫5,,2023/10/12,,,,,,,,2022/08/25,,-1,,,,,رويال/ادره المخازن,,,,0,50,12٫5,2022/02/14,,12٫5,لا,25,20,18,14,0
676,MAKE-UP HIGH LIGHTER 6color,0,0,28,0,55,0,50,0,45,0,35,0,2023/05/16,,,,,,,,,,,,,,,038156,6color,0,,0,MAKE-UP,HIGH LIGHTER,,,,96٫43,0,0,,1,نواقص,99999,,28,,2023/04/18,,,,,,,,2023/05/16,,-1,,,,,ميخائيل نجع حمادي,,,,0,49٫09,28,2022/11/14,,28,لا,55,50,45,35,0
677,MAKE-UP HIGH LIGHTER Bb,0,0,8,0,15,0,13,0,12,0,10,0,2023/12/11,,,,,,,,,,,,,,,038121,Bb,0,,0,MAKE-UP,HIGH LIGHTER,,,,87٫5,0,0,,1,نواقص,1230,,8,,2022/06/16,,,,,,,,2023/01/25,,-1,,,,,رويال / اداره المخازن الاقصر,,,,0,46٫67,8,2021/12/29,,8,لا,15,13,12,10,0
678,MAKE-UP HIGH LIGHTER Ever Beauty H.D,0,0,27٫5,0,45,0,40,0,35,0,30,0,2022/09/26,,,,,,,,,,,,,,,038152,Ever Beauty,0,,0,MAKE-UP,HIGH LIGHTER,H.D,,,63٫64,0,0,,1,نواقص,99999,,27٫5,,2022/09/27,,,,,,,,2022/09/26,,-1,,,,,ميخائيل نجع حمادي,,,,0,38٫89,27٫5,2022/09/14,,27٫5,لا,45,40,35,30,0
679,MAKE-UP High Lighter Prettywomen,0,0,30٫27,0,65,0,55,0,45,0,37٫5,0,2024/02/22,,,,,,,,,,,,,,,6223002245932,Prettywomen,0,,0,MAKE-UP,High Lighter,,,,114٫74,0,0,,1,نواقص,99999,,30,,2023/02/13,,,,,,,,2024/02/22,,-1,,,,,ميخائيل نجع حمادي,,,,0,53٫43,30٫27,2022/11/25,,30٫27,لا,65,55,45,37٫5,0
680,MAKE-UP HIGH LIGHTER 2COLOR _2 BB HUDABEAUTY,0,0,15,0,25,0,22,0,20,0,17٫5,0,2022/06/11,,,,,,,,,,,,,,,010025,BB HUDABEAUTY,0,,0,MAKE-UP,HIGH LIGHTER 2COLOR _2,,,,66٫67,0,0,,1,نواقص,99999,,15,,2022/06/11,,,,,,,,2022/06/11,,-1,,,,,رصيد اول المده,,,,0,40,15,2021/08/29,,15,لا,25,22,20,17٫5,0
681,MAKE-UP HIGH LIGHTER 2COLOR -0 BB HUDABEAUTY,0,0,15,0,25,0,22,0,20,0,17٫5,0,2022/05/16,,,,,,,,,,,,,,,010027,BB HUDABEAUTY,0,,0,MAKE-UP,HIGH LIGHTER 2COLOR -0,,,,66٫67,0,0,,1,نواقص,99999,,15,,2022/05/18,,,,,,,,2022/05/16,,-1,,,,,رويال / اداره المخازن الاقصر,,,,0,40,15,2021/12/29,,15,لا,25,22,20,17٫5,0
682,MAKE-UP HIGH LIGHTER 2COLOR -1 BB HUDABEAUTY,0,0,15,0,25,0,22,0,20,0,17٫5,0,2022/08/22,,,,,,,,,,,,,,,010026,BB HUDABEAUTY,0,,0,MAKE-UP,HIGH LIGHTER 2COLOR -1,,,,66٫67,0,0,,1,نواقص,99999,,15,,2022/05/27,,,,,,,,2022/05/26,,-1,,,,,رصيد اول المده,,,,0,40,15,2021/08/29,,15,لا,25,22,20,17٫5,0
683,MAKE-UP HIGH LIGHTER 2COLOR -3 BB HUDABEAUTY,0,0,15,0,25,0,22,0,20,0,17٫5,0,2022/05/03,,,,,,,,,,,,,,,010024,BB HUDABEAUTY,0,,0,MAKE-UP,HIGH LIGHTER 2COLOR -3,,,,66٫67,0,0,,1,نواقص,99999,,15,,2022/05/04,,,,,,,,2022/05/03,,-1,,,,,رصيد اول المده,,,,0,40,15,2021/08/29,,15,لا,25,22,20,17٫5,0
684,MAKE-UP HIGH LIGHTER 2COLOR -4 BB HUDABEAUTY,0,0,15,0,25,0,22,0,20,0,17٫5,0,2022/07/17,,,,,,,,,,,,,,,010023,BB HUDABEAUTY,0,,0,MAKE-UP,HIGH LIGHTER 2COLOR -4,,,,66٫67,0,0,,1,نواقص,99999,,15,,2022/06/16,,,,,,,,2022/07/17,,-1,,,,,رصيد اول المده,,,,0,40,15,2021/08/29,,15,لا,25,22,20,17٫5,0
685,MAKE-UP HIGH LIGHTER 4COLOR -1 BB HUDA BEAUTY,0,0,17٫5,0,30,0,26,0,22,0,20,0,2023/12/11,,,,,,,,,,,,,,,010028,BB HUDA BEAUTY,0,,0,MAKE-UP,HIGH LIGHTER 4COLOR -1,,,,71٫43,0,0,MAKE-UP,1,نواقص,99999,\us\134\pid\683\f132587231946702358029.png,17٫5,,2022/06/16,,,,,,,,2022/01/06,,-6,2021/04/01,10,#ROYALELCHIM ,HIGH LIGHTER 4 COLOR -1 BB,رويال / اداره المخازن الاقصر,,,,0,41٫67,17٫5,2021/12/29,HIGH LIGHTER 4 COLOR -1,17٫5,لا,30,26,22,20,1
686,MAKE-UP HIGH LIGHTER 4COLOR -2 BB HUDABEAUTY,0,0,17٫5,0,30,0,26,0,22,0,20,0,2022/01/06,,,,,,,,,,,,,,,010029,BB HUDABEAUTY,0,,0,MAKE-UP,HIGH LIGHTER 4COLOR -2,,,,71٫43,0,0,,1,---,99999,,17٫5,,,,,,,,,,2022/01/06,,-1,,,,,رصيد اول المده,,,,0,41٫67,17٫5,2021/08/29,,17٫5,لا,30,26,22,20,0
687,MAKE-UP HIGHLIGHT AND CONTOUR COLOR 01,0,0,20,0,40,0,35,0,30,0,25,0,2023/03/28,,,,,,,,,,,,,,,6955699771011,COLOR 01,0,,0,MAKE-UP,HIGHLIGHT AND CONTOUR,,,,100,0,0,,1,نواقص,99999,,20,,2023/03/29,,,,,,,,2023/03/28,,-1,,,,,رويال/ادره المخازن,,,,0,50,20,2022/02/14,,20,لا,40,35,30,25,0
688,MAKE-UP HIGHLIGHT AND CONTOUR COLOR 02,0,0,20,0,40,0,35,0,30,0,25,0,2022/07/22,,,,,,,,,,,,,,,038020,COLOR 02,0,,0,MAKE-UP,HIGHLIGHT AND CONTOUR,,,,100,0,0,,1,نواقص,99999,,20,,2022/01/12,,,,,,,,2022/07/22,,-1,,,,,رويال/ادره المخازن,,,,0,50,20,2022/02/14,,20,لا,40,35,30,25,0
689,MAKE-UP HIGHLIGHT AND CONTOUR COLOR 03,0,0,20,0,40,0,35,0,30,0,25,0,2022/03/20,,,,,,,,,,,,,,,038021,COLOR 03,0,,0,MAKE-UP,HIGHLIGHT AND CONTOUR,,,,100,0,0,,1,نواقص,99999,,20,,2021/12/02,,,,,,,,2022/03/20,,-1,,,,,رويال/ادره المخازن,,,,0,50,20,2022/02/14,,20,لا,40,35,30,25,0
690,MAKE-UP HIGHLIGHT AND CONTOUR COLOR 04,0,0,20,0,40,0,35,0,30,0,25,0,2022/08/29,,,,,,,,,,,,,,,038022,COLOR 04,0,,0,MAKE-UP,HIGHLIGHT AND CONTOUR,,,,100,0,0,,1,نواقص,99999,,20,,2022/08/29,,,,,,,,2022/08/29,,-1,,,,,رويال/ادره المخازن,,,,0,50,20,2022/02/14,,20,لا,40,35,30,25,0
691,MAKE-UP Highlighter Diamond,0,0,58٫6,0,85,0,80,0,70,0,65,0,2025/12/04,,,,,,,,,,,,,,,038221,Diamond,0,,0,MAKE-UP,Highlighter,,,,45٫05,0,0,,1,نواقص,99999,,59,,2025/09/09,,,,,,,,2025/12/04,,-1,,,,,ميخائيل نجع حمادي,,,,0,31٫06,59,2025/09/09,,58٫6,لا,85,80,70,65,0
692,MAKE-UP Highlighter Lareen,0,0,160,0,250,0,230,0,200,0,180,0,2025/06/24,,,,,,,,,,,,,,,6972476700163,Lareen,0,,0,MAKE-UP,Highlighter,,,,56٫25,0,0,,1,نواقص,99999,,160,,2025/06/24,,,,,,,,2025/06/24,,-1,,,,,مايكل ثروت / مايت سينما,,,,0,36,160,2023/08/10,,160,لا,250,230,200,180,0
693,MAKE-UP HYDRA LIFE BB CREAM M.N,0,0,29٫5,0,55,0,50,0,40,0,32٫5,0,2022/07/22,,,,,,,,,,,,,,,6923859252960,M.N,0,,0,MAKE-UP,HYDRA LIFE BB CREAM,,,,86٫44,0,0,MAKE-UP,1,نواقص,99999,\us\134\pid\833\f132583200441110670125.png,30,,2022/06/16,,,,,,,,2022/07/22,,1,,,#ROYALELCHIM ,"العنايه,بالبشره,HYDRA,LIFE,BB,CREAM,M.N",رصيد اول المده,,,,0,46٫36,30,2021/08/29,HYDRA LIFE BB CREAM,29٫5,لا,55,50,40,32٫5,1
694,MAKE-UP Karite Glow,0,0,35٫31,0,60,0,50,0,45,0,40,0,2023/12/11,,,,,,,,,,,,,,,6903072378166,,0,,0,MAKE-UP,Karite Glow,,,,69٫91,0,0,,1,نواقص,99999,,35,,2023/10/12,,,,,,,,2023/09/07,,-1,,,,,ميخائيل نجع حمادي,,,,0,41٫14,35٫31,2022/11/25,,35٫31,لا,60,50,45,40,0
695,MAKE-UP KIKO MILANO كريم اساس+مارفل 6YDDA,0,0,51٫96,0,110,0,90,0,80,0,70,0,2023/12/11,,,,,,,,,,,,,,,607845064336,6YDDA,0,,0,MAKE-UP,KIKO MILANO كريم اساس+مارفل,,,,111٫7,0,0,,1,نواقص,99999,,55,,2023/02/22,,,,,,,,2023/02/22,,-1,,,,,JO /النزهه الجديده,,,,0,52٫76,55,2022/10/06,,51٫96,لا,110,90,80,70,0
696,MAKE-UP Kiss Beauty Mtte Lipstci,0,0,10,0,20,0,18,0,15,0,13,0,2023/12/11,,,,,,,,,,,,,,,038015,Mtte Lipstci,0,,0,MAKE-UP,Kiss Beauty,,,,100,0,0,,1,نواقص,99999,,10,,2023/10/12,,,,,,,,2023/01/31,,-1,,,,,رصيد اول المده,,,,0,50,10,2021/08/29,,10,لا,20,18,15,13,0
697,MAKE-UP KISS BEAUTY BLUSHER,0,0,25,0,45,0,40,0,35,0,30,0,2023/12/11,,,,,,,,,,,,,,,038053,,0,,0,MAKE-UP,KISS BEAUTY BLUSHER,,,,80,0,0,,1,نواقص,1146,,25,,2021/12/14,,,,,,,,2023/04/19,,-1,,,,,رويال / اداره المخازن الاقصر,,,,0,44٫44,25,2021/05/13,,25,لا,45,40,35,30,0
698,MAKE-UP Kiss Beauty Makeup Remover,0,0,55,0,90,0,80,0,75,0,65,0,2024/05/19,,,,,,,,,,,,,,,6903072334254,,0,,0,MAKE-UP,Kiss Beauty Makeup Remover,,,,63٫64,0,0,,1,نواقص,99999,,55,,2024/05/20,,,,,,,,2024/05/19,,-1,,,,,ميخائيل نجع حمادي,,,,0,38٫89,55,2022/11/14,,55,لا,90,80,75,65,0
699,MAKE-UP Last Look Lipgloss 7006,0,0,32٫08,0,60,0,55,0,50,0,45,0,2026/01/24,,,,,,,,,,,,,,,795697170852,7006,0,,0,MAKE-UP,Last Look Lipgloss,,,,87٫01,0,0,,1,نواقص,99999,,32٫08,,2025/10/07,,,,,,,,2026/01/24,,-1,,,,,Mahmoud Kilani,,,,0,46٫53,32٫08,2025/07/11,,32٫08,لا,60,55,50,45,0
700,MAKE-UP Lip Gloss Romantic Bird,0,0,15,0,35,0,30,0,20,0,18,0,2023/12/11,,,,,,,,,,,,,,,6971204781863,Romantic Bird,0,,0,MAKE-UP,Lip Gloss,,,,133٫33,0,0,MAKE-UP,1,نواقص,99999,,15,,2023/10/12,,,,,,,,2023/09/17,,-20,2021/04/01,10,#ROYALELCHIM ,"UP LIP,GIOS, ROMANTI,BIRD العنايه بالبشره",رصيد اول المده,,,,0,57٫14,15,2021/08/29,UP LIP GIOSS ROMANTI BIRD,15,لا,35,30,20,18,0
701,MAKE-UP Lip Gloss ROMANTIC-0513,0,0,34٫18,0,65,0,60,0,55,0,50,0,2026/05/15,,,,,,,,,,,,,,,038251,ROMANTIC-0513,0,,0,MAKE-UP,Lip Gloss,,,,90٫19,0,0,,1,---,99999,,33٫96,,,,,,,,,,2025/12/26,,-1,,,,,ميخائيل نجع حمادي,,,,0,47٫42,34٫18,2024/03/27,,34٫18,لا,65,60,55,50,0
702,MAKE-UP Lip Gloss Sky,0,0,31,0,65,0,60,0,55,0,50,0,2026/01/09,,,,,,,,,,,,,,,038300,Sky,0,,0,MAKE-UP,Lip Gloss,,,,109٫68,0,0,,1,نواقص,99999,,31,,2025/11/08,,,,,,,,2026/01/09,,-1,,,,,ميخائيل نجع حمادي,,,,0,52٫31,31,2025/09/16,,31,لا,65,60,55,50,0
703,MAKE-UP Lip Gloss Topskin,0,0,16٫24,0,30,0,25,0,22,0,20,0,2024/04/18,,,,,,,,,,,,,,,038227,Topskin,0,,0,MAKE-UP,Lip Gloss,,,,84٫73,0,0,,1,نواقص,99999,,16,,2024/03/03,,,,,,,,2024/04/18,,-1,,,,,JO /النزهه الجديده,,,,0,45٫87,16,2023/12/28,,16٫24,لا,30,25,22,20,0
704,MAKE-UP LIP LINER رفيع,0,0,10٫72,0,20,0,18,0,16,0,15,0,2025/08/25,,,,,,,,,,,,,,,038275,رفيع,0,,0,MAKE-UP,LIP LINER,,,,86٫62,0,0,,1,نواقص,99999,,11,,2025/08/25,,,,,,,,2025/08/25,,-1,,,,,ميخائيل نجع حمادي,,,,0,46٫42,11,2025/05/13,,10٫72,لا,20,18,16,15,0
705,MAKE-UP LIP MAXIMIZER,0,0,20,0,35,0,30,0,25,0,22,0,2023/12/11,,,,,,,,,,,,,,,6972064391049,,0,,0,MAKE-UP,LIP MAXIMIZER,,,,75,0,0,,1,نواقص,99999,,20,,2022/06/16,,,,,,,,2022/03/05,,-1,,,,,ميخائيل نجع حمادي,,,,0,42٫86,20,2021/05/13,,20,لا,35,30,25,22,0
706,MAKE-UP LIQUID CONCEALER Pretty,0,0,22٫5,0,45,0,40,0,35,0,30,0,2022/07/26,,,,,,,,,,,,,,,6223002217038,Pretty,0,,0,MAKE-UP,LIQUID CONCEALER,,,,100,0,0,,1,نواقص,99999,,22٫5,,2022/07/28,,,,,,,,2022/07/26,,-1,,,,,,,,,0,50,22٫5,2022/07/26,,22٫5,لا,45,40,35,30,0
707,MAKE-UP LIQUID EYELINER,0,0,22٫5,0,45,0,40,0,35,0,25,0,2023/12/11,,,,,,,,,,,,,,,6923859256562,,0,,0,MAKE-UP,LIQUID EYELINER,,,,100,0,0,MAKE-UP,1,نواقص,99999,\us\134\pid\365\f132545191263443995082.jpg,22٫5,,2022/06/16,,,,,,,,2023/05/25,,6,,,#MAKE-UP ,"EYELINER,LINER,EYE,LIQUID.MN,MAKE-UP,ايلاينر,ميكب,سايل,ام ان,تحديد,عيون",رصيد اول المده,,,,0,50,22٫5,2021/08/29,M.N LIQUID EYELINER,22٫5,لا,45,40,35,25,3
708,MAKE-UP LIQUID EYESHADOW MINISTAR,0,0,15,0,25,0,22,0,20,0,17٫5,0,2023/12/11,,,,,,,,,,,,,,,6970379996072,MINISTAR,0,,0,MAKE-UP,LIQUID EYESHADOW,,,,66٫67,0,0,MAKE-UP,1,نواقص,99999,,15,,2023/10/12,,,,,,,,2023/08/28,,-23,2021/04/01,10,#ROYALELCHIM ,"UP,LHQUHD,EYESHADOW,MINISTAR",رصيد اول المده,,,,0,40,15,2021/08/29,UP LHQUHD EYESHADOW MINISTAR,15,لا,25,22,20,17٫5,0
709,MAKE-UP LOOSE PODER BEN NYE,0,0,8,0,20,0,18,0,16,0,14,0,2025/07/23,,,,,,,,,,,,,,,038272,BEN NYE,0,,0,MAKE-UP,LOOSE PODER,,,,150,0,0,,1,---,99999,,8,,,,,,,,,,2025/07/23,,-1,,,,,ميخائيل نجع حمادي,,,,0,60,8,2025/01/12,,8,لا,20,18,16,14,0
710,MAKE-UP LOOSE POWDER MAYBELLINE FIT ME,0,0,41٫19,0,85,0,75,0,60,0,50,0,2023/12/11,,,,,,,,,,,,,,,041554501995,FIT ME,0,,0,MAKE-UP,LOOSE POWDER MAYBELLINE,,,,106٫34,0,0,,1,نواقص,99999,,41,,2022/06/16,,,,,,,,2022/03/19,,-1,,,,,رويال/ادره المخازن,,,,0,51٫54,41,2022/02/14,,41٫19,لا,85,75,60,50,0
711,MAKE-UP LOOSE POWDER SEPHORA LPsp01,0,0,30٫31,0,65,0,60,0,50,0,35,0,2022/12/06,,,,,,,,,,,,,,,3378872626589,,0,,0,MAKE-UP,LOOSE POWDER SEPHORA LPsp01,,,,114٫42,0,0,,1,نواقص,99999,,30,,2022/12/07,,,,,,,,2022/12/06,,-1,,,,,JO /النزهه الجديده,,,,0,53٫36,30٫31,2021/09/11,,30٫31,لا,65,60,50,35,0
712,MAKE-UP LOSSE POWDER Sheglam,0,0,34,0,60,0,55,0,50,0,45,0,2026/05/26,,,,,,,,,,,,,,,6971870591193,Sheglam,0,,0,MAKE-UP,LOSSE POWDER,,,,76٫47,0,0,,1,نواقص,99999,,34,,2026/05/26,,,,,,,,2026/05/26,,-1,,,,,ميخائيل نجع حمادي,,,,0,43٫33,34,2025/12/02,,34,لا,60,55,50,45,0
713,MAKE-UP M.N Curling Mascara,0,0,47٫78,0,80,0,70,0,60,0,55,0,2023/12/11,,,,,,,,,,,,,,,6923859255510,,0,,0,MAKE-UP,M.N Curling Mascara,,,,67٫44,0,0,,1,نواقص,99999,,50,,2023/10/12,,,,,,,,2023/07/08,,-1,,,,,ميخائيل نجع حمادي,,,,0,40٫28,50٫45,2022/11/25,,47٫78,لا,80,70,60,55,0
714,MAKE-UP M.n Eyeliner,0,0,29٫27,0,50,0,45,0,40,0,35,0,2023/12/11,,,,,,,,,,,,,,,6923859255626,,0,,0,MAKE-UP,M.n Eyeliner,,,,70٫8,0,0,,1,نواقص,99999,,27٫33,,2023/06/07,,,,,,,,2023/06/05,,-1,,,,,محمود السقاري,,,,0,41٫45,27٫33,2023/03/01,,29٫27,لا,50,45,40,35,0
715,MAKE-UP M.N FOUNDATION B.B 2,0,0,69,0,120,0,100,0,90,0,85,0,2023/12/11,,,,,,,,,,,,,,,038198,B.B,0,,0,MAKE-UP,M.N FOUNDATION,2,,,73٫91,0,0,,1,نواقص,99999,,69,,2023/10/12,,,,,,,,2023/05/04,,-1,,,,,ميخائيل نجع حمادي,,,,0,42٫5,69,2023/04/11,,69,لا,120,100,90,85,0
716,MAKE-UP M.N LIPSTICK L537,0,0,25٫69,0,45,0,40,0,35,0,30,0,2024/02/19,,,,,,,,,,,,,,,6923859201326,L537,0,,0,MAKE-UP,M.N LIPSTICK,,,,75٫16,0,0,,1,---,99999,,25٫63,,,,,,,,,,2024/02/19,,-1,,,,,ميخائيل,,,,0,42٫91,25٫69,2024/02/18,,25٫69,لا,45,40,35,30,0
717,MAKE-UP M.N MASCRARA Lash Doubling,0,0,61,0,90,0,80,0,75,0,70,0,2026/03/12,,,,,,,,,,,,,,,6923859205195,Lash Doubling,0,,0,MAKE-UP,M.N MASCRARA,,,,47٫54,0,0,,1,نواقص,99999,,61,,2026/03/12,,,,,,,,2026/03/12,,-1,,,,,محمد حافظ / مايت سينما,,,,0,32٫22,61,2026/01/31,,61,لا,90,80,75,70,0
718,MAKE-UP M.N MASCRARA PERFECT,0,0,26٫78,0,60,0,55,0,50,0,40,0,2026/05/11,,,,,,,,,,,,,,,6923859254926,PERFECT,0,,0,MAKE-UP,M.N MASCRARA,,,,124٫09,0,0,,1,نواقص,99999,,25,,2023/05/20,,,,,,,,2025/02/05,,-1,,,,,محمود السقاري,,,,0,55٫38,25,2023/03/01,,26٫78,لا,60,55,50,40,0
719,MAKE-UP MAC MASCARA معدن X8,0,0,25,0,45,0,40,0,35,0,30,0,2023/12/11,,,,,,,,,,,,,,,5060438538310,X8,0,,0,MAKE-UP,MAC MASCARA معدن,,,,80,0,0,,1,نواقص,99999,,25,,2022/06/16,,,,,,,,2022/07/04,,-1,,,,,العروسه,,,,0,44٫44,25,2021/09/02,,25,لا,45,40,35,30,0
720,MAKE-UP MAKEUP REMOVER KARITE,0,0,15٫1,0,35,0,30,0,25,0,20,0,2023/12/11,,,,,,,,,,,,,,,3552584144115,KARITE,0,,0,MAKE-UP,MAKEUP REMOVER,,,,131٫72,0,0,,1,نواقص,99999,,15,,2023/02/19,,,,,,,,2023/02/19,,-1,,,,,رويال/ادره المخازن,,,,0,56٫84,15,2022/02/14,,15٫1,لا,35,30,25,20,0
721,MAKE-UP MARVL COLLAGEN,0,0,52٫5,0,110,0,90,0,80,0,70,0,2023/12/11,,,,,,,,,,,,,,,6995175342304,COLLAGEN,0,,0,MAKE-UP,MARVL,,,,109٫52,0,0,,1,نواقص,99999,,55,,2023/09/06,,,,,,,,2023/09/06,,-1,,,,,JO /النزهه الجديده,,,,0,52٫27,55,2022/10/06,,52٫5,لا,110,90,80,70,0
722,MAKE-UP MASCARA,0,0,0,0,,0,,0,,0,,0,,,,,,,,,,,,,,,,038225,,0,,0,MAKE-UP,MASCARA,,,,,0,0,,1,---,99999,,0,,,,,,,,,,,,-1,,,,,,,,,0,,0,,,0,لا,,,,,0
723,MAKE-UP MASCARA EVER BEAUTY 3D,0,0,35,0,70,0,60,0,50,0,40,0,2022/08/19,,,,,,,,,,,,,,,3147719308120,EVER BEAUTY,0,,0,MAKE-UP,MASCARA,3D,,,100,0,0,,1,نواقص,99999,,35,,2022/08/19,,,,,,,,2022/08/19,,-1,,,,,JO /النزهه الجديده,,,,0,50,35,2022/02/20,,35,لا,70,60,50,40,0
724,MAKE-UP MASCARA EXTREME,0,0,0,0,35,0,30,0,25,0,22,0,,,,,,,,,,,,,,,,9300110095271,EXTREME,0,,0,MAKE-UP,MASCARA,,,,,0,0,,1,نواقص,99999,,0,,2021/07/14,,,,,,,,,,-1,,,,,,,,,0,,0,,,0,لا,35,30,25,22,0
725,MAKE-UP MASCARA KISS BEAUTY,0,0,27٫5,0,55,0,50,0,45,0,40,0,2023/12/11,,,,,,,,,,,,,,,6903072392131,KISS BEAUTY,0,,0,MAKE-UP,MASCARA,,,,100,0,0,,1,نواقص,99999,,27٫5,,2023/10/12,,,,,,,,,,-1,,,,,JO /النزهه الجديده,,,,0,50,27٫5,2022/02/20,,27٫5,لا,55,50,45,40,0
726,MAKE-UP MASCARA MIGHT CINEMA,0,0,25,0,50,0,45,0,40,0,30,0,2023/12/11,,,,,,,,,,,,,,,038133,MIGHT CINEMA,0,,0,MAKE-UP,MASCARA,,,,100,0,0,,1,نواقص,99999,,25,,2022/06/16,,,,,,,,,,-1,,,,,JO /النزهه الجديده,,,,0,50,25,2022/02/20,,25,لا,50,45,40,30,0
727,MAKE-UP MASCARA MUSIC FLOWER,0,0,35,0,70,0,60,0,50,0,40,0,2022/09/17,,,,,,,,,,,,,,,6946038650531,MUSIC FLOWER,0,,0,MAKE-UP,MASCARA,,,,100,0,0,,1,نواقص,99999,,35,,2022/09/20,,,,,,,,2022/09/17,,-1,,,,,JO /النزهه الجديده,,,,0,50,35,2022/02/20,,35,لا,70,60,50,40,0
728,MAKE-UP MASCARA PRETTY WOMAN,0,0,18٫5,0,40,0,35,0,30,0,25,0,2022/12/08,,,,,,,,,,,,,,,6223002242986,PRETTY WOMAN,0,,0,MAKE-UP,MASCARA,,,,116٫22,0,0,,1,نواقص,99999,,18٫5,,2022/12/08,,,,,,,,2022/12/08,,-1,,,,,JO /النزهه الجديده,,,,0,53٫75,18٫5,2022/02/20,,18٫5,لا,40,35,30,25,0
729,MAKE-UP MASCARA PRETTY WOMAN 6609,0,0,19,0,45,0,35,0,30,0,25,0,2022/09/05,,,,,,,,,,,,,,,6223002244232,PRETTY WOMAN,0,,0,MAKE-UP,MASCARA,6609,,,136٫84,0,0,,1,نواقص,99999,,19,,2022/09/05,,,,,,,,2022/09/05,,-1,,,,,JO /النزهه الجديده,,,,0,57٫78,19,2022/02/20,,19,لا,45,35,30,25,0
730,MAKE-UP MASCARA SEVEN GIRL 3D,0,0,35,0,70,0,60,0,50,0,40,0,2023/12/11,,,,,,,,,,,,,,,038132,SEVEN GIRL 3D,0,,0,MAKE-UP,MASCARA,,,,100,0,0,,1,نواقص,99999,,35,,2023/10/12,,,,,,,,2022/08/25,,-1,,,,,JO /النزهه الجديده,,,,0,50,35,2022/02/20,,35,لا,70,60,50,40,0
731,MAKE-UP MASCARA SEVEN GIRL VOLUME,0,0,32٫5,0,70,0,60,0,50,0,40,0,2022/07/17,,,,,,,,,,,,,,,6972243660959,SEVEN GIRL VOLUME,0,,0,MAKE-UP,MASCARA,,,,115٫38,0,0,,1,نواقص,99999,,32٫5,,2022/06/27,,,,,,,,2022/07/17,,-1,,,,,JO /النزهه الجديده,,,,0,53٫57,32٫5,2022/02/20,,32٫5,لا,70,60,50,40,0
732,MAKE-UP MASCARA WET EVER,0,0,43٫14,0,65,0,60,0,55,0,50,0,2024/04/02,,,,,,,,,,,,,,,038223,WET EVER,0,,0,MAKE-UP,MASCARA,,,,50٫68,0,0,,1,نواقص,99999,,42٫5,,2024/04/02,,,,,,,,2024/04/02,,-1,,,,,JO /النزهه الجديده,,,,0,33٫63,42٫5,2023/12/28,,43٫14,لا,65,60,55,50,0
733,MAKE-UP MASCARA WET EVER CAT,0,0,18,0,50,0,40,0,30,0,25,0,2022/05/23,,,,,,,,,,,,,,,43155123953,WET EVER,0,,0,MAKE-UP,MASCARA,CAT,,,177٫78,0,0,,1,نواقص,99999,,18,,2022/05/25,,,,,,,,2022/05/23,,-1,,,,,JO /النزهه الجديده,,,,0,64,18,2022/02/20,,18,لا,50,40,30,25,0
734,MAKE-UP MASCARA WET EVER LONG,0,0,25,0,55,0,45,0,40,0,30,0,2022/07/22,,,,,,,,,,,,,,,038134,WET EVER,0,,0,MAKE-UP,MASCARA,LONG,,,120,0,0,,1,نواقص,99999,,25,,2022/06/16,,,,,,,,2022/07/22,,-1,,,,,JO /النزهه الجديده,,,,0,54٫55,25,2022/02/20,,25,لا,55,45,40,30,0
735,MAKE-UP MASCARA WET EVER VOLUME,0,0,30,0,65,0,55,0,45,0,35,0,2023/12/11,,,,,,,,,,,,,,,6924123489365,WET EVER,0,,0,MAKE-UP,MASCARA,VOLUME,,,116٫67,0,0,,1,نواقص,99999,,30,,2023/02/15,,,,,,,,2022/10/31,,-1,,,,,JO /النزهه الجديده,,,,0,53٫85,30,2022/02/20,,30,لا,65,55,45,35,0
736,MAKE-UP MASCARA WET EVER حواجب+رموش,0,0,20,0,55,0,40,0,30,0,25,0,2022/09/21,,,,,,,,,,,,,,,773602309788,WET EVER,0,,0,MAKE-UP,MASCARA,حواجب+رموش,,,175,0,0,,1,نواقص,99999,,20,,2022/09/22,,,,,,,,2022/09/21,,-1,,,,,JO /النزهه الجديده,,,,0,63٫64,20,2022/02/20,,20,لا,55,40,30,25,0
737,MAKE-UP MASCARA ESSENCE DEFINED VOLUME,0,0,40٫6,0,80,0,70,0,65,0,60,0,2024/05/27,,,,,,,,,,,,,,,4250587730241,DEFINED VOLUME,0,,0,MAKE-UP,MASCARA ESSENCE,,,,97٫04,0,0,,1,نواقص,99999,,40,,2024/05/27,,,,,,,,2024/05/27,,-1,,,,,JO /النزهه الجديده,,,,0,49٫25,40,2023/12/28,,40٫6,لا,80,70,65,60,0
738,MAKE-UP MASCARA ESSENCE LASH,0,0,40٫6,0,80,0,70,0,60,0,50,0,2024/11/07,,,,,,,,,,,,,,,4250947516027,LASH,0,,0,MAKE-UP,MASCARA ESSENCE,,,,97٫04,0,0,,1,نواقص,99999,,40,,2024/03/08,,,,,,,,2024/11/07,,-1,,,,,JO /النزهه الجديده,,,,0,49٫25,40,2023/12/28,,40٫6,لا,80,70,60,50,0
739,MAKE-UP MASCARA KARITE MODEL 5687347,0,0,45٫68,0,65,0,60,0,55,0,50,0,2024/02/19,,,,,,,,,,,,,,,6903072427703,MODEL 5687347,0,,0,MAKE-UP,MASCARA KARITE,,,,42٫31,0,0,,1,نواقص,99999,,45,,2024/01/13,,,,,,,,2024/02/19,,-1,,,,,JO /النزهه الجديده,,,,0,29٫73,45,2023/12/28,,45٫68,لا,65,60,55,50,0
740,MAKE-UP MASCARA KIKO MAXI MOD,0,0,45٫68,0,90,0,80,0,70,0,60,0,2026/05/15,,,,,,,,,,,,,,,8252726300137,MAXI MOD,0,,0,MAKE-UP,MASCARA KIKO,,,,97٫04,0,0,,1,نواقص,99999,,45,,2024/06/11,,,,,,,,2024/06/11,,-1,,,,,JO /النزهه الجديده,,,,0,49٫25,45,2023/12/28,,45٫68,لا,90,80,70,60,0
741,MAKE-UP MASCARA LADY MODEL LM72,0,0,40٫6,0,60,0,55,0,50,0,45,0,2024/04/01,,,,,,,,,,,,,,,6903645548422,LM72,0,,0,MAKE-UP,MASCARA LADY MODEL,,,,47٫78,0,0,,1,نواقص,99999,,40,,2024/04/01,,,,,,,,2024/04/01,,-1,,,,,JO /النزهه الجديده,,,,0,32٫33,40,2023/12/28,,40٫6,لا,60,55,50,45,0
742,MAKE-UP MASCARA LADY MODEL ZM001,0,0,30٫45,0,50,0,45,0,40,0,35,0,2026/05/15,,,,,,,,,,,,,,,6223009770055,ZM001,0,,0,MAKE-UP,MASCARA LADY MODEL,,,,64٫2,0,0,,1,نواقص,99999,,30,,2024/02/19,,,,,,,,2024/02/19,,-1,,,,,JO /النزهه الجديده,,,,0,39٫1,30,2023/12/28,,30٫45,لا,50,45,40,35,0
743,MAKE-UP MASCARA LAREENL A215,0,0,45٫68,0,65,0,60,0,55,0,50,0,2024/07/30,,,,,,,,,,,,,,,6909729369532,A215,0,,0,MAKE-UP,MASCARA LAREENL,,,,42٫31,0,0,,1,نواقص,99999,,45,,2024/03/31,,,,,,,,2024/07/30,,-1,,,,,JO /النزهه الجديده,,,,0,29٫73,45,2023/12/28,,45٫68,لا,65,60,55,50,0
744,MAKE-UP MASCARA M.N 342m,0,0,57٫71,0,90,0,85,0,80,0,75,0,2026/05/15,,,,,,,,,,,,,,,6923859203412,342m,0,,0,MAKE-UP,MASCARA M.N,,,,55٫95,0,0,,1,نواقص,99999,,57,,2025/11/27,,,,,,,,2025/11/27,,-1,,,,,ميخائيل نجع حمادي,,,,0,35٫88,57,2025/11/18,,57٫71,لا,90,85,80,75,0
745,MAKE-UP MASCARA M.N M 329,0,0,38٫92,0,60,0,53,0,48,0,45,0,2023/12/11,,,,,,,,,,,,,,,6923859202507,M 329,0,,0,MAKE-UP,MASCARA M.N,,,,54٫18,0,0,,1,نواقص,99999,,40,,2023/10/12,,,,,,,,2023/09/17,,-1,,,,,ميخائيل نجع حمادي,,,,0,35٫14,40,2022/12/23,,38٫92,لا,60,53,48,45,0
746,MAKE-UP MASCARA M.N معدن,0,0,0,0,70,0,65,0,60,0,55,0,,,,,,,,,,,,,,,,038161,معدن,0,,0,MAKE-UP,MASCARA M.N,,,,,0,0,,1,---,99999,,0,,,,,,,,,,,,-1,,,,,,,,,0,,0,,,0,لا,70,65,60,55,0
747,MAKE-UP MASCARA Romantic Matte,0,0,29٫18,0,55,0,50,0,45,0,35,0,2023/12/11,,,,,,,,,,,,,,,6933878406268,Matte,0,,0,MAKE-UP,MASCARA Romantic,,,,88٫47,0,0,,1,نواقص,99999,,30,,2023/10/12,,,,,,,,2022/11/27,,-1,,,,,ميخائيل نجع حمادي,,,,0,46٫94,30٫27,2022/11/25,,29٫18,لا,55,50,45,35,0
748,MAKE-UP MASCARA حواجب M.n,0,0,47٫5,0,75,0,70,0,65,0,60,0,2026/05/21,,,,,,,,,,,,,,,6923859201258,M.n,0,,0,MAKE-UP,MASCARA حواجب,,,,57٫89,0,0,,1,نواقص,99999,,47٫5,,2026/05/21,,,,,,,,2026/05/21,,-1,,,,,ميخائيل نجع حمادي,,,,0,36٫67,47٫5,2025/10/07,,47٫5,لا,75,70,65,60,0
749,MAKE-UP Mascra Pretty,0,0,23٫21,0,45,0,40,0,35,0,27٫5,0,2023/12/11,,,,,,,,,,,,,,,6223002245277,Pretty,0,,0,MAKE-UP,Mascra,,,,93٫91,0,0,,1,---,99999,,23,,,,,,,,,,2022/11/27,,-1,,,,,ميخائيل نجع حمادي,,,,0,48٫43,23٫21,2022/11/25,,23٫21,لا,45,40,35,27٫5,0
750,MAKE-UP MASCRA 4D CURL خرطوشه,0,0,32٫76,0,65,0,50,0,45,0,37٫5,0,2022/10/26,,,,,,,,,,,,,,,6903072376216,خرطوشه,0,,0,MAKE-UP,MASCRA 4D CURL,,,,98٫44,0,0,,1,نواقص,1346,,32٫5,,2022/08/28,,,,,,,,2022/10/26,,-1,,,,,رويال/ادره المخازن,,,,0,49٫61,32٫5,2022/02/14,,32٫76,لا,65,50,45,37٫5,0
751,MAKE-UP MATTE LIPSTICK KISS BEAUTY,0,0,10,0,20,0,17٫5,0,13٫5,0,11٫5,0,2023/05/08,,,,,,,,,,,,,,,038006,KISS BEAUTY,0,,0,MAKE-UP,MATTE LIPSTICK,,,,100,0,0,MAKE-UP,1,نواقص,1346,\us\134\pid\834\f132584846201177670142.png,10,,2023/05/08,,,,,,,,2023/05/08,,-52,2021/04/01,10,#ROYALELCHIM ,"العنايه,بالبشره,MATTE,LIPSTICK,KISS,BEAUTY",رصيد اول المده,,,,0,50,10,2021/08/29,MATTE LIPSTICK,10,لا,20,17٫5,13٫5,11٫5,2
752,MAKE-UP MATTE LIPSTICK MISS LIRENN,0,0,9,0,20,0,17,0,13٫5,0,10,0,2023/02/06,,,,,,,,,,,,,,,6972196671521,MISS LIRENN,0,,0,MAKE-UP,MATTE LIPSTICK,,,,122٫22,0,0,MAKE-UP,1,نواقص,99999,,9,,2023/02/06,,,,,,,,2023/02/06,,-24,2021/04/01,10,#ROYALELHIM ,"UP,MATTE,LIPSTICK ,MISS,LIRENN العنايه البشره",رصيد اول المده,,,,0,55,9,2021/08/29,UP MATTE LIPSTICK MISS LIRENN,9,لا,20,17,13٫5,10,0
753,MAKE-UP MAX FACTOR MIRACLE MATCH SAND60,0,0,35,0,85,0,75,0,60,0,50,0,2023/12/11,,,,,,,,,,,,,,,4084500396401,SAND60,0,,0,MAKE-UP,MAX FACTOR MIRACLE MATCH,,,,142٫86,0,0,MAKE-UP,1,نواقص,99999,\us\134\pid\822\f132758605114136502001.png,35,,2022/08/05,,,,,,,,2022/08/05,,0,,,#ROYALELCHIM ,"العنايه,بالبشره,MAXFACTORX,MIRACLE,MATCH,SAND60",رويال/ادره المخازن,,,,0,58٫82,35,2022/02/14,MAX FACTORX MIRACLE,35,لا,85,75,60,50,1
754,MAKE-UP MAX FASFER LASTING PERFORMANCE PASTELLE 102,0,0,20,0,40,0,35,0,30,0,25,0,2023/12/11,,,,,,,,,,,,,,,6959854200392,PASTELLE 102,0,,0,MAKE-UP,MAX FASFER LASTING PERFORMANCE,,,,100,0,0,MAKE-UP,1,نواقص,99999,\us\134\pid\820\f132583825697061414157.png,20,,2023/10/12,,,,,,,,2022/11/12,,-2,2021/04/01,10,#ROYALELCHIM ,"UP,MAXFASFER,LASTHNG,PERFORMANC, PASTELLE",رويال/ادره المخازن,,,,0,50,20,2022/02/14,UP MAX FASFER LASTHNG PERFORMANCE,20,لا,40,35,30,25,1
755,MAKE-UP MAXFASFER LASTING PERFORMANCE IVORY BEIGE 101,0,0,20,0,40,0,35,0,30,0,25,0,2022/11/20,,,,,,,,,,,,,,,6959854200385,IVORY BEIGE 101,0,,0,MAKE-UP,MAXFASFER LASTING PERFORMANCE,,,,100,0,0,,1,نواقص,99999,,20,,2022/11/21,,,,,,,,2022/11/20,,-1,,,,,رويال/ادره المخازن,,,,0,50,20,2022/02/14,,20,لا,40,35,30,25,0
756,MAKE-UP MAYBELLINE كحل,0,0,20٫3,0,60,0,50,0,40,0,30,0,2024/11/13,,,,,,,,,,,,,,,5283014810215,,0,,0,MAKE-UP,MAYBELLINE كحل,,,,195٫57,0,0,,1,نواقص,99999,,20,,2024/11/13,,,,,,,,2024/11/13,,-1,,,,,JO /النزهه الجديده,,,,0,66٫17,20٫3,2023/12/28,,20٫3,لا,60,50,40,30,0
757,MAKE-UP Might Cinema 1024,0,0,175,0,335,0,275,0,225,0,200,0,2022/05/10,,,,,,,,,,,,,,,038140,,0,,0,MAKE-UP,Might Cinema 1024,,,,91٫43,0,0,,1,نواقص,99999,,175,,2022/05/14,,,,,,,,2022/05/10,,-1,,,,,رويال / اداره المخازن الاقصر,,,,0,47٫76,175,2022/04/12,,175,لا,335,275,225,200,0
758,MAKE-UP Might Cinema Foundation,0,0,35٫75,0,70,0,60,0,50,0,45,0,2023/01/10,,,,,,,,,,,,,,,038154,,0,,0,MAKE-UP,Might Cinema Foundation,,,,95٫8,0,0,,1,نواقص,99999,,35٫75,,2023/01/10,,,,,,,,2023/01/10,,-1,,,,,JO /النزهه الجديده,,,,0,48٫93,35٫75,2022/10/06,,35٫75,لا,70,60,50,45,0
759,MAKE-UP Might Cinema Foundation BB,0,0,51٫67,0,100,0,85,0,75,0,57,0,2023/12/11,,,,,,,,,,,,,,,038150,BB,0,,0,MAKE-UP,Might Cinema Foundation,,,,93٫55,0,0,,1,نواقص,99999,,51٫67,,2023/10/12,,,,,,,,2023/02/23,,-1,,,,,ميخائيل نجع حمادي,,,,0,48٫33,51٫67,2022/08/29,,51٫67,لا,100,85,75,57,0
760,MAKE-UP Might Cinema Foundation BB انبوبة,0,0,35,0,70,0,60,0,50,0,40,0,2024/04/11,,,,,,,,,,,,,,,038151,BB,0,,0,MAKE-UP,Might Cinema Foundation,انبوبة,,,100,0,0,,1,نواقص,99999,,35,,2023/01/11,,,,,,,,2024/04/11,,-1,,,,,ميخائيل نجع حمادي,,,,0,50,35,2022/08/04,,35,لا,70,60,50,40,0
761,MAKE-UP Might Cinema Lip Gloss Matte Velvety,0,0,42٫92,0,70,0,65,0,60,0,55,0,2023/12/11,,,,,,,,,,,,,,,038166,Matte Velvety,0,,0,MAKE-UP,Might Cinema Lip Gloss,,,,63٫11,0,0,,1,نواقص,99999,,42٫92,,2023/10/12,,,,,,,,2023/10/06,,-1,,,,,ميخائيل نجع حمادي,,,,0,38٫69,42٫92,2023/01/31,,42٫92,لا,70,65,60,55,0
762,MAKE-UP MILAI EYE BROW,0,0,2٫92,0,7,0,6,0,5,0,4,0,2024/01/12,,,,,,,,,,,,,,,038059,,0,,0,MAKE-UP,MILAI EYE BROW,,,,139٫73,0,0,,1,نواقص,99999,,3,,2023/10/12,,,,,,,,2022/12/28,,-1,,,,,JO /النزهه الجديده,,,,0,58٫29,3,2022/02/20,,2٫92,لا,7,6,5,4,0
763,MAKE-UP Mini Star مسكره حواجب بني,0,0,10,0,25,0,23,0,20,0,15,0,2022/02/17,,,,,,,,,,,,,,,038086,مسكره حواجب بني,0,,0,MAKE-UP,Mini Star,,,,150,0,0,,1,نواقص,99999,,10,,2022/02/18,,,,,,,,2022/02/17,,-1,,,,,رويال / اداره المخازن الاقصر,,,,0,60,10,2021/12/05,,10,لا,25,23,20,15,0
764,MAKE-UP Mini Star Gloss,0,0,26٫49,0,60,0,55,0,50,0,35,0,2022/11/27,,,,,,,,,,,,,,,038158,,0,,0,MAKE-UP,Mini Star Gloss,,,,126٫54,0,0,,1,---,99999,,26٫25,,,,,,,,,,2022/11/27,,-1,,,,,ميخائيل نجع حمادي,,,,0,55٫86,26٫49,2022/11/25,,26٫49,لا,60,55,50,35,0
765,MAKE-UP MISS DEMI قلم,0,0,3,0,8,0,7,0,6,0,5,0,2022/01/28,,,,,,,,,,,,,,,038060,,0,,0,MAKE-UP,MISS DEMI قلم,,,,166٫67,0,0,,1,نواقص,99999,,3,,2021/12/13,,,,,,,,2022/01/28,,-1,,,,,محمد قوص,,,,0,62٫5,3,2021/06/14,,3,لا,8,7,6,5,0
766,MAKE-UP Nail Glue,0,0,7٫5,0,15,0,14,0,10,0,8٫5,0,2025/04/13,,,,,,,,,,,,,,,010021,,0,,0,MAKE-UP,Nail Glue,,,,100,0,0,خردوات,1,نواقص,99999,\us\134\pid\414\f132547467006237373049.png,7٫5,,2022/06/16,,,,,,,,2022/07/22,Online,4,,10,#TOOLS ,"اظافر,لزق,طلاء,صمغ.NAIL GLUE",رصيد اول المده,,,,0,50,7٫5,2021/08/29,NAIL GLUE,7٫5,لا,15,14,10,8٫5,3
767,MAKE-UP Nail Polish Pretty Women,0,0,17٫08,0,25,0,23,0,22,0,20,0,2023/04/11,,,,,,,,,,,,,,,038168,Pretty Women,0,,0,MAKE-UP,Nail Polish,,,,46٫34,0,0,,1,نواقص,99999,,17٫08,,2023/04/11,,,,,,,,2023/04/11,,-1,,,,,ميخائيل نجع حمادي,,,,0,31٫67,17٫08,2023/01/31,,17٫08,لا,25,23,22,20,0
768,MAKE-UP NAIL POLISH REMOVER CLEAN ON ME,0,0,6٫06,0,15,0,12,0,10,0,8,0,2023/12/11,,,,,,,,,,,,,,,038034,CLEAN ON ME,0,,0,MAKE-UP,NAIL POLISH REMOVER,,,,147٫41,0,0,,1,نواقص,99999,,6,,2023/10/12,,,,,,,,2023/06/05,,-1,,,,,JO /النزهه الجديده,,,,0,59٫58,6٫06,2021/09/11,,6٫06,لا,15,12,10,8,0
769,MAKE-UP NAIL POLISH REMOVER VICTOREA SECRET,0,0,6٫06,0,15,0,12,0,10,0,8,0,2023/12/11,,,,,,,,,,,,,,,038035,VICTOREA SECRET,0,,0,MAKE-UP,NAIL POLISH REMOVER,,,,147٫41,0,0,,1,نواقص,99999,,6,,2023/10/25,,,,,,,,2023/10/25,,-1,,,,,JO /النزهه الجديده,,,,0,59٫58,6٫06,2021/09/11,,6٫06,لا,15,12,10,8,0
770,MAKE-UP NUDE HUDABEAUTY دبل,0,0,40٫42,0,85,0,75,0,65,0,45,0,2023/01/31,,,,,,,,,,,,,,,6291106024029,دبل,0,,0,MAKE-UP,NUDE HUDABEAUTY,,,,110٫3,0,0,,1,نواقص,99999,,40,,2023/01/25,,,,,,,,2023/01/31,,-1,,,,,JO /النزهه الجديده,,,,0,52٫45,40٫42,2021/09/11,,40٫42,لا,85,75,65,45,0
771,MAKE-UP Pink Panther 48 Might Cinema,0,0,81٫17,0,140,0,135,0,120,0,100,0,2024/04/04,,,,,,,,,,,,,,,010016   038054,Might Cinema,0,,0,MAKE-UP,Pink Panther 48,,,,72٫48,0,0,MAKE-UP,1,نواقص,99999,\us\134\pid\409\f132542364469376362165.jpg,90,,2024/04/04,,,,,,,,2024/04/04,,-1,,20,#ROYALELCHIM ,"ايشادو,MIGHT,CINEMA",ميخائيل نجع حمادي,,,,0,42٫02,90,2022/03/29,PINK PANTHER 48,81٫17,لا,140,135,120,100,2
772,MAKE-UP Pink Panther 48 Might Cinema 1221,0,0,120,0,175,0,160,0,150,0,135,0,2023/12/11,,,,,,,,,,,,,,,038183,Might Cinema,0,,0,MAKE-UP,Pink Panther 48,1221,,,45٫83,0,0,,1,نواقص,99999,,120,,2023/10/12,,,,,,,,2023/04/18,,-1,,,,,ميخائيل نجع حمادي,,,,0,31٫43,120,2023/03/05,,120,لا,175,160,150,135,0
773,MAKE-UP Pink Panther 70 Might Cinema,0,0,140,0,225,0,200,0,185,0,175,0,2024/01/12,,,,,,,,,,,,,,,010017   038139,Might Cinema,0,,0,MAKE-UP,Pink Panther 70,,,,60٫71,0,0,MAKE-UP,1,نواقص,99999,\us\134\pid\410\f132542641557570017056.png,150,,2023/10/12,,,,,,,,2023/04/19,,0,,0,#ROYALELCHIM ,"MAKE-UP , COSMETICS , PALETTE , EYESHADOW , PINK , PANTHER , MIGHT , CINMA , ROYALELCHIM",ميخائيل نجع حمادي,,,,0,37٫78,150,2023/03/05,Eye shadow Palette Pink Panther 70 Color,140,لا,225,200,185,175,4
774,MAKE-UP POWDER NUDE,0,0,65٫98,0,120,0,110,0,100,0,90,0,2024/04/06,,,,,,,,,,,,,,,6905621041385,,0,,0,MAKE-UP,POWDER NUDE,,,,81٫89,0,0,,1,نواقص,99999,,65,,2024/04/06,,,,,,,,2024/04/06,,-1,,,,,JO /النزهه الجديده,,,,0,45٫02,65٫98,2023/12/28,,65٫98,لا,120,110,100,90,0
775,MAKE-UP PRESSED PIGMENT PALETTE FOLLOW ME EVER BEAUTY,0,0,165,0,250,0,225,0,200,0,185,0,2023/12/11,,,,,,,,,,,,,,,6924269731076,FOLLOW ME,0,,0,MAKE-UP,PRESSED PIGMENT PALETTE,EVER BEAUTY,,,51٫52,0,0,,1,نواقص,99999,,165,,2022/06/16,,,,,,,,,,-1,,,,,رويال / اداره المخازن الاقصر,,,,0,34,165,2021/11/24,,165,لا,250,225,200,185,0
776,MAKE-UP Pretty Woman Mascara,0,0,22٫39,0,45,0,40,0,35,0,32,0,2026/05/18,,,,,,,,,,,,,,,038145,,0,,0,MAKE-UP,Pretty Woman Mascara,,,,100٫96,0,0,,1,نواقص,99999,,22,,2023/10/12,,,,,,,,2022/12/01,,-1,,,,,ميخائيل نجع حمادي,,,,0,50٫24,22,2022/09/26,,22٫39,لا,45,40,35,32,0
777,MAKE-UP Pretty Women Lip Standless,0,0,12,0,30,0,25,0,20,0,17,0,2023/12/11,,,,,,,,,,,,,,,038014,Standless,0,,0,MAKE-UP,Pretty Women Lip,,,,150,0,0,,1,نواقص,99999,,12,,2023/10/12,,,,,,,,2022/11/17,,-1,,,,,رصيد اول المده,,,,0,60,12,2021/08/29,,12,لا,30,25,20,17,0
778,MAKE-UP Pretty Women كحل,0,0,36,0,75,0,70,0,65,0,55,0,2026/04/10,,,,,,,,,,,,,,,038278,,0,,0,MAKE-UP,Pretty Women كحل,,,,108٫33,0,0,,1,نواقص,99999,,36,,2026/04/10,,,,,,,,2026/04/10,,-1,,,,,محمد حافظ / مايت سينما,,,,0,52,36,2026/03/15,,36,لا,75,70,65,55,0
779,MAKE-UP PRIMR PRETTY WOMAN,0,0,30,0,65,0,55,0,50,0,45,0,2023/12/11,,,,,,,,,,,,,,,6223002241507,,0,,0,MAKE-UP,PRIMR PRETTY WOMAN,,,,116٫67,0,0,,1,نواقص,99999,,30,,2022/06/16,,,,,,,,2022/08/09,,-1,,,,,رويال/ادره المخازن,,,,0,53٫85,30,2022/02/14,,30,لا,65,55,50,45,0
780,MAKE-UP Renu,0,0,56٫25,0,85,0,80,0,75,0,68,0,2023/12/11,,,,,,,,,,,,,,,7391899298122,,0,,0,MAKE-UP,Renu,,,,51٫11,0,0,,1,نواقص,99999,,60,,2023/10/12,,,,,,,,2023/04/03,,-1,,,,,رامي / عادل يسري عدسات,,,,0,33٫82,60,2023/01/27,,56٫25,لا,85,80,75,68,0
781,MAKE-UP RIMMEL كحل,0,0,43٫14,0,85,0,75,0,65,0,55,0,2026/01/03,,,,,,,,,,,,,,,3607342350984,,0,,0,MAKE-UP,RIMMEL كحل,,,,97٫04,0,0,,1,نواقص,99999,,42٫5,,2026/01/03,,,,,,,,2026/01/03,,-1,,,,,JO /النزهه الجديده,,,,0,49٫25,43٫14,2023/12/28,,43٫14,لا,85,75,65,55,0
782,MAKE-UP Romantic Blushr 2 Color,0,0,20,0,35,0,30,0,25,0,23,0,2023/12/11,,,,,,,,,,,,,,,038056,,0,,0,MAKE-UP,Romantic Blushr 2 Color,,,,75,0,0,,1,نواقص,99999,,20,,2022/06/16,,,,,,,,2021/10/24,,-1,,,,,رويال / اداره المخازن الاقصر,,,,0,42٫86,20,2022/04/06,,20,لا,35,30,25,23,0
783,MAKE-UP Romantic May,0,0,15,0,28,0,25,0,22,0,20,0,2023/08/13,,,,,,,,,,,,,,,038165,,0,,0,MAKE-UP,Romantic May,,,,86٫67,0,0,,1,نواقص,99999,,15,,2023/08/14,,,,,,,,2023/08/13,,-1,,,,,,,,,0,46٫43,15,2023/01/27,,15,لا,28,25,22,20,0
784,MAKE-UP ROTATING MASCARA,0,0,14٫17,0,35,0,30,0,25,0,16,0,2023/12/11,,,,,,,,,,,,,,,038115,,0,,0,MAKE-UP,ROTATING MASCARA,,,,147٫06,0,0,,1,نواقص,99999,,14٫17,,2022/06/16,,,,,,,,2021/12/29,,-1,,,,,شركة / ساندرا /حازم,,,,0,59٫52,14٫17,2021/12/14,,14٫17,لا,35,30,25,16,0
785,MAKE-UP RPK EYELINER,0,0,0,0,45,0,40,0,35,0,30,0,,,,,,,,,,,,,,,,6969265251098,,0,,0,MAKE-UP,RPK EYELINER,,,,,0,0,,1,نواقص,99999,,0,,2021/07/14,,,,,,,,,,-1,,,,,,,,,0,,0,,,0,لا,45,40,35,30,0
786,MAKE-UP sephora انبوبه,0,0,26٫78,0,60,0,55,0,50,0,45,0,2023/12/15,,,,,,,,,,,,,,,3378872023753,انبوبه,0,,0,MAKE-UP,sephora,,,,124٫09,0,0,,1,نواقص,99999,,25,,2023/06/26,,,,,,,,2023/06/26,,-1,,,,,محمود السقاري,,,,0,55٫38,25,2023/03/01,,26٫78,لا,60,55,50,45,0
787,MAKE-UP sephora 2 BLUSHER,0,0,5٫06,0,10,0,9,0,8,0,6,0,2023/12/15,,,,,,,,,,,,,,,038108,,0,,0,MAKE-UP,sephora 2 BLUSHER,,,,97٫52,0,0,,1,نواقص,99999,,5,,2022/09/29,,,,,,,,2023/03/25,,-1,,,,,مكتب الاصدقاء / القاهره,,,,0,49٫37,5٫06,2021/12/22,,5٫06,لا,10,9,8,6,0
788,MAKE-UP SEVEN GIRL B.B LIQUID,0,0,55,0,75,0,70,0,65,0,60,0,2022/07/03,,,,,,,,,,,,,,,6972243660553,B.B LIQUID,0,,0,MAKE-UP,SEVEN GIRL,,,,36٫36,0,0,,1,نواقص,99999,,55,,2022/06/16,,,,,,,,2022/07/03,,-1,,,,,JO /النزهه الجديده,,,,0,26٫67,55,2022/02/20,,55,لا,75,70,65,60,0
789,MAKE-UP SEVEN GIRL B.B LIQUID مصري,0,0,37٫49,0,75,0,70,0,65,0,60,0,2023/04/10,,,,,,,,,,,,,,,6972243660133,B.B LIQUID,0,,0,MAKE-UP,SEVEN GIRL,مصري,,,100٫08,0,0,,1,نواقص,99999,,35,,2023/04/11,,,,,,,,2023/04/10,,-1,,,,,محمود السقاري,,,,0,50٫02,35,2023/03/01,,37٫49,لا,75,70,65,60,0
790,MAKE-UP SEVEN GIRL Medical,0,0,37٫49,0,75,0,70,0,65,0,60,0,2023/03/07,,,,,,,,,,,,,,,6920426301106,Medical,0,,0,MAKE-UP,SEVEN GIRL,,,,100٫08,0,0,,1,نواقص,99999,,35,,2023/03/07,,,,,,,,2023/03/07,,-1,,,,,محمود السقاري,,,,0,50٫02,35,2023/03/01,,37٫49,لا,75,70,65,60,0
791,MAKE-UP SHINE gliter eyeliner Kiss,0,0,268٫24,0,325,0,300,0,280,0,285,0,2024/07/02,,,,,,,,,,,,,,,6903072411092,Kiss,0,,0,MAKE-UP,SHINE gliter eyeliner,,,,21٫16,0,0,,1,نواقص,99999,,240,,2024/07/02,,,,,,,,2024/07/02,,-1,,,,,,,,,0,17٫47,268٫24,2023/10/10,,268٫24,لا,325,300,280,285,0
792,MAKE-UP Soap Brows,0,0,35,0,55,0,50,0,45,0,40,0,2023/12/15,,,,,,,,,,,,,,,038143,,0,,0,MAKE-UP,Soap Brows,,,,57٫14,0,0,,1,نواقص,99999,,35,,2023/10/12,,,,,,,,2022/06/18,,-1,,,,,ميخائيل نجع حمادي,,,,0,36٫36,35,2022/06/18,,35,لا,55,50,45,40,0
793,MAKE-UP SOFT LIPSTICK M.N,0,0,0,0,25,0,10,0,17٫5,0,15,0,,,,,,,,,,,,,,,,6923859201357,M.N,0,,0,MAKE-UP,SOFT LIPSTICK,,,,,0,0,MAKE-UP,1,---,99999,\us\134\pid\826\f132584837784197646040.png,0,,,,,,,,,,,,-23,2021/04/01,10,#ROYALELCHIM ,"العنايه,بالبشره,SOFT,LIPSTICK,M.N",,,,,0,,0,,SOFT LIPSTICK,0,لا,25,10,17٫5,15,2
794,MAKE-UP TATTO & BROW LINER PEN HUDA BEAUTY,0,0,16٫12,0,27,0,25,0,22,0,19,0,2023/12/15,,,,,,,,,,,,,,,010008,HUDA BEAUTY,0,,0,MAKE-UP,TATTO & BROW LINER PEN,,,,67٫54,0,0,MAKE-UP,1,نواقص,99999,\us\134\pid\386\f132585782775456140353.png,16٫5,,2023/12/15,,,,,,,,2023/12/14,,-13,2021/04/01,10,#ROYALELCHIM ,"MAKE-UP,COLLECTION,TATTO,BROW,LINER,PEN,HUDA,BEAUTY",ميخائيل نجع حمادي,,,,0,40٫31,16٫5,2023/05/24,TATTO BROW LINER PEN,16٫12,لا,27,25,22,19,2
795,MAKE-UP TINT FEGO,0,0,15,0,25,0,23,0,20,0,18,0,2022/06/05,,,,,,,,,,,,,,,038055,,0,,0,MAKE-UP,TINT FEGO,,,,66٫67,0,0,,1,نواقص,99999,,15,,2022/06/06,,,,,,,,2022/06/05,,-1,,,,,رويال/ادره المخازن,,,,0,40,15,2022/02/14,,15,لا,25,23,20,18,0
796,MAKE-UP TINT&BLCUCH SERUM TINT,0,0,6٫5,0,12,0,11,0,10,0,7٫5,0,2023/12/15,,,,,,,,,,,,,,,010037,TINT,0,,0,MAKE-UP,TINT&BLCUCH SERUM,,,,84٫62,0,0,MAKE-UP,1,نواقص,99999,,6٫5,,2023/10/12,,,,,,,,2022/08/29,,-20,2021/04/01,10,#ROYALELCHIM ,"UP TINBLCUCH,SERUM,TINT",رصيد اول المده,,,,0,45٫83,6٫5,2021/08/29,UP TINBLCUCH SERUM TINT,6٫5,لا,12,11,10,7٫5,0
797,MAKE-UP V.c Century Beauty,0,0,88٫13,0,135,0,125,0,110,0,100,0,2023/12/15,,,,,,,,,,,,,,,6924594620717,,0,,0,MAKE-UP,V.c Century Beauty,,,,53٫19,0,0,,1,نواقص,99999,,90,,2023/08/17,,,,,,,,2023/08/17,,-1,,,,,مايكل ثروت / مايت سينما,,,,0,34٫72,90,2023/08/10,,88٫13,لا,135,125,110,100,0
798,MAKE-UP WET EVER EXPRESS WATER PROOF,0,0,25,0,50,0,45,0,40,0,30,0,2022/09/14,,,,,,,,,,,,,,,038135,EXPRESS WATER PROOF,0,,0,MAKE-UP,WET EVER,,,,100,0,0,,1,نواقص,99999,,25,,2022/09/14,,,,,,,,2022/09/14,,-1,,,,,JO /النزهه الجديده,,,,0,50,25,2022/02/20,,25,لا,50,45,40,30,0
799,MAKE-UP احمر خد,0,0,7,0,12,0,11,0,10,0,8٫5,0,2023/12/15,,,,,,,,,,,,,,,038182,,0,,0,MAKE-UP,احمر خد,,,,71٫43,0,0,,1,نواقص,99999,,7,,2023/10/12,,,,,,,,2023/07/08,,-1,,,,,ميخائيل نجع حمادي,,,,0,41٫67,7,2023/03/05,,7,لا,12,11,10,8٫5,0
800,MAKE-UP احمر خد ش,0,0,2٫72,0,10,0,9,0,8,0,7,0,2023/12/15,,,,,,,,,,,,,,,038180,ش,0,,0,MAKE-UP,احمر خد,,,,268٫01,0,0,,1,---,99999,,2٫63,,,,,,,,,,2023/08/13,,-1,,,,,الاصدقاء,,,,0,72٫83,2٫72,2023/03/04,,2٫72,لا,10,9,8,7,0
801,MAKE-UP احمر خد ثلاثي مصري,0,0,15,0,30,0,27,0,25,0,20,0,2023/12/15,,,,,,,,,,,,,,,038051,مصري,0,,0,MAKE-UP,احمر خد ثلاثي,,,,100,0,0,,1,نواقص,99999,,15,,2022/09/14,,,,,,,,2022/09/14,,-1,,,,,رويال / اداره المخازن الاقصر,,,,0,50,15,2022/03/19,,15,لا,30,27,25,20,0
802,MAKE-UP احمر خد سنيمائي,0,0,4٫56,0,10,0,7,0,6,0,5٫5,0,2023/12/15,,,,,,,,,,,,,,,3421543757362,,0,,0,MAKE-UP,احمر خد سنيمائي,,,,119٫47,0,0,,1,نواقص,99999,,4٫5,,2023/03/18,,,,,,,,2023/08/05,,-1,,,,,مكتب الاصدقاء / القاهره,,,,0,54٫44,4٫56,2021/12/22,,4٫56,لا,10,7,6,5٫5,0
803,MAKE-UP احمر خد ص,0,0,3,0,8,0,5,0,4,0,3٫5,0,2022/08/22,,,,,,,,,,,,,,,038016,,0,,0,MAKE-UP,احمر خد ص,,,,166٫67,0,0,,1,---,99999,,3,,,,,,,,,,2021/11/14,,-1,,,,,رصيد اول المده,,,,0,62٫5,3,2021/08/29,,3,لا,8,5,4,3٫5,0
804,MAKE-UP اساس دهبي,0,0,64٫7,0,125,0,110,0,90,0,85,0,2025/10/15,,,,,,,,,,,,,,,038175,,0,,0,MAKE-UP,اساس دهبي,,,,93٫21,0,0,,1,نواقص,99999,,62٫5,,2025/10/15,,,,,,,,2025/10/15,,-1,,,,,الاصدقاء,,,,0,48٫24,64٫7,2023/03/04,,64٫7,لا,125,110,90,85,0
805,MAKE-UP اساس نيرس,0,0,67٫29,0,130,0,110,0,95,0,85,0,2023/05/08,,,,,,,,,,,,,,,038174,,0,,0,MAKE-UP,اساس نيرس,,,,93٫21,0,0,,1,نواقص,99999,,65,,2023/03/20,,,,,,,,2023/05/08,,-1,,,,,الاصدقاء,,,,0,48٫24,67٫29,2023/03/04,,67٫29,لا,130,110,95,85,0
806,MAKE-UP اسيتون SHE,0,0,5٫56,0,10,0,8,0,7,0,6,0,2023/12/15,,,,,,,,,,,,,,,1458314583662,,0,,0,MAKE-UP,اسيتون SHE,,,,79٫93,0,0,,1,نواقص,99999,,5٫5,,2023/10/12,,,,,,,,2023/03/12,,-1,,,,,JO /النزهه الجديده,,,,0,44٫42,5٫56,2021/09/11,,5٫56,لا,10,8,7,6,0
807,MAKE-UP اسيتون VOTREE ستاند,0,0,12٫08,0,20,0,18,0,16,0,13٫5,0,2023/12/15,,,,,,,,,,,,,,,8127207881224,ستاند,0,,0,MAKE-UP,اسيتون VOTREE,,,,65٫51,0,0,,1,نواقص,99999,,12,,2023/10/12,,,,,,,,2023/05/25,,-1,,,,,رويال/ادره المخازن,,,,0,39٫58,12,2022/02/14,,12٫08,لا,20,18,16,13٫5,0
808,MAKE-UP اقلام خشب ت,0,0,2,0,5,0,4,0,3٫5,0,3,0,2023/12/15,,,,,,,,,,,,,,,038138,,0,,0,MAKE-UP,اقلام خشب ت,,,,150,0,0,,1,نواقص,99999,,2,,2023/10/12,,,,,,,,2023/10/21,,-1,,,,,رويال / اداره المخازن الاقصر,,,,0,60,2,2022/03/19,,2,لا,5,4,3٫5,3,0
809,MAKE-UP اكلادور 10 مللي,0,0,0,0,15,0,14,0,13,0,12,0,,,,,,,,,,,,,,,,038313,,0,,0,MAKE-UP,اكلادور 10 مللي,,,,,0,0,,1,---,99999,,0,,,,,,,,,,,,-1,,,,,,,,,0,,0,,,0,لا,15,14,13,12,0
810,MAKE-UP اكلادور Still Girl,0,0,7,0,15,0,12,0,10,0,9,0,2023/12/15,,,,,,,,,,,,,,,038162,,0,,0,MAKE-UP,اكلادور Still Girl,,,,114٫29,0,0,,1,نواقص,99999,,7,,2023/10/12,,,,,,,,2023/02/10,,-1,,,,,ميخائيل نجع حمادي,,,,0,53٫33,7,2023/01/02,,7,لا,15,12,10,9,0
811,MAKE-UP اكلادور too Taced,0,0,13٫75,0,25,0,22,0,20,0,18,0,2023/12/15,,,,,,,,,,,,,,,038209,,0,,0,MAKE-UP,اكلادور too Taced,,,,81٫82,0,0,,1,نواقص,99999,,13٫75,,2023/11/11,,,,,,,,2023/11/10,,-1,,,,,مايكل ثروت / مايت سينما,,,,0,45,13٫75,2023/08/10,,13٫75,لا,25,22,20,18,0
812,MAKE-UP اكلادور Y.s.s.y,0,0,4٫64,0,10,0,8,0,6,0,5٫5,0,2023/09/07,,,,,,,,,,,,,,,038110,,0,,0,MAKE-UP,اكلادور Y.s.s.y,,,,115٫48,0,0,,1,نواقص,99999,,4٫58,,2022/09/28,,,,,,,,2023/09/07,,-1,,,,,مكتب الاصدقاء / القاهره,,,,0,53٫59,4٫64,2021/12/22,,4٫64,لا,10,8,6,5٫5,0
813,MAKE-UP اكلادور Y.s.s.y ميني,0,0,3٫45,0,7,0,6,0,5,0,4,0,2023/12/15,,,,,,,,,,,,,,,038177,ميني,0,,0,MAKE-UP,اكلادور Y.s.s.y,,,,102٫89,0,0,,1,نواقص,99999,,3٫33,,2023/10/12,,,,,,,,2023/09/07,,-1,,,,,الاصدقاء,,,,0,50٫71,3٫45,2023/03/04,,3٫45,لا,7,6,5,4,0
814,MAKE-UP اكلادور بريانك,0,0,4٫22,0,10,0,8,0,6,0,5٫5,0,2023/12/15,,,,,,,,,,,,,,,038109,,0,,0,MAKE-UP,اكلادور بريانك,,,,137٫02,0,0,,1,نواقص,99999,,4٫17,,2023/10/12,,,,,,,,2023/08/04,,-1,,,,,مكتب الاصدقاء / القاهره,,,,0,57٫81,4٫22,2021/12/22,,4٫22,لا,10,8,6,5٫5,0
815,MAKE-UP اكلادور ت وسط,0,0,5,0,18,0,15,0,12,0,10,0,2025/10/26,,,,,,,,,,,,,,,038274,وسط,0,,0,MAKE-UP,اكلادور ت,,,,260,0,0,,1,---,99999,,5,,,,,,,,,,2025/10/26,,-1,,,,,,,,,0,72٫22,5,2025/01/28,,5,لا,18,15,12,10,0
816,MAKE-UP اكلادور دبل ستاند,0,0,8٫76,0,15,0,13,0,10,0,9٫25,0,2021/09/14,,,,,,,,,,,,,,,6903072348565,ستاند,0,,0,MAKE-UP,اكلادور دبل,,,,71٫28,0,0,,1,---,99999,,8٫67,,,,,,,,,,2021/09/14,,-1,,,,,JO /النزهه الجديده,,,,0,41٫62,8٫76,2021/09/11,,8٫76,لا,15,13,10,9٫25,0
817,MAKE-UP اكلادور مشكل ك CATRICE,0,0,6,0,12,0,10,0,8,0,6٫5,0,2022/08/22,,,,,,,,,,,,,,,010011,CATRICE,0,,0,MAKE-UP,اكلادور مشكل ك,,,,100,0,0,MAKE-UP,1,---,99999,\us\134\pid\390\f132586602335976848380.png,6,,,,,,,,,,2021/11/21,,6,2021/04/01,,#ROYALELCHIM ,CATRlCE كلادور مشكل MAKE,رصيد اول المده,,,,0,50,6,2021/09/14,اكلادور مشكل,6,لا,12,10,8,6٫5,2
818,MAKE-UP اى لاينر دبل M.N,0,0,22٫5,0,35,0,30,0,27٫5,0,25,0,2023/12/15,,,,,,,,,,,,,,,038017   6923859201951,M.N,0,,0,MAKE-UP,اى لاينر دبل,,,,55٫56,0,0,,1,نواقص,99999,,22٫5,,2022/06/16,,,,,,,,2021/12/02,,-1,,,,,العروسه,,,,0,35٫71,22٫5,2021/09/02,,22٫5,لا,35,30,27٫5,25,0
819,MAKE-UP ايشادو 10 لون MISS REEM,0,0,20,0,30,0,27,0,25,0,22,0,2023/06/17,,,,,,,,,,,,,,,038004,MISS REEM,0,,0,MAKE-UP,ايشادو 10 لون,,,,50,0,0,,1,نواقص,99999,,20,,2023/06/17,,,,,,,,2023/06/17,,-1,,,,,رصيد اول المده,,,,0,33٫33,20,2021/08/28,,20,لا,30,27,25,22,0
820,MAKE-UP ايشادو 9*1 EVER BEAUTY,0,0,57٫5,0,100,0,85,0,75,0,65,0,2024/04/02,,,,,,,,,,,,,,,6924269730987,EVER BEAUTY,0,,0,MAKE-UP,ايشادو 9*1,,,,73٫91,0,0,MAKE-UP,1,نواقص,99999,\us\134\pid\362\f132542377422908747170.jpg,60,,2024/04/02,,,,,,,,2024/04/02,,-2,2021/04/01,25,#ROYALELCHIM ,"ايشادو,مكياج.ميك.اب,EVER,BEAUTY.EYESHADOW",رويال/ادره المخازن,,,,0,42٫5,60,2022/02/14,1*9,57٫5,لا,100,85,75,65,5
821,MAKE-UP ايشادو بوك,0,0,65,0,100,0,90,0,80,0,75,0,2023/06/05,,,,,,,,,,,,,,,038191,,0,,0,MAKE-UP,ايشادو بوك,,,,53٫85,0,0,,1,نواقص,99999,,65,,2023/06/07,,,,,,,,2023/06/05,,-1,,,,,ميخائيل نجع حمادي,,,,0,35,65,2023/03/06,,65,لا,100,90,80,75,0
822,MAKE-UP ايشادو جليتر FASHION,0,0,83,0,120,0,110,0,100,0,95,0,2024/05/24,,,,,,,,,,,,,,,6955545476633,,0,,0,MAKE-UP,ايشادو جليتر FASHION,,,,44٫58,0,0,,1,نواقص,99999,,83,,2024/05/24,,,,,,,,2024/05/24,,-1,,,,,ميخائيل نجع حمادي,,,,0,30٫83,83,2023/08/22,,83,لا,120,110,100,95,0
823,MAKE-UP ايشادو لارين 12 لون برونز,0,0,121٫8,0,200,0,190,0,180,0,160,0,2024/04/09,,,,,,,,,,,,,,,6933495889994,برونز,0,,0,MAKE-UP,ايشادو لارين 12 لون,,,,64٫2,0,0,,1,نواقص,99999,,120,,2024/04/11,,,,,,,,2024/04/09,,-1,,,,,JO /النزهه الجديده,,,,0,39٫1,121٫8,2023/12/28,,121٫8,لا,200,190,180,160,0
824,MAKE-UP ايشادو ملاحه Not Magic Colour Shiner,0,0,8,0,18,0,15,0,13,0,10,0,2023/12/15,,,,,,,,,,,,,,,010020,Not Magic Colour Shiner,0,,0,MAKE-UP,ايشادو ملاحه,,,,125,0,0,MAKE-UP,1,نواقص,99999,\us\134\pid\413\f132585652379113705603.png,8,,2023/10/12,,,,,,,,2023/07/10,,-12,2021/04/01,10,#ROYALELCHIM ,"Colour,shiner ,ايشادو, ملاحه",رصيد اول المده,,,,0,55٫56,8,2021/08/29,ايشادو ملاحه,8,لا,18,15,13,10,2
825,MAKE-UP ايشادو+هايلايتر PRETTY WOMEN,0,0,63,0,100,0,90,0,75,0,70,0,2023/04/09,,,,,,,,,,,,,,,6223002243228,PRETTY WOMEN,0,,0,MAKE-UP,ايشادو+هايلايتر,,,,58٫73,0,0,,1,نواقص,99999,,63,,2022/06/16,,,,,,,,2022/07/21,,-1,,,,,رصيد اول المده,,,,0,37,63,2021/08/28,,63,لا,100,90,75,70,0
826,MAKE-UP ايلاينر EVER BEAUTY EVER BEAUTY,0,0,31٫75,0,55,0,50,0,45,0,35,0,2022/08/22,,,,,,,,,,,,,,,6903610711912,EVER BEAUTY,0,,0,MAKE-UP,ايلاينر EVER BEAUTY,,,,73٫23,0,0,MAKE-UP,1,نواقص,99999,\us\134\pid\368\f132586445119780432020.png,32,,2021/12/30,,,,,,,,2022/03/01,,-4,2021/04/01,10,#ROYALELCHIM ,"EVER,BEAUTY,EVER,BEAUTY ايلاينر MAKE",رويال / اداره المخازن الاقصر,,,,0,42٫27,32,2021/12/01,ايلاينر MAKE,31٫75,لا,55,50,45,35,2
827,MAKE-UP ايلاينر FLOMROR EYELINER,0,0,10,0,20,0,17,0,15,0,11٫5,0,2023/12/15,,,,,,,,,,,,,,,6971816070010,,0,,0,MAKE-UP,ايلاينر FLOMROR EYELINER,,,,100,0,0,,1,نواقص,99999,,10,,2022/06/16,,,,,,,,2022/04/21,,-1,,,,,العروسه,,,,0,50,10,2021/09/02,,10,لا,20,17,15,11٫5,0
828,MAKE-UP ايلاينر رومانتيك,0,0,50,0,75,0,70,0,65,0,60,0,2024/07/19,,,,,,,,,,,,,,,038253,,0,,0,MAKE-UP,ايلاينر رومانتيك,,,,50,0,0,,1,نواقص,99999,,50,,2024/07/22,,,,,,,,2024/07/19,,-1,,,,,ميخائيل نجع حمادي,,,,0,33٫33,50,2024/04/23,,50,لا,75,70,65,60,0
829,MAKE-UP ايلاينر فرشه,0,0,15,0,35,0,30,0,25,0,20,0,2023/03/22,,,,,,,,,,,,,,,038164,,0,,0,MAKE-UP,ايلاينر فرشه,,,,133٫33,0,0,,1,نواقص,99999,,15,,2023/03/22,,,,,,,,2023/03/22,,-1,,,,,ميخائيل نجع حمادي,,,,0,57٫14,15,2023/01/10,,15,لا,35,30,25,20,0
830,MAKE-UP ايلاينرمحمودسعيد,0,0,42٫5,0,85,0,80,0,70,0,60,0,2026/05/15,,,,,,,,,,,,,,,6281056335306,,0,,0,MAKE-UP,ايلاينرمحمودسعيد,,,,100,0,0,,1,نواقص,99999,,42٫5,,2024/02/10,,,,,,,,2024/02/10,,-1,,,,,ميخائيل نجع حمادي,,,,0,50,42٫5,2023/09/12,,42٫5,لا,85,80,70,60,0
831,MAKE-UP برايمر ايسنس D05252E,0,0,34٫36,0,70,0,60,0,50,0,40,0,2022/03/11,,,,,,,,,,,,,,,6995175352525,D05252E,0,,0,MAKE-UP,برايمر ايسنس,,,,103٫75,0,0,,1,نواقص,99999,,34,,2022/03/12,,,,,,,,2022/03/11,,-1,,,,,JO /النزهه الجديده,,,,0,50٫92,34٫36,2021/09/11,,34٫36,لا,70,60,50,40,0
832,MAKE-UP برايمر ايسنس GYM PROOF,0,0,35٫37,0,65,0,60,0,50,0,40,0,2022/05/26,,,,,,,,,,,,,,,4025904782391,GYM PROOF,0,,0,MAKE-UP,برايمر ايسنس,,,,83٫79,0,0,,1,نواقص,99999,,35,,2022/05/27,,,,,,,,2022/05/26,,-1,,,,,JO /النزهه الجديده,,,,0,45٫59,35٫37,2021/09/11,,35٫37,لا,65,60,50,40,0
833,MAKE-UP برايمر ايسنس FRESH & FIT,0,0,35٫37,0,65,0,60,0,50,0,45,0,2023/04/05,,,,,,,,,,,,,,,4251232258110,,0,,0,MAKE-UP,برايمر ايسنس FRESH & FIT,,,,83٫79,0,0,,1,نواقص,99999,,35,,2023/04/06,,,,,,,,2023/04/05,,-1,,,,,JO /النزهه الجديده,,,,0,45٫59,35٫37,2021/09/11,,35٫37,لا,65,60,50,45,0
834,MAKE-UP برايمر ايسنس H232,0,0,32٫84,0,60,0,55,0,45,0,37٫5,0,2023/12/15,,,,,,,,,,,,,,,4059729038579,,0,,0,MAKE-UP,برايمر ايسنس H232,,,,82٫7,0,0,,1,نواقص,99999,,32٫5,,2022/08/29,,,,,,,,2022/08/27,,-1,,,,,JO /النزهه الجديده,,,,0,45٫27,32٫84,2021/09/11,,32٫84,لا,60,55,45,37٫5,0
835,MAKE-UP برايمر ايفر بيوتي 1129E,0,0,50٫52,0,95,0,80,0,70,0,60,0,2024/04/20,,,,,,,,,,,,,,,6942257011290,1129E,0,,0,MAKE-UP,برايمر ايفر بيوتي,,,,88٫03,0,0,,1,نواقص,99999,,50,,2023/10/12,,,,,,,,2023/07/08,,-1,,,,,JO /النزهه الجديده,,,,0,46٫82,50٫52,2021/09/11,,50٫52,لا,95,80,70,60,0
836,MAKE-UP برايمر ايفر بيوتي 5167,0,0,50٫52,0,95,0,85,0,75,0,60,0,2024/01/12,,,,,,,,,,,,,,,6995175351672,5167,0,,0,MAKE-UP,برايمر ايفر بيوتي,,,,88٫03,0,0,,1,نواقص,99999,,50,,2024/01/12,,,,,,,,2024/01/12,,-1,,,,,JO /النزهه الجديده,,,,0,46٫82,50٫52,2021/09/11,,50٫52,لا,95,85,75,60,0
837,MAKE-UP برايمر ايفر بيوتى A05168E,0,0,50٫52,0,100,0,85,0,70,0,65,0,2023/12/15,,,,,,,,,,,,,,,6995175351689,,0,,0,MAKE-UP,برايمر ايفر بيوتى A05168E,,,,97٫93,0,0,,1,نواقص,99999,,50,,2023/10/12,,,,,,,,2022/08/25,,-1,,,,,JO /النزهه الجديده,,,,0,49٫48,50٫52,2021/09/11,,50٫52,لا,100,85,70,65,0
838,MAKE-UP برايمر ايفر بيوتى A05352E,0,0,32٫84,0,60,0,50,0,45,0,40,0,2023/02/27,,,,,,,,,,,,,,,6995175353522,,0,,0,MAKE-UP,برايمر ايفر بيوتى A05352E,,,,82٫7,0,0,,1,نواقص,99999,,32٫5,,2023/02/27,,,,,,,,2023/02/27,,-1,,,,,JO /النزهه الجديده,,,,0,45٫27,32٫84,2021/09/11,,32٫84,لا,60,50,45,40,0
839,MAKE-UP برايمر ايفر بيوتى A05384E 3D,0,0,50٫52,0,75,0,70,0,65,0,60,0,2022/08/22,,,,,,,,,,,,,,,6995175353843,,0,,0,MAKE-UP,برايمر ايفر بيوتى A05384E 3D,,,,48٫45,0,0,,1,نواقص,99999,,50,,2022/06/16,,,,,,,,2022/07/04,,-1,,,,,JO /النزهه الجديده,,,,0,32٫64,50٫52,2021/09/11,,50٫52,لا,75,70,65,60,0
840,MAKE-UP برايمر جاكلين هيل,0,0,50٫52,0,85,0,75,0,65,0,55,0,2024/01/16,,,,,,,,,,,,,,,6930236300619,,0,,0,MAKE-UP,برايمر جاكلين هيل,,,,68٫24,0,0,,1,نواقص,99999,,50,,2024/01/16,,,,,,,,2024/01/16,,-1,,,,,JO /النزهه الجديده,,,,0,40٫56,50٫52,2021/09/11,,50٫52,لا,85,75,65,55,0
841,MAKE-UP بلاشر // هاي لايت 4/كونتور MINI SRAR 55231,0,0,50٫52,0,85,0,75,0,65,0,57٫5,0,2023/05/16,,,,,,,,,,,,,,,038032,MINI SRAR 55231,0,,0,MAKE-UP,بلاشر // هاي لايت 4/كونتور,,,,68٫24,0,0,,1,نواقص,99999,,50,,2023/05/16,,,,,,,,2023/05/16,,-1,,,,,JO /النزهه الجديده,,,,0,40٫56,50٫52,2021/09/11,,50٫52,لا,85,75,65,57٫5,0
842,MAKE-UP بلاشر Kylie,0,0,4٫5,0,10,0,8,0,6,0,5,0,2024/03/27,,,,,,,,,,,,,,,038217,,0,,0,MAKE-UP,بلاشر Kylie,,,,122٫22,0,0,,1,نواقص,99999,,4٫5,,2024/03/27,,,,,,,,2024/03/27,,-1,,,,,ميخائيل نجع حمادي,,,,0,55,4٫5,2023/09/19,,4٫5,لا,10,8,6,5,0
843,MAKE-UP بلاشر Note,0,0,6٫58,0,15,0,13,0,12,0,10,0,2026/05/15,,,,,,,,,,,,,,,6225000271296,,0,,0,MAKE-UP,بلاشر Note,,,,128٫08,0,0,,1,نواقص,99999,,7٫25,,2024/02/01,,,,,,,,2024/02/01,,-1,,,,,ميخائيل نجع حمادي,,,,0,56٫16,7٫25,2023/09/19,,6٫58,لا,15,13,12,10,0
844,MAKE-UP بلاشر ايسنس,0,0,2٫78,0,8,0,6,0,5,0,4,0,2023/12/15,,,,,,,,,,,,,,,6225600017652,,0,,0,MAKE-UP,بلاشر ايسنس,,,,187٫3,0,0,,1,نواقص,99999,,2٫75,,2022/10/10,,,,,,,,2022/10/10,,-1,,,,,مكتب الاصدقاء / القاهره,,,,0,65٫19,2٫78,2021/12/22,,2٫78,لا,8,6,5,4,0
845,MAKE-UP بلاشر كريمي Might Cinema,0,0,17,0,35,0,30,0,25,0,22,0,2023/12/15,,,,,,,,,,,,,,,038087,Might Cinema,0,,0,MAKE-UP,بلاشر كريمي,,,,105٫88,0,0,,1,نواقص,99999,,17,,2022/07/20,,,,,,,,2022/07/25,,-1,,,,,ميخائيل نجع حمادي,,,,0,51٫43,17,2021/12/11,,17,لا,35,30,25,22,0
846,MAKE-UP بودر دبل ايفر بيوتى 104132E,0,0,50٫52,0,100,0,85,0,70,0,60,0,2024/04/20,,,,,,,,,,,,,,,6905621041323,,0,,0,MAKE-UP,بودر دبل ايفر بيوتى 104132E,,,,97٫93,0,0,,1,نواقص,99999,,50,,2022/12/30,,,,,,,,2022/12/29,,-1,,,,,JO /النزهه الجديده,,,,0,49٫48,50٫52,2021/09/11,,50٫52,لا,100,85,70,60,0
847,MAKE-UP بودره LAIMEI,0,0,45,0,80,0,70,0,60,0,50,0,2023/12/15,,,,,,,,,,,,,,,6905624820635,,0,,0,MAKE-UP,بودره LAIMEI,,,,77٫78,0,0,,1,نواقص,99999,,45,,2022/06/16,,,,,,,,,,-1,,,,,رويال/ادره المخازن,,,,0,43٫75,45,2022/02/14,,45,لا,80,70,60,50,0
848,MAKE-UP بودره TAILAIMEI,0,0,45,0,80,0,70,0,60,0,50,0,2023/12/15,,,,,,,,,,,,,,,6905624210634,,0,,0,MAKE-UP,بودره TAILAIMEI,,,,77٫78,0,0,,1,نواقص,99999,,45,,2023/10/12,,,,,,,,2022/12/19,,-1,,,,,رويال / اداره المخازن الاقصر,,,,0,43٫75,45,2021/05/13,,45,لا,80,70,60,50,0
849,MAKE-UP بودره جوردانا,0,0,45٫47,0,85,0,75,0,65,0,55,0,2023/12/15,,,,,,,,,,,,,,,041065516037,,0,,0,MAKE-UP,بودره جوردانا,,,,86٫93,0,0,,1,نواقص,99999,,45,,2023/10/12,,,,,,,,2023/05/31,,-1,,,,,JO /النزهه الجديده,,,,0,46٫5,45٫47,2021/09/11,,45٫47,لا,85,75,65,55,0
850,MAKE-UP بودره روبي روز,0,0,20٫21,0,35,0,30,0,25,0,22٫5,0,2023/12/15,,,,,,,,,,,,,,,6295125004574,,0,,0,MAKE-UP,بودره روبي روز,,,,73٫19,0,0,,1,نواقص,99999,,20,,2022/06/16,,,,,,,,2023/05/25,,-1,,,,,JO /النزهه الجديده,,,,0,42٫26,20٫21,2021/09/11,,20٫21,لا,35,30,25,22٫5,0
851,MAKE-UP بودره مايبلين فت مي,0,0,30٫31,0,60,0,50,0,45,0,35,0,2023/12/15,,,,,,,,,,,,,,,6294014691420,,0,,0,MAKE-UP,بودره مايبلين فت مي,,,,97٫93,0,0,,1,نواقص,99999,,30,,2023/10/12,,,,,,,,2023/02/13,,-1,,,,,JO /النزهه الجديده,,,,0,49٫48,30٫31,2021/09/11,,30٫31,لا,60,50,45,35,0
852,MAKE-UP بودره معطره دوف وسط,0,0,14٫49,0,25,0,22,0,20,0,18,0,2024/06/19,,,,,,,,,,,,,,,072014,وسط,0,,0,MAKE-UP,بودره معطره دوف,,,,72٫51,0,0,,1,نواقص,99999,,14,,2023/05/04,,,,,,,,2024/06/19,,-1,,,,,الاصدقاء,,,,0,42٫03,14٫49,2023/03/04,,14٫49,لا,25,22,20,18,0
853,MAKE-UP بودره نوفاسيد,0,0,45٫47,0,75,0,65,0,60,0,55,0,2023/02/16,,,,,,,,,,,,,,,651986702350,,0,,0,MAKE-UP,بودره نوفاسيد,,,,64٫94,0,0,,1,نواقص,99999,,45,,2023/02/16,,,,,,,,2023/02/16,,-1,,,,,JO /النزهه الجديده,,,,0,39٫37,45٫47,2021/09/11,,45٫47,لا,75,65,60,55,0
854,MAKE-UP هاي لايتر 3 لون,0,0,60,0,80,0,75,0,70,0,65,0,2024/06/26,,,,,,,,,,,,,,,038186,,0,,0,MAKE-UP,هاي لايتر 3 لون,,,,33٫33,0,0,,1,نواقص,99999,,60,,2024/06/26,,,,,,,,2024/06/26,,-1,,,,,ميخائيل نجع حمادي,,,,0,25,60,2024/05/21,,60,لا,80,75,70,65,0
855,MAKE-UP هاي لايتر 4 لون مدور,0,0,22٫36,0,45,0,40,0,35,0,30,0,2023/12/19,,,,,,,,,,,,,,,038185,,0,,0,MAKE-UP,هاي لايتر 4 لون مدور,,,,101٫24,0,0,,1,نواقص,99999,,22٫5,,2023/11/22,,,,,,,,2023/12/19,,-1,,,,,ميخائيل نجع حمادي,,,,0,50٫31,22٫5,2023/09/12,,22٫36,لا,45,40,35,30,0
856,MAKE-UP هاي لايتر 4 لون مربع,0,0,28,0,45,0,40,0,35,0,30,0,2023/09/01,,,,,,,,,,,,,,,038211,,0,,0,MAKE-UP,هاي لايتر 4 لون مربع,,,,60٫71,0,0,,1,نواقص,99999,,28,,2023/09/01,,,,,,,,2023/09/01,,-1,,,,,ميخائيل نجع حمادي,,,,0,37٫78,28,2023/08/08,,28,لا,45,40,35,30,0
857,MAKE-UP هاى لايتر 6 لون,0,0,50,0,90,0,80,0,70,0,65,0,2024/05/08,,,,,,,,,,,,,,,038216,,0,,0,MAKE-UP,هاى لايتر 6 لون,,,,80,0,0,,1,نواقص,99999,,50,,2024/05/08,,,,,,,,2024/05/08,,-1,,,,,ميخائيل نجع حمادي,,,,0,44٫44,50,2023/09/12,,50,لا,90,80,70,65,0
858,MAKE-UP تفتيح فوري ORANOT,0,0,85,0,135,0,125,0,115,0,100,0,2024/01/10,,,,,,,,,,,,,,,038189,,0,,0,MAKE-UP,تفتيح فوري ORANOT,,,,58٫82,0,0,,1,نواقص,99999,,85,,2024/01/10,,,,,,,,2024/01/10,,-1,,,,,ميخائيل نجع حمادي,,,,0,37٫04,85,2023/03/06,,85,لا,135,125,115,100,0
859,MAKE-UP تنت شفاه و خدود Ever Beauty,0,0,15,0,35,0,30,0,25,0,18,0,2023/12/15,,,,,,,,,,,,,,,6995175311027,Ever Beauty,0,,0,MAKE-UP,تنت شفاه و خدود,,,,133٫33,0,0,MAKE-UP,1,نواقص,99999,,15,,2023/10/12,,,,,,,,2023/04/25,,21,2021/04/01,10,#ROYALELCHIM ,",EVE, BEAUTY تنت شفاه وخدودMAKE-UP",رصيد اول المده,,,,0,57٫14,15,2021/08/29,EVER BEAUTY تنت شفاه وخدودMAKE-UP,15,لا,35,30,25,18,0
860,MAKE-UP حنه NEHA,0,0,8٫39,0,18,0,15,0,12,0,10,0,2023/12/15,,,,,,,,,,,,,,,8906035050855,,0,,0,MAKE-UP,حنه NEHA,,,,114٫59,0,0,,1,نواقص,99999,,7٫5,,2023/10/12,,,,,,,,2023/05/09,,-1,,,,,نقدي متنوع,,,,0,53٫4,8٫39,2023/02/18,,8٫39,لا,18,15,12,10,0
861,MAKE-UP روج Karit,0,0,8٫5,0,20,0,15,0,13,0,10,0,2023/12/15,,,,,,,,,,,,,,,6903072377053,,0,,0,MAKE-UP,روج Karit,,,,135٫29,0,0,,1,نواقص,99999,,8٫5,,2023/10/12,,,,,,,,2023/03/31,,-1,,,,,رويال / اداره المخازن الاقصر,,,,0,57٫5,8٫5,2021/12/29,,8٫5,لا,20,15,13,10,0
862,MAKE-UP روج استيك رومانتيك بيرد R4633,0,0,10٫95,0,15,0,13,0,12٫5,0,11٫5,0,2022/10/15,,,,,,,,,,,,,,,6971204786332,,0,,0,MAKE-UP,روج استيك رومانتيك بيرد R4633,,,,37٫03,0,0,,1,نواقص,99999,,10٫83,,2022/10/16,,,,,,,,2022/10/15,,-1,,,,,JO /النزهه الجديده,,,,0,27٫02,10٫95,2021/09/11,,10٫95,لا,15,13,12٫5,11٫5,0
863,MAKE-UP روج ت,0,0,7٫5,0,15,0,13,0,12,0,10,0,2023/12/15,,,,,,,,,,,,,,,6905624182658,,0,,0,MAKE-UP,روج ت,,,,100,0,0,,1,نواقص,99999,,7٫5,,2022/06/16,,,,,,,,2023/11/02,,-1,,,,,رويال / اداره المخازن الاقصر,,,,0,50,7٫5,2021/11/20,,7٫5,لا,15,13,12,10,0
864,MAKE-UP روج جلاتينى,0,0,28,0,50,0,45,0,40,0,35,0,2023/09/12,,,,,,,,,,,,,,,6905624881216,,0,,0,MAKE-UP,روج جلاتينى,,,,78٫57,0,0,,1,نواقص,99999,,28,,2023/09/12,,,,,,,,,,-1,,,,,ميخائيل نجع حمادي,,,,0,44,28,2023/08/29,,28,لا,50,45,40,35,0
865,MAKE-UP روج خشب ت,0,0,9,0,15,0,13,0,12,0,10,0,2023/12/15,,,,,,,,,,,,,,,038126,,0,,0,MAKE-UP,روج خشب ت,,,,66٫67,0,0,,1,نواقص,99999,,9,,2023/10/12,,,,,,,,2023/01/08,,-1,,,,,رويال/ادره المخازن,,,,0,40,9,2022/02/14,,9,لا,15,13,12,10,0
866,MAKE-UP روج سائل رومانتيك بيرد RB175,0,0,15٫16,0,25,0,20,0,17٫5,0,16,0,2023/07/21,,,,,,,,,,,,,,,6971204781757,RB175,0,,0,MAKE-UP,روج سائل رومانتيك بيرد,,,,64٫94,0,0,,1,نواقص,99999,,15,,2023/07/21,,,,,,,,2023/07/21,,-1,,,,,JO /النزهه الجديده,,,,0,39٫37,15٫16,2021/09/11,,15٫16,لا,25,20,17٫5,16,0
867,MAKE-UP روج سائل رومانتيك بيرد RB205,0,0,15٫16,0,20,0,18,0,17,0,15٫5,0,2022/07/26,,,,,,,,,,,,,,,6971204782051,RB205,0,,0,MAKE-UP,روج سائل رومانتيك بيرد,,,,31٫95,0,0,,1,نواقص,99999,,15,,2022/07/27,,,,,,,,2022/07/26,,-1,,,,,JO /النزهه الجديده,,,,0,24٫21,15٫16,2021/09/11,,15٫16,لا,20,18,17,15٫5,0
868,MAKE-UP روج سائل رومانتيك بيرد RB176,0,0,15٫16,0,25,0,20,0,17٫5,0,16٫5,0,2023/02/03,,,,,,,,,,,,,,,6971204781764,,0,,0,MAKE-UP,روج سائل رومانتيك بيرد RB176,,,,64٫94,0,0,,1,نواقص,99999,,15,,2023/02/04,,,,,,,,2023/02/03,,-1,,,,,JO /النزهه الجديده,,,,0,39٫37,15٫16,2021/09/11,,15٫16,لا,25,20,17٫5,16٫5,0
869,MAKE-UP روج سائل رومانتيك بيرد Rb200L,0,0,15٫16,0,25,0,20,0,17٫5,0,16٫5,0,2023/02/03,,,,,,,,,,,,,,,6971204782006,,0,,0,MAKE-UP,روج سائل رومانتيك بيرد Rb200L,,,,64٫94,0,0,,1,نواقص,99999,,15,,2023/02/04,,,,,,,,2023/02/03,,-1,,,,,JO /النزهه الجديده,,,,0,39٫37,15٫16,2021/09/11,,15٫16,لا,25,20,17٫5,16٫5,0
870,MAKE-UP روج سائل رومانتيك بيرد RB209,0,0,15٫16,0,25,0,20,0,17٫5,0,16٫5,0,2024/04/20,,,,,,,,,,,,,,,6971204782099,,0,,0,MAKE-UP,روج سائل رومانتيك بيرد RB209,,,,64٫94,0,0,,1,نواقص,99999,,15,,2022/08/17,,,,,,,,2022/08/17,,-1,,,,,JO /النزهه الجديده,,,,0,39٫37,15٫16,2021/09/11,,15٫16,لا,25,20,17٫5,16٫5,0
871,MAKE-UP روج سائل ميس بيوتى 539,0,0,8٫08,0,15,0,13,0,12,0,11,0,2024/04/20,,,,,,,,,,,,,,,6954529615396,,0,,0,MAKE-UP,روج سائل ميس بيوتى 539,,,,85٫56,0,0,,1,نواقص,99999,,8,,2023/10/12,,,,,,,,2023/02/08,,-1,,,,,JO /النزهه الجديده,,,,0,46٫11,8٫08,2021/09/11,,8٫08,لا,15,13,12,11,0
872,MAKE-UP روج سائل ميس بيوتى 636,0,0,8٫08,0,15,0,13,0,11,0,9,0,2023/12/15,,,,,,,,,,,,,,,6689304080013,,0,,0,MAKE-UP,روج سائل ميس بيوتى 636,,,,85٫56,0,0,,1,نواقص,99999,,8,,2023/10/12,,,,,,,,2023/05/15,,-1,,,,,JO /النزهه الجديده,,,,0,46٫11,8٫08,2021/09/11,,8٫08,لا,15,13,11,9,0
873,MAKE-UP روج سايل ثابت 3*1 PRETTY WOMEN,0,0,25,0,40,0,35,0,32,0,28,0,2023/01/05,,,,,,,,,,,,,,,6223002240098,PRETTY WOMEN,0,,0,MAKE-UP,روج سايل ثابت 3*1,,,,60,0,0,MAKE-UP,1,نواقص,99999,\us\134\pid\363\f132584873634760748205.png,25,,2023/01/05,,,,,,,,2023/01/05,,-11,2021/04/01,10,#ROYALELCHIM ,"العنايه,بالبشره,روج,سايل,ثابتPRETTY, WOMEN1*3",رصيد اول المده,,,,0,37٫5,25,2021/08/29,روج سايل ثابت*3,25,لا,40,35,32,28,2
874,MAKE-UP روج ستيك رومانتيك R4577 ستاند 2 دسته,0,0,11٫12,0,15,0,13,0,12٫5,0,11٫25,0,2024/04/20,,,,,,,,,,,,,,,6971204785779,R4577,0,,0,MAKE-UP,روج ستيك رومانتيك,ستاند 2 دسته,,,34٫94,0,0,,1,نواقص,99999,,15,,2023/02/13,,,,,,,,2023/02/13,,-1,,,,,,,,,0,25٫9,15,2021/09/14,,11٫12,لا,15,13,12٫5,11٫25,0
875,MAKE-UP روج ستيك رومانتيك بيرد R4568R,0,0,10٫95,0,15,0,14,0,13٫5,0,12,0,2024/01/12,,,,,,,,,,,,,,,6949392945688,R4568R,0,,0,MAKE-UP,روج ستيك رومانتيك بيرد,,,,37٫03,0,0,,1,نواقص,99999,,10٫83,,2023/10/12,,,,,,,,2023/01/31,,-1,,,,,JO /النزهه الجديده,,,,0,27٫02,10٫95,2021/09/11,,10٫95,لا,15,14,13٫5,12,0
876,MAKE-UP روج ستيك رومانتيك بيرد R4627,0,0,10٫95,0,15,0,13٫5,0,12٫5,0,11٫25,0,2024/04/20,,,,,,,,,,,,,,,6971204786271,R4627,0,,0,MAKE-UP,روج ستيك رومانتيك بيرد,,,,37٫03,0,0,,1,نواقص,99999,,10٫83,,2023/10/12,,,,,,,,2022/10/18,,-1,,,,,JO /النزهه الجديده,,,,0,27٫02,10٫95,2021/09/11,,10٫95,لا,15,13٫5,12٫5,11٫25,0
877,MAKE-UP روج ستيك رومانتيك بيرد R4630,0,0,10٫95,0,15,0,13٫5,0,12٫5,0,11٫25,0,2024/01/12,,,,,,,,,,,,,,,6971204786301,R4630,0,,0,MAKE-UP,روج ستيك رومانتيك بيرد,,,,37٫03,0,0,,1,نواقص,99999,,10٫83,,2023/10/12,,,,,,,,2023/10/16,,-1,,,,,JO /النزهه الجديده,,,,0,27٫02,10٫95,2021/09/11,,10٫95,لا,15,13٫5,12٫5,11٫25,0
878,MAKE-UP روج ستيك رومانتيك بيرد R4631,0,0,10٫95,0,15,0,13٫5,0,12٫5,0,11٫25,0,2024/04/20,,,,,,,,,,,,,,,6971204786318,R4631,0,,0,MAKE-UP,روج ستيك رومانتيك بيرد,,,,37٫03,0,0,,1,نواقص,99999,,10٫83,,2023/07/28,,,,,,,,2023/07/27,,-1,,,,,JO /النزهه الجديده,,,,0,27٫02,10٫95,2021/09/11,,10٫95,لا,15,13٫5,12٫5,11٫25,0
879,MAKE-UP روج ستيك ويت ايفر,0,0,10٫8,0,15,0,14,0,12٫5,0,11٫25,0,2023/12/15,,,,,,,,,,,,,,,6951288357253,,0,,0,MAKE-UP,روج ستيك ويت ايفر,,,,38٫89,0,0,,1,نواقص,99999,,10٫8,,2023/10/12,,,,,,,,2023/08/13,,-1,,,,,رويال/ادره المخازن,,,,0,28,10٫8,2022/02/14,,10٫8,لا,15,14,12٫5,11٫25,0
880,MAKE-UP روج سحري قلم رصاص Tinted Magic,0,0,7٫08,0,15,0,12,0,10,0,8٫5,0,2023/07/24,,,,,,,,,,,,,,,6971667859017,Tinted Magic,0,,0,MAKE-UP,روج سحري قلم رصاص,,,,111٫77,0,0,,1,نواقص,99999,,7٫08,,2023/07/24,,,,,,,,2023/07/24,,-1,,,,,ميخائيل نجع حمادي,,,,0,52٫78,7٫08,2023/03/06,,7٫08,لا,15,12,10,8٫5,0
881,MAKE-UP روج سحري مستورد الوان,0,0,5,0,10,0,8,0,6٫5,0,5٫5,0,2022/01/15,,,,,,,,,,,,,,,010005,الوان,0,,0,MAKE-UP,روج سحري مستورد,,,,100,0,0,,1,---,99999,,5,,,,,,,,,,2022/01/15,,-1,,,,,رصيد اول المده,,,,0,50,5,2021/08/29,,5,لا,10,8,6٫5,5٫5,0
882,MAKE-UP روج لوكس PRETTY WOMAN,0,0,13٫5,0,30,0,25,0,20,0,15,0,2023/11/04,,,,,,,,,,,,,,,6223002243150,PRETTY WOMAN,0,,0,MAKE-UP,روج لوكس,,,,122٫22,0,0,MAKE-UP,1,نواقص,99999,\us\134\pid\392\f132587486058780773081.png,13٫5,,2023/11/04,,,,,,,,2023/11/04,,4,2021/04/01,10,#ROYALELCHIM ,PRETTY WOMAN  روج لوكس,رصيد اول المده,,,,0,55,13٫5,2021/08/29,روج لوكس,13٫5,لا,30,25,20,15,2
883,MAKE-UP سيروم ريفلوشن,0,0,60٫63,0,115,0,90,0,80,0,70,0,2023/12/15,,,,,,,,,,,,,,,6926450656113,,0,,0,MAKE-UP,سيروم ريفلوشن,,,,89٫68,0,0,,1,نواقص,99999,,60,,2022/12/03,,,,,,,,2022/12/03,,-1,,,,,JO /النزهه الجديده,,,,0,47٫28,60٫63,2021/09/11,,60٫63,لا,115,90,80,70,0
884,MAKE-UP سيروم كوري للبشره,0,0,78٫31,0,155,0,135,0,115,0,90,0,2023/12/15,,,,,,,,,,,,,,,038046,,0,,0,MAKE-UP,سيروم كوري للبشره,,,,97٫93,0,0,,1,نواقص,99999,,77٫5,,2023/10/12,,,,,,,,2022/04/12,,-1,,,,,JO /النزهه الجديده,,,,0,49٫48,78٫31,2021/09/11,,78٫31,لا,155,135,115,90,0
885,MAKE-UP صابونه حواجب اميليا,0,0,45,0,65,0,60,0,55,0,50,0,2024/07/22,,,,,,,,,,,,,,,6224005656251,,0,,0,MAKE-UP,صابونه حواجب اميليا,,,,44٫44,0,0,,1,نواقص,99999,,45,,2024/07/22,,,,,,,,2024/07/22,,-1,,,,,ميخائيل نجع حمادي,,,,0,30٫77,45,2024/05/08,,45,لا,65,60,55,50,0
886,MAKE-UP صابونه حواجب اميليا 3d,0,0,42,0,60,0,55,0,50,0,48,0,2024/11/08,,,,,,,,,,,,,,,6227662812428,3d,0,,0,MAKE-UP,صابونه حواجب اميليا,,,,42٫86,0,0,,1,نواقص,99999,,42,,2024/11/08,,,,,,,,2024/11/08,,-1,,,,,ميخائيل نجع حمادي,,,,0,30,42,2024/09/24,,42,لا,60,55,50,48,0
887,MAKE-UP صبونه حواجب,0,0,35,0,55,0,50,0,45,0,40,0,2024/02/06,,,,,,,,,,,,,,,6227662812886,,0,,0,MAKE-UP,صبونه حواجب,,,,57٫14,0,0,,1,نواقص,99999,,35,,2024/02/06,,,,,,,,2024/02/06,,-1,,,,,ميخائيل نجع حمادي,,,,0,36٫36,35,2023/06/25,,35,لا,55,50,45,40,0
888,MAKE-UP طقم كريم اساس مايبلين فت مي + برايمر NO 1,0,0,45٫47,0,90,0,80,0,65,0,50,0,2024/01/12,,,,,,,,,,,,,,,038026,NO 1,0,,0,MAKE-UP,طقم كريم اساس مايبلين فت مي + برايمر,,,,97٫93,0,0,,1,نواقص,99999,,45,,2022/06/16,,,,,,,,2022/07/04,,-1,,,,,JO /النزهه الجديده,,,,0,49٫48,45٫47,2021/09/11,,45٫47,لا,90,80,65,50,0
889,MAKE-UP طقم كريم اساس مايبلين فت مي + برايمر NO 2,0,0,45٫31,0,90,0,80,0,65,0,50,0,2024/01/12,,,,,,,,,,,,,,,038024,NO 2,0,,0,MAKE-UP,طقم كريم اساس مايبلين فت مي + برايمر,,,,98٫61,0,0,,1,نواقص,99999,,45,,2022/06/16,,,,,,,,2022/07/22,,-1,,,,,رويال/ادره المخازن,,,,0,49٫65,45,2022/02/14,,45٫31,لا,90,80,65,50,0
890,MAKE-UP طقم كريم اساس مايبلين فت مي + برايمر NO 3,0,0,45٫47,0,90,0,80,0,65,0,50,0,2024/01/12,,,,,,,,,,,,,,,038025,NO 3,0,,0,MAKE-UP,طقم كريم اساس مايبلين فت مي + برايمر,,,,97٫93,0,0,,1,نواقص,99999,,45,,2022/06/16,,,,,,,,,,-1,,,,,JO /النزهه الجديده,,,,0,49٫48,45٫47,2021/09/11,,45٫47,لا,90,80,65,50,0
891,MAKE-UP طقم كريم اساس مايبلين فت مي +برايمر NO 4,0,0,45٫47,0,90,0,80,0,65,0,50,0,2022/07/22,,,,,,,,,,,,,,,6905379820560,NO 4,0,,0,MAKE-UP,طقم كريم اساس مايبلين فت مي +برايمر,,,,97٫93,0,0,,1,نواقص,99999,,45,,2022/06/16,,,,,,,,2022/07/22,,-1,,,,,JO /النزهه الجديده,,,,0,49٫48,45٫47,2021/09/11,,45٫47,لا,90,80,65,50,0
892,MAKE-UP طوق بندانه خصل شعر,0,0,24٫17,0,45,0,35,0,30,0,27٫5,0,2023/12/15,,,,,,,,,,,,,,,013002,,0,,0,MAKE-UP,طوق بندانه خصل شعر,,,,86٫21,0,0,,1,نواقص,99999,,25,,2022/06/16,,,,,,,,2022/05/10,,-1,,,,,رصيد اول المده,,,,0,46٫3,25,2021/08/28,,24٫17,لا,45,35,30,27٫5,0
893,MAKE-UP علبه مدوره بوك T.ME,0,0,200,0,385,0,330,0,275,0,225,0,2022/08/29,,,,,,,,,,,,,,,010001,,0,,0,MAKE-UP,علبه مدوره بوك T.ME,,,,92٫5,0,0,MAKE-UP,1,نواقص,99999,\us\134\pid\177\f132542589343227486040.jpg,200,,2022/08/29,,,,,,,,2022/08/29,,1,,,#ROYALELCHIM ,"ROYAL , EYE , SHADOW , EYESHADOW , COSMETIC , PALETTE",رصيد اول المده,,,,0,48٫05,200,2021/08/28,TRY ME EYE SHADOW PALETTE 64 COLORS,200,لا,385,330,275,225,5
894,MAKE-UP علبه مربعه بوك T.ME,0,0,202٫5,0,420,0,350,0,300,0,235,0,2023/07/12,,,,,,,,,,,,,,,010002,,0,,0,MAKE-UP,علبه مربعه بوك T.ME,,,,107٫41,0,0,MAKE-UP,1,نواقص,99999,\us\134\pid\178\f132542592742202945044.jpg,210,,2022/09/30,,,,,,,,2022/09/30,,0,,,#ROYALELCHIM ,"MAKEUP , EYESHADOW , PALETTE , TRY , ME , 120COLORS , ايشادو , ميكب , ترى مى , رويال , الكيم",رصيد اول المده,,,,0,51٫79,210,2021/08/28,TRY ME EYE SHADOW PALETTE 120 COLORS,202٫5,لا,420,350,300,235,4
895,MAKE-UP فاونديشن Dram Urban,0,0,55,0,110,0,100,0,90,0,80,0,2024/04/09,,,,,,,,,,,,,,,3600531554163   071524865840,,0,,0,MAKE-UP,فاونديشن Dram Urban,,,,100,0,0,,1,نواقص,99999,,55,,2024/04/11,,,,,,,,2024/04/09,,-1,,,,,ميخائيل نجع حمادي,,,,0,50,55,2024/02/06,,55,لا,110,100,90,80,0
896,MAKE-UP فرشه شعر تشابك +35 بداره,0,0,25,0,50,0,45,0,35,0,30,0,2022/07/27,,,,,,,,,,,,,,,038137,,0,,0,MAKE-UP,فرشه شعر تشابك +35 بداره,,,,100,0,0,,1,نواقص,99999,,25,,2022/07/28,,,,,,,,2022/07/26,,-1,,,,,Abou Yousef,,,,0,50,25,2022/02/24,,25,لا,50,45,35,30,0
897,MAKE-UP قصه فرنشه,0,0,27,0,60,0,50,0,40,0,30,0,2023/12/15,,,,,,,,,,,,,,,013003,,0,,0,MAKE-UP,قصه فرنشه,,,,122٫22,0,0,,1,نواقص,99999,,27,,2022/06/16,,,,,,,,,,-1,,,,,رصيد اول المده,,,,0,55,27,2021/08/29,,27,لا,60,50,40,30,0
898,MAKE-UP قلم M.n برايه ك,0,0,6,0,20,0,18,0,15,0,10,0,2024/01/12,,,,,,,,,,,,,,,038212,برايه ك,0,,0,MAKE-UP,قلم M.n,,,,233٫33,0,0,,1,نواقص,99999,,6,,2023/10/12,,,,,,,,,,-1,,,,,مايكل ثروت / مايت سينما,,,,0,70,6,2023/08/10,,6,لا,20,18,15,10,0
899,MAKE-UP قلم M.N MENOW بني,0,0,4٫17,0,10,0,8,0,7,0,6,0,2023/12/15,,,,,,,,,,,,,,,6923859256357,بني,0,,0,MAKE-UP,قلم M.N MENOW,,,,140,0,0,,1,نواقص,99999,,4٫17,,2022/08/29,,,,,,,,2022/08/25,,-1,,,,,رويال / اداره المخازن الاقصر,,,,0,58٫33,4٫17,2021/11/24,,4٫17,لا,10,8,7,6,0
900,MAKE-UP قلم Touch اسود وبني,0,0,17,0,30,0,28,0,25,0,20,0,2024/08/20,,,,,,,,,,,,,,,6945080885045   6915000020139,اسود وبني,0,,0,MAKE-UP,قلم Touch,,,,76٫47,0,0,,1,نواقص,99999,,17,,2024/08/21,,,,,,,,2024/08/20,,-1,,,,,ميخائيل نجع حمادي,,,,0,43٫33,17,2024/02/13,,17,لا,30,28,25,20,0
901,MAKE-UP قلم ايشادو ابيض رفيع FLORMAR,0,0,5,0,10,0,8,0,7,0,6,0,2026/05/15,,,,,,,,,,,,,,,013173,FLORMAR,0,,0,MAKE-UP,قلم ايشادو ابيض رفيع,,,,100,0,0,MAKE-UP,1,---,99999,\us\134\pid\384\f132585812454146553446.png,5,,,,,,,,,,2023/07/02,,0,2021/04/01,10,#ROYALELCHIM ,"MAKE-UP,COLLECTION,قلم,ايشادو,ابيض,رفيع,FLORMAR",رويال/ادره المخازن,,,,0,50,5,2022/02/14,قلم ايشادو ابيض رفيع,5,لا,10,8,7,6,2
902,MAKE-UP قلم ايلانير فص علي ستاند,0,0,20,0,40,0,35,0,30,0,25,0,2024/04/20,,,,,,,,,,,,,,,6972156546319,,0,,0,MAKE-UP,قلم ايلانير فص علي ستاند,,,,100,0,0,,1,نواقص,99999,,20,,2022/06/16,,,,,,,,2022/04/29,,-1,,,,,العروسه,,,,0,50,20,2021/09/02,,20,لا,40,35,30,25,0
903,MAKE-UP قلم تحديد الوان,0,0,4,0,10,0,8,0,6,0,5,0,2023/12/15,,,,,,,,,,,,,,,8690604111299,الوان,0,,0,MAKE-UP,قلم تحديد,,,,150,0,0,,1,نواقص,99999,,4,,2022/06/16,,,,,,,,2023/03/26,,-1,,,,,رويال/ادره المخازن,,,,0,60,4,2022/02/14,,4,لا,10,8,6,5,0
904,MAKE-UP قلم تحديد شفاه,0,0,12٫5,0,30,0,25,0,20,0,18,0,2024/08/08,,,,,,,,,,,,,,,038144,,0,,0,MAKE-UP,قلم تحديد شفاه,,,,140,0,0,,1,نواقص,99999,,12٫5,,2024/08/09,,,,,,,,2024/08/08,,-1,,,,,ميخائيل نجع حمادي,,,,0,58٫33,12٫5,2024/05/28,,12٫5,لا,30,25,20,18,0
905,MAKE-UP قلم تحديد شفايف Pencil,0,0,12٫5,0,35,0,30,0,25,0,20,0,2025/01/03,,,,,,,,,,,,,,,038207,,0,,0,MAKE-UP,قلم تحديد شفايف Pencil,,,,180,0,0,,1,نواقص,99999,,12٫5,,2025/01/03,,,,,,,,2025/01/03,,-1,,,,,ميخائيل نجع حمادي,,,,0,64٫29,12٫5,2023/06/25,,12٫5,لا,35,30,25,20,0
906,MAKE-UP قلم ثابت FLORMAR كفر ابيض,0,0,8٫1,0,20,0,15,0,12,0,10,0,2023/11/26,,,,,,,,,,,,,,,038119,كفر ابيض,0,,0,MAKE-UP,قلم ثابت FLORMAR,,,,147٫01,0,0,,1,نواقص,99999,,8,,2023/11/26,,,,,,,,2023/11/26,,-1,,,,,,,,,0,59٫52,8,2022/07/26,,8٫1,لا,20,15,12,10,0
907,MAKE-UP قلم جليتر فلورمار,0,0,4٫16,0,10,0,8,0,7,0,6,0,2024/04/20,,,,,,,,,,,,,,,038045,,0,,0,MAKE-UP,قلم جليتر فلورمار,,,,140٫15,0,0,,1,نواقص,99999,,3٫75,,2023/10/12,,,,,,,,2023/05/22,,-1,,,,,,,,,0,58٫36,3٫75,2022/07/26,,4٫16,لا,10,8,7,6,0
908,MAKE-UP قلم حواجب فلومار بني,0,0,4,0,10,0,8,0,6,0,5,0,2023/12/15,,,,,,,,,,,,,,,8690604109425,بني,0,,0,MAKE-UP,قلم حواجب فلومار,,,,150,0,0,,1,نواقص,99999,,4,,2023/10/12,,,,,,,,2023/01/04,,-1,,,,,JO /النزهه الجديده,,,,0,60,4,2022/02/20,,4,لا,10,8,6,5,0
909,MAKE-UP قلم خشب تحديد Pretty Woman,0,0,5,0,10,0,8,0,7,0,6,0,2022/12/23,,,,,,,,,,,,,,,038128,Pretty Woman,0,,0,MAKE-UP,قلم خشب تحديد,,,,100,0,0,,1,نواقص,99999,,5,,2022/12/24,,,,,,,,2022/12/23,,-1,,,,,رويال/ادره المخازن,,,,0,50,5,2022/02/14,,5,لا,10,8,7,6,0
910,MAKE-UP قلم كحل MISS DEMI,0,0,3,0,5,0,4٫5,0,4,0,3٫5,0,2024/01/12,,,,,,,,,,,,,,,038123,,0,,0,MAKE-UP,قلم كحل MISS DEMI,,,,66٫67,0,0,,1,---,99999,,3,,,,,,,,,,2023/07/02,,-1,,,,,رويال/ادره المخازن,,,,0,40,3,2022/02/06,,3,لا,5,4٫5,4,3٫5,0
911,MAKE-UP قلم كحل عريض دبل,0,0,5,0,10,0,9,0,8,0,7,0,2024/04/20,,,,,,,,,,,,,,,038196,دبل,0,,0,MAKE-UP,قلم كحل عريض,,,,100,0,0,,1,نواقص,99999,,5,,2023/10/12,,,,,,,,2023/07/29,,-1,,,,,,,,,0,50,5,2023/04/07,,5,لا,10,9,8,7,0
912,MAKE-UP قلم كحل مستورد مشكل,0,0,30,0,50,0,45,0,40,0,35,0,2024/11/07,,,,,,,,,,,,,,,038269,مشكل,0,,0,MAKE-UP,قلم كحل مستورد,,,,66٫67,0,0,,1,---,99999,,30,,,,,,,,,,,,-1,,,,,Mahmoud Kilani,,,,0,40,30,2024/10/22,,30,لا,50,45,40,35,0
913,MAKE-UP قلم ماتيك مشكل,0,0,4٫5,0,10,0,8,0,6,0,5,0,2024/01/12,,,,,,,,,,,,,,,038127,مشكل,0,,0,MAKE-UP,قلم ماتيك,,,,122٫22,0,0,,1,نواقص,99999,,4٫5,,2022/06/16,,,,,,,,2023/08/05,,-1,,,,,رويال/ادره المخازن,,,,0,55,4٫5,2022/02/14,,4٫5,لا,10,8,6,5,0
914,MAKE-UP قلم ماتيك اسود BONJOUR,0,0,4٫5,0,10,0,8,0,6,0,5,0,2024/01/12,,,,,,,,,,,,,,,010010,BONJOUR,0,,0,MAKE-UP,قلم ماتيك اسود,,,,122٫22,0,0,MAKE-UP,1,---,99999,\us\134\pid\388\f132585791391966253409.png,4٫5,,,,,,,,,,2022/04/11,,-14,2021/04/01,10,#ROYALELCHIM ,"MAKE-UP,COLLECTION,قلم,ماتيك,اسود,BONJOUR",رويال/ادره المخازن,,,,0,55,4٫5,2022/02/14,قلم ماتيك اسود,4٫5,لا,10,8,6,5,2
915,MAKE-UP كحل FOREVER الوان,0,0,5٫07,0,15,0,12,0,10,0,8,0,2024/06/08,,,,,,,,,,,,,,,038118,,0,,0,MAKE-UP,كحل FOREVER الوان,,,,195٫93,0,0,,1,نواقص,99999,,5,,2023/10/12,,,,,,,,2024/06/08,,-1,,,,,JO /النزهه الجديده,,,,0,66٫21,5٫07,2021/12/17,,5٫07,لا,15,12,10,8,0
916,MAKE-UP كحل FOREVER52 كيس,0,0,40٫6,0,80,0,70,0,60,0,50,0,2026/03/14,,,,,,,,,,,,,,,4327342350980,كيس,0,,0,MAKE-UP,كحل FOREVER52,,,,97٫04,0,0,,1,نواقص,99999,,40,,2026/03/14,,,,,,,,2026/03/14,,-1,,,,,JO /النزهه الجديده,,,,0,49٫25,40٫6,2023/12/28,,40٫6,لا,80,70,60,50,0
917,MAKE-UP كحل TARTE,0,0,43٫14,0,80,0,70,0,60,0,55,0,2026/05/18,,,,,,,,,,,,,,,8812154605510,,0,,0,MAKE-UP,كحل TARTE,,,,85٫45,0,0,,1,نواقص,99999,,42٫5,,2026/05/07,,,,,,,,2026/05/07,,-1,,,,,JO /النزهه الجديده,,,,0,46٫08,43٫14,2023/12/28,,43٫14,لا,80,70,60,55,0
918,MAKE-UP كحل الوان ايفر بيوتي 9070 E,0,0,6٫55,0,15,0,12,0,10,0,8,0,2026/05/18,,,,,,,,,,,,,,,6922965190708,9070 E,0,,0,MAKE-UP,كحل الوان ايفر بيوتي,,,,128٫92,0,0,,1,نواقص,99999,,6٫5,,2023/06/17,,,,,,,,2024/12/07,,-1,,,,,,,,,0,56٫32,6٫5,2022/07/26,,6٫55,لا,15,12,10,8,0
919,MAKE-UP كحل الوان عريض,0,0,12٫5,0,20,0,18,0,16,0,15,0,2024/01/12,,,,,,,,,,,,,,,038202,,0,,0,MAKE-UP,كحل الوان عريض,,,,60,0,0,,1,نواقص,99999,,12٫5,,2023/10/12,,,,,,,,2023/08/10,,-1,,,,,ميخائيل نجع حمادي,,,,0,37٫5,12٫5,2023/05/30,,12٫5,لا,20,18,16,15,0
920,MAKE-UP كحل بودر ص,0,0,1٫5,0,5,0,4,0,3,0,2,0,2024/01/12,,,,,,,,,,,,,,,8906032660194,,0,,0,MAKE-UP,كحل بودر ص,,,,233٫33,0,0,,1,نواقص,99999,,1٫5,,2022/06/16,,,,,,,,2022/02/04,,-1,,,,,رويال / اداره المخازن الاقصر,,,,0,70,1٫5,2021/05/13,,1٫5,لا,5,4,3,2,0
921,MAKE-UP كحل بونجور ابيض,0,0,3٫03,0,8,0,7,0,5,0,4,0,2024/01/12,,,,,,,,,,,,,,,038041,ابيض,0,,0,MAKE-UP,كحل بونجور,,,,163٫9,0,0,,1,نواقص,99999,,3,,2022/02/09,,,,,,,,2022/08/04,,-1,,,,,JO /النزهه الجديده,,,,0,62٫11,3٫03,2021/09/11,,3٫03,لا,8,7,5,4,0
922,MAKE-UP كحل بونجور بني,0,0,3٫03,0,8,0,6,0,5,0,4,0,2022/08/04,,,,,,,,,,,,,,,038044,بني,0,,0,MAKE-UP,كحل بونجور,,,,163٫9,0,0,,1,---,99999,,3,,,,,,,,,,2022/08/04,,-1,,,,,JO /النزهه الجديده,,,,0,62٫11,3٫03,2021/09/11,,3٫03,لا,8,6,5,4,0
923,MAKE-UP كحل ثابت 24 ساعه FOR EVER,0,0,18٫17,0,35,0,30,0,27,0,25,0,2024/04/20,,,,,,,,,,,,,,,6907251083469,FOR EVER,0,,0,MAKE-UP,كحل ثابت 24 ساعه,,,,92٫6,0,0,MAKE-UP,1,نواقص,99999,\us\134\pid\383\f132585808054877514416.png,22٫5,,2023/10/12,,,,,,,,2023/08/13,Online,4,,,#ROYALELCHIM ,"MAKE-UP,COLLECTION,كحل,ثابت,24,ساعه,FOREVER",ميخائيل نجع حمادي,,,,0,48٫08,22٫5,2023/03/15,كحل ثابت 24 ساعه,18٫17,لا,35,30,27,25,2
924,MAKE-UP كحل ثابت ايسنس سوبر فاين,0,0,14٫15,0,25,0,20,0,17٫5,0,16,0,2024/01/12,,,,,,,,,,,,,,,425003520070,,0,,0,MAKE-UP,كحل ثابت ايسنس سوبر فاين,,,,76٫72,0,0,,1,نواقص,99999,,14,,2022/06/27,,,,,,,,2022/08/18,,-1,,,,,JO /النزهه الجديده,,,,0,43٫41,14٫15,2021/09/11,,14٫15,لا,25,20,17٫5,16,0
925,MAKE-UP كحل ثابت سيفوره قلم فضي,0,0,11٫14,0,25,0,20,0,15,0,12٫5,0,2024/04/20,,,,,,,,,,,,,,,6920982841580,,0,,0,MAKE-UP,كحل ثابت سيفوره قلم فضي,,,,124٫42,0,0,,1,نواقص,99999,,11,,2023/10/12,,,,,,,,2023/03/29,,-1,,,,,JO /النزهه الجديده,,,,0,55٫44,11٫15,2021/12/17,,11٫14,لا,25,20,15,12٫5,0
926,MAKE-UP كحل عريض Mac,0,0,8٫5,0,20,0,18,0,16,0,15,0,2024/01/12,,,,,,,,,,,,,,,038218,,0,,0,MAKE-UP,كحل عريض Mac,,,,135٫29,0,0,,1,نواقص,99999,,8٫5,,2023/10/12,,,,,,,,,,-1,,,,,ميخائيل نجع حمادي,,,,0,57٫5,8٫5,2023/10/10,,8٫5,لا,20,18,16,15,0
927,MAKE-UP كحل لارين,0,0,42٫29,0,80,0,70,0,60,0,50,0,2026/05/15,,,,,,,,,,,,,,,6904303612943,,0,,0,MAKE-UP,كحل لارين,,,,89٫16,0,0,MAKE-UP,1,نواقص,99999,\us\134\pid\4339\f133517961470710918114.png,41٫67,,2025/07/02,,,,,,,,2025/08/10,Online,3,2024/02/07,5,#ROYALELCHIM ,"MAKE-UP,COLLECTION,كحل,ثابت,12ساعه,FOREVER",JO /النزهه الجديده,,,,0,47٫14,42٫29,2023/12/28,كحل عيون ثابت,42٫29,لا,80,70,60,50,2
928,MAKE-UP كحل مونالزا بني,0,0,3٫54,0,8,0,6,0,5,0,4٫5,0,2024/01/12,,,,,,,,,,,,,,,038042,بني,0,,0,MAKE-UP,كحل مونالزا,,,,126٫2,0,0,,1,نواقص,99999,,3٫5,,2022/06/16,,,,,,,,2023/08/13,,-1,,,,,JO /النزهه الجديده,,,,0,55٫79,3٫54,2021/09/11,,3٫54,لا,8,6,5,4٫5,0
929,MAKE-UP كريم اساس ALL MATT PLUS,0,0,0,0,140,0,130,0,120,0,100,0,,,,,,,,,,,,,,,,6995175351788,,0,,0,MAKE-UP,كريم اساس ALL MATT PLUS,,,,,0,0,,1,---,99999,,0,,,,,,,,,,,,-1,,,,,,,,,0,,0,,,0,لا,140,130,120,100,0
930,MAKE-UP كريم اساس CATRICE HD1849,0,0,40٫42,0,95,0,85,0,70,0,55,0,2022/08/22,,,,,,,,,,,,,,,4250947592717,,0,,0,MAKE-UP,كريم اساس CATRICE HD1849,,,,135٫04,0,0,,1,نواقص,99999,,40,,2022/08/20,,,,,,,,2022/08/20,,-1,,,,,JO /النزهه الجديده,,,,0,57٫45,40٫42,2021/09/11,,40٫42,لا,95,85,70,55,0
931,MAKE-UP كريم اساس FENTY BEAUTY,0,0,45٫42,0,90,0,80,0,65,0,55,0,2024/01/12,,,,,,,,,,,,,,,038030,,0,,0,MAKE-UP,كريم اساس FENTY BEAUTY,,,,98٫16,0,0,,1,نواقص,99999,,45,,2022/08/02,,,,,,,,2022/08/02,,-1,,,,,رويال / اداره المخازن الاقصر,,,,0,49٫53,45,2021/12/05,,45٫42,لا,90,80,65,55,0
932,MAKE-UP كريم اساس FRESH & FIT,0,0,40٫42,0,85,0,75,0,60,0,45,0,2022/10/03,,,,,,,,,,,,,,,4251232258080,,0,,0,MAKE-UP,كريم اساس FRESH & FIT,,,,110٫3,0,0,,1,نواقص,99999,,40,,2022/10/03,,,,,,,,2022/10/03,,-1,,,,,JO /النزهه الجديده,,,,0,52٫45,40٫42,2021/09/11,,40٫42,لا,85,75,60,45,0
933,MAKE-UP كريم اساس MAC,0,0,52٫5,0,100,0,90,0,80,0,65,0,2023/06/20,,,,,,,,,,,,,,,038040,,0,,0,MAKE-UP,كريم اساس MAC,,,,90٫48,0,0,,1,نواقص,99999,,52٫5,,2023/06/21,,,,,,,,2023/06/20,,-1,,,,,JO /النزهه الجديده,,,,0,47٫5,52٫5,2022/10/06,,52٫5,لا,100,90,80,65,0
934,MAKE-UP كريم اساس SHE LOVES,0,0,71٫77,0,140,0,130,0,120,0,100,0,2024/06/23,,,,,,,,,,,,,,,6951286441978,,0,,0,MAKE-UP,كريم اساس SHE LOVES,,,,95٫06,0,0,,1,نواقص,99999,,72٫5,,2024/06/24,,,,,,,,2024/06/23,,-1,,,,,JO /النزهه الجديده,,,,0,48٫73,73٫59,2023/12/28,,71٫77,لا,140,130,120,100,0
935,MAKE-UP كريم اساس انبوبه انجي,0,0,7,0,10,0,8,0,7٫5,0,6,0,2024/01/12,,,,,,,,,,,,,,,6223002740178,انجي,0,,0,MAKE-UP,كريم اساس انبوبه,,,,42٫86,0,0,MAKE-UP,1,نواقص,99999,\us\134\pid\377\f132583172454933493017.png,7,,2023/10/12,,,,,,,,2023/04/10,,10,2021/04/01,10,#ROYALELCHIM ,"العنايه,بالبشره,كريم,اساس,انبوبه,انجي",رصيد اول المده,,,,0,30,7,2021/08/29,كريم اساس انبوبه انجي,7,لا,10,8,7٫5,6,1
936,MAKE-UP كريم اساس ايفر بيوتى ALL MATT PLUS,0,0,85,0,140,0,130,0,120,0,110,0,2023/07/18,,,,,,,,,,,,,,,038199,,0,,0,MAKE-UP,كريم اساس ايفر بيوتى ALL MATT PLUS,,,,64٫71,0,0,,1,نواقص,99999,,85,,2023/07/19,,,,,,,,2023/07/18,,-1,,,,,ميخائيل نجع حمادي,,,,0,39٫29,85,2023/05/16,,85,لا,140,130,120,110,0
937,MAKE-UP كريم اساس ايفر بيوتى Bb Cream,0,0,60,0,90,0,85,0,80,0,70,0,2023/07/13,,,,,,,,,,,,,,,6995175352358,,0,,0,MAKE-UP,كريم اساس ايفر بيوتى Bb Cream,,,,50,0,0,,1,نواقص,99999,,60,,2023/07/13,,,,,,,,2023/07/13,,-1,,,,,ميخائيل نجع حمادي,,,,0,33٫33,60,2023/06/25,,60,لا,90,85,80,70,0
938,MAKE-UP كريم اساس ايفر بيوتى Extra Covr,0,0,60,0,90,0,85,0,80,0,70,0,2023/12/12,,,,,,,,,,,,,,,6995175354505,,0,,0,MAKE-UP,كريم اساس ايفر بيوتى Extra Covr,,,,50,0,0,,1,نواقص,99999,,60,,2023/12/12,,,,,,,,2023/12/12,,-1,,,,,ميخائيل نجع حمادي,,,,0,33٫33,60,2023/06/25,,60,لا,90,85,80,70,0
939,MAKE-UP كريم اساس ايفر بيوتى HD LIQUID COVERAGE,0,0,85,0,140,0,130,0,120,0,110,0,2023/08/25,,,,,,,,,,,,,,,038200,,0,,0,MAKE-UP,كريم اساس ايفر بيوتى HD LIQUID COVERAGE,,,,64٫71,0,0,,1,نواقص,99999,,85,,2023/08/26,,,,,,,,2023/08/25,,-1,,,,,ميخائيل نجع حمادي,,,,0,39٫29,85,2023/05/16,,85,لا,140,130,120,110,0
940,MAKE-UP كريم اساس ايفر بيوتى HD SKIN,0,0,85,0,140,0,130,0,120,0,110,0,2023/06/17,,,,,,,,,,,,,,,6995175354338,,0,,0,MAKE-UP,كريم اساس ايفر بيوتى HD SKIN,,,,64٫71,0,0,,1,نواقص,99999,,85,,2023/06/17,,,,,,,,2023/06/17,,-1,,,,,ميخائيل نجع حمادي,,,,0,39٫29,85,2023/05/16,,85,لا,140,130,120,110,0
941,MAKE-UP كريم اساس ايفر بيوتى سينمائى مصحح لبشرة,0,0,110,0,150,0,145,0,140,0,130,0,2024/01/12,,,,,,,,,,,,,,,6995175350026,,0,,0,MAKE-UP,كريم اساس ايفر بيوتى سينمائى مصحح لبشرة,,,,36٫36,0,0,,1,نواقص,99999,,110,,2023/10/12,,,,,,,,2023/09/16,,-1,,,,,ميخائيل نجع حمادي,,,,0,26٫67,110,2023/06/25,,110,لا,150,145,140,130,0
942,MAKE-UP كريم اساس ايفر بيوتى مضاد لتجاعيد,0,0,110,0,150,0,145,0,140,0,130,0,2023/08/21,,,,,,,,,,,,,,,6995175351061,,0,,0,MAKE-UP,كريم اساس ايفر بيوتى مضاد لتجاعيد,,,,36٫36,0,0,,1,نواقص,99999,,110,,2023/08/22,,,,,,,,2023/08/21,,-1,,,,,ميخائيل نجع حمادي,,,,0,26٫67,110,2023/06/25,,110,لا,150,145,140,130,0
943,MAKE-UP كريم اساس دودو جيرل A05102E,0,0,38٫81,0,90,0,80,0,70,0,60,0,2024/01/12,,,,,,,,,,,,,,,038033,A05102E,0,,0,MAKE-UP,كريم اساس دودو جيرل,,,,131٫88,0,0,,1,نواقص,99999,,45,,2023/04/11,,,,,,,,2023/04/10,,-1,,,,,JO /النزهه الجديده,,,,0,56٫87,45,2022/10/06,,38٫81,لا,90,80,70,60,0
944,MAKE-UP كريم اساس ريفليوشن,0,0,48,0,105,0,85,0,70,0,60,0,2023/02/18,,,,,,,,,,,,,,,838623220051,,0,,0,MAKE-UP,كريم اساس ريفليوشن,,,,118٫76,0,0,,1,نواقص,99999,,47٫5,,2023/02/19,,,,,,,,2023/02/18,,-1,,,,,JO /النزهه الجديده,,,,0,54٫29,48,2021/09/11,,48,لا,105,85,70,60,0
945,MAKE-UP كريم اساس سيفورا 172,0,0,55,0,110,0,90,0,80,0,70,0,2023/09/06,,,,,,,,,,,,,,,038036,,0,,0,MAKE-UP,كريم اساس سيفورا 172,,,,100,0,0,,1,نواقص,1007,,55,,2023/02/27,,,,,,,,2023/09/06,,-1,,,,,JO /النزهه الجديده,,,,0,50,55,2022/10/06,,55,لا,110,90,80,70,0
946,MAKE-UP كريم اساس سينمائي BEAUTY PLUS,0,0,10٫12,0,18,0,15,0,13٫5,0,11٫5,0,2024/04/20,,,,,,,,,,,,,,,6223004847325,BEAUTY PLUS,0,,0,MAKE-UP,كريم اساس سينمائي,,,,77٫94,0,0,,1,نواقص,99999,,10,,2023/10/12,,,,,,,,2023/04/05,,-1,,,,,معرض الوكيل للتجاره,,,,0,43٫8,10٫12,2021/09/13,,10٫12,لا,18,15,13٫5,11٫5,0
947,MAKE-UP كريم اساس سينمائي تيجر دهبي,0,0,10٫12,0,18,0,15,0,13,0,11٫5,0,2024/04/20,,,,,,,,,,,,,,,6223004840302,تيجر دهبي,0,,0,MAKE-UP,كريم اساس سينمائي,,,,77٫94,0,0,,1,نواقص,99999,,10,,2023/04/17,,,,,,,,2023/04/17,,-1,,,,,معرض الوكيل للتجاره,,,,0,43٫8,10٫12,2021/09/13,,10٫12,لا,18,15,13,11٫5,0
948,MAKE-UP كريم اساس سينمائي تيجر فضي,0,0,10,0,18,0,15,0,13٫5,0,11٫5,0,2024/04/20,,,,,,,,,,,,,,,6223004848568,تيجر فضي,0,,0,MAKE-UP,كريم اساس سينمائي,,,,80,0,0,,1,نواقص,99999,,10,,2023/06/17,,,,,,,,2023/09/13,,-1,,,,,رويال/ادره المخازن,,,,0,44٫44,10,2022/02/14,,10,لا,18,15,13٫5,11٫5,0
949,MAKE-UP كريم اساس سينمائي زيبرا بيوتي بلس,0,0,10٫12,0,18,0,15,0,13٫5,0,11٫5,0,2024/04/20,,,,,,,,,,,,,,,6223004848575,زيبرا بيوتي بلس,0,,0,MAKE-UP,كريم اساس سينمائي,,,,77٫94,0,0,,1,نواقص,99999,,10,,2023/10/12,,,,,,,,2023/04/17,,-1,,,,,معرض الوكيل للتجاره,,,,0,43٫8,10٫12,2021/09/13,,10٫12,لا,18,15,13٫5,11٫5,0
950,MAKE-UP كريم اساس نارس,0,0,55,0,100,0,90,0,80,0,70,0,2022/12/05,,,,,,,,,,,,,,,607845055068,,0,,0,MAKE-UP,كريم اساس نارس,,,,81٫82,0,0,,1,نواقص,99999,,55,,2022/12/06,,,,,,,,2022/12/05,,-1,,,,,JO /النزهه الجديده,,,,0,45,55,2022/10/06,,55,لا,100,90,80,70,0
951,MAKE-UP كريم كاركار السوداني,0,0,17,0,35,0,30,0,25,0,20,0,2024/01/12,,,,,,,,,,,,,,,038160,,0,,0,MAKE-UP,كريم كاركار السوداني,,,,105٫88,0,0,,1,نواقص,99999,,17,,2023/10/12,,,,,,,,2023/07/26,,-1,,,,,ميخائيل نجع حمادي,,,,0,51٫43,17,2022/12/13,,17,لا,35,30,25,20,0
952,MAKE-UP كولاجين كريم اساس ENOUGH,0,0,55٫58,0,105,0,90,0,75,0,65,0,2022/08/25,,,,,,,,,,,,,,,8809474497062,,0,,0,MAKE-UP,كولاجين كريم اساس ENOUGH,,,,88٫93,0,0,,1,نواقص,99999,,55,,2022/08/26,,,,,,,,2022/08/25,,-1,,,,,JO /النزهه الجديده,,,,0,47٫07,55٫58,2021/09/11,,55٫58,لا,105,90,75,65,0
953,MAKE-UP كونسيلر فيت مي,0,0,10,0,20,0,15,0,13,0,12,0,2024/01/12,,,,,,,,,,,,,,,6971605280651,,0,,0,MAKE-UP,كونسيلر فيت مي,,,,100,0,0,,1,نواقص,99999,,10,,2023/10/12,,,,,,,,2022/09/17,,-1,,,,,رويال / اداره المخازن الاقصر,,,,0,50,10,2021/11/11,,10,لا,20,15,13,12,0
954,MAKE-UP لوس بودر جولد بريتى,0,0,19,0,40,0,35,0,30,0,25,0,2023/11/28,,,,,,,,,,,,,,,6951235422355,,0,,0,MAKE-UP,لوس بودر جولد بريتى,,,,110٫53,0,0,,1,نواقص,99999,,19,,2023/11/28,,,,,,,,2023/11/28,,-1,,,,,ميخائيل نجع حمادي,,,,0,52٫5,19,2023/08/08,,19,لا,40,35,30,25,0
955,MAKE-UP لوس بودر كاتريس HD,0,0,41٫43,0,80,0,70,0,55,0,45,0,2024/01/12,,,,,,,,,,,,,,,4250587724134,,0,,0,MAKE-UP,لوس بودر كاتريس HD,,,,93٫1,0,0,,1,نواقص,99999,,41,,2022/04/18,,,,,,,,2022/04/18,,-1,,,,,JO /النزهه الجديده,,,,0,48٫21,41٫43,2021/09/11,,41٫43,لا,80,70,55,45,0
956,MAKE-UP لوس هاي لايت كيس بيوتي 8502603,0,0,50٫52,0,90,0,80,0,70,0,60,0,2024/05/08,,,,,,,,,,,,,,,6903072372072,8502603,0,,0,MAKE-UP,لوس هاي لايت كيس بيوتي,,,,78٫13,0,0,,1,نواقص,1346,,50,,2024/05/08,,,,,,,,2024/05/08,,-1,,,,,JO /النزهه الجديده,,,,0,43٫86,50٫52,2021/09/11,,50٫52,لا,90,80,70,60,0
957,MAKE-UP ماسكره كيكو ميلانو,0,0,17٫46,0,35,0,30,0,25,0,20,0,2024/01/12,,,,,,,,,,,,,,,8025272564960,,0,,0,MAKE-UP,ماسكره كيكو ميلانو,,,,100٫51,0,0,,1,نواقص,99999,,17,,2023/10/12,,,,,,,,2023/01/05,,-1,,,,,رويال/ادره المخازن,,,,0,50٫13,17,2022/02/14,,17٫46,لا,35,30,25,20,0
958,MAKE-UP ماسكره ووتر بروف PRETTY WOMAN,0,0,25,0,35,0,30,0,30,0,27,0,2022/05/02,,,,,,,,,,,,,,,010022,PRETTY WOMAN,0,,0,MAKE-UP,ماسكره ووتر بروف,,,,40,0,0,MAKE-UP,1,---,99999,\us\134\pid\437\f132586553401736880070.png,25,,,,,,,,,,,,0,,,#ROYALELCHIM ,PRTTYWOMAN مسكره ووتر بروف,رصيد اول المده,,,,0,28٫57,25,2021/08/29,WATERPROOF MASCARA,25,لا,35,30,30,27,2
959,MAKE-UP مثبت ESSENCE,0,0,25,0,50,0,45,0,40,0,35,0,2024/01/12,,,,,,,,,,,,,,,4251232220162,,0,,0,MAKE-UP,مثبت ESSENCE,,,,100,0,0,,1,نواقص,99999,,25,,2022/06/16,,,,,,,,2022/03/18,,-1,,,,,رويال/ادره المخازن,,,,0,50,25,2022/02/14,,25,لا,50,45,40,35,0
960,MAKE-UP مثبت مكياج KISS BEAUTY207247,0,0,85٫89,0,165,0,135,0,115,0,100,0,2023/07/08,,,,,,,,,,,,,,,6903072390397,,0,,0,MAKE-UP,مثبت مكياج KISS BEAUTY207247,,,,92٫11,0,0,,1,نواقص,99999,,85,,2023/07/08,,,,,,,,2023/07/08,,-1,,,,,JO /النزهه الجديده,,,,0,47٫95,85٫89,2021/09/11,,85٫89,لا,165,135,115,100,0
961,MAKE-UP مثبت مكياج ايفر بيوتى A1203E,0,0,50٫52,0,100,0,85,0,75,0,60,0,2023/06/18,,,,,,,,,,,,,,,038029,A1203E,0,,0,MAKE-UP,مثبت مكياج ايفر بيوتى,,,,97٫93,0,0,,1,نواقص,99999,,50,,2022/08/29,,,,,,,,2023/06/18,,-1,,,,,JO /النزهه الجديده,,,,0,49٫48,50٫52,2021/09/11,,50٫52,لا,100,85,75,60,0
962,MAKE-UP مثبت مكياج ايفر بيوتى بخاخ A1204E,0,0,50٫52,0,100,0,85,0,75,0,60,0,2024/05/24,,,,,,,,,,,,,,,6995175312048,A1204E,0,,0,MAKE-UP,مثبت مكياج ايفر بيوتى بخاخ,,,,97٫93,0,0,,1,نواقص,99999,,50,,2024/05/24,,,,,,,,2024/05/24,,-1,,,,,JO /النزهه الجديده,,,,0,49٫48,50٫52,2021/09/11,,50٫52,لا,100,85,75,60,0
963,MAKE-UP مثبت مكياج كيس بيوتي 224103,0,0,80٫84,0,150,0,130,0,110,0,90,0,2024/05/21,,,,,,,,,,,,,,,6903072377992,,0,,0,MAKE-UP,مثبت مكياج كيس بيوتي 224103,,,,85٫56,0,0,,1,نواقص,99999,,80,,2024/05/21,,,,,,,,2024/05/21,,-1,,,,,JO /النزهه الجديده,,,,0,46٫11,80٫84,2021/09/11,,80٫84,لا,150,130,110,90,0
964,MAKE-UP مثبت مكياج كيس بيوتي 224103 موف,0,0,80٫84,0,140,0,125,0,110,0,90,0,2024/05/01,,,,,,,,,,,,,,,6903072378371,,0,,0,MAKE-UP,مثبت مكياج كيس بيوتي 224103 موف,,,,73٫19,0,0,,1,نواقص,99999,,80,,2024/05/01,,,,,,,,2024/05/01,,-1,,,,,JO /النزهه الجديده,,,,0,42٫26,80٫84,2021/09/11,,80٫84,لا,140,125,110,90,0
965,MAKE-UP مزيل ميكب ايسنس,0,0,15٫1,0,30,0,25,0,20,0,17٫5,0,2024/01/12,,,,,,,,,,,,,,,1451983025976,,0,,0,MAKE-UP,مزيل ميكب ايسنس,,,,98٫61,0,0,,1,نواقص,99999,,15,,2023/04/06,,,,,,,,2023/04/05,,-1,,,,,رويال/ادره المخازن,,,,0,49٫65,15,2022/02/14,,15٫1,لا,30,25,20,17٫5,0
966,MAKE-UP مزيل ومثبت مكياج ماركات,0,0,20٫19,0,45,0,35,0,30,0,25,0,2024/01/12,,,,,,,,,,,,,,,038047,,0,,0,MAKE-UP,مزيل ومثبت مكياج ماركات,,,,122٫9,0,0,,1,نواقص,99999,,20,,2023/01/23,,,,,,,,2023/01/21,,-1,,,,,رويال/ادره المخازن,,,,0,55٫14,20,2022/02/14,,20٫19,لا,45,35,30,25,0
967,MAKE-UP مسكره حواجب Fashion Brow,0,0,13٫75,0,25,0,20,0,18,0,16,0,2024/01/12,,,,,,,,,,,,,,,038184,,0,,0,MAKE-UP,مسكره حواجب Fashion Brow,,,,81٫82,0,0,,1,نواقص,99999,,13٫75,,2023/10/12,,,,,,,,2023/07/15,,-1,,,,,ميخائيل نجع حمادي,,,,0,45,13٫75,2023/03/06,,13٫75,لا,25,20,18,16,0
968,MAKE-UP مسكره دياموند بيوتي,0,0,42,0,80,0,70,0,60,0,55,0,2025/04/03,,,,,,,,,,,,,,,6971108357287,,0,,0,MAKE-UP,مسكره دياموند بيوتي,,,,90٫48,0,0,,1,نواقص,99999,,42,,2024/09/04,,,,,,,,2025/04/03,,-1,,,,,ميخائيل نجع حمادي,,,,0,47٫5,42,2024/07/09,,42,لا,80,70,60,55,0
969,MAKE-UP مسكره شمواه BEAUTY MODEL على ستاند,0,0,11٫25,0,20,0,18,0,15,0,12٫5,0,2024/04/20,,,,,,,,,,,,,,,6971846336131,على ستاند,0,,0,MAKE-UP,مسكره شمواه BEAUTY MODEL,,,,77٫78,0,0,,1,نواقص,99999,,11٫25,,2022/06/16,,,,,,,,2022/01/24,,-1,,,,,العروسه,,,,0,43٫75,11٫25,2021/09/02,,11٫25,لا,20,18,15,12٫5,0
970,MAKE-UP مسكره كلاسيك 9342 SUPREME,0,0,26٫27,0,45,0,40,0,35,0,30,0,2022/10/07,,,,,,,,,,,,,,,6934710093424,,0,,0,MAKE-UP,مسكره كلاسيك 9342 SUPREME,,,,71٫28,0,0,,1,نواقص,99999,,26,,2022/10/07,,,,,,,,2022/10/07,,-1,,,,,JO /النزهه الجديده,,,,0,41٫62,26٫27,2021/09/11,,26٫27,لا,45,40,35,30,0
971,MAKE-UP مسكره نارس,0,0,20٫21,0,40,0,35,0,30,0,25,0,2022/02/06,,,,,,,,,,,,,,,6924123466335,,0,,0,MAKE-UP,مسكره نارس,,,,97٫93,0,0,,1,نواقص,99999,,20,,2021/12/07,,,,,,,,2022/02/06,,-1,,,,,JO /النزهه الجديده,,,,0,49٫48,20٫21,2021/09/11,,20٫21,لا,40,35,30,25,0
972,MAKE-UP مسكره نارس 7018,0,0,20٫21,0,40,0,35,0,30,0,25,0,2024/04/20,,,,,,,,,,,,,,,607845070184,7018,0,,0,MAKE-UP,مسكره نارس,,,,97٫93,0,0,,1,نواقص,99999,,20,,2022/06/16,,,,,,,,2022/02/04,,-1,,,,,JO /النزهه الجديده,,,,0,49٫48,20٫21,2021/09/11,,20٫21,لا,40,35,30,25,0
973,MAKE-UP مصحح حواجب بودر M.N ثنائي,0,0,42,0,60,0,55,0,50,0,45,0,2025/05/01,,,,,,,,,,,,,,,038136   6923859200107,M.N,0,,0,MAKE-UP,مصحح حواجب بودر,ثنائي,,,42٫86,0,0,,1,نواقص,99999,,42,,2025/05/01,,,,,,,,2025/05/01,,-1,,,,,محمد حافظ / مايت سينما,,,,0,30,42,2024/10/26,,42,لا,60,55,50,45,0
974,MAKE-UP ملمع شفاه Enzo,0,0,14٫17,0,30,0,25,0,22,0,20,0,2024/01/12,,,,,,,,,,,,,,,038192,Enzo,0,,0,MAKE-UP,ملمع شفاه,,,,111٫76,0,0,,1,نواقص,99999,,14٫17,,2023/10/12,,,,,,,,2023/08/13,,-1,,,,,ميخائيل نجع حمادي,,,,0,52٫78,14٫17,2023/03/07,,14٫17,لا,30,25,22,20,0
975,MAKE-UP 6971354475636,0,0,0,0,,0,,0,,0,,0,,,,,,,,,,,,,,,,038257,,0,,0,MAKE-UP,6971354475636,,,,,0,0,,1,---,99999,,0,,,,,,,,,,,,-1,,,,,,,,,0,,0,,,0,لا,,,,,0
431,إجمالي -   MAKE-UP,0,0,0,0,0,0,0,0,0,0,0,0,,0,0,0,0,0,0,0,0,0,0,0,0,0,0,,,0,0,0,,,,,,0,0,,,,,,,0,,,,,0,0,0,0,0,,,,,,,,,,,,,,0,,,0,,0,0,0,0,
,,,,,,,,,,,,,,,,,,,,,,,,,,,,,,,,,,,,,,,,,,,,,,,,,,,,,,,,,,,,,,,,,,,,,,,,,,,,,,,
,Mam76,,,,,,,,,,,,,,,,,,,,,,,,,,,,,,,,,Mam76,,,,,,,,,,,,,,,,,,,,,,,,,,,,,,,,,,,,,,,,,,,,,
976,Mam76 Protein Herbal 1000 Ml,0,0,1300,0,2500,0,2250,0,2000,0,1750,0,2024/01/14,,,,,,,,,,,,,,,6224008112976,1000 Ml,0,,0,Mam76,Protein Herbal,,,,92٫31,0,0,,1,نواقص,99999,,1300,,2023/10/12,,,,,,,,2024/01/14,,-1,,,,,عزت Omay,,,,0,48,1300,2023/08/01,,1300,لا,2500,2250,2000,1750,0
977,Mam76 THERABY PLUS 1000 ML,0,0,0,0,2750,0,2500,0,2250,0,2000,0,2023/09/04,,,,,,,,,,,,,,,094002,1000 ML,0,,0,Mam76,THERABY PLUS,,,,,0,0,,1,---,99999,,1300,,,,,,,,,,,,-1,,,,,عزت Omay,,,,0,,1300,2023/09/04,,0,لا,2750,2500,2250,2000,0
2,إجمالي -   Mam76,0,0,0,0,0,0,0,0,0,0,0,0,,0,0,0,0,0,0,0,0,0,0,0,0,0,0,,,0,0,0,,,,,,0,0,,,,,,,0,,,,,0,0,0,0,0,,,,,,,,,,,,,,0,,,0,,0,0,0,0,
,,,,,,,,,,,,,,,,,,,,,,,,,,,,,,,,,,,,,,,,,,,,,,,,,,,,,,,,,,,,,,,,,,,,,,,,,,,,,,,
,MEMWA,,,,,,,,,,,,,,,,,,,,,,,,,,,,,,,,,MEMWA,,,,,,,,,,,,,,,,,,,,,,,,,,,,,,,,,,,,,,,,,,,,,
978,MEMWA 1212 SEXY,0,0,145,0,210,0,190,0,175,0,160,0,2023/12/25,,,,,,,,,,,,,,,7418138195186,,0,,0,MEMWA,1212 SEXY,,,,44٫83,0,0,,1,نواقص,99999,,145,,2023/12/25,,,,,,,,2023/12/25,,-1,,,,,مدحت ميكب,,,,0,30٫95,145,2023/09/09,,145,لا,210,190,175,160,0
979,MEMWA BARABORA,0,0,145,0,210,0,190,0,175,0,160,0,2023/10/26,,,,,,,,,,,,,,,7418138200026,,0,,0,MEMWA,BARABORA,,,,44٫83,0,0,,1,نواقص,99999,,145,,2023/10/26,,,,,,,,2023/10/26,,-1,,,,,مدحت ميكب,,,,0,30٫95,145,2023/09/09,,145,لا,210,190,175,160,0
980,MEMWA GABRIELLE CHE,0,0,145,0,210,0,190,0,175,0,160,0,2024/01/10,,,,,,,,,,,,,,,7418138196312,,0,,0,MEMWA,GABRIELLE CHE,,,,44٫83,0,0,,1,نواقص,99999,,145,,2024/01/10,,,,,,,,2024/01/10,,-1,,,,,مدحت ميكب,,,,0,30٫95,145,2023/09/09,,145,لا,210,190,175,160,0
981,MEMWA GOOD LADY,0,0,145,0,210,0,190,0,175,0,160,0,2024/01/10,,,,,,,,,,,,,,,655498700958,,0,,0,MEMWA,GOOD LADY,,,,44٫83,0,0,,1,نواقص,99999,,145,,2024/01/10,,,,,,,,2024/01/10,,-1,,,,,مدحت ميكب,,,,0,30٫95,145,2023/09/09,,145,لا,210,190,175,160,0
982,MEMWA LELE SABB,0,0,145,0,210,0,190,0,175,0,160,0,2023/11/02,,,,,,,,,,,,,,,7418138197920,,0,,0,MEMWA,LELE SABB,,,,44٫83,0,0,,1,نواقص,99999,,145,,2023/10/21,,,,,,,,2023/11/02,,-1,,,,,مدحت ميكب,,,,0,30٫95,145,2023/09/09,,145,لا,210,190,175,160,0
983,MEMWA LILIAN,0,0,145,0,210,0,190,0,175,0,160,0,2023/12/11,,,,,,,,,,,,,,,7418138194646,,0,,0,MEMWA,LILIAN,,,,44٫83,0,0,,1,نواقص,99999,,145,,2023/09/09,,,,,,,,2023/12/11,,-1,,,,,مدحت ميكب,,,,0,30٫95,145,2023/09/09,,145,لا,210,190,175,160,0
984,MEMWA SE PASSION,0,0,145,0,210,0,190,0,175,0,160,0,2023/11/02,,,,,,,,,,,,,,,655498700941,,0,,0,MEMWA,SE PASSION,,,,44٫83,0,0,,1,نواقص,99999,,145,,2023/09/09,,,,,,,,2023/11/02,,-1,,,,,مدحت ميكب,,,,0,30٫95,145,2023/09/09,,145,لا,210,190,175,160,0
7,إجمالي -   MEMWA,0,0,0,0,0,0,0,0,0,0,0,0,,0,0,0,0,0,0,0,0,0,0,0,0,0,0,,,0,0,0,,,,,,0,0,,,,,,,0,,,,,0,0,0,0,0,,,,,,,,,,,,,,0,,,0,,0,0,0,0,
,,,,,,,,,,,,,,,,,,,,,,,,,,,,,,,,,,,,,,,,,,,,,,,,,,,,,,,,,,,,,,,,,,,,,,,,,,,,,,,
,Might Cinema,,,,,,,,,,,,,,,,,,,,,,,,,,,,,,,,,Might Cinema,,,,,,,,,,,,,,,,,,,,,,,,,,,,,,,,,,,,,,,,,,,,,
985,Might Cinema 2*1 كريم اساس خافي عيوب 1984 Spf 50,0,0,55٫86,0,90,0,80,0,70,0,65,0,2024/01/23,,,,,,,,,,,,,,,6222045502071,1984,0,,0,Might Cinema,2*1 كريم اساس خافي عيوب,Spf 50,,,61٫12,0,0,,1,نواقص,99999,,57,,2023/10/19,,,,,,,,2024/01/23,,-1,,,,,محمد حافظ / مايت سينما,,,,0,37٫93,57,2023/09/16,,55٫86,لا,90,80,70,65,0
986,Might Cinema Blushercream,0,0,80٫36,0,140,0,130,0,120,0,100,0,2023/12/05,,,,,,,,,,,,,,,6222045501289,,0,,0,Might Cinema,Blushercream,,,,74٫22,0,0,,1,نواقص,99999,,82,,2023/11/23,,,,,,,,2023/12/05,,-1,,,,,محمد حافظ / مايت سينما,,,,0,42٫6,82,2023/09/16,,80٫36,لا,140,130,120,100,0
987,Might Cinema Body Lotion 1236 Model,0,0,138,0,200,0,180,0,170,0,160,0,2025/02/25,,,,,,,,,,,,,,,6222045502675,1236 Model,0,,0,Might Cinema,Body Lotion,,,,44٫93,0,0,,1,نواقص,99999,,138,,2025/02/25,,,,,,,,2025/02/25,,-1,,,,,محمد حافظ / مايت سينما,,,,0,31,138,2025/02/01,,138,لا,200,180,170,160,0
988,Might Cinema Body Lotion 1239 Model,0,0,138,0,200,0,180,0,170,0,160,0,2025/06/15,,,,,,,,,,,,,,,6222045502569,1239 Model,0,,0,Might Cinema,Body Lotion,,,,44٫93,0,0,,1,نواقص,99999,,138,,2025/06/15,,,,,,,,2025/06/15,,-1,,,,,محمد حافظ / مايت سينما,,,,0,31,138,2025/02/01,,138,لا,200,180,170,160,0
989,Might Cinema Dipliner Liquide 5069,0,0,32٫92,0,55,0,50,0,45,0,40,0,2026/05/18,,,,,,,,,,,,,,,086017,5069,0,,0,Might Cinema,Dipliner Liquide,,,,67٫09,0,0,,1,---,99999,,32٫92,,,,,,,,,,,,-1,,,,,Mahmoud Kilani,,,,0,40٫15,32٫92,2025/05/06,,32٫92,لا,55,50,45,40,0
990,Might Cinema Dynamic Eyeliner,0,0,35,0,55,0,50,0,45,0,40,0,2023/12/11,,,,,,,,,,,,,,,6222045501517,,0,,0,Might Cinema,Dynamic Eyeliner,,,,57٫14,0,0,,1,نواقص,99999,,35,,2023/06/19,,,,,,,,2023/10/02,,-1,,,,,ميخائيل نجع حمادي,,,,0,36٫36,35,2023/05/24,,35,لا,55,50,45,40,0
991,Might Cinema Dynamic Eyeliner 1122,0,0,35٫5,0,55,0,50,0,45,0,40,0,2024/01/23,,,,,,,,,,,,,,,6222045503979,1122,0,,0,Might Cinema,Dynamic Eyeliner,,,,54٫93,0,0,,1,نواقص,99999,,35٫5,,2023/11/23,,,,,,,,2024/01/23,,-1,,,,,محمد حافظ\ مايت سينما,,,,0,35٫45,35٫5,2023/11/08,,35٫5,لا,55,50,45,40,0
992,Might Cinema Extreme Eyeshadow Model 1076,0,0,480,0,700,0,650,0,600,0,555,0,2023/09/08,,,,,,,,,,,,,,,6222045500329,Model 1076,0,,0,Might Cinema,Extreme Eyeshadow,,,,45٫83,0,0,,1,نواقص,99999,,480,,2023/09/09,,,,,,,,2023/09/08,,-1,,,,,مايكل ثروت / مايت سينما,,,,0,31٫43,480,2023/08/10,,480,لا,700,650,600,555,0
993,Might Cinema Eye Shadow 1221,0,0,165,0,250,0,235,0,220,0,200,0,2024/11/19,,,,,,,,,,,,,,,6222045502316,1221,0,,0,Might Cinema,Eye Shadow,,,,51٫52,0,0,,1,نواقص,99999,,165,,2024/11/19,,,,,,,,2024/11/19,,-1,,,,,ميخائيل نجع حمادي,,,,0,34,165,2024/10/29,,165,لا,250,235,220,200,0
994,Might Cinema Eye Shadow 1222,0,0,110,0,180,0,165,0,150,0,140,0,2024/10/22,,,,,,,,,,,,,,,6222045502323,1222,0,,0,Might Cinema,Eye Shadow,,,,63٫64,0,0,,1,نواقص,99999,,110,,2024/10/22,,,,,,,,2024/10/22,,-1,,,,,ميخائيل نجع حمادي,,,,0,38٫89,110,2024/08/27,,110,لا,180,165,150,140,0
995,Might Cinema Eye Shadow 1986,0,0,120,0,180,0,165,0,155,0,145,0,2025/09/13,,,,,,,,,,,,,,,6224002276124,1986,0,,0,Might Cinema,Eye Shadow,,,,50,0,0,,1,نواقص,99999,,120,,2025/09/13,,,,,,,,2025/09/13,,-1,,,,,ميخائيل نجع حمادي,,,,0,33٫33,120,2025/03/04,,120,لا,180,165,155,145,0
996,Might Cinema Eye Shadow Model 5120,0,0,314,0,450,0,430,0,410,0,380,0,2026/05/26,,,,,,,,,,,,,,,6222045507892,Model 5120,0,,0,Might Cinema,Eye Shadow,,,,43٫31,0,0,,1,نواقص,99999,,318,,2026/05/26,,,,,,,,2026/05/26,,-1,,,,,محمد حافظ / مايت سينما,,,,0,30٫22,318,2026/04/20,,314,لا,450,430,410,380,0
997,Might Cinema EYEShadow Model 1111,0,0,567,0,900,0,850,0,800,0,750,0,2024/02/17,,,,,,,,,,,,,,,6222045500336,Model 1111,0,,0,Might Cinema,EYEShadow,,,,58٫73,0,0,,1,نواقص,99999,,567,,2024/02/17,,,,,,,,2024/02/17,,-1,,,,,Might Cinema,,,,0,37,567,2023/12/28,,567,لا,900,850,800,750,0
998,Might Cinema EYEShadow Model 1995,0,0,165,0,265,0,240,0,220,0,200,0,2025/06/23,,,,,,,,,,,,,,,6222045502415,Model 1995,0,,0,Might Cinema,EYEShadow,,,,60٫61,0,0,,1,نواقص,99999,,165,,2025/06/24,,,,,,,,2025/06/23,,-1,,,,,ميخائيل نجع حمادي,,,,0,37٫74,165,2025/01/12,,165,لا,265,240,220,200,0
999,Might Cinema EYEShadow Model 5023,0,0,500,0,775,0,750,0,675,0,650,0,2026/03/29,,,,,,,,,,,,,,,6222045505584,Model 5023,0,,0,Might Cinema,EYEShadow,,,,55,0,0,,1,نواقص,99999,,500,,2026/04/02,,,,,,,,2026/03/29,,-1,,,,,ميخائيل نجع حمادي,,,,0,35٫48,500,2025/12/02,,500,لا,775,750,675,650,0
1000,Might Cinema EYEShadow Panda 1928 Model,0,0,205,0,270,0,255,0,245,0,235,0,2024/07/19,,,,,,,,,,,,,,,086010,Panda,0,,0,Might Cinema,EYEShadow,1928 Model,,,31٫71,0,0,,1,نواقص,99999,,205,,2024/07/22,,,,,,,,2024/07/19,,-1,,,,,ميخائيل نجع حمادي,,,,0,24٫07,205,2024/05/28,,205,لا,270,255,245,235,0
1001,Might Cinema Foundation 7 Stare,0,0,108,0,150,0,140,0,130,0,120,0,2024/10/01,,,,,,,,,,,,,,,6222045502200,7 Stare,0,,0,Might Cinema,Foundation,,,,38٫89,0,0,,1,نواقص,99999,,108,,2024/10/01,,,,,,,,2024/10/01,,-1,,,,,ميخائيل نجع حمادي,,,,0,28,108,2024/09/17,,108,لا,150,140,130,120,0
1002,Might Cinema Foundation 3028 model,0,0,132,0,190,0,180,0,170,0,160,0,2026/05/26,,,,,,,,,,,,,,,6222045505164,3028 model,0,,0,Might Cinema,Foundation,,,,43٫94,0,0,,1,نواقص,99999,,132,,2026/05/26,,,,,,,,2026/05/26,,-1,,,,,ميخائيل نجع حمادي,,,,0,30٫53,132,2025/05/06,,132,لا,190,180,170,160,0
1003,Might Cinema Foundation 3029 Model,0,0,108,0,150,0,140,0,130,0,120,0,2024/09/24,,,,,,,,,,,,,,,6222045504631,3029 Model,0,,0,Might Cinema,Foundation,,,,38٫89,0,0,,1,نواقص,99999,,108,,2024/09/24,,,,,,,,2024/09/24,,-1,,,,,ميخائيل نجع حمادي,,,,0,28,108,2024/09/17,,108,لا,150,140,130,120,0
1004,Might Cinema Foundation Bb 1971 Model,0,0,132,0,190,0,180,0,170,0,160,0,2025/06/05,,,,,,,,,,,,,,,6222045502354,Bb,0,,0,Might Cinema,Foundation,1971 Model,,,43٫94,0,0,,1,نواقص,99999,,132,,2025/06/05,,,,,,,,2025/06/05,,-1,,,,,ميخائيل نجع حمادي,,,,0,30٫53,132,2025/05/06,,132,لا,190,180,170,160,0
1005,Might Cinema Foundation Bb 3031 Model,0,0,108,0,150,0,140,0,130,0,125,0,2024/10/05,,,,,,,,,,,,,,,6222045504945,Bb,0,,0,Might Cinema,Foundation,3031 Model,,,38٫89,0,0,,1,نواقص,99999,,108,,2024/10/05,,,,,,,,2024/10/05,,-1,,,,,ميخائيل نجع حمادي,,,,0,28,108,2024/09/17,,108,لا,150,140,130,125,0
1006,Might Cinema FOUNDATION Bb 5040 Model,0,0,100,0,160,0,150,0,140,0,130,0,2025/06/23,,,,,,,,,,,,,,,6222045506123,Bb,0,,0,Might Cinema,FOUNDATION,5040 Model,,,60,0,0,,1,نواقص,99999,,100,,2025/06/24,,,,,,,,2025/06/23,,-1,,,,,ميخائيل نجع حمادي,,,,0,37٫5,100,2025/03/25,,100,لا,160,150,140,130,0
1007,Might Cinema Foundation Bb Model 3026,0,0,108,0,180,0,170,0,160,0,150,0,2024/11/01,,,,,,,,,,,,,,,6222045505133,Bb,0,,0,Might Cinema,Foundation,Model 3026,,,66٫67,0,0,,1,نواقص,99999,,108,,2024/11/01,,,,,,,,2024/11/01,,-1,,,,,ميخائيل نجع حمادي,,,,0,40,108,2024/09/17,,108,لا,180,170,160,150,0
1008,Might Cinema Foundation Carlla Rose 1987 Model,0,0,110,0,170,0,160,0,150,0,140,0,2024/09/12,,,,,,,,,,,,,,,6224002276025,Carlla Rose,0,,0,Might Cinema,Foundation,1987 Model,,,54٫55,0,0,,1,نواقص,99999,,110,,2024/09/12,,,,,,,,2024/09/12,,-1,,,,,ميخائيل نجع حمادي,,,,0,35٫29,110,2024/07/23,,110,لا,170,160,150,140,0
1009,Might Cinema Foundation Carlla Rose 1989 Model,0,0,110,0,180,0,160,0,150,0,130,0,2024/10/02,,,,,,,,,,,,,,,6224002276032,Carlla Rose,0,,0,Might Cinema,Foundation,1989 Model,,,63٫64,0,0,,1,نواقص,99999,,110,,2024/10/02,,,,,,,,2024/10/02,,-1,,,,,ميخائيل نجع حمادي,,,,0,38٫89,110,2024/08/06,,110,لا,180,160,150,130,0
1010,Might Cinema Foundation Concealer,0,0,95,0,140,0,130,0,120,0,110,0,2023/08/19,,,,,,,,,,,,,,,6222045501135,Concealer,0,,0,Might Cinema,Foundation,,,,47٫37,0,0,,1,---,99999,,95,,,,,,,,,,2023/08/19,,-1,,,,,ميخائيل نجع حمادي,,,,0,32٫14,95,2023/07/13,,95,لا,140,130,120,110,0
1011,Might Cinema Foundation Love,0,0,71٫06,0,140,0,135,0,115,0,100,0,2023/12/11,,,,,,,,,,,,,,,6222045500350,Love,0,,0,Might Cinema,Foundation,,,,97٫03,0,0,,1,نواقص,99999,,82,,2023/07/08,,,,,,,,2023/07/08,,-1,,,,,ميخائيل نجع حمادي,,,,0,49٫25,82,2023/05/09,,71٫06,لا,140,135,115,100,0
1012,Might Cinema FOUNDATION Modek,0,0,0,0,,0,,0,,0,,0,,,,,,,,,,,,,,,,086022,Modek,0,,0,Might Cinema,FOUNDATION,,,,,0,0,,1,---,99999,,0,,,,,,,,,,,,-1,,,,,,,,,0,,0,,,0,لا,,,,,0
1013,Might Cinema FOUNDATION MODEL 1513,0,0,120,0,220,0,200,0,180,0,160,0,2026/02/04,,,,,,,,,,,,,,,6222045507960,MODEL 1513,0,,0,Might Cinema,FOUNDATION,,,,83٫33,0,0,,1,نواقص,99999,,120,,2026/02/04,,,,,,,,2026/02/04,,-1,,,,,ميخائيل نجع حمادي,,,,0,45٫45,120,2025/10/21,,120,لا,220,200,180,160,0
1014,Might Cinema FOUNDATION Model 1536,0,0,120,0,210,0,190,0,170,0,150,0,2025/10/02,,,,,,,,,,,,,,,6222045507991,Model 1536,0,,0,Might Cinema,FOUNDATION,,,,75,0,0,,1,نواقص,99999,,120,,2025/10/02,,,,,,,,2025/10/02,,-1,,,,,ميخائيل نجع حمادي,,,,0,42٫86,120,2025/09/16,,120,لا,210,190,170,150,0
1015,Might Cinema Foundation Tulipe,0,0,65٫58,0,125,0,110,0,90,0,75,0,2024/04/20,,,,,,,,,,,,,,,086001,Tulipe,0,,0,Might Cinema,Foundation,,,,90٫6,0,0,,1,نواقص,99999,,65,,2023/02/06,,,,,,,,2023/02/06,,-1,,,,,ميخائيل نجع حمادي,,,,0,47٫53,65٫58,2022/11/25,,65٫58,لا,125,110,90,75,0
1016,Might Cinema Foundation Matte Oily Skin 1585,0,0,60,0,90,0,80,0,70,0,65,0,2024/02/05,,,,,,,,,,,,,,,6222045503962,Oily Skin,0,,0,Might Cinema,Foundation Matte,1585,,,50,0,0,,1,نواقص,99999,,60,,2023/11/22,,,,,,,,2024/02/05,,-1,,,,,ميخائيل نجع حمادي,,,,0,33٫33,60,2023/11/07,,60,لا,90,80,70,65,0
1017,Might Cinema Foundaton Oily Skin,0,0,44٫39,0,85,0,75,0,65,0,50,0,2022/11/27,,,,,,,,,,,,,,,6222045501043,,0,,0,Might Cinema,Foundaton Oily Skin,,,,91٫47,0,0,,1,---,99999,,44,,,,,,,,,,2022/11/27,,-1,,,,,ميخائيل نجع حمادي,,,,0,47٫77,44٫39,2022/11/25,,44٫39,لا,85,75,65,50,0
1018,Might Cinema Fywntshy Eye Shadow 1554 Model,0,0,182,0,270,0,250,0,230,0,210,0,2024/05/05,,,,,,,,,,,,,,,6222045501395,Eye Shadow,0,,0,Might Cinema,Fywntshy,1554 Model,,,48٫35,0,0,,1,نواقص,99999,,182,,2024/05/07,,,,,,,,2024/05/05,,-1,,,,,Might Cinema,,,,0,32٫59,182,2023/12/28,,182,لا,270,250,230,210,0
1019,Might Cinema HILIGHTER EYESAHDOW MODEL1110,0,0,129٫17,0,200,0,185,0,175,0,165,0,2025/05/12,,,,,,,,,,,,,,,086002,MODEL1110,0,,0,Might Cinema,HILIGHTER EYESAHDOW,,,,54٫84,0,0,,1,نواقص,99999,,140,,2025/05/12,,,,,,,,2025/05/12,,-1,,,,,ميخائيل نجع حمادي,,,,0,35٫42,140,2024/05/28,,129٫17,لا,200,185,175,165,0
1020,Might Cinema Lip Gloss MAGIC,0,0,40,0,75,0,65,0,55,0,50,0,2023/09/06,,,,,,,,,,,,,,,6222045500848,MAGIC,0,,0,Might Cinema,Lip Gloss,,,,87٫5,0,0,,1,نواقص,99999,,40,,2023/09/06,,,,,,,,2023/09/06,,-1,,,,,مايكل ثروت / مايت سينما,,,,0,46٫67,40,2023/08/10,,40,لا,75,65,55,50,0
1021,Might Cinema Lip Gloss Model 2581,0,0,40٫83,0,60,0,55,0,50,0,45,0,2025/09/29,,,,,,,,,,,,,,,6222045502408,Model 2581,0,,0,Might Cinema,Lip Gloss,,,,46٫94,0,0,,1,نواقص,99999,,40٫83,,2025/09/29,,,,,,,,2025/09/29,,-1,,,,,Might Cinema,,,,0,31٫95,40٫83,2023/12/28,,40٫83,لا,60,55,50,45,0
1022,Might Cinema LIP STIK,0,0,20,0,40,0,35,0,30,0,25,0,2024/03/25,,,,,,,,,,,,,,,086006,,0,,0,Might Cinema,LIP STIK,,,,100,0,0,,1,نواقص,99999,,20,,2024/03/25,,,,,,,,2024/03/25,,-1,,,,,مايكل ثروت / مايت سينما,,,,0,50,20,2023/08/10,,20,لا,40,35,30,25,0
1023,Might Cinema MAKEUP REMOVER MODEL 5018,0,0,42,0,75,0,70,0,65,0,60,0,2025/01/29,,,,,,,,,,,,,,,6222045505324,MODEL 5018,0,,0,Might Cinema,MAKEUP REMOVER,,,,78٫57,0,0,,1,نواقص,99999,,42,,2025/01/29,,,,,,,,2025/01/29,,-1,,,,,محمد حافظ / مايت سينما,,,,0,44,42,2024/10/19,,42,لا,75,70,65,60,0
1024,Might Cinema Mascara 1545 Model,0,0,70,0,95,0,90,0,85,0,80,0,2025/03/23,,,,,,,,,,,,,,,086011,1545 Model,0,,0,Might Cinema,Mascara,,,,35٫71,0,0,MAKE_UP,1,نواقص,99999,,70,,2024/12/02,,,,,,,,2025/03/23,,-1,,,,,ميخائيل نجع حمادي,,,,0,26٫32,70,2024/11/26,,70,لا,95,90,85,80,0
1025,Might Cinema Mascara 2578 Model,0,0,70,0,120,0,110,0,100,0,90,0,2024/12/31,,,,,,,,,,,,,,,6222045500589,2578 Model,0,,0,Might Cinema,Mascara,,,,71٫43,0,0,,1,نواقص,99999,,70,,2024/12/31,,,,,,,,2024/12/31,,-1,,,,,ميخائيل نجع حمادي,,,,0,41٫67,70,2024/11/26,,70,لا,120,110,100,90,0
1026,Might Cinema Mascara Model 1976,0,0,55٫67,0,80,0,75,0,70,0,65,0,2024/06/29,,,,,,,,,,,,,,,6222045501623,Model 1976,0,,0,Might Cinema,Mascara,,,,43٫71,0,0,MAKE_UP,1,نواقص,99999,,55٫67,,2024/05/08,,,,,,,,2024/06/29,,-1,,,,,Might Cinema,,,,0,30٫42,55٫67,2023/12/28,,55٫67,لا,80,75,70,65,0
1027,Might Cinema Mascara Model 4085,0,0,57,0,80,0,75,0,70,0,65,0,2026/02/09,,,,,,,,,,,,,,,6222045506673,Model 4085,0,,0,Might Cinema,Mascara,,,,40٫35,0,0,,1,نواقص,99999,,57,,2026/02/09,,,,,,,,2026/02/09,,-1,,,,,ميخائيل نجع حمادي,,,,0,28٫75,57,2026/01/27,,57,لا,80,75,70,65,0
1028,Might Cinema Mascara & Eyeliner Model 2550,0,0,60,0,90,0,80,0,70,0,65,0,2024/07/29,,,,,,,,,,,,,,,6222045500275,Model 2550,0,,0,Might Cinema,Mascara & Eyeliner,,,,50,0,0,MAKE_UP,1,نواقص,99999,,60,,2024/04/27,,,,,,,,2024/07/29,,-1,,,,,Might Cinema,,,,0,33٫33,60,2023/12/28,,60,لا,90,80,70,65,0
1029,Might Cinema Primer 1127 Model,0,0,110,0,160,0,150,0,140,0,130,0,2025/01/06,,,,,,,,,,,,,,,6222045504747,1127 Model,0,,0,Might Cinema,Primer,,,,45٫45,0,0,,1,نواقص,99999,,110,,2025/01/06,,,,,,,,2025/01/06,,-1,,,,,محمد حافظ / مايت سينما,,,,0,31٫25,110,2024/10/26,,110,لا,160,150,140,130,0
1030,Might Cinema Primer Tube,0,0,55,0,75,0,70,0,65,0,60,0,2023/05/28,,,,,,,,,,,,,,,086003,Tube,0,,0,Might Cinema,Primer,,,,36٫36,0,0,MAKE_UP,1,نواقص,99999,,55,,2023/05/29,,,,,,,,2023/05/28,,-1,,,,,ميخائيل نجع حمادي,,,,0,26٫67,55,2023/04/19,,55,لا,75,70,65,60,0
1031,Might Cinema Whitening Foundation Model 2594,0,0,120,0,180,0,170,0,160,0,150,0,2024/10/30,,,,,,,,,,,,,,,6222045501166,Model 2594,0,,0,Might Cinema,Whitening Foundation,,,,50,0,0,MAKE_UP,1,نواقص,99999,,120,,2024/10/30,,,,,,,,2024/10/30,,-1,,,,,ميخائيل نجع حمادي,,,,0,33٫33,120,2024/09/03,,120,لا,180,170,160,150,0
1032,Might Cinema كتاب 3 دور Model 1087,0,0,470٫4,0,700,0,650,0,600,0,550,0,2023/11/09,,,,,,,,,,,,,,,6222045501548,Model 1087,0,,0,Might Cinema,كتاب 3 دور,,,,48٫81,0,0,MAKE_UP,1,نواقص,99999,,480,,2023/11/10,,,,,,,,2023/11/09,,-1,,,,,محمد حافظ\ مايت سينما,,,,0,32٫8,470٫4,2023/10/07,,470٫4,لا,700,650,600,550,0
1033,Might Cinema كريم اساس ALL SKIN TYPES,0,0,82,0,140,0,135,0,120,0,110,0,2023/06/01,,,,,,,,,,,,,,,086004,,0,,0,Might Cinema,كريم اساس ALL SKIN TYPES,,,,70٫73,0,0,MAKE_UP,1,نواقص,99999,,82,,2023/06/01,,,,,,,,2023/06/01,,-1,,,,,ميخائيل نجع حمادي,,,,0,41٫43,82,2023/05/16,,82,لا,140,135,120,110,0
1034,Might Cinema كريم اساس BB,0,0,82,0,140,0,130,0,120,0,110,0,2023/05/16,,,,,,,,,,,,,,,6222045502231,,0,,0,Might Cinema,كريم اساس BB,,,,70٫73,0,0,MAKE_UP,1,نواقص,99999,,82,,2023/05/16,,,,,,,,2023/05/16,,-1,,,,,ميخائيل نجع حمادي,,,,0,41٫43,82,2023/05/16,,82,لا,140,130,120,110,0
1035,Might Cinema كريم اساس Liquide Velvet,0,0,82,0,140,0,135,0,115,0,100,0,2023/06/01,,,,,,,,,,,,,,,6222045500237,,0,,0,Might Cinema,كريم اساس Liquide Velvet,,,,70٫73,0,0,MAKE_UP,1,نواقص,99999,,82,,2023/06/02,,,,,,,,2023/06/01,,-1,,,,,ميخائيل نجع حمادي,,,,0,41٫43,82,2023/05/16,,82,لا,140,135,115,100,0
1036,Might Cinema كريم اساس Matte,0,0,82,0,140,0,135,0,115,0,100,0,2023/07/09,,,,,,,,,,,,,,,6222045500138,,0,,0,Might Cinema,كريم اساس Matte,,,,70٫73,0,0,MAKE_UP,1,نواقص,99999,,82,,2023/07/09,,,,,,,,2023/07/09,,-1,,,,,ميخائيل نجع حمادي,,,,0,41٫43,82,2023/05/09,,82,لا,140,135,115,100,0
52,إجمالي -   Might Cinema,0,0,0,0,0,0,0,0,0,0,0,0,,0,0,0,0,0,0,0,0,0,0,0,0,0,0,,,0,0,0,,,,,,0,0,,,,,,,0,,,,,0,0,0,0,0,,,,,,,,,,,,,,0,,,0,,0,0,0,0,
,,,,,,,,,,,,,,,,,,,,,,,,,,,,,,,,,,,,,,,,,,,,,,,,,,,,,,,,,,,,,,,,,,,,,,,,,,,,,,,
,Mightcinema,,,,,,,,,,,,,,,,,,,,,,,,,,,,,,,,,Mightcinema,,,,,,,,,,,,,,,,,,,,,,,,,,,,,,,,,,,,,,,,,,,,,
1037,Mightcinema Blusher stick 6008 106,0,0,0,0,,0,,0,,0,,0,,,,,,,,,,,,,,,,136001,6008,0,,0,Mightcinema,Blusher stick,106,Spong,,,0,0,,1,---,99999,,0,,,,,,,,,,,,-1,,,,,,,,,0,,0,,,0,لا,,,,,0
1,إجمالي -   Mightcinema,0,0,0,0,0,0,0,0,0,0,0,0,,0,0,0,0,0,0,0,0,0,0,0,0,0,0,,,0,0,0,,,,,,0,0,,,,,,,0,,,,,0,0,0,0,0,,,,,,,,,,,,,,0,,,0,,0,0,0,0,
,,,,,,,,,,,,,,,,,,,,,,,,,,,,,,,,,,,,,,,,,,,,,,,,,,,,,,,,,,,,,,,,,,,,,,,,,,,,,,,
,MINK,,,,,,,,,,,,,,,,,,,,,,,,,,,,,,,,,MINK,,,,,,,,,,,,,,,,,,,,,,,,,,,,,,,,,,,,,,,,,,,,,
1038,MINK Conditioner Garlic,0,0,20٫83,0,35,0,30,0,28,0,25,0,2023/03/20,,,,,,,,,,,,,,,6222014500121,Garlic,0,,0,MINK,Conditioner,,,,68٫03,0,0,,1,نواقص,99999,,20٫83,,2022/12/03,,,,,,,,2023/03/20,,-1,,,,,جميل ساويروس,,,,0,40٫49,20٫83,2022/11/28,,20٫83,لا,35,30,28,25,0
1039,MINK Conditioner Honey Scent,0,0,20٫83,0,35,0,30,0,28,0,25,0,2023/02/27,,,,,,,,,,,,,,,6222014500176,Honey Scent,0,,0,MINK,Conditioner,,,,68٫03,0,0,,1,نواقص,99999,,20٫83,,2023/02/27,,,,,,,,2023/02/27,,-1,,,,,جميل ساويروس,,,,0,40٫49,20٫83,2022/11/28,,20٫83,لا,35,30,28,25,0
1040,MINK Conditioner Olive Oil,0,0,20٫83,0,35,0,30,0,28,0,25,0,2023/04/18,,,,,,,,,,,,,,,6222014500145,Olive Oil,0,,0,MINK,Conditioner,,,,68٫03,0,0,,1,نواقص,99999,,20٫83,,2023/04/18,,,,,,,,2023/04/18,,-1,,,,,جميل ساويروس,,,,0,40٫49,20٫83,2022/11/28,,20٫83,لا,35,30,28,25,0
1041,MINK Conditioner Snake Oil,0,0,20٫83,0,35,0,30,0,28,0,25,0,2023/03/24,,,,,,,,,,,,,,,6222014500138,Snake Oil,0,,0,MINK,Conditioner,,,,68٫03,0,0,,1,نواقص,99999,,20٫83,,2023/01/05,,,,,,,,2023/03/24,,-1,,,,,جميل ساويروس,,,,0,40٫49,20٫83,2022/11/28,,20٫83,لا,35,30,28,25,0
1042,MINK حمام كريم افوكادو 1KG,0,0,30,0,50,0,45,0,40,0,34٫3,0,2024/01/31,,,,,,,,,,,,,,,6222014500572,افوكادو,0,,0,MINK,حمام كريم,1KG,,,66٫67,0,0,,1,نواقص,99999,,30,,2022/12/01,,,,,,,,2022/12/01,,-1,,,,,استاذ / جميل ساويروس,,,,0,40,30,2022/09/05,,30,لا,50,45,40,34٫3,0
1043,MINK حمام كريم الارجان 1KG,0,0,30,0,50,0,45,0,40,0,34٫3,0,2024/01/31,,,,,,,,,,,,,,,6222014500381,الارجان,0,,0,MINK,حمام كريم,1KG,,,66٫67,0,0,,1,نواقص,99999,,30,,2023/10/12,,,,,,,,2023/09/30,,-1,,,,,استاذ / جميل ساويروس,,,,0,40,30,2022/10/29,,30,لا,50,45,40,34٫3,0
1044,MINK حمام كريم الثوم 1KG,0,0,30,0,50,0,45,0,40,0,34٫3,0,2024/01/31,,,,,,,,,,,,,,,6222014500015,الثوم,0,,0,MINK,حمام كريم,1KG,,,66٫67,0,0,,1,نواقص,99999,,30,,2023/10/12,,,,,,,,2023/10/27,,-1,,,,,استاذ / جميل ساويروس,,,,0,40,30,2022/09/05,,30,لا,50,45,40,34٫3,0
1045,MINK حمام كريم جوز هند 1KG,0,0,30,0,50,0,45,0,40,0,34٫3,0,2024/01/31,,,,,,,,,,,,,,,6222014500022,جوز هند,0,,0,MINK,حمام كريم,1KG,,,66٫67,0,0,,1,نواقص,99999,,30,,2023/10/12,,,,,,,,2023/01/16,,-1,,,,,استاذ / جميل ساويروس,,,,0,40,30,2022/09/05,,30,لا,50,45,40,34٫3,0
1046,MINK حمام كريم زيت زينون 1KG,0,0,30,0,50,0,45,0,40,0,34٫3,0,2024/01/31,,,,,,,,,,,,,,,6222014500404,زيت زينون,0,,0,MINK,حمام كريم,1KG,,,66٫67,0,0,,1,نواقص,99999,,30,,2023/10/12,,,,,,,,2023/02/22,,-1,,,,,استاذ / جميل ساويروس,,,,0,40,30,2022/09/05,,30,لا,50,45,40,34٫3,0
1047,MINK كريم مغذى للشعر بزيت المينك,0,0,9,0,15,0,13,0,11٫5,0,10,0,2022/08/22,,,,,,,,,,,,,,,6223003445089,بزيت المينك,0,,0,MINK,كريم مغذى للشعر,,,,66٫67,0,0,,1,---,99999,,9,,,,,,,,,,2022/01/02,,-1,,,,,حماده العربى,,,,0,40,9,2021/08/29,,9,لا,15,13,11٫5,10,0
10,إجمالي -   MINK,0,0,0,0,0,0,0,0,0,0,0,0,,0,0,0,0,0,0,0,0,0,0,0,0,0,0,,,0,0,0,,,,,,0,0,,,,,,,0,,,,,0,0,0,0,0,,,,,,,,,,,,,,0,,,0,,0,0,0,0,
,,,,,,,,,,,,,,,,,,,,,,,,,,,,,,,,,,,,,,,,,,,,,,,,,,,,,,,,,,,,,,,,,,,,,,,,,,,,,,,
,MONAYA,,,,,,,,,,,,,,,,,,,,,,,,,,,,,,,,,MONAYA,,,,,,,,,,,,,,,,,,,,,,,,,,,,,,,,,,,,,,,,,,,,,
1048,MONAYA MASCRA BLUE,0,0,50,0,75,0,70,0,65,0,60,0,2025/12/13,,,,,,,,,,,,,,,6973373042585,BLUE,0,,0,MONAYA,MASCRA,,,,50,0,0,,1,نواقص,99999,,50,,2025/08/07,,,,,,,,2025/12/13,,-1,,,,,ميخائيل نجع حمادي,,,,0,33٫33,50,2025/01/12,,50,لا,75,70,65,60,0
1049,MONAYA Matte Liquid Foundation,0,0,79٫58,0,135,0,125,0,110,0,100,0,2023/12/11,,,,,,,,,,,,,,,092009,,0,,0,MONAYA,Matte Liquid Foundation,,,,69٫64,0,0,MAKE_UP,1,نواقص,99999,,79٫58,,2023/12/11,,,,,,,,,,-1,,,,,المركز التجاري,,,,0,41٫05,79٫58,2023/08/02,,79٫58,لا,135,125,110,100,0
2,إجمالي -   MONAYA,0,0,0,0,0,0,0,0,0,0,0,0,,0,0,0,0,0,0,0,0,0,0,0,0,0,0,,,0,0,0,,,,,,0,0,,,,,,,0,,,,,0,0,0,0,0,,,,,,,,,,,,,,0,,,0,,0,0,0,0,
,,,,,,,,,,,,,,,,,,,,,,,,,,,,,,,,,,,,,,,,,,,,,,,,,,,,,,,,,,,,,,,,,,,,,,,,,,,,,,,
,MY WAY,,,,,,,,,,,,,,,,,,,,,,,,,,,,,,,,,MY WAY,,,,,,,,,,,,,,,,,,,,,,,,,,,,,,,,,,,,,,,,,,,,,
1050,MY WAY شاور جل لتر ونص,0,0,0,0,38٫5,0,35,0,32,0,27,0,,,,,,,,,,,,,,,,041002,,0,,0,MY WAY,شاور جل لتر ونص,,,,,0,0,,1,نواقص,99999,,0,,2021/07/14,,,,,,,,,,-1,,,,,,,,,0,,0,,,0,لا,38٫5,35,32,27,0
1,إجمالي -   MY WAY,0,0,0,0,0,0,0,0,0,0,0,0,,0,0,0,0,0,0,0,0,0,0,0,0,0,0,,,0,0,0,,,,,,0,0,,,,,,,0,,,,,0,0,0,0,0,,,,,,,,,,,,,,0,,,0,,0,0,0,0,
,,,,,,,,,,,,,,,,,,,,,,,,,,,,,,,,,,,,,,,,,,,,,,,,,,,,,,,,,,,,,,,,,,,,,,,,,,,,,,,
,New Gold,,,,,,,,,,,,,,,,,,,,,,,,,,,,,,,,,New Gold,,,,,,,,,,,,,,,,,,,,,,,,,,,,,,,,,,,,,,,,,,,,,
1051,New Gold 2222 BLACK,0,0,96٫33,0,180,0,170,0,160,0,150,0,2025/09/23,,,,,,,,,,,,,,,6223004020872,,0,,0,New Gold,2222 BLACK,,,,86٫87,0,0,,1,نواقص,99999,,95,,2025/02/03,,,,,,,,2025/09/23,,-1,,,,,ا/عبد الفتاح سمير عبد الفتاح,,,,0,46٫49,96٫33,2024/12/18,,96٫33,لا,180,170,160,150,0
1052,New Gold ACQUA DI PARISIS FOREVER 250ML,0,0,60٫42,0,102,0,90,0,80,0,70,0,2024/02/12,,,,,,,,,,,,,,,3700066701732,FOREVER,0,,0,New Gold,ACQUA DI PARISIS,250ML,,,68٫82,0,0,,1,نواقص,99999,,60٫42,,2024/02/12,,,,,,,,2024/02/12,,-1,,,,,ا/عبد الفتاح سمير عبد الفتاح,,,,0,40٫77,60٫42,2022/02/24,,60٫42,لا,102,90,80,70,0
1053,New Gold ACQUA DI PARISIS PATCHOULI 250ML,0,0,60٫42,0,102,0,90,0,80,0,70,0,2024/01/31,,,,,,,,,,,,,,,3700066701725,PATCHOULI,0,,0,New Gold,ACQUA DI PARISIS,250ML,,,68٫82,0,0,,1,نواقص,1368,,60٫42,,2023/10/12,,,,,,,,2022/08/30,,-1,,,,,ا/عبد الفتاح سمير عبد الفتاح,,,,0,40٫77,60٫42,2022/02/24,,60٫42,لا,102,90,80,70,0
1054,New Gold ALBANE NOBLE POUE HOMME 250ML,0,0,60٫42,0,102,0,90,0,80,0,70,0,2024/01/31,,,,,,,,,,,,,,,3700066701664,POUE HOMME,0,,0,New Gold,ALBANE NOBLE,250ML,,,68٫83,0,0,,1,نواقص,99999,,60٫42,,2023/10/12,,,,,,,,2022/07/01,,-1,,,,,ا/عبد الفتاح سمير عبد الفتاح,,,,0,40٫77,60٫42,2021/09/14,,60٫42,لا,102,90,80,70,0
1055,New Gold ALBANE NOBLE GRAND PALAIS GEPARLYS SPRAY250,0,0,52٫08,0,88,0,75,0,70,0,60,0,2024/01/31,,,,,,,,,,,,,,,3700066713650,GEPARLYS,0,,0,New Gold,ALBANE NOBLE GRAND PALAIS,SPRAY250,M,,68٫96,0,0,,1,نواقص,1368,,52٫08,,2022/07/14,,,,,,,,2022/11/25,,-1,,,,,ا/عبد الفتاح سمير عبد الفتاح,,,,0,40٫81,52٫08,2021/09/14,,52٫08,لا,88,75,70,60,0
1056,New Gold BLACK ONE KAREN LOW 100ML,0,0,113,0,240,0,220,0,200,0,180,0,2022/01/22,,,,,,,,,,,,,,,3700134405609,KAREN LOW,0,,0,New Gold,BLACK ONE,100ML,,,112٫39,0,0,,1,نواقص,99999,,113,,2022/01/22,,,,,,,,2022/01/22,,-1,,,,,ا/عبد الفتاح سمير عبد الفتاح,,,,0,52٫92,113,2021/09/14,,113,لا,240,220,200,180,0
1057,New Gold BLEU IMPERIAL COLLECTION PRIVEE 100ML,0,0,153٫5,0,310,0,280,0,250,0,220,0,2023/08/06,,,,,,,,,,,,,,,3700134410535,COLLECTION PRIVEE,0,,0,New Gold,BLEU IMPERIAL,100ML,,,101٫95,0,0,,1,نواقص,99999,,153٫5,,2023/08/06,,,,,,,,2023/08/06,,-1,,,,,ا/عبد الفتاح سمير عبد الفتاح,,,,0,50٫48,153٫5,2021/09/14,,153٫5,لا,310,280,250,220,0
1058,New Gold BLUE LARA,0,0,32,0,55,0,45,0,40,0,37٫5,0,2022/12/01,,,,,,,,,,,,,,,6223004020261,,0,,0,New Gold,BLUE LARA,,,,71٫88,0,0,,1,نواقص,99999,,32,,2022/12/01,,,,,,,,2022/12/01,,-1,,,,,رويال/ادره المخازن,,,,0,41٫82,32,2022/02/11,,32,لا,55,45,40,37٫5,0
1059,New Gold BLUE NOTE,0,0,30٫09,0,65,0,55,0,50,0,40,0,2024/01/31,,,,,,,,,,,,,,,3700108361009,,0,,0,New Gold,BLUE NOTE,,,,115٫99,0,0,,1,نواقص,99999,,36,,2023/03/12,,,,,,,,2024/01/11,,-1,,,,,رويال/ادره المخازن,,,,0,53٫7,36,2022/02/11,,30٫09,لا,65,55,50,40,0
1060,New Gold BUSINESS MAN CLASSIC,0,0,41,0,107,0,80,0,65,0,57٫5,0,2024/07/15,,,,,,,,,,,,,,,3442151008219,CLASSIC,0,,0,New Gold,BUSINESS MAN,,,,160٫98,0,0,,1,نواقص,99999,,41,,2024/07/15,,,,,,,,2024/07/15,,-1,,,,,رويال/ادره المخازن,,,,0,61٫68,41,2022/02/09,,41,لا,107,80,65,57٫5,0
1061,New Gold CHANCELLOR FOR MEN 100ML,0,0,183٫32,0,325,0,300,0,280,0,250,0,2024/12/19,,,,,,,,,,,,,,,3442151001128,FOR MEN,0,,0,New Gold,CHANCELLOR,100ML,,,77٫28,0,0,,1,نواقص,99999,,177,,2023/10/12,,,,,,,,2023/05/23,,-1,,,,,الاستاذ/عبد الفتاح سمير,,,,0,43٫59,177,2022/02/11,,183٫32,لا,325,300,280,250,0
1062,New Gold CHARMED GOLD UNITED FUN,0,0,80,0,150,0,120,0,100,0,90,0,2023/03/11,,,,,,,,,,,,,,,8276690200330,UNITED FUN,0,,0,New Gold,CHARMED GOLD,,,,87٫5,0,0,,1,نواقص,99999,,80,,2023/03/11,,,,,,,,2023/03/11,,-1,,,,,رويال/ادره المخازن,,,,0,46٫67,80,2022/02/09,,80,لا,150,120,100,90,0
1063,New Gold CLUP GENTLMAN BLACK,0,0,55,0,110,0,90,0,75,0,60,0,2024/12/19,,,,,,,,,,,,,,,3700134405975,,0,,0,New Gold,CLUP GENTLMAN BLACK,,,,100,0,0,,1,---,99999,,55,,,,,,,,,,,,-1,,,,,رصيد اول المده,,,,0,50,55,2021/08/01,,55,لا,110,90,75,60,0
1064,New Gold ELEGANT DIPLOMATE JOHAN.B 100ML,0,0,184٫43,0,325,0,300,0,280,0,250,0,2024/12/19,,,,,,,,,,,,,,,3700134407672,JOHAN.B,0,,0,New Gold,ELEGANT DIPLOMATE,100ML,,,76٫22,0,0,,1,نواقص,99999,,177٫1,,2023/10/12,,,,,,,,2023/11/27,,-1,,,,,الاستاذ/عبد الفتاح سمير,,,,0,43٫25,177٫1,2022/02/11,,184٫43,لا,325,300,280,250,0
1065,New Gold GEPARLYS MILLIARD SPIRIT,0,0,110,0,235٫5,0,200,0,175,0,135,0,2022/07/26,,,,,,,,,,,,,,,6223004021695,MILLIARD,0,,0,New Gold,GEPARLYS,SPIRIT,,,114٫09,0,0,,1,نواقص,99999,,120,,2022/07/31,,,,,,,,2022/07/26,,-1,,,,,رصيد اول المده,,,,0,53٫29,120,2021/08/01,,110,لا,235٫5,200,175,135,0
1066,New Gold GRACE FEMININE REYANE TRADITION 85ML,0,0,285٫5,0,600,0,550,0,500,0,400,0,2024/07/19,,,,,,,,,,,,,,,3700066738578,REYANE TRADITION,0,,0,New Gold,GRACE FEMININE,85ML,,,110٫16,0,0,,1,نواقص,964,,256٫5,,2024/07/22,,,,,,,,2024/07/19,,-1,,,,,الاستاذ/عبد الفتاح سمير,,,,0,52٫42,256٫5,2022/02/11,,285٫5,لا,600,550,500,400,0
1067,New Gold GRIS CHIC ALBANE 250ML,0,0,60٫42,0,102,0,90,0,80,0,70,0,2024/12/19,,,,,,,,,,,,,,,3700066701657,ALBANE,0,,0,New Gold,GRIS CHIC,250ML,,,68٫83,0,0,,1,نواقص,99999,,60٫42,,2023/10/12,,,,,,,,2022/01/05,,-1,,,,,ا/عبد الفتاح سمير عبد الفتاح,,,,0,40٫77,60٫42,2021/09/14,,60٫42,لا,102,90,80,70,0
1068,New Gold HANA HAYETTI 75ML,0,0,48٫81,0,120,0,100,0,90,0,80,0,2024/12/19,,,,,,,,,,,,,,,3760137560088,75ML,0,,0,New Gold,HANA HAYETTI,,,,145٫85,0,0,,1,نواقص,99999,,47,,2024/04/03,,,,,,,,2024/09/06,,-1,,,,,الاستاذ/عبد الفتاح سمير,,,,0,59٫32,47,2022/02/11,,48٫81,لا,120,100,90,80,0
1069,New Gold Hot Line Aqua Marina,0,0,24,0,40,0,35,0,30,0,27,0,2023/01/31,,,,,,,,,,,,,,,016016,Aqua Marina,0,,0,New Gold,Hot Line,,,,66٫67,0,0,,1,نواقص,99999,,24,,2023/01/31,,,,,,,,2023/01/31,,-1,,,,,رويال / اداره المخازن الاقصر,,,,0,40,24,2021/05/13,,24,لا,40,35,30,27,0
1070,New Gold Hot Line Love Music,0,0,24,0,40,0,35,0,30,0,27,0,2024/12/19,,,,,,,,,,,,,,,6223004020773,Love Music,0,,0,New Gold,Hot Line,,,,66٫67,0,0,,1,نواقص,99999,,24,,2021/10/18,,,,,,,,2022/11/15,,-1,,,,,رويال / اداره المخازن الاقصر,,,,0,40,24,2021/05/13,,24,لا,40,35,30,27,0
1071,New Gold HOTLINE ANABELA,0,0,24٫5,0,36,0,32,0,30,0,27,0,2023/03/08,,,,,,,,,,,,,,,6223004029929,ANABELA,0,,0,New Gold,HOTLINE,,,,46٫94,0,0,,1,نواقص,99999,,25,,2022/06/16,,,,,,,,2023/03/08,,-1,,,,,رصيد اول المده,,,,0,31٫94,25,2021/08/01,,24٫5,لا,36,32,30,27,0
1072,New Gold HOTLINE AQUA MARINA,0,0,20,0,36,0,30,0,27,0,22,0,2023/01/31,,,,,,,,,,,,,,,6223004020889,AQUA MARINA,0,,0,New Gold,HOTLINE,,,,80,0,0,,1,نواقص,99999,,20,,2023/01/31,,,,,,,,2023/01/31,,-1,,,,,رويال/ادره المخازن,,,,0,44٫44,20,2022/02/11,,20,لا,36,30,27,22,0
1073,New Gold HOTLINE DARLING,0,0,24٫83,0,36,0,32,0,30,0,27,0,2022/11/24,,,,,,,,,,,,,,,024001   6223004029967,DARLING,0,,0,New Gold,HOTLINE,,,,44٫97,0,0,,1,نواقص,99999,,25٫5,,2022/11/24,,,,,,,,2022/11/24,,-1,,,,,رويال/ادره المخازن,,,,0,31٫02,25٫5,2022/02/11,,24٫83,لا,36,32,30,27,0
1074,New Gold HOTLINE ELIXIR,0,0,24٫67,0,36,0,32,0,30,0,27,0,2024/12/19,,,,,,,,,,,,,,,6223004020766,ELIXIR,0,,0,New Gold,HOTLINE,,,,45٫95,0,0,,1,نواقص,99999,,25,,2022/06/18,,,,,,,,2023/05/25,,-1,,,,,رصيد اول المده,,,,0,31٫48,25,2021/08/01,,24٫67,لا,36,32,30,27,0
1075,New Gold HOTLINE HORNEY MOON,0,0,20,0,30,0,30,0,27,0,22,0,2024/12/19,,,,,,,,,,,,,,,6223004029943,HORNEY MOON,0,,0,New Gold,HOTLINE,,,,50,0,0,,1,---,99999,,20,,,,,,,,,,2021/11/29,,-1,,,,,رصيد اول المده,,,,0,33٫33,20,2021/08/29,,20,لا,30,30,27,22,0
1076,New Gold HOTLINE MY LOVE,0,0,24٫75,0,36,0,32,0,30,0,27,0,2022/11/14,,,,,,,,,,,,,,,6223004020803,MY LOVE,0,,0,New Gold,HOTLINE,,,,45٫45,0,0,,1,نواقص,99999,,25,,2022/11/15,,,,,,,,2022/11/14,,-1,,,,,رويال/ادره المخازن,,,,0,31٫25,25,2022/02/11,,24٫75,لا,36,32,30,27,0
1077,New Gold I BY REYANE TRADITION PARIS GEPARLYS SPRAY250,0,0,49٫75,0,88,0,75,0,70,0,60,0,2024/12/19,,,,,,,,,,,,,,,3700066737298,GEPARLYS,0,,0,New Gold,I BY REYANE TRADITION PARIS,SPRAY250,F,,76٫9,0,0,,1,نواقص,99999,,48,,2023/10/12,,,,,,,,2024/01/23,,-1,,,,,الاستاذ/عبد الفتاح سمير,,,,0,43٫47,48,2022/02/11,,49٫75,لا,88,75,70,60,0
1078,New Gold I BY REYANE TRADITION PARIS GEPARLYS SPRAY250,0,0,52٫33,0,88,0,75,0,70,0,60,0,2024/12/19,,,,,,,,,,,,,,,3700066737328,GEPARLYS,0,,0,New Gold,I BY REYANE TRADITION PARIS,SPRAY250,M\,,68٫15,0,0,,1,نواقص,99999,,48,,2023/10/12,,,,,,,,2023/10/15,,-1,,,,,الاستاذ/عبد الفتاح سمير,,,,0,40٫53,48,2022/02/11,,52٫33,لا,88,75,70,60,0
1079,New Gold INCEPTION PARIS POUR FEMME 90ML,0,0,149٫25,0,300,0,280,0,250,0,220,0,2024/12/19,,,,,,,,,,,,,,,3442150901313,POUR FEMME,0,,0,New Gold,INCEPTION PARIS,90ML,,,101٫01,0,0,,1,نواقص,99999,,149٫25,,2023/10/12,,,,,,,,2022/07/03,,-1,,,,,ا/عبد الفتاح سمير عبد الفتاح,,,,0,50٫25,149٫25,2021/09/14,,149٫25,لا,300,280,250,220,0
1080,New Gold INFINITE PLEASURE ESTELLE VENDOME 200 ML,0,0,32٫5,0,58,0,50,0,45,0,37٫5,0,2024/12/19,,,,,,,,,,,,,,,3700134405753,ESTELLE VENDOME,0,,0,New Gold,INFINITE PLEASURE,200 ML,,,78٫46,0,0,,1,نواقص,99999,,32٫5,,2022/10/20,,,,,,,,2022/10/29,,-1,,,,,ا/عبد الفتاح سمير عبد الفتاح,,,,0,43٫97,32٫5,2021/09/14,,32٫5,لا,58,50,45,37٫5,0
1081,New Gold INSURRECTION GEPARLYS SPRAY250,0,0,50٫18,0,88,0,75,0,70,0,60,0,2024/03/26,,,,,,,,,,,,,,,3700066713674,GEPARLYS,0,,0,New Gold,INSURRECTION,SPRAY250,M,,75٫37,0,0,,1,نواقص,99999,,48,,2024/03/26,,,,,,,,2024/03/26,,-1,,,,,الاستاذ/عبد الفتاح سمير,,,,0,42٫98,48,2022/02/11,,50٫18,لا,88,75,70,60,0
1082,New Gold J'AVOUE ALL MY LOVE,0,0,65,0,149,0,120,0,90,0,75,0,2024/09/06,,,,,,,,,,,,,,,3700108350522,ALL MY LOVE,0,,0,New Gold,J'AVOUE,,,,129٫23,0,0,,1,نواقص,99999,,65,,2023/03/11,,,,,,,,2024/09/06,,-1,,,,,رويال/ادره المخازن,,,,0,56٫38,65,2022/02/09,,65,لا,149,120,90,75,0
1083,New Gold JOHAN.B FANCY 200 ML,0,0,32٫5,0,58,0,50,0,45,0,37٫5,0,2024/01/31,,,,,,,,,,,,,,,3700134409256,FANCY,0,,0,New Gold,JOHAN.B,200 ML,,,78٫46,0,0,,1,نواقص,99999,,32٫5,,2023/01/25,,,,,,,,2023/01/25,,-1,,,,,ا/عبد الفتاح سمير عبد الفتاح,,,,0,43٫97,32٫5,2021/09/14,,32٫5,لا,58,50,45,37٫5,0
1084,New Gold JOHAN.B RICH 200 ML,0,0,32٫5,0,58,0,50,0,45,0,37٫5,0,2024/12/19,,,,,,,,,,,,,,,3700134410399,RICH,0,,0,New Gold,JOHAN.B,200 ML,,,78٫46,0,0,,1,نواقص,99999,,32٫5,,2022/10/23,,,,,,,,2022/10/29,,-1,,,,,ا/عبد الفتاح سمير عبد الفتاح,,,,0,43٫97,32٫5,2021/09/14,,32٫5,لا,58,50,45,37٫5,0
1085,New Gold KAREN LOW CODE37 200 ML,0,0,32٫5,0,58,0,50,0,45,0,37٫5,0,2023/05/15,,,,,,,,,,,,,,,3700134410702,CODE37,0,,0,New Gold,KAREN LOW,200 ML,WOMEN,,78٫46,0,0,,1,نواقص,1368,,32٫5,,2023/05/15,,,,,,,,2023/05/15,,-1,,,,,ا/عبد الفتاح سمير عبد الفتاح,,,,0,43٫97,32٫5,2021/09/14,,32٫5,لا,58,50,45,37٫5,0
1086,New Gold KAREN LOW PURE BLUE 200 ML,0,0,32٫5,0,58,0,50,0,45,0,37٫5,0,2024/12/19,,,,,,,,,,,,,,,3700134410719,PURE BLUE,0,,0,New Gold,KAREN LOW,200 ML,,,78٫46,0,0,,1,نواقص,99999,,32٫5,,2023/10/12,,,,,,,,2023/10/19,,-1,,,,,ا/عبد الفتاح سمير عبد الفتاح,,,,0,43٫97,32٫5,2021/09/14,,32٫5,لا,58,50,45,37٫5,0
1087,New Gold KAREN LOW PURE CRYSTAL 200 ML,0,0,32٫5,0,58,0,50,0,45,0,37٫5,0,2024/12/19,,,,,,,,,,,,,,,3700134406163,PURE CRYSTAL,0,,0,New Gold,KAREN LOW,200 ML,,,78٫46,0,0,,1,نواقص,99999,,32٫5,,2022/10/18,,,,,,,,2022/10/29,,-1,,,,,ا/عبد الفتاح سمير عبد الفتاح,,,,0,43٫97,32٫5,2021/09/14,,32٫5,لا,58,50,45,37٫5,0
1088,New Gold KAREN LOW PURE EAU FRAICHE,0,0,32٫5,0,58,0,50,0,45,0,37٫5,0,2024/12/19,,,,,,,,,,,,,,,3700134408198,PURE EAU FRAICHE,0,,0,New Gold,KAREN LOW,,,,78٫46,0,0,,1,نواقص,99999,,32٫5,,2023/10/12,,,,,,,,2022/07/22,,-1,,,,,ا/عبد الفتاح سمير عبد الفتاح,,,,0,43٫97,32٫5,2021/09/14,,32٫5,لا,58,50,45,37٫5,0
1089,New Gold KAREN LOW XCHANGE UNLIMITED,0,0,32٫5,0,58,0,50,0,45,0,37٫5,0,2024/12/19,,,,,,,,,,,,,,,3700134406286,XCHANGE,0,,0,New Gold,KAREN LOW,UNLIMITED,200 ML,,78٫46,0,0,عطور,1,نواقص,99999,\us\134\pid\1925\f132937193353908098112.png,32٫5,,2023/11/02,,,,,,,,2023/11/02,,0,,10,,,ا/عبد الفتاح سمير عبد الفتاح,,,,0,43٫97,32٫5,2021/09/14,,32٫5,لا,58,50,45,37٫5,3
1090,New Gold Karina H Women,0,0,100,0,200,0,180,0,150,0,120,0,2023/05/16,,,,,,,,,,,,,,,3700066701183,Women,0,,0,New Gold,Karina H,,,,100,0,0,,1,نواقص,99999,,100,,2023/05/16,,,,,,,,2023/05/16,,-1,,,,,رويال/ادره المخازن,,,,0,50,100,2022/02/11,,100,لا,200,180,150,120,0
1091,New Gold LACOSTE WOMEN,0,0,75,0,150,0,140,0,130,0,120,0,2026/03/24,,,,,,,,,,,,,,,075014,WOMEN,0,,0,New Gold,LACOSTE,,,,100,0,0,,1,نواقص,99999,,75,,2026/03/24,,,,,,,,2026/03/24,,-1,,,,,نادر,,,,0,50,75,2024/04/17,,75,لا,150,140,130,120,0
1092,New Gold LES ETERNELS LEGACY 250ML,0,0,60٫42,0,102,0,90,0,80,0,70,0,2024/12/19,,,,,,,,,,,,,,,3700066701718,LEGACY,0,,0,New Gold,LES ETERNELS,250ML,,,68٫83,0,0,,1,نواقص,99999,,60٫42,,2022/03/10,,,,,,,,2022/03/08,,-1,,,,,ا/عبد الفتاح سمير عبد الفتاح,,,,0,40٫77,60٫42,2021/09/14,,60٫42,لا,102,90,80,70,0
1093,New Gold LES IMMORTELS ALEGRIA 250ML,0,0,60٫42,0,102,0,90,0,80,0,70,0,2024/12/19,,,,,,,,,,,,,,,3700066701695,ALEGRIA,0,,0,New Gold,LES IMMORTELS,250ML,,,68٫82,0,0,,1,نواقص,99999,,60٫42,,2023/05/08,,,,,,,,2023/05/08,,-1,,,,,ا/عبد الفتاح سمير عبد الفتاح,,,,0,40٫77,60٫42,2022/02/24,,60٫42,لا,102,90,80,70,0
1094,New Gold LES IMPERIALE ALBANE 250ML,0,0,60٫42,0,102,0,90,0,80,0,70,0,2024/03/25,,,,,,,,,,,,,,,3700066701701,ALBANE,0,,0,New Gold,LES IMPERIALE,250ML,,,68٫83,0,0,,1,نواقص,99999,,60٫42,,2024/03/25,,,,,,,,2024/03/25,,-1,,,,,ا/عبد الفتاح سمير عبد الفتاح,,,,0,40٫77,60٫42,2021/09/14,,60٫42,لا,102,90,80,70,0
1095,New Gold LES INDEMODABLES ALBANE NOBLE 250 ML,0,0,60٫42,0,102,0,90,0,80,0,70,0,2024/12/19,,,,,,,,,,,,,,,3700066701671,ALBANE NOBLE,0,,0,New Gold,LES INDEMODABLES,250 ML,,,68٫83,0,0,,1,نواقص,99999,,60٫42,,2023/05/08,,,,,,,,2023/05/08,,-1,,,,,ا/عبد الفتاح سمير عبد الفتاح,,,,0,40٫77,60٫42,2022/02/24,,60٫42,لا,102,90,80,70,0
1096,New Gold MAN IN BLUE CEDAR,0,0,36,0,98,0,80,0,65,0,50,0,2024/12/19,,,,,,,,,,,,,,,3700134404961,CEDAR,0,,0,New Gold,MAN IN BLUE,,,,172٫22,0,0,,1,نواقص,99999,,33,,2024/05/27,,,,,,,,2024/05/27,,-1,,,,,ا/عبد الفتاح سمير عبد الفتاح,,,,0,63٫27,33,2021/09/14,,36,لا,98,80,65,50,0
1097,New Gold MASCULINE KINGDOM REYANE TRADITION 85ML,0,0,300,0,600,0,550,0,500,0,400,0,2024/12/19,,,,,,,,,,,,,,,3700066738561,REYANE TRADITION,0,,0,New Gold,MASCULINE KINGDOM,85ML,,,100,0,0,,1,نواقص,99999,,300,,2023/10/12,,,,,,,,2023/01/09,,-1,,,,,ا/عبد الفتاح سمير عبد الفتاح,,,,0,50,300,2021/09/14,,300,لا,600,550,500,400,0
1098,New Gold MASCULINE KINGDOM REYANE TRADITION 250ML,0,0,60٫42,0,102,0,90,0,80,0,70,0,2023/05/08,,,,,,,,,,,,,,,3700066701640,REYANE TRADITION,0,,0,New Gold,MASCULINE KINGDOM,250ML,,,68٫83,0,0,,1,نواقص,99999,,60٫42,,2023/05/08,,,,,,,,2023/05/08,,-1,,,,,ا/عبد الفتاح سمير عبد الفتاح,,,,0,40٫77,60٫42,2021/09/14,,60٫42,لا,102,90,80,70,0
1099,New Gold Miss Fmj,0,0,120,0,285,0,250,0,180,0,150,0,2024/12/19,,,,,,,,,,,,,,,9705100255244,,0,,0,New Gold,Miss Fmj,,,,137٫5,0,0,,1,نواقص,99999,,120,,2023/10/12,,,,,,,,,,-1,,,,,رويال/ادره المخازن,,,,0,57٫89,120,2022/02/11,,120,لا,285,250,180,150,0
1100,New Gold OMNIX GRAY MAN,0,0,121,0,225,0,200,0,170,0,135,0,2023/07/20,,,,,,,,,,,,,,,3700134401205,GRAY,0,,0,New Gold,OMNIX,MAN,100 ML,,85٫95,0,0,,1,نواقص,99999,,121,,2023/07/21,,,,,,,,2023/07/20,,-1,,,,,ا/عبد الفتاح سمير عبد الفتاح,,,,0,46٫22,121,2021/09/14,,121,لا,225,200,170,135,0
1101,New Gold ONE MAN SHOW ORIGNAL 100ML,0,0,250,0,450,0,400,0,350,0,300,0,2024/01/31,,,,,,,,,,,,,,,3355991000230,ORIGNAL,0,,0,New Gold,ONE MAN SHOW,100ML,,,80,0,0,,1,نواقص,99999,,250,,2022/06/16,,,,,,,,,,-1,,,,,الاستاذ/عبد الفتاح سمير,,,,0,44٫44,250,2022/02/11,,250,لا,450,400,350,300,0
1102,New Gold OUD INTENSO REYANE 250ML,0,0,60٫42,0,102,0,90,0,80,0,70,0,2024/12/19,,,,,,,,,,,,,,,3700066701688,REYANE,0,,0,New Gold,OUD INTENSO,250ML,,,68٫83,0,0,,1,نواقص,99999,,60٫42,,2023/11/09,,,,,,,,2023/11/09,,-1,,,,,ا/عبد الفتاح سمير عبد الفتاح,,,,0,40٫77,60٫42,2021/09/14,,60٫42,لا,102,90,80,70,0
1103,New Gold Passport Blue,0,0,253٫49,0,450,0,400,0,350,0,300,0,2025/09/25,,,,,,,,,,,,,,,075015,Blue,0,,0,New Gold,Passport,,,,77٫52,0,0,,1,نواقص,99999,,250,,2025/09/26,,,,,,,,2025/09/25,,-1,,,,,ا/عبد الفتاح سمير عبد الفتاح,,,,0,43٫67,253٫49,2024/12/18,,253٫49,لا,450,400,350,300,0
1104,New Gold Passport Gold,0,0,253٫49,0,450,0,400,0,350,0,300,0,2025/08/15,,,,,,,,,,,,,,,3172584010250,Gold,0,,0,New Gold,Passport,,,,77٫52,0,0,,1,نواقص,99999,,250,,2025/08/15,,,,,,,,2025/08/15,,-1,,,,,ا/عبد الفتاح سمير عبد الفتاح,,,,0,43٫67,253٫49,2024/12/18,,253٫49,لا,450,400,350,300,0
1105,New Gold Pure Couture Karen Low,0,0,120,0,235,0,200,0,170,0,135,0,2025/02/24,,,,,,,,,,,,,,,3700134405456,Karen Low,0,,0,New Gold,Pure Couture,,,,95٫83,0,0,,1,نواقص,99999,,120,,2025/02/24,,,,,,,,2025/02/24,,-1,,,,,رويال/ادره المخازن,,,,0,48٫94,120,2022/02/11,,120,لا,235,200,170,135,0
1106,New Gold QUEEN FOR EVER REYANE TRADITION 85ML,0,0,285٫5,0,600,0,550,0,500,0,400,0,2023/07/13,,,,,,,,,,,,,,,3700066738585,REYANE TRADITION,0,,0,New Gold,QUEEN FOR EVER,85ML,,,110٫16,0,0,,1,نواقص,99999,,256٫5,,2023/07/13,,,,,,,,2023/07/13,,-1,,,,,الاستاذ/عبد الفتاح سمير,,,,0,52٫42,256٫5,2022/02/11,,285٫5,لا,600,550,500,400,0
1107,New Gold ROYALTY PARIS 100ML,0,0,149٫25,0,300,0,280,0,250,0,220,0,2023/06/17,,,,,,,,,,,,,,,3442151000121,100ML,0,,0,New Gold,ROYALTY PARIS,,,,101٫01,0,0,,1,---,99999,,149٫25,,2022/06/16,,,,,,,,2023/06/17,,-1,,,,,ا/عبد الفتاح سمير عبد الفتاح,,,,0,50٫25,149٫25,2021/09/14,,149٫25,لا,300,280,250,220,0
1108,New Gold Sppc Aviator 200 Ml,0,0,32٫5,0,58,0,50,0,45,0,37٫5,0,2024/12/19,,,,,,,,,,,,,,,3442152000014,Aviator,0,,0,New Gold,Sppc,200 Ml,,,78٫46,0,0,,1,نواقص,99999,,32٫5,,2023/12/14,,,,,,,,2023/12/14,,-1,,,,,ا/عبد الفتاح سمير عبد الفتاح,,,,0,43٫97,32٫5,2021/09/14,,32٫5,لا,58,50,45,37٫5,0
1109,New Gold Sppc Chairman 200 Ml,0,0,32٫5,0,58,0,50,0,45,0,37٫5,0,2024/12/19,,,,,,,,,,,,,,,3442152000045,Chairman,0,,0,New Gold,Sppc,200 Ml,,,78٫46,0,0,,1,نواقص,99999,,32٫5,,2023/10/12,,,,,,,,2023/05/21,,-1,,,,,ا/عبد الفتاح سمير عبد الفتاح,,,,0,43٫97,32٫5,2021/09/14,,32٫5,لا,58,50,45,37٫5,0
1110,New Gold Sppc Cyrus Writer Gold,0,0,32٫5,0,58,0,50,0,45,0,37٫5,0,2024/12/19,,,,,,,,,,,,,,,3442152001288,Cyrus,0,,0,New Gold,Sppc,Writer Gold,,,78٫46,0,0,,1,نواقص,99999,,32٫5,,2023/07/02,,,,,,,,2023/07/02,,-1,,,,,ا/عبد الفتاح سمير عبد الفتاح,,,,0,43٫97,32٫5,2021/09/14,,32٫5,لا,58,50,45,37٫5,0
1111,New Gold Sppc PREDILECTION 200ML,0,0,32٫5,0,58,0,50,0,45,0,37٫5,0,2024/12/19,,,,,,,,,,,,,,,3442152001301,PREDILECTION,0,,0,New Gold,Sppc,200ML,,,78٫46,0,0,,1,نواقص,99999,,32٫5,,2023/10/12,,,,,,,,2023/07/14,,-1,,,,,ا/عبد الفتاح سمير عبد الفتاح,,,,0,43٫97,32٫5,2021/09/14,,32٫5,لا,58,50,45,37٫5,0
1112,New Gold Sppc Writer 200 Ml,0,0,32٫5,0,58,0,50,0,45,0,37٫5,0,2024/12/19,,,,,,,,,,,,,,,3442152001271,Writer,0,,0,New Gold,Sppc,200 Ml,,,78٫46,0,0,,1,نواقص,1368,,32٫5,,2023/09/24,,,,,,,,2023/09/24,,-1,,,,,ا/عبد الفتاح سمير عبد الفتاح,,,,0,43٫97,32٫5,2021/09/14,,32٫5,لا,58,50,45,37٫5,0
1113,New Gold THOUGHTS IN GOLD FOR WOMAN 100ML,0,0,55٫6,0,150,0,130,0,120,0,100,0,2023/12/09,,,,,,,,,,,,,,,075003,FOR WOMAN,0,,0,New Gold,THOUGHTS IN GOLD,100ML,,,169٫78,0,0,,1,نواقص,99999,,55٫6,,2023/12/09,,,,,,,,2023/12/09,,-1,,,,,ا/عبد الفتاح سمير عبد الفتاح,,,,0,62٫93,55٫6,2021/09/14,,55٫6,لا,150,130,120,100,0
1114,New Gold UNFORGETTABLE PURE BLACK 100ML,0,0,120,0,282,0,250,0,220,0,190,0,2023/09/10,,,,,,,,,,,,,,,3700134410009,PURE BLACK,0,,0,New Gold,UNFORGETTABLE,100ML,,,135,0,0,,1,نواقص,99999,,120,,2023/05/12,,,,,,,,2023/09/10,,-1,,,,,ا/عبد الفتاح سمير عبد الفتاح,,,,0,57٫45,120,2021/09/14,,120,لا,282,250,220,190,0
1115,New Gold UNPREDICTABLE LADY GLENN PERRI 100ML,0,0,166٫75,0,340,0,300,0,250,0,220,0,2023/02/10,,,,,,,,,,,,,,,3700134404794,GLENN PERRI,0,,0,New Gold,UNPREDICTABLE LADY,100ML,,,103٫9,0,0,,1,نواقص,99999,,166٫75,,2023/02/11,,,,,,,,2023/02/10,,-1,,,,,ا/عبد الفتاح سمير عبد الفتاح,,,,0,50٫96,166٫75,2021/09/14,,166٫75,لا,340,300,250,220,0
1116,New Gold VICTORIUS LIVELYPARIS GEPARLYS SPRAY250,0,0,49٫53,0,88,0,75,0,70,0,60,0,2024/01/31,,,,,,,,,,,,,,,3700066738646,GEPARLYS,0,,0,New Gold,VICTORIUS LIVELYPARIS,SPRAY250,F,,77٫67,0,0,,1,نواقص,99999,,48,,2023/10/12,,,,,,,,2023/07/02,,-1,,,,,الاستاذ/عبد الفتاح سمير,,,,0,43٫71,48,2022/02/11,,49٫53,لا,88,75,70,60,0
1117,New Gold WHATS UP IS FUNNY 50ML,0,0,44٫38,0,100,0,80,0,70,0,60,0,2024/12/19,,,,,,,,,,,,,,,6223004021305,IS FUNNY,0,,0,New Gold,WHATS UP,50ML,,,125٫35,0,0,,1,نواقص,99999,,44٫5,,2023/10/12,,,,,,,,2022/12/12,,-1,,,,,رويال/ادره المخازن,,,,0,55٫63,44٫5,2022/02/09,,44٫38,لا,100,80,70,60,0
1118,New Gold XCHANGE KAREN LOW 100ML,0,0,80,0,160,0,140,0,120,0,100,0,2024/12/19,,,,,,,,,,,,,,,3700134401465,KAREN LOW,0,,0,New Gold,XCHANGE,100ML,,,100,0,0,,1,نواقص,99999,,80,,2023/10/12,,,,,,,,2023/03/11,,-1,,,,,ا/عبد الفتاح سمير عبد الفتاح,,,,0,50,80,2021/09/14,,80,لا,160,140,120,100,0
1119,New Gold YES I AM THE KING SPRAY 200 ML,0,0,32٫5,0,58,0,50,0,45,0,37٫5,0,2024/12/19,,,,,,,,,,,,,,,3700134410726,SPRAY,0,,0,New Gold,YES I AM THE KING,200 ML,,,78٫46,0,0,,1,نواقص,99999,,32٫5,,2023/09/13,,,,,,,,2023/10/09,,-1,,,,,ا/عبد الفتاح سمير عبد الفتاح,,,,0,43٫97,32٫5,2021/09/14,,32٫5,لا,58,50,45,37٫5,0
69,إجمالي -   New Gold,0,0,0,0,0,0,0,0,0,0,0,0,,0,0,0,0,0,0,0,0,0,0,0,0,0,0,,,0,0,0,,,,,,0,0,,,,,,,0,,,,,0,0,0,0,0,,,,,,,,,,,,,,0,,,0,,0,0,0,0,
,,,,,,,,,,,,,,,,,,,,,,,,,,,,,,,,,,,,,,,,,,,,,,,,,,,,,,,,,,,,,,,,,,,,,,,,,,,,,,,
,Nivea,,,,,,,,,,,,,,,,,,,,,,,,,,,,,,,,,Nivea,,,,,,,,,,,,,,,,,,,,,,,,,,,,,,,,,,,,,,,,,,,,,
1120,Nivea ROLL ON,0,0,20,0,30,0,28,0,26,0,25,0,2024/01/31,,,,,,,,,,,,,,,4005808881918,,0,,0,Nivea,ROLL ON,,,,50,0,0,,1,نواقص,99999,,20,,2022/06/16,,,,,,,,2022/04/30,,-1,,,,,رويال / اداره المخازن الاقصر,,,,0,33٫33,20,2022/02/24,,20,لا,30,28,26,25,0
1121,Nivea سوفت مرطب 20 جم,0,0,8,0,13,0,12,0,11,0,10,0,2022/02/19,,,,,,,,,,,,,,,42300199,20 جم,0,,0,Nivea,سوفت مرطب,,,,62٫5,0,0,,1,نواقص,99999,,8,,2022/02/19,,,,,,,,2022/02/19,,-1,,,,,رويال / اداره المخازن الاقصر,,,,0,38٫46,8,2021/11/24,,8,لا,13,12,11,10,0
1122,Nivea كريم جليسوليد مرطب 125 جم,0,0,22,0,30,0,28,0,27,0,25,0,2024/01/31,,,,,,,,,,,,,,,6223002050055,,0,,0,Nivea,كريم جليسوليد مرطب 125 جم,,,,36٫36,0,0,,1,نواقص,99999,,22,,2022/06/16,,,,,,,,2022/01/24,,-1,,,,,رويال / اداره المخازن الاقصر,,,,0,26٫67,22,2022/02/24,,22,لا,30,28,27,25,0
1123,Nivea كريم مرطب سوفت 200 مل,0,0,0,0,47,0,45,0,43,0,40,0,,,,,,,,,,,,,,,,4005900008442,,0,,0,Nivea,كريم مرطب سوفت 200 مل,,,,,0,0,,1,نواقص,99999,,0,,2021/07/14,,,,,,,,,,-1,,,,,,,,,0,,0,,,0,لا,47,45,43,40,0
1124,Nivea كريم نبفيا 60 مل,0,0,18,0,23,0,22,0,21,0,20,0,2022/01/24,,,,,,,,,,,,,,,42164104,,0,,0,Nivea,كريم نبفيا 60 مل,,,,27٫78,0,0,,1,نواقص,99999,,18,,2022/01/28,,,,,,,,2022/01/24,,-1,,,,,رويال / اداره المخازن الاقصر,,,,0,21٫74,18,2021/11/24,,18,لا,23,22,21,20,0
1125,Nivea كريم نيفيل 30 جم,0,0,0,0,14,0,13,0,12,0,10,0,,,,,,,,,,,,,,,,42246800,,0,,0,Nivea,كريم نيفيل 30 جم,,,,,0,0,,1,نواقص,99999,,0,,2021/07/14,,,,,,,,,,-1,,,,,,,,,0,,0,,,0,لا,14,13,12,10,0
1126,Nivea نيفيا سوفت تفتيح بشره 50 جم,0,0,12٫5,0,17,0,15,0,14,0,13٫5,0,2024/01/31,,,,,,,,,,,,,,,42300168,50 جم,0,,0,Nivea,نيفيا سوفت تفتيح بشره,,,,36,0,0,,1,نواقص,99999,,12٫5,,2022/06/16,,,,,,,,2021/12/05,,-1,,,,,رويال / اداره المخازن الاقصر,,,,0,26٫47,12٫5,2021/11/24,,12٫5,لا,17,15,14,13٫5,0
7,إجمالي -   Nivea,0,0,0,0,0,0,0,0,0,0,0,0,,0,0,0,0,0,0,0,0,0,0,0,0,0,0,,,0,0,0,,,,,,0,0,,,,,,,0,,,,,0,0,0,0,0,,,,,,,,,,,,,,0,,,0,,0,0,0,0,
,,,,,,,,,,,,,,,,,,,,,,,,,,,,,,,,,,,,,,,,,,,,,,,,,,,,,,,,,,,,,,,,,,,,,,,,,,,,,,,
,NIVEA,,,,,,,,,,,,,,,,,,,,,,,,,,,,,,,,,NIVEA,,,,,,,,,,,,,,,,,,,,,,,,,,,,,,,,,,,,,,,,,,,,,
1127,NIVEA BLACK & WHITE INVISIBLE,0,0,115,0,150,0,140,0,135,0,130,0,2024/10/01,,,,,,,,,,,,,,,4005900035653,INVISIBLE,0,,0,NIVEA,BLACK & WHITE,,,,30٫43,0,0,,1,نواقص,99999,,115,,2024/10/01,,,,,,,,2024/10/01,,-1,,,,,اسحق انور,,,,0,23٫33,115,2024/04/15,,115,لا,150,140,135,130,0
1128,NIVEA BLACK & WHITE SILKY SMOTH,0,0,115,0,150,0,140,0,135,0,130,0,2025/05/28,,,,,,,,,,,,,,,4005900540188,SILKY SMOTH,0,,0,NIVEA,BLACK & WHITE,,,,30٫43,0,0,,1,نواقص,99999,,115,,2024/10/19,,,,,,,,2025/05/28,,-1,,,,,اسحق انور,,,,0,23٫33,115,2024/04/15,,115,لا,150,140,135,130,0
1129,NIVEA BLACK WHITE ROLL-ON 48H,0,0,20,0,32,0,27,0,25,0,22,0,2021/12/02,,,,,,,,,,,,,,,4005900542571,ROLL-ON,0,,0,NIVEA,BLACK WHITE,48H,SILKY SMOOTH,,60,0,0,,1,---,99999,,20,,,,,,,,,,2021/12/02,,-1,,,,,رصيد اول المده,,,,0,37٫5,20,2021/08/29,,20,لا,32,27,25,22,0
1130,NIVEA BLACK WHITE INVISIBLE ROLL-ON 48H,0,0,20,0,32,0,27,0,25,0,22,0,2022/08/23,,,,,,,,,,,,,,,4005900188977,ROLL-ON,0,,0,NIVEA,BLACK WHITE INVISIBLE,48H,FRESH,,60,0,0,,1,---,99999,,20,,,,,,,,,,2022/01/06,,-1,,,,,رصيد اول المده,,,,0,37٫5,20,2021/08/29,,20,لا,32,27,25,22,0
1131,NIVEA DEEP BLACK CARBON ESPRESSO,0,0,115,0,150,0,140,0,135,0,130,0,2025/11/22,,,,,,,,,,,,,,,4005900640802,ESPRESSO,0,,0,NIVEA,DEEP BLACK CARBON,,,,30٫43,0,0,,1,نواقص,99999,,115,,2025/11/22,,,,,,,,2025/11/22,,-1,,,,,اسحق انور,,,,0,23٫33,115,2024/04/15,,115,لا,150,140,135,130,0
1132,NIVEA DRY COMFORT ROLL-ON 48H,0,0,20,0,32,0,27,0,25,0,22,0,2022/08/23,,,,,,,,,,,,,,,4005900554529,ROLL-ON,0,,0,NIVEA,DRY COMFORT,48H,,,60,0,0,,1,---,99999,,20,,,,,,,,,,,,-1,,,,,رصيد اول المده,,,,0,37٫5,20,2021/08/29,,20,لا,32,27,25,22,0
1133,NIVEA Dry Fresh Roll-on 48h,0,0,20,0,32,0,27,0,25,0,22,0,2022/01/02,,,,,,,,,,,,,,,4005900490124,Roll-on,0,,0,NIVEA,Dry Fresh,48h,,,60,0,0,,1,---,99999,,20,,,,,,,,,,2022/01/02,,-1,,,,,رصيد اول المده,,,,0,37٫5,20,2021/08/29,,20,لا,32,27,25,22,0
1134,NIVEA FRESH NATURAL ROLL-ON 48H,0,0,20,0,32,0,27,0,25,0,22,0,2021/12/11,,,,,,,,,,,,,,,4005900554437,ROLL-ON,0,,0,NIVEA,FRESH NATURAL,48H,,,60,0,0,,1,---,99999,,20,,,,,,,,,,2021/12/11,,-1,,,,,رصيد اول المده,,,,0,37٫5,20,2021/08/29,,20,لا,32,27,25,22,0
1135,NIVEA NATURAL FAIRNESS,0,0,115,0,150,0,140,0,135,0,130,0,2025/08/08,,,,,,,,,,,,,,,054001,,0,,0,NIVEA,NATURAL FAIRNESS,,,,30٫43,0,0,,1,نواقص,99999,,115,,2025/08/09,,,,,,,,2025/08/08,,-1,,,,,اسحق انور,,,,0,23٫33,115,2024/04/15,,115,لا,150,140,135,130,0
9,إجمالي -   NIVEA,0,0,0,0,0,0,0,0,0,0,0,0,,0,0,0,0,0,0,0,0,0,0,0,0,0,0,,,0,0,0,,,,,,0,0,,,,,,,0,,,,,0,0,0,0,0,,,,,,,,,,,,,,0,,,0,,0,0,0,0,
,,,,,,,,,,,,,,,,,,,,,,,,,,,,,,,,,,,,,,,,,,,,,,,,,,,,,,,,,,,,,,,,,,,,,,,,,,,,,,,
,OPAL,,,,,,,,,,,,,,,,,,,,,,,,,,,,,,,,,OPAL,,,,,,,,,,,,,,,,,,,,,,,,,,,,,,,,,,,,,,,,,,,,,
1136,OPAL HAIR CONDITIONING CREAM GARLIC,0,0,20٫48,0,40,0,35,0,30,0,25,0,2024/01/31,,,,,,,,,,,,,,,6223006662278,GARLIC,0,,0,OPAL,HAIR CONDITIONING CREAM,,,,95٫34,0,0,,1,---,99999,,20,,,,,,,,,,2022/06/30,,-1,,,,,معرض الوكيل للتجاره,,,,0,48٫81,20٫48,2022/03/23,,20٫48,لا,40,35,30,25,0
1137,OPAL HAIR CONDITIONING CREAM KERATIN,0,0,20٫48,0,40,0,35,0,30,0,25,0,2024/01/31,,,,,,,,,,,,,,,6223006662254,KERATIN,0,,0,OPAL,HAIR CONDITIONING CREAM,,,,95٫34,0,0,,1,---,99999,,20,,,,,,,,,,2022/08/01,,-1,,,,,معرض الوكيل للتجاره,,,,0,48٫81,20٫48,2022/03/23,,20٫48,لا,40,35,30,25,0
1138,OPAL HAIR CONDITIONING CREAM PROTEIN,0,0,20٫48,0,40,0,35,0,30,0,25,0,2022/05/29,,,,,,,,,,,,,,,6223006662261,PROTEIN,0,,0,OPAL,HAIR CONDITIONING CREAM,,,,95٫34,0,0,,1,---,99999,,20,,,,,,,,,,2022/05/29,,-1,,,,,معرض الوكيل للتجاره,,,,0,48٫81,20٫48,2022/03/23,,20٫48,لا,40,35,30,25,0
3,إجمالي -   OPAL,0,0,0,0,0,0,0,0,0,0,0,0,,0,0,0,0,0,0,0,0,0,0,0,0,0,0,,,0,0,0,,,,,,0,0,,,,,,,0,,,,,0,0,0,0,0,,,,,,,,,,,,,,0,,,0,,0,0,0,0,
,,,,,,,,,,,,,,,,,,,,,,,,,,,,,,,,,,,,,,,,,,,,,,,,,,,,,,,,,,,,,,,,,,,,,,,,,,,,,,,
,ORIFLAME,,,,,,,,,,,,,,,,,,,,,,,,,,,,,,,,,ORIFLAME,,,,,,,,,,,,,,,,,,,,,,,,,,,,,,,,,,,,,,,,,,,,,
1139,ORIFLAME DARE TO SHINE 50 ML,0,0,110,0,175,0,150,0,140,0,135,0,2024/01/31,,,,,,,,,,,,,,,068002,50 ML,0,,0,ORIFLAME,DARE TO SHINE,,,,59٫09,0,0,,1,---,99999,,110,,,,,,,,,,,,-1,,,,,رصيد اول المده,,,,0,37٫14,110,2021/08/01,,110,لا,175,150,140,135,0
1140,ORIFLAME ROLL-ON DEODORANT,0,0,20,0,40,0,35,0,30,0,25,0,2024/01/31,,,,,,,,,,,,,,,068001,DEODORANT,0,,0,ORIFLAME,ROLL-ON,,,,100,0,0,,1,---,99999,,20,,,,,,,,,,2022/03/19,,-1,,,,,رصيد اول المده,,,,0,50,20,2021/08/29,,20,لا,40,35,30,25,0
2,إجمالي -   ORIFLAME,0,0,0,0,0,0,0,0,0,0,0,0,,0,0,0,0,0,0,0,0,0,0,0,0,0,0,,,0,0,0,,,,,,0,0,,,,,,,0,,,,,0,0,0,0,0,,,,,,,,,,,,,,0,,,0,,0,0,0,0,
,,,,,,,,,,,,,,,,,,,,,,,,,,,,,,,,,,,,,,,,,,,,,,,,,,,,,,,,,,,,,,,,,,,,,,,,,,,,,,,
,ORIGINAL,,,,,,,,,,,,,,,,,,,,,,,,,,,,,,,,,ORIGINAL,,,,,,,,,,,,,,,,,,,,,,,,,,,,,,,,,,,,,,,,,,,,,
1141,ORIGINAL AMAZING BILL BLASS GRAY,0,0,77٫5,0,120,0,100,0,90,0,80,0,2022/07/26,,,,,,,,,,,,,,,827669023573,BILL BLASS,0,,0,ORIGINAL,AMAZING,GRAY,HIM,,54٫84,0,0,,1,نواقص,99999,,70,,2022/07/29,,,,,,,,2022/07/26,,-1,,,,,رصيد اول المده,,,,0,35٫42,70,2021/08/01,,77٫5,لا,120,100,90,80,0
1142,ORIGINAL AMAZING BILL BLASS PINK,0,0,70,0,120,0,100,0,90,0,80,0,2022/08/19,,,,,,,,,,,,,,,827669023597,BILL BLASS,0,,0,ORIGINAL,AMAZING,PINK,,,71٫43,0,0,,1,نواقص,99999,,70,,2022/08/19,,,,,,,,2022/08/19,,-1,,,,,رويال/ادره المخازن,,,,0,41٫67,70,2022/02/09,,70,لا,120,100,90,80,0
1143,ORIGINAL AMAZING BILL BLASS WHITE,0,0,70,0,120,0,100,0,90,0,80,0,2022/08/19,,,,,,,,,,,,,,,827669023566,BILL BLASS,0,,0,ORIGINAL,AMAZING,WHITE,,,71٫43,0,0,,1,نواقص,99999,,70,,2022/08/19,,,,,,,,2022/08/19,,-1,,,,,رويال/ادره المخازن,,,,0,41٫67,70,2022/02/09,,70,لا,120,100,90,80,0
1144,ORIGINAL CHAIRMAN,0,0,124٫8,0,222,0,200,0,175,0,155,0,2024/12/19,,,,,,,,,,,,,,,3442151006000,,0,,0,ORIGINAL,CHAIRMAN,,,,77٫88,0,0,,1,نواقص,99999,,121,,2023/10/12,,,,,,,,2022/11/30,,-1,,,,,ا/عبد الفتاح سمير عبد الفتاح,,,,0,43٫78,121,2021/09/14,,124٫8,لا,222,200,175,155,0
1145,ORIGINAL Cozy Season,0,0,200,0,360,0,340,0,320,0,300,0,2024/12/19,,,,,,,,,,,,,,,667557006284,,0,,0,ORIGINAL,Cozy Season,,,,80,0,0,,1,نواقص,99999,,200,,2023/10/12,,,,,,,,,,-1,,,,,مايكل ثروت / مايت سينما,,,,0,44٫44,200,2023/08/10,,200,لا,360,340,320,300,0
1146,ORIGINAL DAHLIA,0,0,60,0,110,0,105,0,100,0,95,0,2023/08/22,,,,,,,,,,,,,,,667553393432,,0,,0,ORIGINAL,DAHLIA,,,,83٫33,0,0,,1,نواقص,99999,,60,,2023/08/23,,,,,,,,2023/08/22,,-1,,,,,مايكل ثروت / مايت سينما,,,,0,45٫45,60,2023/08/10,,60,لا,110,105,100,95,0
1147,ORIGINAL ELIXIR,0,0,100,0,400,0,350,0,300,0,250,0,2023/08/17,,,,,,,,,,,,,,,373610079804,,0,,0,ORIGINAL,ELIXIR,,,,300,0,0,,1,نواقص,99999,,100,,2023/08/18,,,,,,,,2023/08/17,,-1,,,,,مايكل ثروت / مايت سينما,,,,0,75,100,2023/08/10,,100,لا,400,350,300,250,0
1148,ORIGINAL EXCITING 100ML,0,0,360,0,550,0,475,0,425,0,400,0,2023/11/30,,,,,,,,,,,,,,,3760060760708,100ML,0,,0,ORIGINAL,EXCITING,,,,52٫78,0,0,,1,نواقص,99999,,360,,2023/11/30,,,,,,,,2023/11/30,,-1,,,,,رصيد اول المده,,,,0,34٫55,360,2021/08/01,,360,لا,550,475,425,400,0
1149,ORIGINAL FEMFRESH GENTEL FORMULA,0,0,100,0,180,0,170,0,160,0,150,0,2023/12/28,,,,,,,,,,,,,,,5000167002126,GENTEL FORMULA,0,,0,ORIGINAL,FEMFRESH,,,,80,0,0,,1,نواقص,99999,,100,,2023/12/30,,,,,,,,2023/12/28,,-1,,,,,مايكل ثروت / مايت سينما,,,,0,44٫44,100,2023/08/10,,100,لا,180,170,160,150,0
1150,ORIGINAL FLAMINGO,0,0,70,0,110,0,105,0,100,0,95,0,2023/10/11,,,,,,,,,,,,,,,039009,,0,,0,ORIGINAL,FLAMINGO,,,,57٫14,0,0,,1,نواقص,99999,,70,,2023/10/11,,,,,,,,2023/10/11,,-1,,,,,مايكل ثروت / مايت سينما,,,,0,36٫36,70,2023/08/10,,70,لا,110,105,100,95,0
1151,ORIGINAL GEPARLYS MY PRECIOUS,0,0,127٫7,0,280,0,240,0,225,0,200,0,2024/12/19,,,,,,,,,,,,,,,3700134410672,MY PRECIOUS,0,,0,ORIGINAL,GEPARLYS,,,,119٫26,0,0,,1,نواقص,99999,,122,,2023/12/25,,,,,,,,2023/12/25,,-1,,,,,الاستاذ/عبد الفتاح سمير,,,,0,54٫39,122,2022/02/11,,127٫7,لا,280,240,225,200,0
1152,ORIGINAL GEPARLYS UNPREDICTABLE IMPARFAIT,0,0,180,0,281,0,240,0,225,0,200,0,2023/12/24,,,,,,,,,,,,,,,3700134410849,UNPREDICTABLE,0,,0,ORIGINAL,GEPARLYS,IMPARFAIT,,,56٫11,0,0,,1,نواقص,99999,,180,,2023/12/24,,,,,,,,2023/12/24,,-1,,,,,رويال/ادره المخازن,,,,0,35٫94,180,2022/02/09,,180,لا,281,240,225,200,0
1153,ORIGINAL GEPARLYS XCHANGE UNLIMITED,0,0,113,0,192,0,165,0,150,0,135,0,2024/12/19,,,,,,,,,,,,,,,3700134405005,XCHANGE,0,,0,ORIGINAL,GEPARLYS,UNLIMITED,,,69٫91,0,0,,1,نواقص,99999,,113,,2023/01/09,,,,,,,,2023/01/09,,-1,,,,,رويال/ادره المخازن,,,,0,41٫15,113,2022/02/09,,113,لا,192,165,150,135,0
1154,ORIGINAL GEPARLYS YES IAM THE KING,0,0,290,0,445,0,400,0,350,0,325,0,2023/05/04,,,,,,,,,,,,,,,3700134409829,YES IAM THE KING,0,,0,ORIGINAL,GEPARLYS,,,,53٫45,0,0,,1,---,99999,,290,,,,,,,,,,2023/05/04,,-1,,,,,رصيد اول المده,,,,0,34٫83,290,2021/08/01,,290,لا,445,400,350,325,0
1155,ORIGINAL GEPARLYS YES IAM THE KING 200 ML,0,0,125,0,195,0,165,0,150,0,138,0,2023/06/18,,,,,,,,,,,,,,,3700134410979,YES IAM THE KING,0,,0,ORIGINAL,GEPARLYS,200 ML,,,56,0,0,,1,نواقص,99999,,125,,2023/06/18,,,,,,,,2023/06/18,,-1,,,,,رويال/ادره المخازن,,,,0,35٫9,125,2022/02/09,,125,لا,195,165,150,138,0
1156,ORIGINAL GEPARLYS YES IAM THE KING LE PARFUME,0,0,315,0,445,0,400,0,350,0,325,0,2024/12/19,,,,,,,,,,,,,,,3700134410542,YES IAM THE KING,0,,0,ORIGINAL,GEPARLYS,LE PARFUME,100 ML,,41٫27,0,0,,1,---,99999,,315,,,,,,,,,,2022/10/13,,-1,,,,,رويال/ادره المخازن,,,,0,29٫21,315,2022/02/09,,315,لا,445,400,350,325,0
1157,ORIGINAL Glycolic-bright L'oreal,0,0,150,0,285,0,250,0,220,0,200,0,2024/02/21,,,,,,,,,,,,,,,3600524051037,L'oreal,0,,0,ORIGINAL,Glycolic-bright,,,,90,0,0,,1,نواقص,99999,,150,,2024/02/21,,,,,,,,2024/02/21,,-1,,,,,مايكل ثروت / مايت سينما,,,,0,47٫37,150,2023/08/10,,150,لا,285,250,220,200,0
1158,ORIGINAL Ivory Cashmere,0,0,200,0,360,0,345,0,330,0,300,0,2023/08/17,,,,,,,,,,,,,,,667556797343,,0,,0,ORIGINAL,Ivory Cashmere,,,,80,0,0,,1,نواقص,99999,,200,,2023/08/18,,,,,,,,2023/08/17,,-1,,,,,مايكل ثروت / مايت سينما,,,,0,44٫44,200,2023/08/10,,200,لا,360,345,330,300,0
1159,ORIGINAL LIVELY 1780ML,0,0,167٫5,0,275,0,250,0,225,0,190,0,2022/01/24,,,,,,,,,,,,,,,697051001348,1780ML,0,,0,ORIGINAL,LIVELY,,,,64٫18,0,0,,1,نواقص,99999,,170,,2022/01/26,,,,,,,,2022/01/24,,-1,,,,,رصيد اول المده,,,,0,39٫09,170,2021/08/01,,167٫5,لا,275,250,225,190,0
1160,ORIGINAL LIVELY PARIS CANADA GEPARLYS SPRAY250,0,0,49٫88,0,88,0,75,0,70,0,60,0,2024/12/19,,,,,,,,,,,,,,,3700066713254,GEPARLYS,0,,0,ORIGINAL,LIVELY PARIS CANADA,SPRAY250,F,,76٫43,0,0,,1,نواقص,99999,,48,,2023/10/12,,,,,,,,2023/08/24,,-1,,,,,الاستاذ/عبد الفتاح سمير,,,,0,43٫32,48,2022/02/11,,49٫88,لا,88,75,70,60,0
1161,ORIGINAL NERO CARRERA DEODORANT,0,0,50,0,70,0,65,0,60,0,55,0,2024/12/19,,,,,,,,,,,,,,,8276690207124,CARRERA,0,,0,ORIGINAL,NERO,DEODORANT,M,,40,0,0,,1,نواقص,99999,,50,,2021/07/14,,,,,,,,2022/05/01,,-1,,,,,رويال/ادره المخازن,,,,0,28٫57,50,2022/02/09,,50,لا,70,65,60,55,0
1162,ORIGINAL NISSAN OUDY,0,0,114,0,230,0,200,0,175,0,140,0,2024/12/19,,,,,,,,,,,,,,,8585030071142,OUDY,0,,0,ORIGINAL,NISSAN,,,,101٫75,0,0,,1,نواقص,99999,,110,,2023/05/24,,,,,,,,2023/08/19,,-1,,,,,ا/عبد الفتاح سمير عبد الفتاح,,,,0,50٫43,110,2021/09/14,,114,لا,230,200,175,140,0
1163,ORIGINAL ONE MAND SHOW OND EDITION 100ML,0,0,425٫5,0,620,0,580,0,550,0,500,0,2024/12/19,,,,,,,,,,,,,,,3355991004757,100ML,0,,0,ORIGINAL,ONE MAND SHOW OND EDITION,,,,45٫71,0,0,,1,نواقص,99999,,413٫25,,2022/06/18,,,,,,,,,,-1,,,,,ا/عبد الفتاح سمير عبد الفتاح,,,,0,31٫37,413٫25,2021/09/14,,425٫5,لا,620,580,550,500,0
1164,ORIGINAL OUD ASHWOOD,0,0,140,0,215,0,185,0,165,0,150,0,2023/03/09,,,,,,,,,,,,,,,3401013009177,,0,,0,ORIGINAL,OUD ASHWOOD,,,,53٫57,0,0,,1,نواقص,99999,,140,,2023/03/11,,,,,,,,2023/03/09,,-1,,,,,رويال/ادره المخازن,,,,0,34٫88,140,2022/02/09,,140,لا,215,185,165,150,0
1165,ORIGINAL PINK CHIFFON BODY WORKS,0,0,60,0,110,0,105,0,100,0,95,0,2023/09/07,,,,,,,,,,,,,,,667532627572,BODY WORKS,0,,0,ORIGINAL,PINK CHIFFON,,,,83٫33,0,0,,1,نواقص,99999,,60,,2023/09/05,,,,,,,,2023/09/07,,-1,,,,,مايكل ثروت / مايت سينما,,,,0,45٫45,60,2023/08/10,,60,لا,110,105,100,95,0
1166,ORIGINAL PUMPKIN LATTE,0,0,200,0,300,0,285,0,270,0,250,0,2024/12/19,,,,,,,,,,,,,,,667556683165,,0,,0,ORIGINAL,PUMPKIN LATTE,,,,50,0,0,,1,نواقص,99999,,200,,2023/11/02,,,,,,,,,,-1,,,,,مايكل ثروت / مايت سينما,,,,0,33٫33,200,2023/08/10,,200,لا,300,285,270,250,0
1167,ORIGINAL REYAN TRADITION ONE NIGHT IN PARIS GEPARLYS SPRAY250,0,0,52٫08,0,88,0,75,0,70,0,60,0,2024/12/19,,,,,,,,,,,,,,,3700066738622,GEPARLYS,0,,0,ORIGINAL,REYAN TRADITION ONE NIGHT IN PARIS,SPRAY250,M,,68٫98,0,0,,1,نواقص,99999,,52,,2023/10/12,,,,,,,,2022/12/04,,-1,,,,,رويال/ادره المخازن,,,,0,40٫82,52,2022/02/09,,52٫08,لا,88,75,70,60,0
1168,ORIGINAL SPEED CARRERA DEODORANT SPRAY,0,0,29٫55,0,70,0,65,0,60,0,55,0,2024/12/19,,,,,,,,,,,,,,,8276690129143,CARRERA,0,,0,ORIGINAL,SPEED,DEODORANT SPRAY,M,,136٫92,0,0,,1,نواقص,99999,,22٫5,,2023/10/23,,,,,,,,2024/06/08,,-1,,,,,الاستاذ/عبد الفتاح سمير,,,,0,57٫79,22٫5,2022/02/11,,29٫55,لا,70,65,60,55,0
1169,ORIGINAL SPORT CARRERA DEODORANT SPRAY,0,0,28٫98,0,70,0,65,0,60,0,55,0,2024/12/19,,,,,,,,,,,,,,,8276690137131,CARRERA,0,,0,ORIGINAL,SPORT,DEODORANT SPRAY,M,,141٫58,0,0,,1,نواقص,99999,,22٫5,,2023/11/04,,,,,,,,2023/11/04,,-1,,,,,رويال/ادره المخازن,,,,0,58٫61,22٫5,2022/02/11,,28٫98,لا,70,65,60,55,0
1170,ORIGINAL STRONGER WITH YOU 100 ML,0,0,456٫92,0,900,0,800,0,700,0,600,0,2025/08/10,,,,,,,,,,,,,,,3614272225718,100 ML,0,,0,ORIGINAL,STRONGER WITH YOU,,,,96٫97,0,0,عطور,1,---,99999,\us\134\pid\5339\f133989622661979382117.png,450,,,,,,,,,,,Online,-1,,15,#PARFUME ,"برفانات, سترونجر, ارماني",ا/عبد الفتاح سمير عبد الفتاح,,,,0,49٫23,456٫92,2025/08/03,STRONGER WITH YOU,456٫92,لا,900,800,700,600,2
1171,ORIGINAL SUN,0,0,100,0,400,0,350,0,300,0,250,0,2025/11/20,,,,,,,,,,,,,,,3516640511327,,0,,0,ORIGINAL,SUN,,,,300,0,0,,1,نواقص,99999,,100,,2025/11/21,,,,,,,,2025/11/20,,-1,,,,,مايكل ثروت / مايت سينما,,,,0,75,100,2023/08/10,,100,لا,400,350,300,250,0
1172,ORIGINAL Twisted Peppermint,0,0,200,0,360,0,340,0,320,0,300,0,2024/03/08,,,,,,,,,,,,,,,667555497756,,0,,0,ORIGINAL,Twisted Peppermint,,,,80,0,0,,1,نواقص,99999,,200,,2024/03/08,,,,,,,,2024/03/08,,-1,,,,,مايكل ثروت / مايت سينما,,,,0,44٫44,200,2023/08/10,,200,لا,360,340,320,300,0
1173,ORIGINAL U D V ULRIC DE VARENS 100ML,0,0,135,0,190,0,180,0,160,0,150,0,2024/12/19,,,,,,,,,,,,,,,3326240816698,100ML,0,,0,ORIGINAL,U D V ULRIC DE VARENS,,,,40٫74,0,0,,1,نواقص,99999,,135,,2023/04/15,,,,,,,,2023/04/15,,-1,,,,,رويال/ادره المخازن,,,,0,28٫95,135,2022/02/09,,135,لا,190,180,160,150,0
1174,ORIGINAL VARENS D'ORIENT,0,0,135,0,250,0,220,0,180,0,160,0,2024/06/13,,,,,,,,,,,,,,,3326240045821,,0,,0,ORIGINAL,VARENS D'ORIENT,,,,85٫19,0,0,,1,نواقص,99999,,135,,2024/06/13,,,,,,,,2024/06/13,,-1,,,,,رويال / اداره المخازن الاقصر,,,,0,46,135,2021/05/13,,135,لا,250,220,180,160,0
1175,ORIGINAL Victoria Secret Glam Angel,0,0,200,0,320,0,300,0,280,0,260,0,2023/08/12,,,,,,,,,,,,,,,667546353375,Glam Angel,0,,0,ORIGINAL,Victoria Secret,,,,60,0,0,,1,نواقص,99999,,200,,2023/08/14,,,,,,,,2023/08/12,,-1,,,,,مايكل ثروت / مايت سينما,,,,0,37٫5,200,2023/08/10,,200,لا,320,300,280,260,0
1176,ORIGINAL اسد ASAD Lattafa 100 ML,0,0,456٫92,0,900,0,800,0,700,0,600,0,2025/08/10,,,,,,,,,,,,,,,6291108735411,Lattafa,0,,0,ORIGINAL,اسد ASAD,100 ML,,,96٫97,0,0,عطور,1,---,99999,\us\134\pid\5337\f133989617619349602114.png,450,,,,,,,,,,2025/08/03,Online,-1,2025/08/31,20,#ASAD ,"برفان, عطور, رويال",ا/عبد الفتاح سمير عبد الفتاح,,,,0,49٫23,456٫92,2025/08/03,ASAD,456٫92,لا,900,800,700,600,2
36,إجمالي -   ORIGINAL,0,0,0,0,0,0,0,0,0,0,0,0,,0,0,0,0,0,0,0,0,0,0,0,0,0,0,,,0,0,0,,,,,,0,0,,,,,,,0,,,,,0,0,0,0,0,,,,,,,,,,,,,,0,,,0,,0,0,0,0,
,,,,,,,,,,,,,,,,,,,,,,,,,,,,,,,,,,,,,,,,,,,,,,,,,,,,,,,,,,,,,,,,,,,,,,,,,,,,,,,
,Palette,,,,,,,,,,,,,,,,,,,,,,,,,,,,,,,,,Palette,,,,,,,,,,,,,,,,,,,,,,,,,,,,,,,,,,,,,,,,,,,,,
1177,Palette 3-65 صبغه,0,0,30,0,40,0,38,0,37,0,36,0,2024/12/19,,,,,,,,,,,,,,,3838824239682,,0,,0,Palette,3-65 صبغه,,,,33٫33,0,0,,1,نواقص,99999,,30,,2022/06/18,,,,,,,,,,-1,,,,,رويال/ادره المخازن,,,,0,25,30,2022/02/09,,30,لا,40,38,37,36,0
1178,Palette 9-0,0,0,30,0,40,0,38,0,37,0,36,0,2024/12/19,,,,,,,,,,,,,,,3838824127965,,0,,0,Palette,9-0,,,,33٫33,0,0,,1,نواقص,99999,,30,,2022/12/17,,,,,,,,2023/03/08,,-1,,,,,رويال/ادره المخازن,,,,0,25,30,2022/02/09,,30,لا,40,38,37,36,0
1179,Palette 9-65,0,0,30,0,40,0,38,0,37,0,36,0,2022/05/19,,,,,,,,,,,,,,,3838824358574,,0,,0,Palette,9-65,,,,33٫33,0,0,,1,نواقص,99999,,30,,2022/05/19,,,,,,,,2022/05/19,,-1,,,,,رويال/ادره المخازن,,,,0,25,30,2022/02/09,,30,لا,40,38,37,36,0
1180,Palette 10-1,0,0,30,0,40,0,38,0,37,0,36,0,2024/12/19,,,,,,,,,,,,,,,3838824127804,,0,,0,Palette,10-1,,,,33٫33,0,0,,1,نواقص,99999,,30,,2023/07/08,,,,,,,,2023/02/10,,-1,,,,,رويال/ادره المخازن,,,,0,25,30,2022/02/09,,30,لا,40,38,37,36,0
1181,Palette صبغه رقم 7,0,0,27٫5,0,40,0,38,0,35,0,32,0,2021/12/16,,,,,,,,,,,,,,,080001,,0,,0,Palette,صبغه رقم 7,,,,45٫45,0,0,,1,---,99999,,27٫5,,,,,,,,,,2021/12/16,,-1,,,,,رويال/ادره المخازن,,,,0,31٫25,27٫5,2021/12/16,,27٫5,لا,40,38,35,32,0
1182,Palette مشكل,0,0,40,0,60,0,55,0,50,0,45,0,2023/07/08,,,,,,,,,,,,,,,080002,,0,,0,Palette,مشكل,,,,50,0,0,,1,نواقص,99999,,40,,2023/06/18,,,,,,,,2023/07/08,,-1,,,,,جميل ساويروس,,,,0,33٫33,40,2022/12/20,,40,لا,60,55,50,45,0
6,إجمالي -   Palette,0,0,0,0,0,0,0,0,0,0,0,0,,0,0,0,0,0,0,0,0,0,0,0,0,0,0,,,0,0,0,,,,,,0,0,,,,,,,0,,,,,0,0,0,0,0,,,,,,,,,,,,,,0,,,0,,0,0,0,0,
,,,,,,,,,,,,,,,,,,,,,,,,,,,,,,,,,,,,,,,,,,,,,,,,,,,,,,,,,,,,,,,,,,,,,,,,,,,,,,,
,PALMER'S,,,,,,,,,,,,,,,,,,,,,,,,,,,,,,,,,PALMER'S,,,,,,,,,,,,,,,,,,,,,,,,,,,,,,,,,,,,,,,,,,,,,
1183,PALMER'S كريم بالمرز مغذي للشعر,0,0,0,0,35,0,33,0,30,0,26,0,,,,,,,,,,,,,,,,01018106622,,0,,0,PALMER'S,كريم بالمرز مغذي للشعر,,,,,0,0,,1,نواقص,99999,,0,,2021/07/14,,,,,,,,,,-1,,,,,,,,,0,,0,,,0,لا,35,33,30,26,0
1184,PALMER'S كريم بالمرز مغذي للشعر Hair Dress,0,0,25,0,50,0,45,0,40,0,35,0,2023/12/26,,,,,,,,,,,,,,,010181025020,Hair Dress,0,,0,PALMER'S,كريم بالمرز مغذي للشعر,,,,100,0,0,,1,نواقص,99999,,25,,2023/12/28,,,,,,,,2023/12/26,,-1,,,,,مايكل ثروت / مايت سينما,,,,0,50,25,2023/08/10,,25,لا,50,45,40,35,0
2,إجمالي -   PALMER'S,0,0,0,0,0,0,0,0,0,0,0,0,,0,0,0,0,0,0,0,0,0,0,0,0,0,0,,,0,0,0,,,,,,0,0,,,,,,,0,,,,,0,0,0,0,0,,,,,,,,,,,,,,0,,,0,,0,0,0,0,
,,,,,,,,,,,,,,,,,,,,,,,,,,,,,,,,,,,,,,,,,,,,,,,,,,,,,,,,,,,,,,,,,,,,,,,,,,,,,,,
,PANTENE,,,,,,,,,,,,,,,,,,,,,,,,,,,,,,,,,PANTENE,,,,,,,,,,,,,,,,,,,,,,,,,,,,,,,,,,,,,,,,,,,,,
1185,PANTENE SHAMPO 200 ML ANTI FALL,0,0,86,0,100,0,97,0,93,0,90,0,2025/07/05,,,,,,,,,,,,,,,5410076651948,200 ML,0,,0,PANTENE,SHAMPO,ANTI FALL,,,16٫28,0,0,,1,نواقص,99999,,86,,2025/07/05,,,,,,,,2025/07/05,,-1,,,,,اسحق انور,,,,0,14,86,2024/04/15,,86,لا,100,97,93,90,0
1,إجمالي -   PANTENE,0,0,0,0,0,0,0,0,0,0,0,0,,0,0,0,0,0,0,0,0,0,0,0,0,0,0,,,0,0,0,,,,,,0,0,,,,,,,0,,,,,0,0,0,0,0,,,,,,,,,,,,,,0,,,0,,0,0,0,0,
,,,,,,,,,,,,,,,,,,,,,,,,,,,,,,,,,,,,,,,,,,,,,,,,,,,,,,,,,,,,,,,,,,,,,,,,,,,,,,,
,PARFUM,,,,,,,,,,,,,,,,,,,,,,,,,,,,,,,,,PARFUM,,,,,,,,,,,,,,,,,,,,,,,,,,,,,,,,,,,,,,,,,,,,,
1186,PARFUM CALEGEND CHRIS ADAMS,0,0,115,0,200,0,175,0,150,0,125,0,2023/08/13,,,,,,,,,,,,,,,6291100174911,CHRIS ADAMS,0,,0,PARFUM,CALEGEND,,,,73٫91,0,0,,1,---,99999,,115,,,,,,,,,,2023/08/13,,-1,,,,,رصيد اول المده,,,,0,42٫5,115,2021/08/01,,115,لا,200,175,150,125,0
1187,PARFUM FLORA GREEN,0,0,35,0,65,0,55,0,45,0,40,0,2024/12/19,,,,,,,,,,,,,,,6223004029998,GREEN,0,,0,PARFUM,FLORA,,,,85٫71,0,0,,1,نواقص,99999,,35,,2023/10/12,,,,,,,,2022/12/06,,-1,,,,,رويال/ادره المخازن,,,,0,46٫15,35,2022/02/09,,35,لا,65,55,45,40,0
1188,PARFUM FLORA PINK,0,0,36,0,65,0,55,0,45,0,40,0,2024/12/19,,,,,,,,,,,,,,,6290020183140,PINK,0,,0,PARFUM,FLORA,,,,80٫56,0,0,,1,نواقص,99999,,36,,2022/06/18,,,,,,,,2021/11/23,,-1,,,,,رويال/ادره المخازن,,,,0,44٫62,36,2022/02/09,,36,لا,65,55,45,40,0
1189,PARFUM GLIGHT PRIVE POUR FEMME,0,0,137٫5,0,250,0,200,0,175,0,150,0,2024/12/19,,,,,,,,,,,,,,,6291103662958,PRIVE,0,,0,PARFUM,GLIGHT,POUR FEMME,,,81٫82,0,0,,1,نواقص,99999,,140,,2023/10/12,,,,,,,,,,-1,,,,,رويال/ادره المخازن,,,,0,45,140,2022/02/11,,137٫5,لا,250,200,175,150,0
1190,PARFUM HOTLINE LOVE MUSIC,0,0,20,0,36,0,30,0,25,0,22,0,2021/11/29,,,,,,,,,,,,,,,622300402773,LOVE MUSIC,0,,0,PARFUM,HOTLINE,,,,80,0,0,,1,---,99999,,20,,,,,,,,,,2021/11/29,,-1,,,,,رصيد اول المده,,,,0,44٫44,20,2021/08/29,,20,لا,36,30,25,22,0
1191,PARFUM MAN IN BLUE GREY,0,0,35٫71,0,98,0,80,0,65,0,50,0,2024/12/19,,,,,,,,,,,,,,,3700134404596,GREY,0,,0,PARFUM,MAN IN BLUE,,,,174٫4,0,0,,1,نواقص,99999,,33,,2023/10/12,,,,,,,,2023/05/12,,-1,,,,,ا/عبد الفتاح سمير عبد الفتاح,,,,0,63٫56,33,2021/09/14,,35٫71,لا,98,80,65,50,0
1192,PARFUM MYSTIC BLUE,0,0,56,0,115,0,100,0,80,0,75,0,2024/12/19,,,,,,,,,,,,,,,3700107203157,BLUE,0,,0,PARFUM,MYSTIC,,,,105٫36,0,0,,1,نواقص,99999,,50,,2022/06/18,,,,,,,,2022/07/04,,-1,,,,,الاستاذ/عبد الفتاح سمير,,,,0,51٫3,50,2022/02/11,,56,لا,115,100,80,75,0
1193,PARFUM MYSTIC BLUEVIOLET,0,0,56,0,115,0,100,0,80,0,75,0,2024/12/19,,,,,,,,,,,,,,,3700108350225,BLUEVIOLET,0,,0,PARFUM,MYSTIC,,,,105٫36,0,0,,1,نواقص,99999,,50,,2023/10/12,,,,,,,,2022/08/17,,-1,,,,,الاستاذ/عبد الفتاح سمير,,,,0,51٫3,50,2022/02/11,,56,لا,115,100,80,75,0
1194,PARFUM MYSTIC fuchsia,0,0,56,0,115,0,100,0,90,0,75,0,2023/08/04,,,,,,,,,,,,,,,3700108350218,fuchsia,0,,0,PARFUM,MYSTIC,,,,105٫36,0,0,,1,نواقص,99999,,50,,2023/03/31,,,,,,,,2023/08/04,,-1,,,,,الاستاذ/عبد الفتاح سمير,,,,0,51٫3,50,2022/02/11,,56,لا,115,100,90,75,0
1195,PARFUM MYSTIC RED,0,0,56,0,115,0,100,0,80,0,75,0,2023/09/23,,,,,,,,,,,,,,,3700108351352,RED,0,,0,PARFUM,MYSTIC,,,,105٫36,0,0,,1,نواقص,99999,,50,,2023/04/16,,,,,,,,2023/09/23,,-1,,,,,الاستاذ/عبد الفتاح سمير,,,,0,51٫3,50,2022/02/11,,56,لا,115,100,80,75,0
1196,PARFUM NINA,0,0,32٫44,0,55,0,50,0,45,0,40,0,2024/12/19,,,,,,,,,,,,,,,6223004020278,,0,,0,PARFUM,NINA,,,,69٫52,0,0,,1,نواقص,99999,,32,,2023/02/14,,,,,,,,2023/02/14,,-1,,,,,رويال/ادره المخازن,,,,0,41٫01,32,2022/02/09,,32٫44,لا,55,50,45,40,0
1197,PARFUM Party Fantasy New Gold,0,0,33٫31,0,55,0,50,0,45,0,40,0,2024/12/19,,,,,,,,,,,,,,,6223004020254,New Gold,0,,0,PARFUM,Party Fantasy,,,,65٫13,0,0,,1,نواقص,99999,,36,,2023/10/12,,,,,,,,2022/03/23,,-1,,,,,رويال/ادره المخازن,,,,0,39٫44,36,2022/02/11,,33٫31,لا,55,50,45,40,0
1198,PARFUM PASSPORT BLUE,0,0,80,0,135,0,110,0,100,0,95,0,2024/12/19,,,,,,,,,,,,,,,3197858452253,BLUE,0,,0,PARFUM,PASSPORT,,,,68٫75,0,0,,1,نواقص,99999,,80,,2023/01/01,,,,,,,,2022/12/31,,-1,,,,,رويال/ادره المخازن,,,,0,40٫74,80,2022/02/09,,80,لا,135,110,100,95,0
1199,PARFUM Sensual,0,0,40,0,80,0,70,0,60,0,55,0,2022/10/20,,,,,,,,,,,,,,,9241467925555,,0,,0,PARFUM,Sensual,,,,100,0,0,,1,نواقص,99999,,40,,2022/10/21,,,,,,,,2022/10/20,,-1,,,,,رويال/ادره المخازن,,,,0,50,40,2022/02/11,,40,لا,80,70,60,55,0
1200,PARFUM SI BLACK WOMEN 100 ML,0,0,50,0,100,0,80,0,75,0,60,0,2024/12/19,,,,,,,,,,,,,,,024007,WOMEN,0,,0,PARFUM,SI BLACK,100 ML,,,100,0,0,,1,نواقص,99999,,50,,2022/03/07,,,,,,,,2023/11/14,,-1,,,,,ا/عبد الفتاح سمير عبد الفتاح,,,,0,50,50,2021/09/14,,50,لا,100,80,75,60,0
1201,PARFUM SOUVAG MAN 100 ML,0,0,46,0,100,0,80,0,75,0,60,0,2024/12/19,,,,,,,,,,,,,,,024006,MAN,0,,0,PARFUM,SOUVAG,100 ML,,,117٫39,0,0,,1,نواقص,99999,,45,,2023/10/12,,,,,,,,2023/03/08,,-1,,,,,الاستاذ/عبد الفتاح سمير,,,,0,54,45,2022/02/11,,46,لا,100,80,75,60,0
1202,PARFUM Tender Rich,0,0,100,0,200,0,190,0,180,0,160,0,2023/06/05,,,,,,,,,,,,,,,3551440437033,,0,,0,PARFUM,Tender Rich,,,,100,0,0,,1,نواقص,99999,,100,,2023/06/07,,,,,,,,2023/06/05,,-1,,,,,رويال / اداره المخازن الاقصر,,,,0,50,100,2021/05/13,,100,لا,200,190,180,160,0
1203,PARFUM THOUGHTS DARKAR,0,0,50,0,95,0,80,0,75,0,67,0,2024/12/19,,,,,,,,,,,,,,,024002,DARKAR,0,,0,PARFUM,THOUGHTS,,,,90,0,0,,1,---,99999,,50,,,,,,,,,,,,-1,,,,,رصيد اول المده,,,,0,47٫37,50,2021/08/01,,50,لا,95,80,75,67,0
1204,PARFUM WHAT'S UP IS CLUBBER,0,0,44٫35,0,100,0,85,0,70,0,60,0,2022/09/02,,,,,,,,,,,,,,,6223004021343,IS CLUBBER,0,,0,PARFUM,WHAT'S UP,,,,125٫48,0,0,,1,نواقص,99999,,44٫35,,2022/03/30,,,,,,,,2022/09/02,,-1,,,,,ا/عبد الفتاح سمير عبد الفتاح,,,,0,55٫65,44٫35,2021/09/14,,44٫35,لا,100,85,70,60,0
1205,PARFUM WHAT'S UP IS LOVE,0,0,45٫16,0,100,0,80,0,70,0,57٫5,0,2022/11/11,,,,,,,,,,,,,,,6223004021329,IS LOVE,0,,0,PARFUM,WHAT'S UP,,,,121٫45,0,0,,1,نواقص,99999,,44٫35,,2022/11/09,,,,,,,,2022/11/11,,-1,,,,,ا/عبد الفتاح سمير عبد الفتاح,,,,0,54٫84,44٫35,2021/09/14,,45٫16,لا,100,80,70,57٫5,0
1206,PARFUM WHAT'S UP IS PRETTY,0,0,48٫25,0,98٫5,0,80,0,70,0,60,0,2022/08/23,,,,,,,,,,,,,,,6223004021336,IS PRETTY,0,,0,PARFUM,WHAT'S UP,,,,104٫15,0,0,,1,نواقص,99999,,46,,2022/04/18,,,,,,,,2022/04/18,,-1,,,,,ا/عبد الفتاح سمير عبد الفتاح,,,,0,51٫02,46,2021/09/14,,48٫25,لا,98٫5,80,70,60,0
1207,PARFUM WHAT'S UP IS SEXY,0,0,46٫13,0,100,0,80,0,70,0,60,0,2024/12/19,,,,,,,,,,,,,,,6223004021312,IS SEXY,0,,0,PARFUM,WHAT'S UP,,,,116٫8,0,0,,1,نواقص,99999,,44٫35,,2022/07/05,,,,,,,,2022/04/30,,-1,,,,,ا/عبد الفتاح سمير عبد الفتاح,,,,0,53٫88,44٫35,2021/09/14,,46٫13,لا,100,80,70,60,0
1208,PARFUM برفان علي ستاند,0,0,12,0,20,0,18,0,15,0,13٫5,0,2024/12/19,,,,,,,,,,,,,,,024009,,0,,0,PARFUM,برفان علي ستاند,,,,66٫67,0,0,,1,نواقص,99999,,12,,2023/10/12,,,,,,,,2023/01/31,,-1,,,,,كيرمينا,,,,0,40,12,2023/01/30,,12,لا,20,18,15,13٫5,0
1209,PARFUM مجموعه Ideal,0,0,40,0,75,0,70,0,65,0,60,0,2024/12/19,,,,,,,,,,,,,,,024005,,0,,0,PARFUM,مجموعه Ideal,,,,87٫5,0,0,,1,نواقص,99999,,40,,2023/10/12,,,,,,,,2021/10/28,,-1,,,,,رويال / اداره المخازن الاقصر,,,,0,46٫67,40,2021/05/13,,40,لا,75,70,65,60,0
24,إجمالي -   PARFUM,0,0,0,0,0,0,0,0,0,0,0,0,,0,0,0,0,0,0,0,0,0,0,0,0,0,0,,,0,0,0,,,,,,0,0,,,,,,,0,,,,,0,0,0,0,0,,,,,,,,,,,,,,0,,,0,,0,0,0,0,
,,,,,,,,,,,,,,,,,,,,,,,,,,,,,,,,,,,,,,,,,,,,,,,,,,,,,,,,,,,,,,,,,,,,,,,,,,,,,,,
,PARFUME,,,,,,,,,,,,,,,,,,,,,,,,,,,,,,,,,PARFUME,,,,,,,,,,,,,,,,,,,,,,,,,,,,,,,,,,,,,,,,,,,,,
1210,PARFUME BUSINESS MAN POWER,0,0,60,0,110,0,90,0,80,0,70,0,2024/12/19,,,,,,,,,,,,,,,035000,,0,,0,PARFUME,BUSINESS MAN POWER,,,,83٫33,0,0,,1,نواقص,99999,,60,,2023/10/12,,,,,,,,,,-1,,,,,رويال/ادره المخازن,,,,0,45٫45,60,2022/02/09,,60,لا,110,90,80,70,0
1211,PARFUME CHARMED BLUE UNITED FUN,0,0,80,0,150,0,125,0,100,0,90,0,2024/12/19,,,,,,,,,,,,,,,8276690200439,UNITED FUN,0,,0,PARFUME,CHARMED BLUE,,,,87٫5,0,0,عطور,1,نواقص,99999,\us\134\pid\709\f132567627656685901006.png,80,,2021/07/14,,,,,,,,,Online,0,2024/01/01,10,#ROYALELCHIM ,"OEIGINAL,PARFUM,CHARMED,BLUE,UNITED,FUN",رصيد اول المده,,,,0,46٫67,80,2021/08/01,PAERUM CHARMED BLUE,80,لا,150,125,100,90,2
1212,PARFUME CLUB GENTLMAN BLUE GEPARLYS,0,0,55,0,110,0,90,0,75,0,60,0,2022/12/29,,,,,,,,,,,,,,,3700134405913,GEPARLYS,0,,0,PARFUME,CLUB GENTLMAN BLUE,,,,100,0,0,عطور,1,نواقص,99999,\us\134\pid\704\f132567594327465218016.png,55,,2022/12/29,,,,,,,,2022/12/29,Online,0,2021/04/01,30,#ROYALELCHIM ,"ORIGINAL,PARFUM,CLUB,GENTLMAN,BLUE,GEPARLYS",رويال/ادره المخازن,,,,0,50,55,2022/02/09,PARFUM CLUB GENTLMAN BLUE,55,لا,110,90,75,60,3
1213,PARFUME CLUB GENTLMAN GRAY GEPARLYS,0,0,0,0,100,0,90,0,75,0,60,0,,,,,,,,,,,,,,,,3700134405531,GEPARLYS,0,,0,PARFUME,CLUB GENTLMAN GRAY,,,,,0,0,عطور,1,نواقص,99999,\us\134\pid\705\f132567608880195805019.png,0,,2021/07/14,,,,,,,,,Online,0,2021/04/01,30,#ROYALELCHIM ,"ORIGINAL,PARFUM,CLUB,GENTLMAN,GRAY,GEPARLYS",,,,,0,,0,,PARFUM CLUB GENTLMAN GRAY GEPARLYS,0,لا,100,90,75,60,3
1214,PARFUME COOL MAN,0,0,96٫33,0,190,0,180,0,170,0,160,0,2026/01/03,,,,,,,,,,,,,,,035008,,0,,0,PARFUME,COOL MAN,,,,97٫25,0,0,,1,نواقص,99999,,95,,2025/10/22,,,,,,,,2026/01/03,,-1,,,,,ا/عبد الفتاح سمير عبد الفتاح,,,,0,49٫3,96٫33,2024/12/18,,96٫33,لا,190,180,170,160,0
1215,PARFUME CUBA,0,0,0,0,25,0,20,0,16,0,14,0,,,,,,,,,,,,,,,,5425017732099,,0,,0,PARFUME,CUBA,,,,,0,0,,1,نواقص,99999,,0,,2021/07/14,,,,,,,,,,-1,,,,,,,,,0,,0,,,0,لا,25,20,16,14,0
1216,PARFUME ELITE UNITED FUN,0,0,70,0,175,0,140,0,100,0,80,0,2023/03/30,,,,,,,,,,,,,,,035001,UNITED FUN,0,,0,PARFUME,ELITE,,,,150,0,0,,1,نواقص,99999,,70,,2023/03/31,,,,,,,,2023/03/30,,-1,,,,,رويال/ادره المخازن,,,,0,60,70,2022/02/09,,70,لا,175,140,100,80,0
1217,PARFUME Elysees Mode,0,0,100,0,200,0,180,0,160,0,140,0,2025/11/15,,,,,,,,,,,,,,,3551440414010,,0,,0,PARFUME,Elysees Mode,,,,100,0,0,,1,نواقص,99999,,100,,2025/11/15,,,,,,,,2025/11/15,,-1,,,,,رويال / اداره المخازن الاقصر,,,,0,50,100,2021/05/13,,100,لا,200,180,160,140,0
1218,PARFUME EXTASIA 25ML,0,0,20,0,40,0,35,0,25,0,23,0,2022/09/14,,,,,,,,,,,,,,,6290210012168,25ML,0,,0,PARFUME,EXTASIA,,,,100,0,0,,1,نواقص,99999,,20,,2022/09/14,,,,,,,,2022/09/14,,-1,,,,,رويال / اداره المخازن الاقصر,,,,0,50,20,2021/05/13,,20,لا,40,35,25,23,0
1219,PARFUME FOGG ROLL ON BAKHOOR,0,0,36,0,55,0,50,0,45,0,40,0,2025/03/19,,,,,,,,,,,,,,,6224009160228,BAKHOOR,0,,0,PARFUME,FOGG ROLL ON,,,,52٫78,0,0,,1,نواقص,99999,,36,,2025/03/19,,,,,,,,2025/03/19,,-1,,,,,اسحق انور,,,,0,34٫55,36,2024/04/15,,36,لا,55,50,45,40,0
1220,PARFUME FOGG ROLL ON ELEGANCE,0,0,36,0,55,0,50,0,45,0,40,0,2024/08/25,,,,,,,,,,,,,,,6224009160204,ELEGANCE,0,,0,PARFUME,FOGG ROLL ON,,,,52٫78,0,0,,1,نواقص,99999,,36,,2024/05/17,,,,,,,,2024/08/25,,-1,,,,,اسحق انور,,,,0,34٫55,36,2024/04/15,,36,لا,55,50,45,40,0
1221,PARFUME ICE UMITED FUN,0,0,70,0,175,0,140,0,100,0,80,0,2024/04/08,,,,,,,,,,,,,,,8276690200156,UMITED FUN,0,,0,PARFUME,ICE,,,,150,0,0,عطور,1,نواقص,99999,\us\134\pid\717\f132567560733293393013.png,70,,2024/03/25,,,,,,,,2024/04/08,Online,-1,2024/01/01,10,#ROYALELCHIM ,"ORIGINAL,PAREUM,UNITED,FON,ICE,عطر,يونايتد,فون,ايس,خلاصه,الزهور,المنعشه,والخشبيه",رويال/ادره المخازن,,,,0,60,70,2022/02/09,UNITED FON ICE,70,لا,175,140,100,80,2
1222,PARFUME IN BLACK EstelleEwen,0,0,0,0,250,0,220,0,180,0,140,0,,,,,,,,,,,,,,,,3700134403964,EstelleEwen,0,,0,PARFUME,IN BLACK,,,,,0,0,,1,نواقص,99999,,0,,2021/07/14,,,,,,,,,,-1,,,,,,,,,0,,0,,,0,لا,250,220,180,140,0
1223,PARFUME INDESCENCE GEPARLYS,0,0,95,0,175,0,150,0,120,0,100,0,2023/03/09,,,,,,,,,,,,,,,035002,GEPARLYS,0,,0,PARFUME,INDESCENCE,,,,84٫21,0,0,,1,نواقص,99999,,95,,2023/03/11,,,,,,,,2023/03/09,,-1,,,,,رويال/ادره المخازن,,,,0,45٫71,95,2022/02/09,,95,لا,175,150,120,100,0
1224,PARFUME INTENTION MEN Estelle Vendom,0,0,60,0,110,0,90,0,80,0,70,0,2024/12/19,,,,,,,,,,,,,,,3700134400628,Estelle Vendom,0,,0,PARFUME,INTENTION MEN,,,,83٫33,0,0,,1,نواقص,99999,,60,,2023/10/12,,,,,,,,,,-1,,,,,رويال/ادره المخازن,,,,0,45٫45,60,2022/02/09,,60,لا,110,90,80,70,0
1225,PARFUME LINITZ FEMME ESTELLE EWEN,0,0,70,0,145,0,120,0,100,0,85,0,2024/09/06,,,,,,,,,,,,,,,3700134404510,ESTELLE EWEN,0,,0,PARFUME,LINITZ FEMME,,,,107٫14,0,0,,1,نواقص,99999,,70,,2022/12/29,,,,,,,,2024/09/06,,-1,,,,,رويال/ادره المخازن,,,,0,51٫72,70,2022/02/11,,70,لا,145,120,100,85,0
1226,PARFUME MORENA NOIR,0,0,85,0,145,0,120,0,100,0,90,0,2023/03/09,,,,,,,,,,,,,,,7640130661479,,0,,0,PARFUME,MORENA NOIR,,,,70٫59,0,0,عطور,1,نواقص,99999,\us\134\pid\701\f132567535192017663010.png,85,,2023/03/09,,,,,,,,2023/03/09,Online,0,2021/04/01,30,#ROYALELCHIM ,"original,parfum,morena,noir ,عطر ,شرقي ,للنساء ,مورينا ,نوير,",رويال / اداره المخازن الاقصر,,,,0,41٫38,85,2021/05/13,Morena Noir,85,لا,145,120,100,90,3
1227,PARFUME Rdoutable,0,0,70,0,110,0,100,0,90,0,85,0,2022/03/07,,,,,,,,,,,,,,,3700134400888,,0,,0,PARFUME,Rdoutable,,,,57٫14,0,0,,1,نواقص,99999,,70,,2022/03/07,,,,,,,,2022/03/07,,-1,,,,,رويال / اداره المخازن الاقصر,,,,0,36٫36,70,2021/05/13,,70,لا,110,100,90,85,0
1228,PARFUME RUPTUNE MEN 100ML PRESTIGE,0,0,170,0,275,0,225,0,200,0,175,0,2025/07/15,,,,,,,,,,,,,,,3551440423029,PRESTIGE,0,,0,PARFUME,RUPTUNE MEN 100ML,,,,61٫76,0,0,عطور,1,نواقص,99999,\us\134\pid\710\f132566737608411703088.png,170,,2025/07/17,,,,,,,,2025/07/15,Online,1,2024/02/01,5,#ROYALELCHIM ,"PARFUM,RUPTURE,MEN,EAU DE ]ARFUM.MADE IN FRANCE,برفان,فرنسي,رابتور",رويال/ادره المخازن,,,,0,38٫18,170,2022/02/09,RUPTURE,170,لا,275,225,200,175,1
1229,PARFUME SPORT UNITED FUN,0,0,70,0,175,0,140,0,100,0,80,0,2024/04/09,,,,,,,,,,,,,,,8276690200460,UNITED FUN,0,,0,PARFUME,SPORT,,,,150,0,0,عطور,1,نواقص,99999,\us\134\pid\716\f132566710494316894087.png,70,,2024/04/11,,,,,,,,2024/04/09,Online,0,2021/02/15,35,#ROYALELCHIM ,"PARFUM,UNITEDFIN,SPORT",رويال/ادره المخازن,,,,0,60,70,2022/02/09,UNITED FUN SPORT,70,لا,175,140,100,80,3
1230,PARFUME XBOND GRAY 100ML POUR HOMME,0,0,100,0,175,0,150,0,125,0,110,0,2024/12/19,,,,,,,,,,,,,,,6291010903151,POUR HOMME,0,,0,PARFUME,XBOND GRAY 100ML,,,,75,0,0,عطور,1,نواقص,99999,\us\134\pid\712\f132561151507732102104.png,100,,2023/10/12,,,,,,,,2022/11/28,Online,0,,35,#ROYALELCHIM ,"NEWGOLD,PARFUM,XBOND,برفان,نيوجولد,عطور,PARFUM",رويال/ادره المخازن,,,,0,42٫86,100,2022/02/09,X BOND 100 ML,100,لا,175,150,125,110,3
1231,PARFUME سحر العيون العطار,0,0,150,0,250,0,200,0,185,0,175,0,2023/03/09,,,,,,,,,,,,,,,6290171040316,العطار,0,,0,PARFUME,سحر العيون,,,,66٫67,0,0,,1,نواقص,99999,,150,,2023/03/11,,,,,,,,2023/03/09,,-1,,,,,رويال / اداره المخازن الاقصر,,,,0,40,150,2021/05/13,,150,لا,250,200,185,175,0
1232,PARFUME عود خليجي,0,0,62٫86,0,130,0,110,0,90,0,85,0,2024/04/05,,,,,,,,,,,,,,,035003,,0,,0,PARFUME,عود خليجي,,,,106٫82,0,0,,1,نواقص,99999,,60,,2024/04/05,,,,,,,,2024/04/05,,-1,,,,,الاستاذ/عبد الفتاح سمير,,,,0,51٫65,60,2022/02/11,,62٫86,لا,130,110,90,85,0
23,إجمالي -   PARFUME,0,0,0,0,0,0,0,0,0,0,0,0,,0,0,0,0,0,0,0,0,0,0,0,0,0,0,,,0,0,0,,,,,,0,0,,,,,,,0,,,,,0,0,0,0,0,,,,,,,,,,,,,,0,,,0,,0,0,0,0,
,,,,,,,,,,,,,,,,,,,,,,,,,,,,,,,,,,,,,,,,,,,,,,,,,,,,,,,,,,,,,,,,,,,,,,,,,,,,,,,
,PARFUME HI.COPY,,,,,,,,,,,,,,,,,,,,,,,,,,,,,,,,,PARFUME HI.COPY,,,,,,,,,,,,,,,,,,,,,,,,,,,,,,,,,,,,,,,,,,,,,
1233,PARFUME HI.COPY 1MILLION,0,0,25,0,50,0,40,0,35,0,30,0,2023/04/19,,,,,,,,,,,,,,,036027,,0,,0,PARFUME HI.COPY,1MILLION,,,,100,0,0,,1,نواقص,99999,,25,,2023/04/19,,,,,,,,2023/04/19,,-1,,,,,رويال/ادره المخازن,,,,0,50,25,2022/02/09,,25,لا,50,40,35,30,0
1234,PARFUME HI.COPY 1MILLION 100 Ml,0,0,110,0,175,0,165,0,155,0,145,0,2024/04/23,,,,,,,,,,,,,,,036077,100 Ml,0,,0,PARFUME HI.COPY,1MILLION,,,,59٫09,0,0,,1,نواقص,99999,,110,,2024/04/23,,,,,,,,2024/04/23,,-1,,,,,ميخائيل نجع حمادي,,,,0,37٫14,110,2024/04/16,,110,لا,175,165,155,145,0
1235,PARFUME HI.COPY ACQUA ID GO,0,0,25٫31,0,40,0,35,0,32,0,30,0,2022/10/10,,,,,,,,,,,,,,,036046,,0,,0,PARFUME HI.COPY,ACQUA ID GO,,,,58٫02,0,0,,1,نواقص,99999,,25,,2022/10/10,,,,,,,,2022/10/10,,-1,,,,,مكتب الاصدقاء / القاهره,,,,0,36٫72,25٫31,2021/12/22,,25٫31,لا,40,35,32,30,0
1236,PARFUME HI.COPY AZZARO WANTED HIGH COPY,0,0,57٫5,0,100,0,90,0,80,0,65,0,2024/12/19,,,,,,,,,,,,,,,023005,HIGH COPY,0,,0,PARFUME HI.COPY,AZZARO WANTED,,,,73٫91,0,0,زيوت وعطور,1,---,99999,,55,,,,,,,,,,2021/12/24,,-1,,,,,رصيد اول المده,,,,0,42٫5,55,2021/08/01,,57٫5,لا,100,90,80,65,0
1237,PARFUME HI.COPY Bad Boys,0,0,65,0,100,0,85,0,80,0,75,0,2024/12/19,,,,,,,,,,,,,,,8411061962145,,0,,0,PARFUME HI.COPY,Bad Boys,,,,53٫85,0,0,,1,نواقص,99999,,65,,2023/10/12,,,,,,,,2021/11/02,,-1,,,,,رويال/ادره المخازن,,,,0,35,65,2022/02/09,,65,لا,100,85,80,75,0
1238,PARFUME HI.COPY Bamba Woman,0,0,18٫23,0,35,0,30,0,28,0,25,0,2024/12/19,,,,,,,,,,,,,,,036055,Woman,0,,0,PARFUME HI.COPY,Bamba,,,,92٫03,0,0,,1,نواقص,99999,,18,,2022/02/08,,,,,,,,,,-1,,,,,مكتب الاصدقاء / القاهره,,,,0,47٫93,18٫23,2021/12/22,,18٫23,لا,35,30,28,25,0
1239,PARFUME HI.COPY Biue For Men,0,0,75,0,150,0,130,0,110,0,95,0,2025/07/20,,,,,,,,,,,,,,,036098,,0,,0,PARFUME HI.COPY,Biue For Men,,,,100,0,0,,1,نواقص,486,,75,,2024/05/27,,,,,,,,2025/07/20,,-1,,,,,ميخائيل نجع حمادي,,,,0,50,75,2023/09/05,,75,لا,150,130,110,95,0
1240,PARFUME HI.COPY BLACK IS CRAZY,0,0,75,0,150,0,140,0,130,0,125,0,2024/11/19,,,,,,,,,,,,,,,3578735614009,,0,,0,PARFUME HI.COPY,BLACK IS CRAZY,,,,100,0,0,,1,نواقص,99999,,75,,2024/11/19,,,,,,,,2024/11/19,,-1,,,,,نادر,,,,0,50,75,2024/04/17,,75,لا,150,140,130,125,0
1241,PARFUME HI.COPY Black L'exes 50 Ml,0,0,18٫23,0,35,0,30,0,28,0,25,0,2022/11/20,,,,,,,,,,,,,,,036056,50 Ml,0,,0,PARFUME HI.COPY,Black L'exes,,,,92٫03,0,0,,1,نواقص,99999,,18,,2022/11/21,,,,,,,,2022/11/20,,-1,,,,,مكتب الاصدقاء / القاهره,,,,0,47٫93,18٫23,2021/12/22,,18٫23,لا,35,30,28,25,0
1242,PARFUME HI.COPY Black Oud 100ml,0,0,35٫44,0,70,0,60,0,50,0,40,0,2022/05/15,,,,,,,,,,,,,,,6291100633586,100ml,0,,0,PARFUME HI.COPY,Black Oud,,,,97٫52,0,0,,1,نواقص,99999,,35,,2022/05/16,,,,,,,,2022/05/15,,-1,,,,,مكتب الاصدقاء / القاهره,,,,0,49٫37,35٫44,2021/12/22,,35٫44,لا,70,60,50,40,0
1243,PARFUME HI.COPY BLACK XS MAN 100 ML,0,0,56٫4,0,125,0,100,0,90,0,70,0,2024/12/19,,,,,,,,,,,,,,,036036,MAN,0,,0,PARFUME HI.COPY,BLACK XS,100 ML,,,121٫63,0,0,,1,نواقص,99999,,58,,2023/10/12,,,,,,,,2023/04/12,,-1,,,,,ميخائيل نجع حمادي,,,,0,54٫88,58,2023/03/15,,56٫4,لا,125,100,90,70,0
1244,PARFUME HI.COPY BLACK XS L'EXES SILVR,0,0,30٫19,0,65,0,55,0,45,0,40,0,2024/12/19,,,,,,,,,,,,,,,036033,SILVR,0,,0,PARFUME HI.COPY,BLACK XS L'EXES,,,,115٫32,0,0,,1,نواقص,99999,,30,,2022/05/25,,,,,,,,2022/05/23,,-1,,,,,رويال/ادره المخازن,,,,0,53٫56,30,2022/02/09,,30٫19,لا,65,55,45,40,0
1245,PARFUME HI.COPY BN BLACK,0,0,0,0,160,0,140,0,120,0,100,0,,,,,,,,,,,,,,,,036029,,0,,0,PARFUME HI.COPY,BN BLACK,,,,,0,0,,1,نواقص,99999,,0,,2021/07/14,,,,,,,,,,-1,,,,,,,,,0,,0,,,0,لا,160,140,120,100,0
1246,PARFUME HI.COPY Bodysplash,0,0,12,0,25,0,20,0,18,0,15,0,2024/12/19,,,,,,,,,,,,,,,036083,,0,,0,PARFUME HI.COPY,Bodysplash,,,,108٫33,0,0,,1,نواقص,99999,,12,,2023/10/12,,,,,,,,2023/09/26,,-1,,,,,ميخائيل نجع حمادي,,,,0,52,12,2023/03/15,,12,لا,25,20,18,15,0
1247,PARFUME HI.COPY BOOS GOLD,0,0,26٫33,0,40,0,35,0,32,0,30,0,2022/10/24,,,,,,,,,,,,,,,036049,GOLD,0,,0,PARFUME HI.COPY,BOOS,,,,51٫94,0,0,,1,نواقص,99999,,26,,2022/10/25,,,,,,,,2022/10/24,,-1,,,,,مكتب الاصدقاء / القاهره,,,,0,34٫18,26٫33,2021/12/22,,26٫33,لا,40,35,32,30,0
1248,PARFUME HI.COPY BOOS New,0,0,18٫23,0,35,0,30,0,28,0,25,0,2024/12/19,,,,,,,,,,,,,,,036053,New,0,,0,PARFUME HI.COPY,BOOS,,,,92٫03,0,0,,1,نواقص,99999,,18,,2022/07/05,,,,,,,,2022/02/04,,-1,,,,,مكتب الاصدقاء / القاهره,,,,0,47٫93,18٫23,2021/12/22,,18٫23,لا,35,30,28,25,0
1249,PARFUME HI.COPY BOOS Black,0,0,18٫23,0,35,0,30,0,28,0,25,0,2024/12/19,,,,,,,,,,,,,,,036052,,0,,0,PARFUME HI.COPY,BOOS Black,,,,92٫03,0,0,,1,نواقص,99999,,18,,2022/07/05,,,,,,,,2022/01/24,,-1,,,,,مكتب الاصدقاء / القاهره,,,,0,47٫93,18٫23,2021/12/22,,18٫23,لا,35,30,28,25,0
1250,PARFUME HI.COPY BVLGARI,0,0,70,0,150,0,120,0,100,0,80,0,2023/03/12,,,,,,,,,,,,,,,036012,,0,,0,PARFUME HI.COPY,BVLGARI,,,,114٫29,0,0,,1,نواقص,99999,,70,,2023/03/12,,,,,,,,2023/03/12,,-1,,,,,رويال/ادره المخازن,,,,0,53٫33,70,2022/02/09,,70,لا,150,120,100,80,0
1251,PARFUME HI.COPY BVLGARI روز + اسود,0,0,50,0,120,0,100,0,80,0,75,0,2024/12/19,,,,,,,,,,,,,,,036035,روز + اسود,0,,0,PARFUME HI.COPY,BVLGARI,,,,140,0,0,,1,نواقص,99999,,50,,2023/06/07,,,,,,,,2023/06/07,,-1,,,,,رويال / اداره المخازن الاقصر,,,,0,58٫33,50,2021/05/13,,50,لا,120,100,80,75,0
1252,PARFUME HI.COPY Bvlgari Ross High Copy,0,0,75,0,150,0,125,0,100,0,85,0,2024/12/19,,,,,,,,,,,,,,,023001,High Copy,0,,0,PARFUME HI.COPY,Bvlgari Ross,,,,100,0,0,عطور,1,---,99999,\us\134\pid\429\f132539338893944930074.png,75,,,,,,,,,,2023/05/06,,-4,2024/01/01,15,#HIGHCOPY ,"ROSS,PERFUM,SEXY,LOVE,HIGH,COPY,ESSENCE,برفان,عطور,زيوت,ريحه,هاى,كوبى,تقليد,عطور,عطر",رصيد اول المده,,,,0,50,75,2021/08/01,BVLGARI ROSS,75,لا,150,125,100,85,2
1253,PARFUME HI.COPY Bvlgary Jasmin Noir High Copy,0,0,75,0,150,0,125,0,100,0,85,0,2024/12/19,,,,,,,,,,,,,,,023002,High Copy,0,,0,PARFUME HI.COPY,Bvlgary Jasmin Noir,,,,100,0,0,عطور,1,---,99999,\us\134\pid\430\f132558830652216692069.png,75,,,,,,,,,,2022/10/01,,-2,2024/01/01,5,#HIGHCOPY ,"ROSS,PERFUM,SEXY,LOVE,HIGH,COPY,ESSENCE,برفان,عطور,زيوت,ريحه,هاى,كوبى,تقليد,عطور,عطر",رصيد اول المده,,,,0,50,75,2021/08/29,BVLGARI JASMIN NOIR,75,لا,150,125,100,85,2
1254,PARFUME HI.COPY CASSILIA PINK,0,0,90,0,175,0,155,0,135,0,120,0,2024/07/02,,,,,,,,,,,,,,,036121,PINK,0,,0,PARFUME HI.COPY,CASSILIA,,,,94٫44,0,0,,1,نواقص,99999,,90,,2024/07/02,,,,,,,,2024/07/02,,-1,,,,,نادر,,,,0,48٫57,90,2024/04/17,,90,لا,175,155,135,120,0
1255,PARFUME HI.COPY CIGAR محفظه,0,0,40,0,65,0,55,0,50,0,45,0,2023/11/02,,,,,,,,,,,,,,,036030,محفظه,0,,0,PARFUME HI.COPY,CIGAR,,,,62٫5,0,0,,1,نواقص,99999,,40,,2023/11/02,,,,,,,,2023/11/02,,-1,,,,,رويال/ادره المخازن,,,,0,38٫46,40,2022/02/09,,40,لا,65,55,50,45,0
1256,PARFUME HI.COPY Coco Chanel,0,0,30٫38,0,60,0,50,0,40,0,35,0,2022/02/04,,,,,,,,,,,,,,,3145891074604,Chanel,0,,0,PARFUME HI.COPY,Coco,,,,97٫52,0,0,,1,نواقص,99999,,30,,2022/02/13,,,,,,,,2022/02/04,,-1,,,,,مكتب الاصدقاء / القاهره,,,,0,49٫37,30٫38,2021/12/22,,30٫38,لا,60,50,40,35,0
1257,PARFUME HI.COPY Coco Chanel Black,0,0,55,0,125,0,100,0,80,0,70,0,2024/12/19,,,,,,,,,,,,,,,036084,Black,0,,0,PARFUME HI.COPY,Coco Chanel,,,,127٫27,0,0,,1,نواقص,99999,,55,,2023/10/12,,,,,,,,,,-1,,,,,ميخائيل نجع حمادي,,,,0,56,55,2023/03/15,,55,لا,125,100,80,70,0
1258,PARFUME HI.COPY Confident,0,0,0,0,50,0,40,0,30,0,25,0,,,,,,,,,,,,,,,,036076,,0,,0,PARFUME HI.COPY,Confident,,,,,0,0,,1,---,99999,,0,,,,,,,,,,,,-1,,,,,,,,,0,,0,,,0,لا,50,40,30,25,0
1259,PARFUME HI.COPY COSMO FRESH ART,0,0,75,0,150,0,140,0,130,0,120,0,2024/07/01,,,,,,,,,,,,,,,6085010042572,FRESH ART,0,,0,PARFUME HI.COPY,COSMO,,,,100,0,0,,1,---,99999,,75,,,,,,,,,,2024/07/01,,-1,,,,,نادر,,,,0,50,75,2024/04/17,,75,لا,150,140,130,120,0
1260,PARFUME HI.COPY COSMO مشكل,0,0,65,0,110,0,100,0,90,0,80,0,2026/02/12,,,,,,,,,,,,,,,036127,مشكل,0,,0,PARFUME HI.COPY,COSMO,,,,69٫23,0,0,,1,نواقص,486,,65,,2026/02/12,,,,,,,,2026/02/12,,-1,,,,,نادر,,,,0,40٫91,65,2024/04/17,,65,لا,110,100,90,80,0
1261,PARFUME HI.COPY DAvEDOOF CHAMPION,0,0,55,0,100,0,90,0,80,0,60,0,2024/12/19,,,,,,,,,,,,,,,023008,,0,,0,PARFUME HI.COPY,DAvEDOOF CHAMPION,,,,81٫82,0,0,عطور,1,نواقص,99999,\us\134\pid\479\f132568437448659283075.png,55,,2023/10/12,,,,,,,,2023/12/19,,-1,2021/04/01,30,#HIGHCOPY ,"PARFUM,DAVEDOOF,CHAMPION",رويال/ادره المخازن,,,,0,45,55,2022/02/09,DAVEDOOF CHAMPION,55,لا,100,90,80,60,3
1262,PARFUME HI.COPY DAVIDOFF THE GAME,0,0,50,0,95,0,85,0,75,0,65,0,2024/12/19,,,,,,,,,,,,,,,036025,,0,,0,PARFUME HI.COPY,DAVIDOFF THE GAME,,,,90,0,0,,1,نواقص,99999,,50,,2024/03/23,,,,,,,,2024/03/23,,-1,,,,,رويال/ادره المخازن,,,,0,47٫37,50,2022/02/09,,50,لا,95,85,75,65,0
1263,PARFUME HI.COPY Dolce & Gabbana,0,0,110,0,175,0,165,0,155,0,145,0,2024/05/01,,,,,,,,,,,,,,,036111,,0,,0,PARFUME HI.COPY,Dolce & Gabbana,,,,59٫09,0,0,,1,نواقص,99999,,110,,2024/05/01,,,,,,,,2024/05/01,,-1,,,,,ميخائيل نجع حمادي,,,,0,37٫14,110,2024/04/16,,110,لا,175,165,155,145,0
1264,PARFUME HI.COPY Dream Bloble,0,0,18٫23,0,35,0,30,0,28,0,25,0,2022/10/24,,,,,,,,,,,,,,,036057,Bloble,0,,0,PARFUME HI.COPY,Dream,,,,92٫03,0,0,,1,نواقص,99999,,18,,2022/10/25,,,,,,,,2022/10/24,,-1,,,,,مكتب الاصدقاء / القاهره,,,,0,47٫93,18٫23,2021/12/22,,18٫23,لا,35,30,28,25,0
1265,PARFUME HI.COPY Dunhill,0,0,95,0,160,0,155,0,140,0,120,0,2024/04/02,,,,,,,,,,,,,,,036097,,0,,0,PARFUME HI.COPY,Dunhill,,,,68٫42,0,0,,1,نواقص,99999,,95,,2024/04/02,,,,,,,,2024/03/06,,-1,,,,,ميخائيل نجع حمادي,,,,0,40٫63,95,2023/09/05,,95,لا,160,155,140,120,0
1266,PARFUME HI.COPY Elie Saab,0,0,40,0,80,0,70,0,60,0,55,0,2022/07/04,,,,,,,,,,,,,,,3423470398021,,0,,0,PARFUME HI.COPY,Elie Saab,,,,100,0,0,,1,نواقص,99999,,40,,2022/06/18,,,,,,,,2022/07/04,,-1,,,,,رويال/ادره المخازن,,,,0,50,40,2022/02/11,,40,لا,80,70,60,55,0
1267,PARFUME HI.COPY Eternal Love,0,0,20٫25,0,40,0,35,0,30,0,25,0,2022/11/15,,,,,,,,,,,,,,,036058,Love,0,,0,PARFUME HI.COPY,Eternal,,,,97٫52,0,0,,1,نواقص,99999,,20,,2022/11/16,,,,,,,,2022/11/15,,-1,,,,,مكتب الاصدقاء / القاهره,,,,0,49٫37,20٫25,2021/12/22,,20٫25,لا,40,35,30,25,0
1268,PARFUME HI.COPY ETERNITY FOR MEN CALVIN KLEIN,0,0,40,0,75,0,65,0,55,0,50,0,2024/12/19,,,,,,,,,,,,,,,036008,CALVIN KLEIN,0,,0,PARFUME HI.COPY,ETERNITY FOR MEN,,,,87٫5,0,0,,1,نواقص,99999,,40,,2023/10/12,,,,,,,,,,-1,,,,,رويال/ادره المخازن,,,,0,46٫67,40,2022/02/09,,40,لا,75,65,55,50,0
1269,PARFUME HI.COPY ETErnity For Men High Copy,0,0,45,0,75,0,65,0,55,0,50,0,2024/04/11,,,,,,,,,,,,,,,023012,High Copy,0,,0,PARFUME HI.COPY,ETErnity For Men,,,,66٫67,0,0,عطور,1,---,99999,\us\134\pid\483\f132568482673914816235.png,45,,,,,,,,,,2024/04/11,,-1,2024/01/01,10,#HIGHCOPY ,"PARFUM,ETERNTY,FOR,MEN",رصيد اول المده,,,,0,40,45,2021/08/01,ETERNTY FOR MEN,45,لا,75,65,55,50,3
1270,PARFUME HI.COPY EUPHORIA Liauid Gold Ck HIGH COPY,0,0,70,0,125,0,110,0,95,0,77,0,2022/10/01,,,,,,,,,,,,,,,023004,HIGH COPY,0,,0,PARFUME HI.COPY,EUPHORIA Liauid Gold Ck,,,,78٫57,0,0,عطور,1,---,99999,\us\134\pid\474\f132568408221026945042.png,70,,,,,,,,,,2022/10/01,,-1,2021/04/01,30,#HIGHCOPY ,"PARFUM,EUPHORIA,LIAUID,GOLD,CK",رصيد اول المده,,,,0,44,70,2021/08/01,EUPHORIA LIAUID GOLD CK,70,لا,125,110,95,77,4
1271,PARFUME HI.COPY FABIOLA,0,0,18٫23,0,35,0,32,0,30,0,25,0,2024/12/19,,,,,,,,,,,,,,,036044,,0,,0,PARFUME HI.COPY,FABIOLA,,,,92٫03,0,0,,1,نواقص,99999,,18,,2023/03/14,,,,,,,,2023/05/14,,-1,,,,,مكتب الاصدقاء / القاهره,,,,0,47٫93,18٫23,2021/12/22,,18٫23,لا,35,32,30,25,0
1272,PARFUME HI.COPY Fantazya,0,0,35,0,75,0,60,0,50,0,40,0,2024/12/19,,,,,,,,,,,,,,,036067,,0,,0,PARFUME HI.COPY,Fantazya,,,,114٫29,0,0,,1,---,99999,,35,,,,,,,,,,,,-1,,,,,رويال/ادره المخازن,,,,0,53٫33,35,2022/02/11,,35,لا,75,60,50,40,0
1273,PARFUME HI.COPY FERRARI ESSENCE OUD,0,0,50,0,150,0,120,0,90,0,75,0,2024/12/19,,,,,,,,,,,,,,,036000,ESSENCE OUD,0,,0,PARFUME HI.COPY,FERRARI,,,,200,0,0,,1,نواقص,99999,,50,,2023/10/26,,,,,,,,2023/10/26,,-1,,,,,رويال/ادره المخازن,,,,0,66٫67,50,2022/02/09,,50,لا,150,120,90,75,0
1274,PARFUME HI.COPY Ferrari Essence Oud High Copy,0,0,70,0,150,0,125,0,100,0,80,0,2024/12/19,,,,,,,,,,,,,,,023006,High Copy,0,,0,PARFUME HI.COPY,Ferrari Essence Oud,,,,114٫29,0,0,عطور,1,---,99999,\us\134\pid\477\f132568423519271312060.png,70,,,,,,,,,,2024/09/06,,2,,30,#HIGHCOPY ,"PARFUM,FERRARI,ESSENCE,OUDفيراري,للرجال",رصيد اول المده,,,,0,53٫33,70,2021/08/01,FERRARI ESSENCE OUD,70,لا,150,125,100,80,4
1275,PARFUME HI.COPY Free Woman,0,0,30,0,65,0,60,0,55,0,50,0,2023/11/11,,,,,,,,,,,,,,,036034,,0,,0,PARFUME HI.COPY,Free Woman,,,,116٫67,0,0,,1,نواقص,99999,,30,,2023/11/11,,,,,,,,2023/11/11,,-1,,,,,رويال / اداره المخازن الاقصر,,,,0,53٫85,30,2021/05/13,,30,لا,65,60,55,50,0
1276,PARFUME HI.COPY Free Women,0,0,27,0,60,0,50,0,40,0,35,0,2023/07/29,,,,,,,,,,,,,,,036066,,0,,0,PARFUME HI.COPY,Free Women,,,,122٫22,0,0,,1,نواقص,99999,,27,,2023/07/30,,,,,,,,2023/07/29,,-1,,,,,رويال/ادره المخازن,,,,0,55,27,2022/02/11,,27,لا,60,50,40,35,0
1277,PARFUME HI.COPY GOLD FREE MAN,0,0,30,0,60,0,50,0,45,0,36,0,2023/04/20,,,,,,,,,,,,,,,036014,FREE MAN,0,,0,PARFUME HI.COPY,GOLD,,,,100,0,0,,1,نواقص,99999,,30,,2023/04/20,,,,,,,,2023/04/20,,-1,,,,,رويال/ادره المخازن,,,,0,50,30,2022/02/09,,30,لا,60,50,45,36,0
1278,PARFUME HI.COPY GOLD EUPHORIA,0,0,60,0,120,0,100,0,85,0,70,0,2024/12/19,,,,,,,,,,,,,,,036022,,0,,0,PARFUME HI.COPY,GOLD EUPHORIA,,,,100,0,0,,1,نواقص,99999,,60,,2023/10/12,,,,,,,,,,-1,,,,,رويال/ادره المخازن,,,,0,50,60,2022/02/09,,60,لا,120,100,85,70,0
1279,PARFUME HI.COPY gold SCENT Pure,0,0,30٫38,0,60,0,50,0,40,0,35,0,2023/02/15,,,,,,,,,,,,,,,036042,Pure,0,,0,PARFUME HI.COPY,gold SCENT,,,,97٫52,0,0,,1,نواقص,99999,,30,,2022/06/18,,,,,,,,2022/04/27,,-1,,,,,مكتب الاصدقاء / القاهره,,,,0,49٫37,30٫38,2021/12/22,,30٫38,لا,60,50,40,35,0
1280,PARFUME HI.COPY GOLDENB RING,0,0,65,0,135,0,125,0,110,0,95,0,2025/08/10,,,,,,,,,,,,,,,3578735614467,,0,,0,PARFUME HI.COPY,GOLDENB RING,,,,107٫69,0,0,,1,---,99999,,65,,,,,,,,,,2025/08/10,,-1,,,,,نادر,,,,0,51٫85,65,2024/04/17,,65,لا,135,125,110,95,0
1281,PARFUME HI.COPY Gongzhu,0,0,20٫25,0,40,0,35,0,30,0,25,0,2023/02/15,,,,,,,,,,,,,,,036059,,0,,0,PARFUME HI.COPY,Gongzhu,,,,97٫52,0,0,,1,نواقص,99999,,20,,2022/06/18,,,,,,,,2022/05/26,,-1,,,,,مكتب الاصدقاء / القاهره,,,,0,49٫37,20٫25,2021/12/22,,20٫25,لا,40,35,30,25,0
1282,PARFUME HI.COPY Good Girl 33ml,0,0,35,0,80,0,70,0,60,0,50,0,2025/07/05,,,,,,,,,,,,,,,036131,33ml,0,,0,PARFUME HI.COPY,Good Girl,,,,128٫57,0,0,,1,نواقص,99999,,35,,2025/07/05,,,,,,,,2025/07/05,,-1,,,,,نادر,,,,0,56٫25,35,2024/04/17,,35,لا,80,70,60,50,0
1283,PARFUME HI.COPY HIGhlY Concentrated High Copy,0,0,0,0,65,0,55,0,45,0,40,0,,,,,,,,,,,,,,,,023011,High Copy,0,,0,PARFUME HI.COPY,HIGhlY Concentrated,,,,,0,0,عطور,1,---,99999,\us\134\pid\482\f132568466358720231150.png,0,,,,,,,,,,,,-1,2021/04/01,30,#HIGHCOPY ,"PARFUM,HIGHLY,CONCENTRATED",,,,,0,,0,,HIGHLY CONCENTRATED,0,لا,65,55,45,40,2
1284,PARFUME HI.COPY HOGO BOOS FREE MAN,0,0,0,0,60,0,50,0,45,0,36,0,,,,,,,,,,,,,,,,036015,FREE MAN,0,,0,PARFUME HI.COPY,HOGO BOOS,,,,,0,0,,1,نواقص,99999,,0,,2021/07/14,,,,,,,,,,-1,,,,,,,,,0,,0,,,0,لا,60,50,45,36,0
1285,PARFUME HI.COPY HOGO FORCE,0,0,40,0,65,0,55,0,50,0,45,0,2024/12/19,,,,,,,,,,,,,,,036007,,0,,0,PARFUME HI.COPY,HOGO FORCE,,,,62٫5,0,0,,1,نواقص,99999,,40,,2021/10/18,,,,,,,,2021/10/17,,-1,,,,,رويال/ادره المخازن,,,,0,38٫46,40,2022/02/09,,40,لا,65,55,50,45,0
1286,PARFUME HI.COPY HOGO FORCE FREE MAN,0,0,30,0,60,0,50,0,45,0,36,0,2023/04/08,,,,,,,,,,,,,,,036019,FREE MAN,0,,0,PARFUME HI.COPY,HOGO FORCE,,,,100,0,0,,1,نواقص,99999,,30,,2023/04/08,,,,,,,,2023/04/08,,-1,,,,,رويال/ادره المخازن,,,,0,50,30,2022/02/09,,30,لا,60,50,45,36,0
1287,PARFUME HI.COPY HOGO FORCE HIGH COPY,0,0,35,0,65,0,55,0,45,0,40,0,2021/12/10,,,,,,,,,,,,,,,023010,HIGH COPY,0,,0,PARFUME HI.COPY,HOGO FORCE,,,,85٫71,0,0,عطور,1,---,99999,\us\134\pid\481\f132568492711447809293.png,35,,,,,,,,,,2021/12/10,,-1,2021/04/01,30,#HIGHCOPY ,"PARFUM,HOGO,FORCE",رصيد اول المده,,,,0,46٫15,35,2021/08/01,HOGO FORCE,35,لا,65,55,45,40,2
1288,PARFUME HI.COPY HUGO BOSS GOLD 50ML,0,0,24٫3,0,45,0,40,0,35,0,30,0,2022/03/10,,,,,,,,,,,,,,,036045,GOLD,0,,0,PARFUME HI.COPY,HUGO BOSS,50ML,,,85٫18,0,0,,1,---,99999,,24,,,,,,,,,,2022/03/10,,-1,,,,,مكتب الاصدقاء / القاهره,,,,0,46,24٫3,2021/12/22,,24٫3,لا,45,40,35,30,0
1289,PARFUME HI.COPY Hugo Deep Red,0,0,36,0,75,0,65,0,55,0,45,0,2024/03/27,,,,,,,,,,,,,,,6224007335123,Red,0,,0,PARFUME HI.COPY,Hugo Deep,,,,108٫33,0,0,,1,نواقص,99999,,36,,2024/03/28,,,,,,,,2024/03/27,,-1,,,,,رويال/ادره المخازن,,,,0,52,36,2022/02/11,,36,لا,75,65,55,45,0
1290,PARFUME HI.COPY Introducing The New High Copy,0,0,55,0,95,0,85,0,75,0,65,0,2024/12/19,,,,,,,,,,,,,,,023019,High Copy,0,,0,PARFUME HI.COPY,Introducing The New,,,,72٫73,0,0,عطور,1,---,99999,\us\134\pid\490\f132568505962326910311.png,55,,,,,,,,,,,,-1,2024/01/01,30,#HIGHCOPY ,"PARFUM,INTRODUCING,THE,NEW",رصيد اول المده,,,,0,42٫11,55,2021/08/01,INTRODUCING THE GAME,55,لا,95,85,75,65,4
1291,PARFUME HI.COPY INVICTUS MAN 100 ML,0,0,60,0,120,0,100,0,80,0,70,0,2024/12/19,,,,,,,,,,,,,,,036038,MAN,0,,0,PARFUME HI.COPY,INVICTUS,100 ML,,,100,0,0,,1,نواقص,99999,,60,,2023/03/12,,,,,,,,2023/03/12,,-1,,,,,ا/عبد الفتاح سمير عبد الفتاح,,,,0,50,60,2021/09/14,,60,لا,120,100,80,70,0
1292,PARFUME HI.COPY INVICTUS Man,0,0,0,0,120,0,110,0,100,0,85,0,,,,,,,,,,,,,,,,036092,,0,,0,PARFUME HI.COPY,INVICTUS Man,,,,,0,0,,1,---,99999,,0,,,,,,,,,,,,-1,,,,,,,,,0,,0,,,0,لا,120,110,100,85,0
1293,PARFUME HI.COPY INVICTUS كاس,0,0,0,0,,0,,0,,0,,0,,,,,,,,,,,,,,,,036094,,0,,0,PARFUME HI.COPY,INVICTUS كاس,,,,,0,0,,1,---,99999,,0,,,,,,,,,,,,-1,,,,,,,,,0,,0,,,0,لا,,,,,0
1294,PARFUME HI.COPY JACOMO FREE MAN,0,0,30,0,60,0,50,0,45,0,36,0,2024/12/19,,,,,,,,,,,,,,,036017,FREE MAN,0,,0,PARFUME HI.COPY,JACOMO,,,,100,0,0,,1,نواقص,99999,,30,,2021/07/14,,,,,,,,,,-1,,,,,رويال/ادره المخازن,,,,0,50,30,2022/02/09,,30,لا,60,50,45,36,0
1295,PARFUME HI.COPY Jadore Gold,0,0,110,0,175,0,165,0,155,0,145,0,2024/05/01,,,,,,,,,,,,,,,6224008296362,Gold,0,,0,PARFUME HI.COPY,Jadore,,,,59٫09,0,0,,1,نواقص,99999,,110,,2024/05/01,,,,,,,,2024/05/01,,-1,,,,,ميخائيل نجع حمادي,,,,0,37٫14,110,2024/04/16,,110,لا,175,165,155,145,0
1296,PARFUME HI.COPY Jadore Pink,0,0,100,0,175,0,165,0,155,0,145,0,2024/04/17,,,,,,,,,,,,,,,737052320052,Pink,0,,0,PARFUME HI.COPY,Jadore,,,,75,0,0,,1,نواقص,99999,,100,,2024/04/17,,,,,,,,2024/04/17,,-1,,,,,ميخائيل نجع حمادي,,,,0,42٫86,100,2024/04/16,,100,لا,175,165,155,145,0
1297,PARFUME HI.COPY JAGUOR,0,0,55,0,110,0,100,0,90,0,85,0,2024/08/21,,,,,,,,,,,,,,,036112,,0,,0,PARFUME HI.COPY,JAGUOR,,,,100,0,0,,1,نواقص,99999,,55,,2024/08/21,,,,,,,,2024/08/21,,-1,,,,,نادر,,,,0,50,55,2024/04/17,,55,لا,110,100,90,85,0
1298,PARFUME HI.COPY Kalemat100ml High Copy,0,0,50,0,85,0,75,0,65,0,55,0,2022/08/22,,,,,,,,,,,,,,,023018,High Copy,0,,0,PARFUME HI.COPY,Kalemat100ml,,,,70,0,0,زيوت وعطور,1,---,99999,,50,,,,,,,,,,,,-1,,,,,رصيد اول المده,,,,0,41٫18,50,2021/08/01,,50,لا,85,75,65,55,0
1299,"PARFUME HI.COPY L""AMOUR",0,0,17٫72,0,40,0,35,0,30,0,25,0,2024/12/19,,,,,,,,,,,,,,,036047,,0,,0,PARFUME HI.COPY,"L""AMOUR",,,,125٫74,0,0,,1,نواقص,99999,,17٫5,,2022/06/18,,,,,,,,2022/03/21,,-1,,,,,مكتب الاصدقاء / القاهره,,,,0,55٫7,17٫72,2021/12/22,,17٫72,لا,40,35,30,25,0
1300,PARFUME HI.COPY La Taime Women,0,0,0,0,140,0,130,0,120,0,110,0,2024/04/17,,,,,,,,,,,,,,,036133,Women,0,,0,PARFUME HI.COPY,La Taime,,,,,0,0,,1,---,99999,,75,,,,,,,,,,,,-1,,,,,نادر,,,,0,,75,2024/04/17,,0,لا,140,130,120,110,0
1301,PARFUME HI.COPY LA VENTI Belle,0,0,110,0,175,0,165,0,155,0,145,0,2024/05/01,,,,,,,,,,,,,,,036110,Belle,0,,0,PARFUME HI.COPY,LA VENTI,,,,59٫09,0,0,,1,نواقص,99999,,110,,2024/05/01,,,,,,,,2024/05/01,,-1,,,,,ميخائيل نجع حمادي,,,,0,37٫14,110,2024/04/16,,110,لا,175,165,155,145,0
1302,PARFUME HI.COPY LA VENTI L'ANCOM,0,0,65,0,125,0,105,0,90,0,80,0,2024/12/19,,,,,,,,,,,,,,,036086,L'ANCOM,0,,0,PARFUME HI.COPY,LA VENTI,,,,92٫31,0,0,,1,نواقص,99999,,65,,2023/10/12,,,,,,,,2023/07/01,,-1,,,,,ميخائيل نجع حمادي,,,,0,48,65,2023/03/15,,65,لا,125,105,90,80,0
1303,PARFUME HI.COPY LACOST BLANC,0,0,61,0,130,0,110,0,90,0,80,0,2024/04/03,,,,,,,,,,,,,,,036009,,0,,0,PARFUME HI.COPY,LACOST BLANC,,,,113٫11,0,0,,1,نواقص,99999,,65,,2024/04/03,,,,,,,,2024/04/03,,-1,,,,,ميخائيل نجع حمادي,,,,0,53٫08,65,2023/09/05,,61,لا,130,110,90,80,0
1304,PARFUME HI.COPY LACOSTE YEIIOW,0,0,40,0,100,0,70,0,60,0,50,0,2024/12/19,,,,,,,,,,,,,,,036010,,0,,0,PARFUME HI.COPY,LACOSTE YEIIOW,,,,150,0,0,,1,نواقص,99999,,40,,2022/07/05,,,,,,,,,,-1,,,,,رويال/ادره المخازن,,,,0,60,40,2022/02/09,,40,لا,100,70,60,50,0
1305,PARFUME HI.COPY Lacoste Yellow,0,0,55,0,100,0,80,0,70,0,60,0,2023/10/16,,,,,,,,,,,,,,,023007,,0,,0,PARFUME HI.COPY,Lacoste Yellow,,,,81٫82,0,0,عطور,1,نواقص,99999,\us\134\pid\478\f132568445878640775092.png,55,,2023/10/12,,,,,,,,2023/10/16,,-1,2021/04/01,30,#HIGHCOPY ,"PARFUM,LACOSTE,YELLOW",رصيد اول المده,,,,0,45,55,2021/08/01,LACOSTE YELLOW,55,لا,100,80,70,60,3
1306,PARFUME HI.COPY Lapedos Blackextrem,0,0,27,0,,0,,0,,0,,0,2024/12/19,,,,,,,,,,,,,,,036061,Blackextrem,0,,0,PARFUME HI.COPY,Lapedos,,,,,0,0,,1,نواقص,99999,,27,,2023/10/12,,,,,,,,2023/04/08,,-1,,,,,الاستاذ/عبد الفتاح سمير,,,,0,,27,2022/02/11,,27,لا,,,,,0
1307,PARFUME HI.COPY Liquid Gold High Copy,0,0,0,0,40,0,35,0,30,0,25,0,,,,,,,,,,,,,,,,023015,High Copy,0,,0,PARFUME HI.COPY,Liquid Gold,,,,,0,0,,1,---,99999,,0,,,,,,,,,,,,-1,,,,,,,,,0,,0,,,0,لا,40,35,30,25,0
1308,PARFUME HI.COPY Marina 50ml,0,0,18٫73,0,35,0,30,0,28,0,25,0,2022/05/01,,,,,,,,,,,,,,,6224000758042,50ml,0,,0,PARFUME HI.COPY,Marina,,,,86٫84,0,0,,1,نواقص,99999,,18٫5,,2022/05/01,,,,,,,,2022/05/01,,-1,,,,,مكتب الاصدقاء / القاهره,,,,0,46٫48,18٫73,2021/12/22,,18٫73,لا,35,30,28,25,0
1309,PARFUME HI.COPY Ment Blank,0,0,30٫38,0,60,0,50,0,40,0,35,0,2024/12/19,,,,,,,,,,,,,,,6224000441067,,0,,0,PARFUME HI.COPY,Ment Blank,,,,97٫52,0,0,,1,نواقص,99999,,30,,2022/07/05,,,,,,,,2022/07/03,,-1,,,,,مكتب الاصدقاء / القاهره,,,,0,49٫37,30٫38,2021/12/22,,30٫38,لا,60,50,40,35,0
1310,PARFUME HI.COPY MON PARIS WOMAN 100 ML,0,0,60,0,120,0,100,0,80,0,70,0,2023/12/20,,,,,,,,,,,,,,,036039,WOMAN,0,,0,PARFUME HI.COPY,MON PARIS,100 ML,,,100,0,0,,1,نواقص,99999,,60,,2022/12/10,,,,,,,,2023/12/20,,-1,,,,,ا/عبد الفتاح سمير عبد الفتاح,,,,0,50,60,2021/09/14,,60,لا,120,100,80,70,0
1311,PARFUME HI.COPY ONE MAN SHOW,0,0,0,0,70,0,60,0,50,0,45,0,,,,,,,,,,,,,,,,036026,,0,,0,PARFUME HI.COPY,ONE MAN SHOW,,,,,0,0,,1,نواقص,99999,,0,,2021/07/14,,,,,,,,,,-1,,,,,,,,,0,,0,,,0,لا,70,60,50,45,0
1312,PARFUME HI.COPY One Men Show,0,0,27,0,60,0,50,0,40,0,35,0,2022/12/01,,,,,,,,,,,,,,,3355991003408,,0,,0,PARFUME HI.COPY,One Men Show,,,,122٫22,0,0,,1,نواقص,99999,,27,,2022/12/01,,,,,,,,2022/12/01,,-1,,,,,رويال/ادره المخازن,,,,0,55,27,2022/02/11,,27,لا,60,50,40,35,0
1313,PARFUME HI.COPY Organza M.m,0,0,27,0,60,0,50,0,40,0,35,0,2024/12/19,,,,,,,,,,,,,,,036064,M.m,0,,0,PARFUME HI.COPY,Organza,,,,122٫22,0,0,,1,نواقص,99999,,27,,2022/11/25,,,,,,,,2022/11/25,,-1,,,,,الاستاذ/عبد الفتاح سمير,,,,0,55,27,2022/02/11,,27,لا,60,50,40,35,0
1314,PARFUME HI.COPY Paco Rabanne Invictus,0,0,0,0,120,0,110,0,100,0,85,0,,,,,,,,,,,,,,,,036093,,0,,0,PARFUME HI.COPY,Paco Rabanne Invictus,,,,,0,0,,1,---,99999,,0,,,,,,,,,,,,-1,,,,,,,,,0,,0,,,0,لا,120,110,100,85,0
1315,PARFUME HI.COPY Perceptive 50ml,0,0,18٫73,0,35,0,30,0,28,0,25,0,2022/11/20,,,,,,,,,,,,,,,6224000758721,50ml,0,,0,PARFUME HI.COPY,Perceptive,,,,86٫84,0,0,,1,نواقص,99999,,18٫5,,2022/11/21,,,,,,,,2022/11/20,,-1,,,,,مكتب الاصدقاء / القاهره,,,,0,46٫48,18٫73,2021/12/22,,18٫73,لا,35,30,28,25,0
1316,PARFUME HI.COPY PINK LOVE,0,0,125,0,250,0,225,0,200,0,175,0,2024/09/06,,,,,,,,,,,,,,,3587925212925,,0,,0,PARFUME HI.COPY,PINK LOVE,,,,100,0,0,,1,---,99999,,125,,,,,,,,,,2024/09/06,,-1,,,,,نادر,,,,0,50,125,2024/04/17,,125,لا,250,225,200,175,0
1317,PARFUME HI.COPY PURE BLACK 2,0,0,40,0,75,0,65,0,55,0,50,0,2024/12/19,,,,,,,,,,,,,,,036023,2,0,,0,PARFUME HI.COPY,PURE BLACK,,,,87٫5,0,0,,1,نواقص,99999,,40,,2021/07/14,,,,,,,,,,-1,,,,,رويال/ادره المخازن,,,,0,46٫67,40,2022/02/09,,40,لا,75,65,55,50,0
1318,PARFUME HI.COPY PURE XS,0,0,50,0,100,0,80,0,70,0,60,0,2024/12/19,,,,,,,,,,,,,,,036005,,0,,0,PARFUME HI.COPY,PURE XS,,,,100,0,0,,1,نواقص,851,,50,,2023/10/12,,,,,,,,2024/09/13,,-1,,,,,رويال/ادره المخازن,,,,0,50,50,2022/02/09,,50,لا,100,80,70,60,0
1319,PARFUME HI.COPY PURE XS 100 Ml,0,0,55,0,120,0,100,0,85,0,75,0,2023/03/09,,,,,,,,,,,,,,,3349668551163,100 Ml,0,,0,PARFUME HI.COPY,PURE XS,,,,118٫18,0,0,,1,نواقص,99999,,55,,2023/03/11,,,,,,,,2023/03/09,,-1,,,,,الاستاذ/عبد الفتاح سمير,,,,0,54٫17,55,2022/02/11,,55,لا,120,100,85,75,0
1320,PARFUME HI.COPY PURE XS MAN 100 ML,0,0,60,0,120,0,100,0,80,0,70,0,2024/12/19,,,,,,,,,,,,,,,036037,MAN,0,,0,PARFUME HI.COPY,PURE XS,100 ML,,,100,0,0,,1,نواقص,99999,,60,,2023/03/11,,,,,,,,2023/03/11,,-1,,,,,ا/عبد الفتاح سمير عبد الفتاح,,,,0,50,60,2021/09/14,,60,لا,120,100,80,70,0
1321,PARFUME HI.COPY QIAN,0,0,20٫25,0,40,0,35,0,30,0,25,0,2022/12/13,,,,,,,,,,,,,,,036048,,0,,0,PARFUME HI.COPY,QIAN,,,,97٫52,0,0,,1,نواقص,99999,,20,,2022/12/13,,,,,,,,2022/12/13,,-1,,,,,مكتب الاصدقاء / القاهره,,,,0,49٫37,20٫25,2021/12/22,,20٫25,لا,40,35,30,25,0
1322,PARFUME HI.COPY RED FREE MAN,0,0,30,0,60,0,50,0,45,0,36,0,2024/12/19,,,,,,,,,,,,,,,036016,FREE MAN,0,,0,PARFUME HI.COPY,RED,,,,100,0,0,,1,نواقص,99999,,30,,2023/10/12,,,,,,,,2022/03/23,,-1,,,,,رويال/ادره المخازن,,,,0,50,30,2022/02/09,,30,لا,60,50,45,36,0
1323,PARFUME HI.COPY Reme Marces,0,0,50,0,100,0,90,0,85,0,75,0,2023/12/10,,,,,,,,,,,,,,,725272332009,,0,,0,PARFUME HI.COPY,Reme Marces,,,,100,0,0,,1,نواقص,99999,,50,,2023/12/10,,,,,,,,2023/12/10,,-1,,,,,ميخائيل نجع حمادي,,,,0,50,50,2023/08/14,,50,لا,100,90,85,75,0
1324,PARFUME HI.COPY Rock Star,0,0,40,0,80,0,70,0,60,0,55,0,2022/12/10,,,,,,,,,,,,,,,6291108720868,,0,,0,PARFUME HI.COPY,Rock Star,,,,100,0,0,,1,نواقص,99999,,40,,2022/12/10,,,,,,,,2022/12/10,,-1,,,,,رويال/ادره المخازن,,,,0,50,40,2022/02/11,,40,لا,80,70,60,55,0
1325,PARFUME HI.COPY Roletts,0,0,6,0,12,0,10,0,9,0,8,0,2024/12/19,,,,,,,,,,,,,,,036088,,0,,0,PARFUME HI.COPY,Roletts,,,,100,0,0,,1,نواقص,99999,,6,,2023/10/12,,,,,,,,2023/07/04,,-1,,,,,كيرمينا,,,,0,50,6,2023/04/14,,6,لا,12,10,9,8,0
1326,PARFUME HI.COPY Scandal Pink,0,0,75,0,140,0,125,0,100,0,90,0,2023/04/17,,,,,,,,,,,,,,,036087,Pink,0,,0,PARFUME HI.COPY,Scandal,,,,86٫67,0,0,,1,نواقص,99999,,75,,2023/04/18,,,,,,,,2023/04/17,,-1,,,,,ميخائيل نجع حمادي,,,,0,46٫43,75,2023/04/11,,75,لا,140,125,100,90,0
1327,PARFUME HI.COPY Scandal TESTER,0,0,43,0,75,0,70,0,65,0,60,0,2024/12/19,,,,,,,,,,,,,,,036100,TESTER,0,,0,PARFUME HI.COPY,Scandal,,,,74٫42,0,0,,1,نواقص,99999,,43,,2023/11/02,,,,,,,,2023/11/02,,-1,,,,,مدحت ميكب,,,,0,42٫67,43,2023/09/09,,43,لا,75,70,65,60,0
1328,PARFUME HI.COPY Scandal NEW TESTER,0,0,47,0,80,0,75,0,70,0,65,0,2023/10/11,,,,,,,,,,,,,,,036101,TESTER,0,,0,PARFUME HI.COPY,Scandal NEW,,,,70٫21,0,0,,1,---,99999,,47,,,,,,,,,,2023/10/11,,-1,,,,,مدحت ميكب,,,,0,41٫25,47,2023/09/09,,47,لا,80,75,70,65,0
1329,PARFUME HI.COPY Sculpture,0,0,18٫23,0,35,0,30,0,28,0,25,0,2023/02/08,,,,,,,,,,,,,,,036054,,0,,0,PARFUME HI.COPY,Sculpture,,,,92٫03,0,0,,1,نواقص,99999,,18,,2023/02/08,,,,,,,,2023/02/08,,-1,,,,,مكتب الاصدقاء / القاهره,,,,0,47٫93,18٫23,2021/12/22,,18٫23,لا,35,30,28,25,0
1330,PARFUME HI.COPY SENIORE,0,0,90,0,185,0,170,0,150,0,135,0,2024/09/06,,,,,,,,,,,,,,,036119,,0,,0,PARFUME HI.COPY,SENIORE,,,,105٫56,0,0,,1,---,99999,,90,,,,,,,,,,2024/09/06,,-1,,,,,نادر,,,,0,51٫35,90,2024/04/17,,90,لا,185,170,150,135,0
1331,PARFUME HI.COPY Si Black 100ml,0,0,75,0,140,0,135,0,130,0,110,0,2024/12/19,,,,,,,,,,,,,,,3365440226708   3605522035249,Black,0,,0,PARFUME HI.COPY,Si,100ml,,,86٫67,0,0,,1,نواقص,99999,,75,,2023/10/12,,,,,,,,2023/03/08,,-1,,,,,ميخائيل نجع حمادي,,,,0,46٫43,75,2023/08/14,,75,لا,140,135,130,110,0
1332,PARFUME HI.COPY Si Black 110ml,0,0,115,0,175,0,165,0,155,0,145,0,2024/04/22,,,,,,,,,,,,,,,6224000441326,Black,0,,0,PARFUME HI.COPY,Si,110ml,,,52٫17,0,0,,1,نواقص,99999,,115,,2024/04/22,,,,,,,,2024/04/22,,-1,,,,,ميخائيل نجع حمادي,,,,0,34٫29,115,2024/04/16,,115,لا,175,165,155,145,0
1333,PARFUME HI.COPY Si White,0,0,30٫38,0,60,0,50,0,40,0,35,0,2024/12/19,,,,,,,,,,,,,,,3605522035188,White,0,,0,PARFUME HI.COPY,Si,,,,97٫52,0,0,,1,نواقص,99999,,30,,2023/10/12,,,,,,,,2022/02/04,,-1,,,,,مكتب الاصدقاء / القاهره,,,,0,49٫37,30٫38,2021/12/22,,30٫38,لا,60,50,40,35,0
1334,PARFUME HI.COPY SI Giorgio Armani Red,0,0,45٫57,0,90,0,80,0,70,0,55,0,2022/01/03,,,,,,,,,,,,,,,036041,Red,0,,0,PARFUME HI.COPY,SI Giorgio Armani,,,,97٫52,0,0,,1,نواقص,99999,,45,,2022/01/12,,,,,,,,2022/01/03,,-1,,,,,مكتب الاصدقاء / القاهره,,,,0,49٫37,45٫57,2021/12/22,,45٫57,لا,90,80,70,55,0
1335,PARFUME HI.COPY SILVER SCENT,0,0,70,0,150,0,130,0,110,0,95,0,2024/04/06,,,,,,,,,,,,,,,036099,,0,,0,PARFUME HI.COPY,SILVER SCENT,,,,114٫29,0,0,,1,نواقص,851,,70,,2023/11/26,,,,,,,,2024/04/06,,-1,,,,,ميخائيل نجع حمادي,,,,0,53٫33,70,2023/09/05,,70,لا,150,130,110,95,0
1336,PARFUME HI.COPY SILVER SCENT INTENSE,0,0,61,0,150,0,120,0,90,0,80,0,2024/12/19,,,,,,,,,,,,,,,036003,INTENSE,0,,0,PARFUME HI.COPY,SILVER SCENT,,,,145٫9,0,0,,1,نواقص,99999,,58,,2023/11/10,,,,,,,,2023/11/10,,-1,,,,,ميخائيل نجع حمادي,,,,0,59٫33,58,2023/03/15,,61,لا,150,120,90,80,0
1337,PARFUME HI.COPY SILVER SCENT Pure,0,0,35٫44,0,70,0,60,0,50,0,40,0,2024/12/19,,,,,,,,,,,,,,,3423473095750,Pure,0,,0,PARFUME HI.COPY,SILVER SCENT,,,,97٫52,0,0,,1,نواقص,99999,,35,,2022/07/05,,,,,,,,2022/04/27,,-1,,,,,مكتب الاصدقاء / القاهره,,,,0,49٫37,35٫44,2021/12/22,,35٫44,لا,70,60,50,40,0
1338,PARFUME HI.COPY SLLVER SHADOW FREE MAN,0,0,30,0,60,0,50,0,45,0,36,0,2023/01/16,,,,,,,,,,,,,,,036021,FREE MAN,0,,0,PARFUME HI.COPY,SLLVER SHADOW,,,,100,0,0,,1,نواقص,99999,,30,,2023/01/17,,,,,,,,2023/01/16,,-1,,,,,رويال/ادره المخازن,,,,0,50,30,2022/02/09,,30,لا,60,50,45,36,0
1339,PARFUME HI.COPY SUPERIOR MAN,0,0,145,0,285,0,250,0,225,0,200,0,2024/06/26,,,,,,,,,,,,,,,5060053110045,,0,,0,PARFUME HI.COPY,SUPERIOR MAN,,,,96٫55,0,0,,1,---,99999,,145,,,,,,,,,,2024/06/26,,-1,,,,,نادر,,,,0,49٫12,145,2024/04/17,,145,لا,285,250,225,200,0
1340,PARFUME HI.COPY Tender,0,0,21٫26,0,40,0,35,0,30,0,25,0,2024/12/19,,,,,,,,,,,,,,,9644000028186,,0,,0,PARFUME HI.COPY,Tender,,,,88٫11,0,0,,1,نواقص,99999,,21,,2023/10/12,,,,,,,,2022/02/04,,-1,,,,,مكتب الاصدقاء / القاهره,,,,0,46٫84,21٫26,2021/12/22,,21٫26,لا,40,35,30,25,0
1341,PARFUME HI.COPY Thirty Seven,0,0,50,0,150,0,120,0,100,0,70,0,2024/12/19,,,,,,,,,,,,,,,036072,,0,,0,PARFUME HI.COPY,Thirty Seven,,,,200,0,0,,1,---,99999,,50,,,,,,,,,,,,-1,,,,,رويال/ادره المخازن,,,,0,66٫67,50,2022/02/11,,50,لا,150,120,100,70,0
1342,PARFUME HI.COPY Tom Ford,0,0,35,0,75,0,60,0,50,0,45,0,2024/12/19,,,,,,,,,,,,,,,036070,,0,,0,PARFUME HI.COPY,Tom Ford,,,,114٫29,0,0,,1,---,99999,,35,,,,,,,,,,,,-1,,,,,رويال/ادره المخازن,,,,0,53٫33,35,2022/02/11,,35,لا,75,60,50,45,0
1343,PARFUME HI.COPY Trezor Lancome,0,0,60,0,130,0,110,0,90,0,70,0,2023/11/10,,,,,,,,,,,,,,,036068,Lancome,0,,0,PARFUME HI.COPY,Trezor,,,,116٫67,0,0,,1,نواقص,99999,,60,,2023/11/11,,,,,,,,2023/11/10,,-1,,,,,رويال/ادره المخازن,,,,0,53٫85,60,2022/02/11,,60,لا,130,110,90,70,0
1344,PARFUME HI.COPY Ventura,0,0,35٫44,0,70,0,65,0,60,0,55,0,2024/12/19,,,,,,,,,,,,,,,036060,,0,,0,PARFUME HI.COPY,Ventura,,,,97٫52,0,0,,1,نواقص,99999,,35,,2023/10/12,,,,,,,,,,-1,,,,,مكتب الاصدقاء / القاهره,,,,0,49٫37,35٫44,2021/12/22,,35٫44,لا,70,65,60,55,0
1345,PARFUME HI.COPY Victoria Secret Intense,0,0,80,0,150,0,145,0,135,0,125,0,2025/06/16,,,,,,,,,,,,,,,036091,Intense,0,,0,PARFUME HI.COPY,Victoria Secret,,,,87٫5,0,0,,1,نواقص,99999,,80,,2025/06/17,,,,,,,,2025/06/16,,-1,,,,,ميخائيل نجع حمادي,,,,0,46٫67,80,2023/08/14,,80,لا,150,145,135,125,0
1346,"PARFUME HI.COPY Viictoria""s Secret Bombshel",0,0,75,0,145,0,135,0,130,0,125,0,2023/11/10,,,,,,,,,,,,,,,6224000758479,Bombshel,0,,0,PARFUME HI.COPY,"Viictoria""s Secret",,,,93٫33,0,0,,1,نواقص,99999,,75,,2023/11/11,,,,,,,,2023/11/10,,-1,,,,,ميخائيل نجع حمادي,,,,0,48٫28,75,2023/08/14,,75,لا,145,135,130,125,0
1347,PARFUME HI.COPY Vip 212 85 Ml,0,0,29٫36,0,65,0,60,0,55,0,50,0,2024/12/19,,,,,,,,,,,,,,,036050,85 Ml,0,,0,PARFUME HI.COPY,Vip 212,,,,121٫36,0,0,,1,نواقص,99999,,29,,2022/12/18,,,,,,,,2022/12/18,,-1,,,,,مكتب الاصدقاء / القاهره,,,,0,54٫82,29٫36,2021/12/22,,29٫36,لا,65,60,55,50,0
1348,PARFUME HI.COPY Wiek And 50 Ml,0,0,18٫23,0,35,0,30,0,28,0,25,0,2022/11/29,,,,,,,,,,,,,,,036051,50 Ml,0,,0,PARFUME HI.COPY,Wiek And,,,,92٫03,0,0,,1,نواقص,99999,,18,,2022/11/29,,,,,,,,2022/11/29,,-1,,,,,مكتب الاصدقاء / القاهره,,,,0,47٫93,18٫23,2021/12/22,,18٫23,لا,35,30,28,25,0
1349,PARFUME HI.COPY Women Of World 50ml,0,0,18٫73,0,35,0,30,0,28,0,25,0,2022/08/26,,,,,,,,,,,,,,,6224000758738,50ml,0,,0,PARFUME HI.COPY,Women Of World,,,,86٫84,0,0,,1,نواقص,99999,,18٫5,,2022/08/27,,,,,,,,2022/08/26,,-1,,,,,مكتب الاصدقاء / القاهره,,,,0,46٫48,18٫73,2021/12/22,,18٫73,لا,35,30,28,25,0
1350,PARFUME HI.COPY XL محفظه,0,0,35,0,65,0,50,0,45,0,40,0,2024/12/19,,,,,,,,,,,,,,,036031,محفظه,0,,0,PARFUME HI.COPY,XL,,,,85٫71,0,0,,1,نواقص,99999,,35,,2021/07/14,,,,,,,,,,-1,,,,,رويال/ادره المخازن,,,,0,46٫15,35,2022/02/09,,35,لا,65,50,45,40,0
1351,PARFUME HI.COPY XL MAN FREE MAN,0,0,30,0,60,0,50,0,45,0,36,0,2024/12/19,,,,,,,,,,,,,,,036018,FREE MAN,0,,0,PARFUME HI.COPY,XL MAN,,,,100,0,0,,1,نواقص,99999,,30,,2023/10/12,,,,,,,,,,-1,,,,,رويال/ادره المخازن,,,,0,50,30,2022/02/09,,30,لا,60,50,45,36,0
1352,PARFUME HI.COPY Yves Saint Laurent Mon Paris,0,0,75,0,130,0,120,0,100,0,90,0,2024/12/19,,,,,,,,,,,,,,,036071,Mon Paris,0,,0,PARFUME HI.COPY,Yves Saint Laurent,,,,73٫33,0,0,,1,---,99999,,75,,,,,,,,,,,,-1,,,,,رويال/ادره المخازن,,,,0,42٫31,75,2022/02/11,,75,لا,130,120,100,90,0
1353,PARFUME HI.COPY برفان تستر قلم,0,0,27٫5,0,50,0,45,0,40,0,30,0,2024/12/19,,,,,,,,,,,,,,,036095,,0,,0,PARFUME HI.COPY,برفان تستر قلم,,,,81٫82,0,0,,1,نواقص,99999,,27٫5,,2023/10/12,,,,,,,,,,-1,,,,,ميخائيل نجع حمادي,,,,0,45,27٫5,2023/08/29,,27٫5,لا,50,45,40,30,0
1354,PARFUME HI.COPY برفان جليتر,0,0,110,0,220,0,200,0,180,0,160,0,2026/02/04,,,,,,,,,,,,,,,036144,,0,,0,PARFUME HI.COPY,برفان جليتر,,,,100,0,0,,1,نواقص,99999,,110,,2026/02/04,,,,,,,,2026/02/04,,-1,,,,,ميخائيل نجع حمادي,,,,0,50,110,2025/12/02,,110,لا,220,200,180,160,0
1355,PARFUME HI.COPY بوكس Si+ اسبلاش+مخمريه,0,0,145,0,220,0,210,0,200,0,190,0,2024/03/17,,,,,,,,,,,,,,,036106,,0,,0,PARFUME HI.COPY,بوكس Si+ اسبلاش+مخمريه,,,,51٫72,0,0,,1,نواقص,99999,,145,,2024/03/17,,,,,,,,2024/03/17,,-1,,,,,ميخائيل نجع حمادي,,,,0,34٫09,145,2024/02/13,,145,لا,220,210,200,190,0
1356,PARFUME HI.COPY بوكس سوفاج +حظاظه,0,0,130,0,190,0,180,0,170,0,160,0,2024/02/13,,,,,,,,,,,,,,,036105,,0,,0,PARFUME HI.COPY,بوكس سوفاج +حظاظه,,,,46٫15,0,0,,1,نواقص,99999,,130,,2024/02/13,,,,,,,,2024/02/13,,-1,,,,,ميخائيل نجع حمادي,,,,0,31٫58,130,2024/02/13,,130,لا,190,180,170,160,0
1357,PARFUME HI.COPY طقم برفان,0,0,21٫26,0,45,0,40,0,35,0,30,0,2023/03/18,,,,,,,,,,,,,,,036043,,0,,0,PARFUME HI.COPY,طقم برفان,,,,111٫63,0,0,,1,نواقص,99999,,21,,2023/03/18,,,,,,,,2023/03/18,,-1,,,,,مكتب الاصدقاء / القاهره,,,,0,52٫75,21٫26,2021/12/22,,21٫26,لا,45,40,35,30,0
1358,PARFUME HI.COPY عود المنصور For Men,0,0,35٫44,0,70,0,60,0,50,0,40,0,2024/12/19,,,,,,,,,,,,,,,8005610535296,For Men,0,,0,PARFUME HI.COPY,عود المنصور,,,,97٫52,0,0,,1,نواقص,99999,,35,,2022/07/05,,,,,,,,2022/07/17,,-1,,,,,مكتب الاصدقاء / القاهره,,,,0,49٫37,35٫44,2021/12/22,,35٫44,لا,70,60,50,40,0
1359,PARFUME HI.COPY مذهله50م High Copy,0,0,20,0,40,0,35,0,30,0,25,0,2024/12/19,,,,,,,,,,,,,,,023020,High Copy,0,,0,PARFUME HI.COPY,مذهله50م,,,,100,0,0,زيوت وعطور,1,---,99999,,20,,,,,,,,,,,,-1,,,,,رصيد اول المده,,,,0,50,20,2021/08/01,,20,لا,40,35,30,25,0
1360,PARFUME HI.COPY وصال,0,0,60,0,120,0,100,0,80,0,70,0,2024/12/19,,,,,,,,,,,,,,,036073,,0,,0,PARFUME HI.COPY,وصال,,,,100,0,0,,1,---,99999,,60,,,,,,,,,,,,-1,,,,,رويال/ادره المخازن,,,,0,50,60,2022/02/11,,60,لا,120,100,80,70,0
1361,PARFUME HI.COPY 6922551142746,0,0,0,0,,0,,0,,0,,0,,,,,,,,,,,,,,,,036096,,0,,0,PARFUME HI.COPY,6922551142746,,,,,0,0,,1,---,99999,,0,,,,,,,,,,,,-1,,,,,,,,,0,,0,,,0,لا,,,,,0
129,إجمالي -   PARFUME HI.COPY,0,0,0,0,0,0,0,0,0,0,0,0,,0,0,0,0,0,0,0,0,0,0,0,0,0,0,,,0,0,0,,,,,,0,0,,,,,,,0,,,,,0,0,0,0,0,,,,,,,,,,,,,,0,,,0,,0,0,0,0,
,,,,,,,,,,,,,,,,,,,,,,,,,,,,,,,,,,,,,,,,,,,,,,,,,,,,,,,,,,,,,,,,,,,,,,,,,,,,,,,
,PARFUME OIL,,,,,,,,,,,,,,,,,,,,,,,,,,,,,,,,,PARFUME OIL,,,,,,,,,,,,,,,,,,,,,,,,,,,,,,,,,,,,,,,,,,,,,
1362,PARFUME OIL AMBER OIL GM,0,0,3٫09,0,5,0,4٫5,0,4,0,3٫5,0,2026/03/04,,,,,,,,,,,,,,,137013,GM,0,,0,PARFUME OIL,AMBER OIL,,,,61٫86,0,0,,1,---,99999,,2٫5,,,,,,,,,,2026/03/04,,-1,,,,,MMQ FRAGRANCE,,,,0,38٫22,3٫09,2025/12/31,,3٫09,لا,5,4٫5,4,3٫5,0
1363,PARFUME OIL CREED AVENTUS OIL GM,0,0,4٫82,0,8,0,7٫5,0,7,0,6٫5,0,2026/03/09,,,,,,,,,,,,,,,137018,GM,0,,0,PARFUME OIL,CREED AVENTUS OIL,,,,66٫02,0,0,,1,---,99999,,3٫9,,,,,,,,,,2026/03/09,,-1,,,,,MMQ FRAGRANCE,,,,0,39٫77,4٫82,2025/12/31,,4٫82,لا,8,7٫5,7,6٫5,0
1364,PARFUME OIL ESCADA CHERRI GM,0,0,2٫84,0,5,0,4٫5,0,4,0,3٫5,0,2026/03/04,,,,,,,,,,,,,,,137003,GM,0,,0,PARFUME OIL,ESCADA CHERRI,,,,75٫94,0,0,,1,---,99999,,2٫3,,,,,,,,,,2026/03/04,,-1,,,,,MMQ FRAGRANCE,,,,0,43٫16,2٫84,2025/12/31,,2٫84,لا,5,4٫5,4,3٫5,0
1365,PARFUME OIL FANTAZIA BRITNEY SPEARS,0,0,3٫2,0,6٫5,0,6,0,5٫5,0,5,0,2026/03/09,,,,,,,,,,,,,,,137040,,0,,0,PARFUME OIL,FANTAZIA BRITNEY SPEARS,,,,103٫13,0,0,,1,---,99999,,3٫2,,,,,,,,,,2026/03/09,,-1,,,,,MMQ FRAGRANCE,,,,0,50٫77,3٫2,2026/01/12,,3٫2,لا,6٫5,6,5٫5,5,0
1366,PARFUME OIL KESHMIR OIL GM,0,0,3٫95,0,6٫5,0,6,0,5٫5,0,5,0,2026/03/09,,,,,,,,,,,,,,,137019,GM,0,,0,PARFUME OIL,KESHMIR OIL,,,,64٫4,0,0,,1,---,99999,,3٫2,,,,,,,,,,2026/03/09,,-1,,,,,MMQ FRAGRANCE,,,,0,39٫17,3٫95,2025/12/31,,3٫95,لا,6٫5,6,5٫5,5,0
1367,PARFUME OIL Reve Voile,0,0,4,0,8,0,7٫5,0,7,0,6٫5,0,2026/03/04,,,,,,,,,,,,,,,137036,,0,,0,PARFUME OIL,Reve Voile,,,,100,0,0,,1,---,99999,,4,,,,,,,,,,2026/03/04,,-1,,,,,MMQ FRAGRANCE,,,,0,50,4,2026/01/12,,4,لا,8,7٫5,7,6٫5,0
1368,PARFUME OIL ROSE VANILIA,0,0,3٫46,0,7,0,6٫5,0,6,0,5٫5,0,2026/03/04,,,,,,,,,,,,,,,137037,,0,,0,PARFUME OIL,ROSE VANILIA,,,,102٫31,0,0,,1,---,99999,,3٫46,,,,,,,,,,2026/03/04,,-1,,,,,MMQ FRAGRANCE,,,,0,50٫57,3٫46,2026/01/12,,3٫46,لا,7,6٫5,6,5٫5,0
1369,PARFUME OIL Royal Signture Men 50 Ml,0,0,80,0,150,0,135,0,110,0,95,0,2026/05/25,,,,,,,,,,,,,,,137086,Men,0,,0,PARFUME OIL,Royal Signture,50 Ml,مدور,,87٫5,0,0,,1,نواقص,99999,,80,,2026/05/25,,,,,,,,2026/05/25,,-1,,,,,Royal Elchim Brand,,,,0,46٫67,80,2026/04/23,,80,لا,150,135,110,95,0
1370,PARFUME OIL STRONGER WZ U,0,0,3٫44,0,7,0,6٫5,0,6,0,5٫5,0,2026/03/09,,,,,,,,,,,,,,,137034,,0,,0,PARFUME OIL,STRONGER WZ U,,,,103٫49,0,0,,1,---,99999,,3٫44,,,,,,,,,,2026/03/09,,-1,,,,,MMQ FRAGRANCE,,,,0,50٫86,3٫44,2026/01/12,,3٫44,لا,7,6٫5,6,5٫5,0
1371,PARFUME OIL TOBACO VANILIA,0,0,0,0,6,0,5٫5,0,5,0,4٫5,0,2026/01/12,,,,,,,,,,,,,,,137032,,0,,0,PARFUME OIL,TOBACO VANILIA,,,,,0,0,,1,---,99999,,0,,,,,,,,,,,,-1,,,,,MMQ FRAGRANCE,,,,0,,0,,,0,لا,6,5٫5,5,4٫5,0
1372,PARFUME OIL WEEKEND WOMEN OIL GM,0,0,2٫84,0,4٫5,0,4,0,3٫5,0,3,0,2026/03/04,,,,,,,,,,,,,,,137024,GM,0,,0,PARFUME OIL,WEEKEND WOMEN OIL,,,,58٫35,0,0,,1,---,99999,,2٫3,,,,,,,,,,2026/03/04,,-1,,,,,MMQ FRAGRANCE,,,,0,36٫85,2٫84,2025/12/31,,2٫84,لا,4٫5,4,3٫5,3,0
1373,PARFUME OIL WOMEN OF EARTH,0,0,3٫7,0,7٫5,0,7,0,6٫5,0,6,0,2026/03/04,,,,,,,,,,,,,,,137033,,0,,0,PARFUME OIL,WOMEN OF EARTH,,,,102٫7,0,0,,1,---,99999,,3٫7,,,,,,,,,,2026/03/04,,-1,,,,,MMQ FRAGRANCE,,,,0,50٫67,3٫7,2026/01/12,,3٫7,لا,7٫5,7,6٫5,6,0
12,إجمالي -   PARFUME OIL,0,0,0,0,0,0,0,0,0,0,0,0,,0,0,0,0,0,0,0,0,0,0,0,0,0,0,,,0,0,0,,,,,,0,0,,,,,,,0,,,,,0,0,0,0,0,,,,,,,,,,,,,,0,,,0,,0,0,0,0,
,,,,,,,,,,,,,,,,,,,,,,,,,,,,,,,,,,,,,,,,,,,,,,,,,,,,,,,,,,,,,,,,,,,,,,,,,,,,,,,
,Pretty Women,,,,,,,,,,,,,,,,,,,,,,,,,,,,,,,,,Pretty Women,,,,,,,,,,,,,,,,,,,,,,,,,,,,,,,,,,,,,,,,,,,,,
1374,Pretty Women 2*1 LIPGLOS,0,0,24٫65,0,50,0,45,0,40,0,35,0,2024/02/19,,,,,,,,,,,,,,,072023,,0,,0,Pretty Women,2*1 LIPGLOS,,,,102٫87,0,0,,1,---,99999,,24٫58,,,,,,,,,,2024/02/19,,-1,,,,,ميخائيل,,,,0,50٫71,24٫65,2024/02/18,,24٫65,لا,50,45,40,35,0
1375,Pretty Women DEEP LINER MATTE 1,0,0,22٫77,0,45,0,40,0,35,0,30,0,2024/12/19,,,,,,,,,,,,,,,6223010522636,MATTE,0,,0,Pretty Women,DEEP LINER,1,,,97٫6,0,0,,1,نواقص,99999,,22,,2023/10/12,,,,,,,,2023/09/19,,-1,,,,,الاصدقاء,,,,0,49٫39,22٫77,2023/03/04,,22٫77,لا,45,40,35,30,0
1376,Pretty Women DEEP LINER MATTE 2,0,0,21٫74,0,40,0,35,0,30,0,28,0,2024/12/19,,,,,,,,,,,,,,,6223002242467,MATTE,0,,0,Pretty Women,DEEP LINER,2,,,84٫01,0,0,,1,نواقص,99999,,21,,2023/07/18,,,,,,,,2023/07/18,,-1,,,,,الاصدقاء,,,,0,45٫65,21٫74,2023/03/04,,21٫74,لا,40,35,30,28,0
1377,Pretty Women Eye Shadow 24 1015,0,0,64٫18,0,150,0,135,0,120,0,100,0,2023/06/03,,,,,,,,,,,,,,,6223002245376,1015,0,,0,Pretty Women,Eye Shadow 24,,,,133٫72,0,0,,1,نواقص,99999,,62,,2023/06/04,,,,,,,,2023/06/03,,-1,,,,,الاصدقاء,,,,0,57٫21,64٫18,2023/03/04,,64٫18,لا,150,135,120,100,0
1378,Pretty Women Eye Shadow 24 LONG WEAR,0,0,64٫18,0,135,0,120,0,100,0,90,0,2024/07/28,,,,,,,,,,,,,,,6223002245093,LONG WEAR,0,,0,Pretty Women,Eye Shadow 24,,,,110٫35,0,0,,1,نواقص,99999,,62,,2024/07/28,,,,,,,,2024/07/28,,-1,,,,,الاصدقاء,,,,0,52٫46,64٫18,2023/03/04,,64٫18,لا,135,120,100,90,0
1379,Pretty Women Eye Shadow 24 PALETTE,0,0,119٫04,0,200,0,185,0,170,0,150,0,2026/05/26,,,,,,,,,,,,,,,6223002244928,PALETTE,0,,0,Pretty Women,Eye Shadow 24,,,,68٫01,0,0,,1,نواقص,99999,,115,,2026/05/26,,,,,,,,2026/05/26,,-1,,,,,الاصدقاء,,,,0,40٫48,119٫04,2023/03/04,,119٫04,لا,200,185,170,150,0
1380,Pretty Women Eye Shadow 32 Long Wear,0,0,124٫22,0,200,0,180,0,1555,0,145,0,2025/10/19,,,,,,,,,,,,,,,072013,Long Wear,0,,0,Pretty Women,Eye Shadow 32,,,,61٫01,0,0,,1,نواقص,99999,,120,,2025/10/20,,,,,,,,2025/10/19,,-1,,,,,الاصدقاء,,,,0,37٫89,124٫22,2023/03/04,,124٫22,لا,200,180,1555,145,0
1381,Pretty Women EYE SHADOW 35,0,0,129٫4,0,250,0,220,0,190,0,170,0,2023/08/03,,,,,,,,,,,,,,,6223002245369,,0,,0,Pretty Women,EYE SHADOW 35,,,,93٫21,0,0,,1,نواقص,99999,,125,,2023/08/03,,,,,,,,2023/08/03,,-1,,,,,الاصدقاء,,,,0,48٫24,129٫4,2023/03/04,,129٫4,لا,250,220,190,170,0
1382,Pretty Women Eyeliner Waterprof,0,0,40,0,70,0,65,0,60,0,55,0,2023/10/02,,,,,,,,,,,,,,,6223002246397,,0,,0,Pretty Women,Eyeliner Waterprof,,,,75,0,0,,1,نواقص,99999,,40,,2023/10/02,,,,,,,,2023/10/02,,-1,,,,,ميخائيل نجع حمادي,,,,0,42٫86,40,2023/08/14,,40,لا,70,65,60,55,0
1383,Pretty Women Eyeliner Waterprof غزاله,0,0,40,0,65,0,60,0,55,0,50,0,2024/01/09,,,,,,,,,,,,,,,6988045650258,غزاله,0,,0,Pretty Women,Eyeliner Waterprof,,,,62٫5,0,0,,1,نواقص,99999,,40,,2023/11/06,,,,,,,,2024/01/09,,-1,,,,,ميخائيل نجع حمادي,,,,0,38٫46,40,2023/10/18,,40,لا,65,60,55,50,0
1384,Pretty Women Eyeshadow 35,0,0,130,0,230,0,200,0,190,0,170,0,2024/09/10,,,,,,,,,,,,,,,6222154595445,,0,,0,Pretty Women,Eyeshadow 35,,,,76٫92,0,0,,1,نواقص,99999,,130,,2024/09/10,,,,,,,,2024/09/10,,-1,,,,,ميخائيل نجع حمادي,,,,0,43٫48,130,2024/08/27,,130,لا,230,200,190,170,0
1385,Pretty Women FOUNDATION BB,0,0,87,0,160,0,140,0,130,0,120,0,2024/09/10,,,,,,,,,,,,,,,6223002220090,,0,,0,Pretty Women,FOUNDATION BB,,,,83٫91,0,0,,1,نواقص,99999,,87,,2024/09/11,,,,,,,,2024/09/10,,-1,,,,,ميخائيل نجع حمادي,,,,0,45٫63,87,2024/06/11,,87,لا,160,140,130,120,0
1386,Pretty Women FOUNDATION CREAN VITAMIN C,0,0,88,0,140,0,130,0,120,0,110,0,2024/12/19,,,,,,,,,,,,,,,6988045651026,VITAMIN C,0,,0,Pretty Women,FOUNDATION CREAN,,,,59٫09,0,0,,1,نواقص,99999,,88,,2023/10/12,,,,,,,,2023/08/10,,-1,,,,,ميخائيل نجع حمادي,,,,0,37٫14,88,2023/04/11,,88,لا,140,130,120,110,0
1387,Pretty Women FOUNDATION Hd,0,0,80,0,140,0,130,0,120,0,110,0,2024/08/31,,,,,,,,,,,,,,,6223002225101,,0,,0,Pretty Women,FOUNDATION Hd,,,,75,0,0,,1,نواقص,99999,,80,,2024/08/31,,,,,,,,2024/08/31,,-1,,,,,ميخائيل نجع حمادي,,,,0,42٫86,80,2024/06/11,,80,لا,140,130,120,110,0
1388,Pretty Women High lighter Powder 3D,0,0,27٫5,0,45,0,40,0,35,0,30,0,2024/12/19,,,,,,,,,,,,,,,6223002245260,Powder,0,,0,Pretty Women,High lighter,3D,,,63٫64,0,0,,1,نواقص,99999,,27٫5,,2022/10/22,,,,,,,,2022/10/20,,-1,,,,,ميخائيل نجع حمادي,,,,0,38٫89,27٫5,2022/09/14,,27٫5,لا,45,40,35,30,0
1389,Pretty Women LIP GLOSS 6939,0,0,28٫73,0,55,0,50,0,45,0,40,0,2024/05/01,,,,,,,,,,,,,,,072030,6939,0,,0,Pretty Women,LIP GLOSS,,,,91٫47,0,0,,1,---,99999,,28٫54,,,,,,,,,,2024/05/01,,-1,,,,,ميخائيل نجع حمادي,,,,0,47٫77,28٫73,2024/03/27,,28٫73,لا,55,50,45,40,0
1390,Pretty Women Lip Gloss Matte,0,0,12,0,25,0,22,0,18,0,16,0,2024/12/19,,,,,,,,,,,,,,,072012,Matte,0,,0,Pretty Women,Lip Gloss,,,,108٫33,0,0,,1,نواقص,99999,,12,,2023/10/12,,,,,,,,2023/08/13,,-1,,,,,رويال/ادره المخازن,,,,0,52,12,2022/03/18,,12,لا,25,22,18,16,0
1391,Pretty Women Lip Gloss 2826,0,0,26٫32,0,50,0,45,0,40,0,35,0,2024/02/19,,,,,,,,,,,,,,,072022,,0,,0,Pretty Women,Lip Gloss 2826,,,,89٫99,0,0,,1,---,99999,,26٫25,,,,,,,,,,2024/02/19,,-1,,,,,ميخائيل,,,,0,47٫37,26٫32,2024/02/18,,26٫32,لا,50,45,40,35,0
1392,Pretty Women LIP STICK A008,0,0,25٫06,0,45,0,40,0,35,0,30,0,2024/02/19,,,,,,,,,,,,,,,072026,A008,0,,0,Pretty Women,LIP STICK,,,,79٫54,0,0,,1,---,99999,,25,,,,,,,,,,2024/02/19,,-1,,,,,ميخائيل,,,,0,44٫3,25٫06,2024/02/18,,25٫06,لا,45,40,35,30,0
1393,Pretty Women Love Extreme Mega Volume,0,0,19٫5,0,35,0,30,0,25,0,23٫5,0,2024/12/19,,,,,,,,,,,,,,,072006,Mega Volume,0,,0,Pretty Women,Love Extreme,,,,79٫49,0,0,,1,نواقص,99999,,19٫5,,2022/06/18,,,,,,,,2021/12/05,,-1,,,,,مكتب الاصدقاء / القاهره,,,,0,44٫29,19٫5,2021/03/16,,19٫5,لا,35,30,25,23٫5,0
1394,Pretty Women Mascra Mega Volume,0,0,47,0,75,0,70,0,65,0,60,0,2024/06/09,,,,,,,,,,,,,,,072033,,0,,0,Pretty Women,Mascra Mega Volume,,,,59٫57,0,0,,1,نواقص,99999,,47,,2024/06/09,,,,,,,,2024/06/09,,-1,,,,,ميخائيل نجع حمادي,,,,0,37٫33,47,2024/05/28,,47,لا,75,70,65,60,0
1395,Pretty Women TINT 1291,0,0,26٫32,0,60,0,55,0,50,0,45,0,2024/02/19,,,,,,,,,,,,,,,072024,1291,0,,0,Pretty Women,TINT,,,,127٫99,0,0,,1,---,99999,,26٫25,,,40,,,,,,,2024/02/19,,-1,,,,,ميخائيل,,,,0,56٫14,26٫32,2024/02/18,,26٫32,لا,60,55,50,45,0
1396,Pretty Women Ultimate Eye Shadow,0,0,155,0,260,0,220,0,200,0,175,0,2025/05/17,,,,,,,,,,,,,,,6223002246557,,0,,0,Pretty Women,Ultimate Eye Shadow,,,,67٫74,0,0,,1,---,99999,,155,,2025/02/03,,,,,,,,2025/05/17,,-1,,,,,ميخائيل نجع حمادي,,,,0,40٫38,155,2024/08/27,,155,لا,260,220,200,175,0
1397,Pretty Women ULTRA HD 7001,0,0,28٫2,0,65,0,55,0,50,0,35,0,2024/02/19,,,,,,,,,,,,,,,072025,7001,0,,0,Pretty Women,ULTRA HD,,,,130٫52,0,0,,1,---,99999,,28٫13,,,,,,,,,,2024/02/19,,-1,,,,,ميخائيل,,,,0,56٫62,28٫2,2024/02/18,,28٫2,لا,65,55,50,35,0
1398,Pretty Women Water Proof Mascra 4018,0,0,24٫5,0,40,0,35,0,32,0,27,0,2024/12/19,,,,,,,,,,,,,,,072007,4018,0,,0,Pretty Women,Water Proof Mascra,,,,63٫27,0,0,,1,نواقص,99999,,24٫5,,2022/06/18,,,,,,,,2021/12/15,,-1,,,,,مكتب الاصدقاء / القاهره,,,,0,38٫75,24٫5,2021/03/16,,24٫5,لا,40,35,32,27,0
1399,Pretty Women احمر خد 7 الوان,0,0,30,0,60,0,55,0,50,0,45,0,2022/08/25,,,,,,,,,,,,,,,072010,,0,,0,Pretty Women,احمر خد 7 الوان,,,,100,0,0,,1,نواقص,99999,,30,,2022/08/26,,,,,,,,2022/08/25,,-1,,,,,رويال/ادره المخازن,,,,0,50,30,2022/02/14,,30,لا,60,55,50,45,0
1400,Pretty Women ايشادو لاب,0,0,115,0,200,0,180,0,150,0,130,0,2023/03/11,,,,,,,,,,,,,,,072008,,0,,0,Pretty Women,ايشادو لاب,,,,73٫91,0,0,,1,نواقص,99999,,115,,2023/03/11,,,,,,,,2023/03/11,,-1,,,,,مكتب الاصدقاء / القاهره,,,,0,42٫5,115,2021/03/16,,115,لا,200,180,150,130,0
1401,Pretty Women ايلاينر Lnk Liner,0,0,45,0,65,0,60,0,55,0,50,0,2024/02/19,,,,,,,,,,,,,,,6223002246182,Lnk Liner,0,,0,Pretty Women,ايلاينر,,,,44٫44,0,0,,1,نواقص,99999,,45,,2023/11/11,,,,,,,,2024/02/19,,-1,,,,,ميخائيل نجع حمادي,,,,0,30٫77,45,2023/11/07,,45,لا,65,60,55,50,0
1402,Pretty Women ايلاينر دينامك مرايه,0,0,42٫5,0,55,0,50,0,48,0,45,0,2024/12/19,,,,,,,,,,,,,,,6988045650227,,0,,0,Pretty Women,ايلاينر دينامك مرايه,,,,29٫41,0,0,,1,نواقص,99999,,42٫5,,2023/10/12,,,,,,,,2023/09/28,,-1,,,,,ميخائيل نجع حمادي,,,,0,22٫73,42٫5,2023/08/22,,42٫5,لا,55,50,48,45,0
1403,Pretty Women ايلاينر قلم دينامك,0,0,30,0,45,0,43,0,40,0,35,0,2023/07/26,,,,,,,,,,,,,,,6223010504649,,0,,0,Pretty Women,ايلاينر قلم دينامك,,,,50,0,0,,1,---,99999,,30,,,,,,,,,,2023/07/26,,-1,,,,,ميخائيل نجع حمادي,,,,0,33٫33,30,2023/06/25,,30,لا,45,43,40,35,0
1404,Pretty Women بالت ايشادو,0,0,200,0,500,0,400,0,350,0,300,0,2023/08/17,,,,,,,,,,,,,,,6223002110117,,0,,0,Pretty Women,بالت ايشادو,,,,150,0,0,,1,نواقص,99999,,200,,2023/08/18,,,,,,,,2023/08/17,,-1,,,,,مايكل ثروت / مايت سينما,,,,0,60,200,2023/08/10,,200,لا,500,400,350,300,0
1405,Pretty Women بودره مضغوطه,0,0,30,0,45,0,40,0,38,0,35,0,2023/03/08,,,,,,,,,,,,,,,072011,,0,,0,Pretty Women,بودره مضغوطه,,,,50,0,0,,1,نواقص,99999,,30,,2022/06/18,,,,,,,,2023/03/08,,-1,,,,,رويال / اداره المخازن الاقصر,,,,0,33٫33,30,2021/11/24,,30,لا,45,40,38,35,0
1406,Pretty Women جيل حواجب,0,0,33,0,50,0,45,0,40,0,35,0,2023/08/13,,,,,,,,,,,,,,,072021,,0,,0,Pretty Women,جيل حواجب,,,,51٫52,0,0,,1,نواقص,99999,,33,,2023/08/14,,,,,,,,2023/08/10,,-1,,,,,ميخائيل نجع حمادي,,,,0,34,33,2023/08/08,,33,لا,50,45,40,35,0
1407,Pretty Women روجاجو صخري,0,0,20,0,40,0,35,0,30,0,25,0,2024/12/19,,,,,,,,,,,,,,,072009,,0,,0,Pretty Women,روجاجو صخري,,,,100,0,0,,1,نواقص,99999,,20,,2022/06/18,,,,,,,,2023/03/24,,-1,,,,,رويال/ادره المخازن,,,,0,50,20,2022/02/14,,20,لا,40,35,30,25,0
1408,Pretty Women علبه مكياج برميل,0,0,290,0,575,0,450,0,400,0,350,0,2022/10/29,,,,,,,,,,,,,,,072001,,0,,0,Pretty Women,علبه مكياج برميل,,,,98٫28,0,0,,1,نواقص,99999,,290,,2022/10/31,,,,,,,,2022/10/29,,-1,,,,,مكتب الاصدقاء / القاهره,,,,0,49٫57,290,2021/03/16,,290,لا,575,450,400,350,0
1409,Pretty Women علبه ميكب الباشا,0,0,495,0,850,0,700,0,650,0,600,0,2024/12/19,,,,,,,,,,,,,,,072004,,0,,0,Pretty Women,علبه ميكب الباشا,,,,71٫72,0,0,,1,نواقص,99999,,495,,2022/06/18,,,,,,,,,,-1,,,,,مكتب الاصدقاء / القاهره,,,,0,41٫76,495,2021/03/16,,495,لا,850,700,650,600,0
1410,Pretty Women علبه ميكب قلبين,0,0,190,0,325,0,300,0,275,0,240,0,2021/10/17,,,,,,,,,,,,,,,072002,,0,,0,Pretty Women,علبه ميكب قلبين,,,,71٫05,0,0,,1,---,99999,,190,,,,,,,,,,2021/10/17,,-1,,,,,مكتب الاصدقاء / القاهره,,,,0,41٫54,190,2021/03/16,,190,لا,325,300,275,240,0
1411,Pretty Women علبه ميكب مروحه,0,0,120,0,200,0,175,0,150,0,140,0,2022/08/23,,,,,,,,,,,,,,,072003,,0,,0,Pretty Women,علبه ميكب مروحه,,,,66٫67,0,0,,1,نواقص,99999,,120,,2022/03/01,,,,,,,,2022/02/27,,-1,,,,,مكتب الاصدقاء / القاهره,,,,0,40,120,2021/03/16,,120,لا,200,175,150,140,0
1412,Pretty Women علبه ميكب موسيقي,0,0,455,0,850,0,750,0,700,0,550,0,2021/11/14,,,,,,,,,,,,,,,072005,,0,,0,Pretty Women,علبه ميكب موسيقي,,,,86٫81,0,0,,1,نواقص,99999,,455,,2021/11/11,,,,,,,,2021/11/14,,-1,,,,,مكتب الاصدقاء / القاهره,,,,0,46٫47,455,2021/03/16,,455,لا,850,750,700,550,0
1413,Pretty Women قلم قلب,0,0,21٫74,0,37,0,33,0,30,0,25,0,2024/12/19,,,,,,,,,,,,,,,072016,,0,,0,Pretty Women,قلم قلب,,,,70٫21,0,0,,1,نواقص,99999,,21,,2023/04/18,,,,,,,,2023/04/18,,-1,,,,,الاصدقاء,,,,0,41٫25,21٫74,2023/03/04,,21٫74,لا,37,33,30,25,0
1414,Pretty Women كحل ثابت,0,0,11٫67,0,25,0,20,0,18,0,15,0,2024/12/19,,,,,,,,,,,,,,,072020,,0,,0,Pretty Women,كحل ثابت,,,,114٫29,0,0,,1,نواقص,99999,,11٫67,,2023/10/12,,,,,,,,2023/10/11,,-1,,,,,ميخائيل نجع حمادي,,,,0,53٫33,11٫67,2023/08/01,,11٫67,لا,25,20,18,15,0
41,إجمالي -   Pretty Women,0,0,0,0,0,0,0,0,0,0,0,0,,0,0,0,0,0,0,0,0,0,0,0,0,0,0,,,0,0,0,,,,,,0,0,,,,,,,0,,,,,0,0,0,0,0,,,,,,,,,,,,,,0,,,0,,0,0,0,0,
,,,,,,,,,,,,,,,,,,,,,,,,,,,,,,,,,,,,,,,,,,,,,,,,,,,,,,,,,,,,,,,,,,,,,,,,,,,,,,,
,PYRAMIDS COSMETICS,,,,,,,,,,,,,,,,,,,,,,,,,,,,,,,,,PYRAMIDS COSMETICS,,,,,,,,,,,,,,,,,,,,,,,,,,,,,,,,,,,,,,,,,,,,,
1415,PYRAMIDS COSMETICS SHAVECODE AFTER SHAVE NORMAL,0,0,36,0,55,0,50,0,45,0,40,0,2024/07/08,,,,,,,,,,,,,,,6222042300236,AFTER SHAVE,0,,0,PYRAMIDS COSMETICS,SHAVECODE,NORMAL,,,52٫78,0,0,,1,نواقص,99999,,36,,2024/07/08,,,,,,,,2024/07/08,,-1,,,,,اسحق انور,,,,0,34٫55,36,2024/04/15,,36,لا,55,50,45,40,0
1,إجمالي -   PYRAMIDS COSMETICS,0,0,0,0,0,0,0,0,0,0,0,0,,0,0,0,0,0,0,0,0,0,0,0,0,0,0,,,0,0,0,,,,,,0,0,,,,,,,0,,,,,0,0,0,0,0,,,,,,,,,,,,,,0,,,0,,0,0,0,0,
,,,,,,,,,,,,,,,,,,,,,,,,,,,,,,,,,,,,,,,,,,,,,,,,,,,,,,,,,,,,,,,,,,,,,,,,,,,,,,,
,Royal Elchim Brand,,,,,,,,,,,,,,,,,,,,,,,,,,,,,,,,,Royal Elchim Brand,,,,,,,,,,,,,,,,,,,,,,,,,,,,,,,,,,,,,,,,,,,,,
1416,Royal Elchim Brand Amprox Test 1 Eau De Parfume 70 Ml,0,0,120,0,250,0,130,0,170,0,150,0,2025/12/15,,,,,,,,,,,,,,,133035,Eau De Parfume,0,,0,Royal Elchim Brand,Amprox Test 1,70 Ml,,,108٫33,0,0,,1,نواقص,99999,,120,,2025/12/15,,,,,,,,2025/12/15,,-1,,,,,Royal Elchim Brand,,,,0,52,120,2025/11/14,,120,لا,250,130,170,150,0
1417,Royal Elchim Brand AZZURRO EAU DE TOILETTE 50 ML,0,0,75,0,150,0,140,0,120,0,100,0,2026/01/22,,,,,,,,,,,,,,,133145,EAU DE TOILETTE,0,,0,Royal Elchim Brand,AZZURRO,50 ML,انشاص,,100,0,0,,1,---,99999,,75,,,,,,,,,,2026/01/22,,-1,,,,,AZZURRO,,,,0,50,75,2026/01/12,,75,لا,150,140,120,100,0
1418,Royal Elchim Brand Black Royal Eau De Parfume ML10,0,0,35,0,65,0,60,0,55,0,50,0,2026/05/09,,,,,,,,,,,,,,,133009,Eau De Parfume,0,,0,Royal Elchim Brand,Black Royal,ML10,,,85٫71,0,0,,1,نواقص,99999,,35,,2025/10/17,,,,,,,,,,-1,,,,,Royal Elchim Brand,,,,0,46٫15,35,2025/10/02,,35,لا,65,60,55,50,0
1419,Royal Elchim Brand EARTH ROSE EAU DE TOILETTE 25 ML,0,0,40,0,70,0,65,0,60,0,55,0,2026/03/19,,,,,,,,,,,,,,,133137,EAU DE TOILETTE,0,,0,Royal Elchim Brand,EARTH ROSE,25 ML,عروسه,,75,0,0,,1,نواقص,99999,,40,,2026/03/19,,,,,,,,2026/03/19,,-1,,,,,Royal Elchim Brand,,,,0,42٫86,40,2025/12/26,,40,لا,70,65,60,55,0
1420,Royal Elchim Brand FUOCO EAU DE TOILETTE 50 ML,0,0,100,0,200,0,180,0,160,0,140,0,2026/03/29,,,,,,,,,,,,,,,133139,EAU DE TOILETTE,0,,0,Royal Elchim Brand,FUOCO,50 ML,,,100,0,0,,1,نواقص,99999,,100,,2026/04/02,,,,,,,,2026/03/29,,-1,,,,,Fuoco,,,,0,50,100,2026/01/12,,100,لا,200,180,160,140,0
1421,Royal Elchim Brand LACOSTE ESSENTIAL EXTRAIT PARFUME 70 ML,0,0,80,0,150,0,140,0,130,0,120,0,2026/02/05,,,,,,,,,,,,,,,133175,EXTRAIT PARFUME,0,,0,Royal Elchim Brand,LACOSTE ESSENTIAL,70 ML,,,87٫5,0,0,,1,---,99999,,80,,,,,,,,,,2026/02/05,,-1,,,,,Royal Elchim Brand,,,,0,46٫67,80,2026/02/05,,80,لا,150,140,130,120,0
1422,Royal Elchim Brand Mesmerize 40 Ml,0,0,80,0,150,0,140,0,130,0,120,0,2026/05/09,,,,,,,,,,,,,,,133211,40 Ml,0,,0,Royal Elchim Brand,Mesmerize,,,,87٫5,0,0,,1,نواقص,99999,,80,,2026/05/10,,,,,,,,,,-1,,,,,Royal Elchim Brand,,,,0,46٫67,80,2026/04/16,,80,لا,150,140,130,120,0
1423,Royal Elchim Brand RARE TOUCH EAU DE PARFUME 30 ML,0,0,80,0,150,0,140,0,130,0,120,0,2026/01/22,,,,,,,,,,,,,,,133144,EAU DE PARFUME,0,,0,Royal Elchim Brand,RARE TOUCH,30 ML,,,87٫5,0,0,,1,---,99999,,80,,,,,,,,,,2026/01/22,,-1,,,,,Royal Elchim Brand,,,,0,46٫67,80,2026/01/18,,80,لا,150,140,130,120,0
1424,Royal Elchim Brand ROSETTA EAU DE PARFUME 25 ML,0,0,35,0,75,0,70,0,65,0,60,0,2026/05/09,,,,,,,,,,,,,,,133099,EAU DE PARFUME,0,,0,Royal Elchim Brand,ROSETTA,25 ML,عروسه,,114٫29,0,0,,1,نواقص,99999,,35,,2026/05/10,,,,,,,,2026/03/05,,-1,,,,,Royal Elchim Brand,,,,0,53٫33,35,2025/11/14,,35,لا,75,70,65,60,0
1425,Royal Elchim Brand Roya Amber Queen Eau De Toilette 30 ML,0,0,70,0,125,0,110,0,100,0,85,0,2026/05/09,,,,,,,,,,,,,,,133087,Eau De Toilette,0,,0,Royal Elchim Brand,Roya Amber Queen,30 ML,,,78٫57,0,0,,1,نواقص,99999,,70,,2026/05/10,,,,,,,,,,-1,,,,,Royal Elchim Brand,,,,0,44,70,2025/11/12,,70,لا,125,110,100,85,0
1426,Royal Elchim Brand ROYAL AQUA BLOOM EAU DE TOILETTE 20 ML,0,0,15,0,35,0,30,0,25,0,20,0,2025/11/23,,,,,,,,,,,,,,,133109,EAU DE TOILETTE,0,,0,Royal Elchim Brand,ROYAL AQUA BLOOM,20 ML,,,133٫33,0,0,,1,نواقص,99999,,15,,2025/11/24,,,,,,,,2025/11/23,,-1,,,,,Royal Elchim Brand,,,,0,57٫14,15,2025/11/14,,15,لا,35,30,25,20,0
1427,Royal Elchim Brand Royal Belle Lumier Eau De Parfume 20 Ml,0,0,20,0,45,0,40,0,35,0,30,0,2026/05/09,,,,,,,,,,,,,,,133021,Eau De Parfume,0,,0,Royal Elchim Brand,Royal Belle Lumier,20 Ml,,,125,0,0,,1,نواقص,99999,,20,,2026/05/10,,,,,,,,,,-1,,,,,Royal Elchim Brand,,,,0,55٫56,20,2025/11/03,,20,لا,45,40,35,30,0
1428,Royal Elchim Brand ROYAL BENO CIGAR EAU DE PARFUME 30 ML,0,0,80,0,150,0,140,0,135,0,120,0,2026/05/09,,,,,,,,,,,,,,,133132,EAU DE PARFUME,0,,0,Royal Elchim Brand,ROYAL BENO CIGAR,30 ML,,,87٫5,0,0,,1,نواقص,99999,,80,,2026/05/10,,,,,,,,,,-1,,,,,Royal Elchim Brand,,,,0,46٫67,80,2025/12/21,,80,لا,150,140,135,120,0
1429,Royal Elchim Brand ROYAL BLACK FANTASIA EAU DE PARFUME 30 ML,0,0,100,0,175,0,150,0,135,0,115,0,2026/05/09,,,,,,,,,,,,,,,133088,EAU DE PARFUME,0,,0,Royal Elchim Brand,ROYAL BLACK FANTASIA,30 ML,,,75,0,0,,1,نواقص,99999,,100,,2026/05/10,,,,,,,,,,-1,,,,,Royal Elchim Brand,,,,0,42٫86,100,2025/11/12,,100,لا,175,150,135,115,0
1430,Royal Elchim Brand ROYAL CHOCLATE EAU DE PARFUME 30 ML,0,0,40,0,75,0,70,0,65,0,60,0,2026/02/18,,,,,,,,,,,,,,,133176,EAU DE PARFUME,0,,0,Royal Elchim Brand,ROYAL CHOCLATE,30 ML,,,87٫5,0,0,,1,---,99999,,40,,,,,,,,,,2026/02/18,,-1,,,,,Royal Elchim Brand,,,,0,46٫67,40,2026/02/16,,40,لا,75,70,65,60,0
1431,Royal Elchim Brand Royal Earth Queen Eau De Parfume 4 ML,0,0,10,0,25,0,20,0,17,0,13٫5,0,2025/11/24,,,,,,,,,,,,,,,133044,Eau De Parfume,0,,0,Royal Elchim Brand,Royal Earth Queen,4 ML,,,150,0,0,,1,نواقص,99999,,10,,2025/11/24,,,,,,,,2025/11/24,,-1,,,,,Royal Elchim Brand,,,,0,60,10,2025/11/03,,10,لا,25,20,17,13٫5,0
1432,Royal Elchim Brand Royal Earth Queen Eau De Parfume 20 Ml,0,0,20,0,50,0,45,0,40,0,30,0,2026/05/09,,,,,,,,,,,,,,,133040,Eau De Parfume,0,,0,Royal Elchim Brand,Royal Earth Queen,20 Ml,,,150,0,0,,1,نواقص,99999,,20,,2026/05/10,,,,,,,,,,-1,,,,,Royal Elchim Brand,,,,0,60,20,2025/11/03,,20,لا,50,45,40,30,0
1433,Royal Elchim Brand Royal Earth Queen Eau De Parfume 30 ML,0,0,100,0,175,0,150,0,135,0,120,0,2026/03/08,,,,,,,,,,,,,,,133047,Eau De Parfume,0,,0,Royal Elchim Brand,Royal Earth Queen,30 ML,,,75,0,0,,1,نواقص,99999,,100,,2026/03/08,,,,,,,,2026/03/08,,-1,,,,,Royal Elchim Brand,,,,0,42٫86,100,2025/11/03,,100,لا,175,150,135,120,0
1434,Royal Elchim Brand ROYAL ECLIPSE EAU DE PADFUME 30 ML,0,0,80,0,150,0,135,0,120,0,105,0,2026/03/26,,,,,,,,,,,,,,,133028,EAU DE PADFUME,0,,0,Royal Elchim Brand,ROYAL ECLIPSE,30 ML,,,87٫5,0,0,,1,نواقص,99999,,80,,2026/03/12,,,,,,,,2026/03/12,,-1,,,,,Royal Elchim Brand,,,,0,46٫67,80,2025/11/14,,80,لا,150,135,120,105,0
1435,Royal Elchim Brand ROYAL ECLIPSE EAU DE PADFUME 35 ML,0,0,90,0,175,0,160,0,140,0,125,0,2026/03/16,,,,,,,,,,,,,,,133027,EAU DE PADFUME,0,,0,Royal Elchim Brand,ROYAL ECLIPSE,35 ML,,,94٫44,0,0,,1,---,99999,,90,,,,,,,,,,,,-1,,,,,Royal Elchim Brand,,,,0,48٫57,90,2025/11/03,,90,لا,175,160,140,125,0
1436,Royal Elchim Brand ROYAL ECLIPSE EAU DE PADFUME 70 ML,0,0,125,0,250,0,220,0,200,0,175,0,2025/12/11,,,,,,,,,,,,,,,133031,EAU DE PADFUME,0,,0,Royal Elchim Brand,ROYAL ECLIPSE,70 ML,,,100,0,0,,1,نواقص,99999,,125,,2025/12/11,,,,,,,,2025/12/11,,-1,,,,,Royal Elchim Brand,,,,0,50,125,2025/11/03,,125,لا,250,220,200,175,0
1437,Royal Elchim Brand ROYAL ELCHIM - FASIO NOIR EAU DE PARFUME 35 ML,0,0,80,0,150,0,140,0,130,0,120,0,2026/03/29,,,,,,,,,,,,,,,133151,EAU DE PARFUME,0,,0,Royal Elchim Brand,ROYAL ELCHIM - FASIO NOIR,35 ML,,,87٫5,0,0,,1,نواقص,99999,,80,,2026/04/02,,,,,,,,2026/03/29,,-1,,,,,Royal Elchim Brand,,,,0,46٫67,80,2026/01/18,,80,لا,150,140,130,120,0
1438,Royal Elchim Brand ROYAL ELCHIM DOMINUS EAU DE PARFUME 50 ML,0,0,100,0,200,0,175,0,150,0,125,0,2026/05/19,,,,,,,,,,,,,,,133153,EAU DE PARFUME,0,,0,Royal Elchim Brand,ROYAL ELCHIM DOMINUS,50 ML,,,100,0,0,,1,نواقص,99999,,100,,2026/05/19,,,,,,,,2026/05/19,,-1,,,,,Royal Elchim Brand,,,,0,50,100,2026/01/18,,100,لا,200,175,150,125,0
1439,Royal Elchim Brand ROYAL ELCHIM REALITY Eau De Toilette 30 Ml,0,0,75,0,140,0,135,0,130,0,115,0,2026/03/26,,,,,,,,,,,,,,,133128,Eau De Toilette,0,,0,Royal Elchim Brand,ROYAL ELCHIM REALITY,30 Ml,,,86٫67,0,0,,1,---,99999,,75,,,,,,,,,,,,-1,,,,,Royal Elchim Brand,,,,0,46٫43,75,2025/12/21,,75,لا,140,135,130,115,0
1440,Royal Elchim Brand ROYAL EVE EAU DE PARFUME 15 ML,0,0,20,0,50,0,45,0,40,0,35,0,2026/05/09,,,,,,,,,,,,,,,133105,EAU DE PARFUME,0,,0,Royal Elchim Brand,ROYAL EVE,15 ML,LIGHTER,,150,0,0,,1,نواقص,99999,,20,,2025/12/14,,,,,,,,,,-1,,,,,Royal Elchim Brand,,,,0,60,20,2025/11/14,,20,لا,50,45,40,35,0
1441,Royal Elchim Brand ROYAL EVE EAU DE PARFUME 25 ML,0,0,25,0,65,0,60,0,55,0,50,0,2026/05/09,,,,,,,,,,,,,,,133104,EAU DE PARFUME,0,,0,Royal Elchim Brand,ROYAL EVE,25 ML,عروسه,,160,0,0,,1,نواقص,99999,,25,,2026/05/10,,,,,,,,2026/03/09,,-1,,,,,Royal Elchim Brand,,,,0,61٫54,25,2025/11/14,,25,لا,65,60,55,50,0
1442,Royal Elchim Brand Royal Faraway Eau De Parfume 30 Ml,0,0,85,0,175,0,150,0,135,0,115,0,2026/05/09,,,,,,,,,,,,,,,133076,Eau De Parfume,0,,0,Royal Elchim Brand,Royal Faraway,30 Ml,,,105٫88,0,0,,1,نواقص,99999,,85,,2026/05/10,,,,,,,,,,-1,,,,,Royal Elchim Brand,,,,0,51٫43,85,2025/11/12,,85,لا,175,150,135,115,0
1443,Royal Elchim Brand Royal Faraway Eau De Toilette 25 Ml,0,0,30,0,70,0,60,0,55,0,50,0,2026/05/09,,,,,,,,,,,,,,,133077,Eau De Toilette,0,,0,Royal Elchim Brand,Royal Faraway,25 Ml,غروسه,,133٫33,0,0,,1,نواقص,99999,,30,,2026/05/10,,,,,,,,2025/12/03,,-1,,,,,Royal Elchim Brand,,,,0,57٫14,30,2025/11/12,,30,لا,70,60,55,50,0
1444,Royal Elchim Brand Royal Glow Eau De Parfume 20 Ml,0,0,35,0,70,0,65,0,60,0,50,0,2026/05/09,,,,,,,,,,,,,,,133136,Eau De Parfume,0,,0,Royal Elchim Brand,Royal Glow,20 Ml,عروسه,,100,0,0,,1,نواقص,99999,,35,,2026/05/10,,,,,,,,2026/01/15,,-1,,,,,Royal Elchim Brand,,,,0,50,35,2025/12/24,,35,لا,70,65,60,50,0
1445,Royal Elchim Brand Royal Horizon Eau De Toilette 30 Ml,0,0,85,0,150,0,135,0,120,0,110,0,2026/03/26,,,,,,,,,,,,,,,133111,Eau De Toilette,0,,0,Royal Elchim Brand,Royal Horizon,30 Ml,,,76٫47,0,0,,1,---,99999,,85,,,,,,,,,,,,-1,,,,,Royal Elchim Brand,,,,0,43٫33,85,2025/11/18,,85,لا,150,135,120,110,0
1446,Royal Elchim Brand ROYAL IGNITE EAU DE TOILETTE 5 ML,0,0,10,0,25,0,22,0,18,0,15,0,2026/05/09,,,,,,,,,,,,,,,133169,EAU DE TOILETTE,0,,0,Royal Elchim Brand,ROYAL IGNITE,5 ML,ROLETTES,,150,0,0,,1,نواقص,99999,,10,,2026/05/10,,,,,,,,,,-1,,,,,Royal Elchim Brand,,,,0,60,10,2026/01/26,,10,لا,25,22,18,15,0
1447,Royal Elchim Brand ROYAL ILLUSION EAU DE PARFUME 70 ML,0,0,120,0,250,0,220,0,190,0,175,0,2025/12/04,,,,,,,,,,,,,,,133032,EAU DE PARFUME,0,,0,Royal Elchim Brand,ROYAL ILLUSION,70 ML,,,108٫33,0,0,,1,نواقص,99999,,120,,2025/12/04,,,,,,,,2025/12/04,,-1,,,,,Royal Elchim Brand,,,,0,52,120,2025/11/03,,120,لا,250,220,190,175,0
1448,Royal Elchim Brand ROYAL LEGACY ETERNAL EAU DE PARFUME 30 Ml,0,0,85,0,175,0,150,0,130,0,115,0,2026/05/09,,,,,,,,,,,,,,,133071,EAU DE PARFUME,0,,0,Royal Elchim Brand,ROYAL LEGACY ETERNAL,30 Ml,Musem Edition,,105٫88,0,0,,1,نواقص,99999,,85,,2026/05/10,,,,,,,,,,-1,,,,,Royal Elchim Brand,,,,0,51٫43,85,2025/11/11,,85,لا,175,150,130,115,0
1449,Royal Elchim Brand ROYAL MASTERS EAU DE TOILETTE 40 ML,0,0,70,0,140,0,130,0,125,0,115,0,2026/03/16,,,,,,,,,,,,,,,133125,EAU DE TOILETTE,0,,0,Royal Elchim Brand,ROYAL MASTERS,40 ML,,,100,0,0,,1,نواقص,99999,,70,,2026/03/16,,,,,,,,2026/03/16,,-1,,,,,Royal Elchim Brand,,,,0,50,70,2025/12/21,,70,لا,140,130,125,115,0
1450,Royal Elchim Brand ROYAL MASTERS EAU DE TOILETTE 50 ML,0,0,75,0,165,0,150,0,140,0,130,0,2026/01/06,,,,,,,,,,,,,,,133124,EAU DE TOILETTE,0,,0,Royal Elchim Brand,ROYAL MASTERS,50 ML,,,120,0,0,,1,نواقص,99999,,75,,2026/01/06,,,,,,,,2026/01/06,,-1,,,,,Royal Elchim Brand,,,,0,54٫55,75,2025/12/21,,75,لا,165,150,140,130,0
1451,Royal Elchim Brand Royal Mirag Blend Eau De Parfum 35 Ml,0,0,80,0,150,0,140,0,130,0,120,0,2026/05/09,,,,,,,,,,,,,,,133126,Eau De Parfum,0,,0,Royal Elchim Brand,Royal Mirag Blend,35 Ml,,,87٫5,0,0,,1,نواقص,99999,,80,,2026/05/10,,,,,,,,,,-1,,,,,Royal Elchim Brand,,,,0,46٫67,80,2025/12/21,,80,لا,150,140,130,120,0
1452,Royal Elchim Brand ROYAL MIRAGE FUSION EAU DE PARFUME 20 ML,0,0,20,0,45,0,40,0,35,0,30,0,2026/05/09,,,,,,,,,,,,,,,133022,EAU DE PARFUME,0,,0,Royal Elchim Brand,ROYAL MIRAGE FUSION,20 ML,,,125,0,0,,1,نواقص,99999,,20,,2025/12/02,,,,,,,,,,-1,,,,,Royal Elchim Brand,,,,0,55٫56,20,2025/11/03,,20,لا,45,40,35,30,0
1453,Royal Elchim Brand ROYAL OCEAN Eau De Toiltte 35 ML,0,0,80,0,150,0,140,0,130,0,120,0,2026/05/09,,,,,,,,,,,,,,,133123,Eau De Toiltte,0,,0,Royal Elchim Brand,ROYAL OCEAN,35 ML,,,87٫5,0,0,,1,نواقص,99999,,80,,2026/05/10,,,,,,,,,,-1,,,,,Royal Elchim Brand,,,,0,46٫67,80,2025/12/21,,80,لا,150,140,130,120,0
1454,Royal Elchim Brand ROYAL OCEAN Eau De Toiltte 100 ML,0,0,75,0,150,0,135,0,120,0,100,0,2026/02/14,,,,,,,,,,,,,,,133141,Eau De Toiltte,0,,0,Royal Elchim Brand,ROYAL OCEAN,100 ML,,,100,0,0,,1,نواقص,99999,,75,,2026/02/14,,,,,,,,2026/02/14,,-1,,,,,Royal Elchim Brand,,,,0,50,75,2026/01/12,,75,لا,150,135,120,100,0
1455,Royal Elchim Brand Royal Oud Shadow Eau De Parfume 10 Ml,0,0,35,0,75,0,65,0,50,0,45,0,2026/05/09,,,,,,,,,,,,,,,133057,Eau De Parfume,0,,0,Royal Elchim Brand,Royal Oud Shadow,10 Ml,Lighter,,114٫29,0,0,,1,نواقص,99999,,35,,2026/05/10,,,,,,,,,,-1,,,,,Royal Elchim Brand,,,,0,53٫33,35,2025/11/03,,35,لا,75,65,50,45,0
1456,Royal Elchim Brand Royal Oud Shadow Eau De Parfume 20 Ml,0,0,25,0,55,0,50,0,45,0,40,0,2026/05/09,,,,,,,,,,,,,,,133054,Eau De Parfume,0,,0,Royal Elchim Brand,Royal Oud Shadow,20 Ml,,,120,0,0,,1,نواقص,99999,,25,,2026/05/10,,,,,,,,,,-1,,,,,Royal Elchim Brand,,,,0,54٫55,25,2025/11/03,,25,لا,55,50,45,40,0
1457,Royal Elchim Brand Royal Oud Shadow Eau De Parfume 30 Ml,0,0,85,0,150,0,135,0,120,0,100,0,2026/05/09,,,,,,,,,,,,,,,133055,Eau De Parfume,0,,0,Royal Elchim Brand,Royal Oud Shadow,30 Ml,,,76٫47,0,0,,1,نواقص,99999,,85,,2026/05/10,,,,,,,,,,-1,,,,,Royal Elchim Brand,,,,0,43٫33,85,2025/11/03,,85,لا,150,135,120,100,0
1458,Royal Elchim Brand Royal Rose Noir Eau De Parfume 20 Ml,0,0,35,0,75,0,65,0,55,0,45,0,2026/05/09,,,,,,,,,,,,,,,133053,Eau De Parfume,0,,0,Royal Elchim Brand,Royal Rose Noir,20 Ml,,,114٫29,0,0,,1,نواقص,99999,,35,,2026/05/10,,,,,,,,,,-1,,,,,Royal Elchim Brand,,,,0,53٫33,35,2025/11/03,,35,لا,75,65,55,45,0
1459,Royal Elchim Brand Royal Rose Noir EAU DE TOILETTE 25 ML,0,0,25,0,60,0,50,0,45,0,40,0,2026/05/09,,,,,,,,,,,,,,,133066,EAU DE TOILETTE,0,,0,Royal Elchim Brand,Royal Rose Noir,25 ML,عروسه,,140,0,0,,1,نواقص,99999,,25,,2026/05/10,,,,,,,,2025/12/04,,-1,,,,,Royal Elchim Brand,,,,0,58٫33,25,2025/12/24,,25,لا,60,50,45,40,0
1460,Royal Elchim Brand ROYAL SAVANA EAU DE PARFUME 30 ML,0,0,90,0,160,0,150,0,140,0,130,0,2026/05/09,,,,,,,,,,,,,,,133120,EAU DE PARFUME,0,,0,Royal Elchim Brand,ROYAL SAVANA,30 ML,,,77٫78,0,0,,1,نواقص,99999,,90,,2026/05/10,,,,,,,,,,-1,,,,,Royal Elchim Brand,,,,0,43٫75,90,2025/12/21,,90,لا,160,150,140,130,0
1461,Royal Elchim Brand Royal Shadow EAU DE TOILETTE 30 ML,0,0,100,0,175,0,150,0,135,0,125,0,2026/03/26,,,,,,,,,,,,,,,133118,EAU DE TOILETTE,0,,0,Royal Elchim Brand,Royal Shadow,30 ML,,,75,0,0,,1,---,99999,,100,,,,,,,,,,,,-1,,,,,Royal Elchim Brand,,,,0,42٫86,100,2025/11/18,,100,لا,175,150,135,125,0
1462,Royal Elchim Brand Royal Shine EAU DE TOILETTE 12,0,0,0,0,,0,,0,,0,,0,,,,,,,,,,,,,,,,133114,EAU DE TOILETTE,0,,0,Royal Elchim Brand,Royal Shine,12,,,,0,0,,1,---,99999,,0,,,,,,,,,,,,-1,,,,,,,,,0,,0,,,0,لا,,,,,0
1463,Royal Elchim Brand Royal Shine EAU DE TOILETTE 30 ML,0,0,85,0,150,0,140,0,135,0,125,0,2026/03/26,,,,,,,,,,,,,,,133112,EAU DE TOILETTE,0,,0,Royal Elchim Brand,Royal Shine,30 ML,,,76٫47,0,0,,1,---,99999,,85,,,,,,,,,,,,-1,,,,,Royal Elchim Brand,,,,0,43٫33,85,2025/11/18,,85,لا,150,140,135,125,0
1464,Royal Elchim Brand Royal Shine ROLETTES 4 ML,0,0,10,0,25,0,20,0,17٫5,0,13٫5,0,2026/05/09,,,,,,,,,,,,,,,133094,ROLETTES,0,,0,Royal Elchim Brand,Royal Shine,4 ML,EAU DE TIOLETTE,,150,0,0,,1,نواقص,99999,,10,,2025/12/02,,,,,,,,,,-1,,,,,Royal Elchim Brand,,,,0,60,10,2025/11/14,,10,لا,25,20,17٫5,13٫5,0
1465,Royal Elchim Brand ROYAL SMOKE RITUAL EAU DE TOILETTE 20 ML,0,0,20,0,40,0,35,0,30,0,25,0,2026/05/09,,,,,,,,,,,,,,,133082,EAU DE TOILETTE,0,,0,Royal Elchim Brand,ROYAL SMOKE RITUAL,20 ML,,,100,0,0,,1,نواقص,99999,,20,,2026/05/10,,,,,,,,,,-1,,,,,Royal Elchim Brand,,,,0,50,20,2025/11/14,,20,لا,40,35,30,25,0
1466,Royal Elchim Brand ROYAL SMOKE RITUAL EAU DE TOILETTE 40 ML,0,0,100,0,175,0,150,0,135,0,120,0,2026/05/09,,,,,,,,,,,,,,,133086,EAU DE TOILETTE,0,,0,Royal Elchim Brand,ROYAL SMOKE RITUAL,40 ML,,,75,0,0,,1,نواقص,99999,,100,,2026/05/10,110,,,,,,,,,-1,,,,,Royal Elchim Brand,,,,0,42٫86,100,2025/11/12,,100,لا,175,150,135,120,0
1467,Royal Elchim Brand Royal Smoked Waves Eau De Parfume 20 Ml,0,0,25,0,55,0,50,0,45,0,40,0,2026/05/09,,,,,,,,,,,,,,,133062,Eau De Parfume,0,,0,Royal Elchim Brand,Royal Smoked Waves,20 Ml,,,120,0,0,,1,نواقص,99999,,25,,2026/05/10,,,,,,,,,,-1,,,,,Royal Elchim Brand,,,,0,54٫55,25,2025/11/03,,25,لا,55,50,45,40,0
1468,Royal Elchim Brand Royal Smoked Waves Eau De Parfume 30 Ml,0,0,65,0,120,0,100,0,90,0,80,0,2026/05/09,,,,,,,,,,,,,,,133058,Eau De Parfume,0,,0,Royal Elchim Brand,Royal Smoked Waves,30 Ml,,,84٫62,0,0,,1,نواقص,99999,,65,,2026/05/10,,,,,,,,,,-1,,,,,Royal Elchim Brand,,,,0,45٫83,65,2025/11/03,,65,لا,120,100,90,80,0
1469,Royal Elchim Brand ROYAL VEIL Eau De Parfume 30 Ml,0,0,80,0,150,0,140,0,130,0,120,0,2026/03/26,,,,,,,,,,,,,,,133133,Eau De Parfume,0,,0,Royal Elchim Brand,ROYAL VEIL,30 Ml,,,87٫5,0,0,,1,نواقص,99999,,80,,2026/02/06,,,,,,,,2026/02/06,,-1,,,,,Royal Elchim Brand,,,,0,46٫67,80,2025/12/24,,80,لا,150,140,130,120,0
1470,Royal Elchim Brand SUPER MAN EAU DE PAFUME 50 ML,0,0,90,0,200,0,180,0,160,0,120,0,2026/02/16,,,,,,,,,,,,,,,133178,EAU DE PAFUME,0,,0,Royal Elchim Brand,SUPER MAN,50 ML,خنجر,,122٫22,0,0,,1,---,99999,,90,,,,,,,,,,2026/02/16,,-1,,,,,Royal Elchim Brand,,,,0,55,90,2026/02/16,,90,لا,200,180,160,120,0
1471,Royal Elchim Brand SUPER MAN EAU DE PAFUME 70 ML,0,0,60,0,140,0,130,0,120,0,100,0,2026/02/16,,,,,,,,,,,,,,,133177,EAU DE PAFUME,0,,0,Royal Elchim Brand,SUPER MAN,70 ML,,,133٫33,0,0,,1,---,99999,,60,,,,,,,,,,2026/02/16,,-1,,,,,Royal Elchim Brand,,,,0,57٫14,60,2026/02/16,,60,لا,140,130,120,100,0
1472,Royal Elchim Brand TOUCH ME EAU DE TOILETTE 20 ML,0,0,15,0,35,0,30,0,25,0,20,0,2026/05/09,,,,,,,,,,,,,,,133102,EAU DE TOILETTE,0,,0,Royal Elchim Brand,TOUCH ME,20 ML,,,133٫33,0,0,,1,نواقص,99999,,15,,2026/05/10,,,,,,,,2025/12/18,,-1,,,,,Royal Elchim Brand,,,,0,57٫14,15,2025/11/14,,15,لا,35,30,25,20,0
1473,Royal Elchim Brand TOUCH ME EAU DE TOILETTE 20 ML,0,0,25,0,50,0,45,0,40,0,35,0,2026/05/09,,,,,,,,,,,,,,,133103,EAU DE TOILETTE,0,,0,Royal Elchim Brand,TOUCH ME,20 ML,LIGHTER,,100,0,0,,1,نواقص,99999,,25,,2026/05/10,,,,,,,,,,-1,,,,,Royal Elchim Brand,,,,0,50,25,2025/11/14,,25,لا,50,45,40,35,0
1474,Royal Elchim Brand شغف او دي برافيوم 10 مل,0,0,30,0,55,0,50,0,45,0,40,0,2026/06/05,,,,,,,,,,,,,,,133171,او دي برافيوم,0,,0,Royal Elchim Brand,شغف,10 مل,,,83٫33,0,0,,1,نواقص,99999,,30,,2026/06/05,,,,,,,,2026/06/05,,-1,,,,,Royal Elchim Brand,,,,0,45٫45,30,2026/02/05,,30,لا,55,50,45,40,0
1475,Royal Elchim Brand عروسه بكرات روج 20 مللي,0,0,22,0,50,0,45,0,40,0,35,0,2026/05/20,,,,,,,,,,,,,,,133186,بكرات روج,0,,0,Royal Elchim Brand,عروسه,20 مللي,,,127٫27,0,0,,1,نواقص,99999,,22,,2026/05/20,,,,,,,,2026/05/20,,-1,,,,,Royal Elchim Brand,,,,0,56,22,2026/03/24,,22,لا,50,45,40,35,0
1476,Royal Elchim Brand عروسه بنك شوجر 20 مللي,0,0,22,0,50,0,45,0,40,0,35,0,2026/04/18,,,,,,,,,,,,,,,133190,بنك شوجر,0,,0,Royal Elchim Brand,عروسه,20 مللي,,,127٫27,0,0,,1,نواقص,99999,,22,,2026/04/18,,,,,,,,2026/04/18,,-1,,,,,Royal Elchim Brand,,,,0,56,22,2026/03/24,,22,لا,50,45,40,35,0
1477,Royal Elchim Brand عروسه تنـــــــــدر 20 مللي,0,0,22,0,50,0,45,0,40,0,35,0,2026/04/07,,,,,,,,,,,,,,,133181,تنـــــــــدر,0,,0,Royal Elchim Brand,عروسه,20 مللي,,,127٫27,0,0,,1,نواقص,99999,,22,,2026/04/07,,,,,,,,2026/04/07,,-1,,,,,Royal Elchim Brand,,,,0,56,22,2026/03/24,,22,لا,50,45,40,35,0
1478,Royal Elchim Brand عروسه جوتشي فلاورز 20 مللي,0,0,22,0,50,0,45,0,40,0,35,0,2026/03/28,,,,,,,,,,,,,,,133185,جوتشي فلاورز,0,,0,Royal Elchim Brand,عروسه,20 مللي,,,127٫27,0,0,,1,---,99999,,22,,,,,,,,,,2026/03/28,,-1,,,,,Royal Elchim Brand,,,,0,56,22,2026/03/24,,22,لا,50,45,40,35,0
1479,Royal Elchim Brand عروسه رير تاتش 20 مللي,0,0,25,0,55,0,50,0,45,0,40,0,2026/05/25,,,,,,,,,,,,,,,133196,رير تاتش,0,,0,Royal Elchim Brand,عروسه,20 مللي,,,120,0,0,,1,نواقص,99999,,25,,2026/05/25,,,,,,,,2026/05/25,,-1,,,,,Royal Elchim Brand,,,,0,54٫55,25,2026/03/26,,25,لا,55,50,45,40,0
1480,Royal Elchim Brand عروسه رير جولــــد 20 مللي,0,0,22,0,50,0,45,0,40,0,35,0,2026/03/28,,,,,,,,,,,,,,,133191,رير جولــــد,0,,0,Royal Elchim Brand,عروسه,20 مللي,,,127٫27,0,0,,1,---,99999,,22,,,,,,,,,,2026/03/28,,-1,,,,,Royal Elchim Brand,,,,0,56,22,2026/03/24,,22,لا,50,45,40,35,0
1481,Royal Elchim Brand عروسه ريفواليــــه 20 مللي,0,0,22,0,50,0,45,0,40,0,35,0,2026/05/26,,,,,,,,,,,,,,,133183,ريفواليــــه,0,,0,Royal Elchim Brand,عروسه,20 مللي,,,127٫27,0,0,,1,نواقص,99999,,22,,2026/05/26,,,,,,,,2026/05/26,,-1,,,,,Royal Elchim Brand,,,,0,56,22,2026/03/24,,22,لا,50,45,40,35,0
1482,Royal Elchim Brand عروسه سلطـــان 20 مللي,0,0,20,0,45,0,40,0,35,0,30,0,2026/04/07,,,,,,,,,,,,,,,133198,سلطـــان,0,,0,Royal Elchim Brand,عروسه,20 مللي,,,125,0,0,,1,نواقص,99999,,20,,2026/04/07,,,,,,,,2026/04/07,,-1,,,,,Royal Elchim Brand,,,,0,55٫56,20,2026/03/26,,20,لا,45,40,35,30,0
1483,Royal Elchim Brand عروسه فريش فاسيو 20 مللي,0,0,22,0,50,0,45,0,40,0,35,0,2026/05/11,,,,,,,,,,,,,,,133194,فريش فاسيو,0,,0,Royal Elchim Brand,عروسه,20 مللي,,,127٫27,0,0,,1,نواقص,99999,,22,,2026/05/11,,,,,,,,2026/05/11,,-1,,,,,Royal Elchim Brand,,,,0,56,22,2026/03/26,,22,لا,50,45,40,35,0
1484,Royal Elchim Brand عروسه نساء العالـــــم 20 مللي,0,0,22,0,50,0,45,0,40,0,35,0,2026/04/09,,,,,,,,,,,,,,,133184,نساء العالـــــم,0,,0,Royal Elchim Brand,عروسه,20 مللي,,,127٫27,0,0,,1,نواقص,99999,,22,,2026/04/09,,,,,,,,2026/04/09,,-1,,,,,Royal Elchim Brand,,,,0,56,22,2026/03/24,,22,لا,50,45,40,35,0
69,إجمالي -   Royal Elchim Brand,0,0,0,0,0,0,0,0,0,0,0,0,,0,0,0,0,0,0,0,0,0,0,0,0,0,0,,,0,0,0,,,,,,0,0,,,,,,,0,,,,,0,0,0,0,0,,,,,,,,,,,,,,0,,,0,,0,0,0,0,
,,,,,,,,,,,,,,,,,,,,,,,,,,,,,,,,,,,,,,,,,,,,,,,,,,,,,,,,,,,,,,,,,,,,,,,,,,,,,,,
,ROZANA,,,,,,,,,,,,,,,,,,,,,,,,,,,,,,,,,ROZANA,,,,,,,,,,,,,,,,,,,,,,,,,,,,,,,,,,,,,,,,,,,,,
1485,ROZANA BB FONDATION CREAM 4*1,0,0,15,0,30,0,25,0,20,0,18,0,2024/12/19,,,,,,,,,,,,,,,6223002748853,4*1,0,,0,ROZANA,BB FONDATION CREAM,,,,100,0,0,,1,نواقص,99999,,15,,2024/06/28,,,,,,,,2024/07/29,,-1,,,,,SINA COSMETICS,,,,0,50,15,2022/05/25,,15,لا,30,25,20,18,0
1486,ROZANA BLUSH & SHADOW NO 3,0,0,19٫25,0,40,0,35,0,30,0,25,0,2022/11/06,,,,,,,,,,,,,,,034009,NO 3,0,,0,ROZANA,BLUSH & SHADOW,,,,107٫79,0,0,,1,نواقص,99999,,19٫25,,2022/10/28,,,,,,,,2022/11/06,,-1,,,,,SINA COSMETICS,,,,0,51٫88,19٫25,2021/11/03,,19٫25,لا,40,35,30,25,0
1487,ROZANA BLUSH & SHADOW NO 4,0,0,19٫25,0,40,0,35,0,30,0,25,0,2024/12/19,,,,,,,,,,,,,,,034010,NO 4,0,,0,ROZANA,BLUSH & SHADOW,,,,107٫79,0,0,,1,نواقص,99999,,19٫25,,2022/10/28,,,,,,,,,,-1,,,,,SINA COSMETICS,,,,0,51٫88,19٫25,2021/11/03,,19٫25,لا,40,35,30,25,0
1488,ROZANA BLUSH & SHADOW NO 5,0,0,19٫25,0,40,0,35,0,30,0,25,0,2024/09/08,,,,,,,,,,,,,,,034011,NO 5,0,,0,ROZANA,BLUSH & SHADOW,,,,107٫79,0,0,,1,نواقص,99999,,19٫25,,2024/09/09,,,,,,,,2024/09/08,,-1,,,,,SINA COSMETICS,,,,0,51٫88,19٫25,2021/11/03,,19٫25,لا,40,35,30,25,0
1489,ROZANA BLUSHER 4*1 NO 1,0,0,19٫25,0,40,0,35,0,30,0,25,0,2024/12/19,,,,,,,,,,,,,,,034016,4*1,0,,0,ROZANA,BLUSHER,NO 1,,,107٫79,0,0,,1,نواقص,99999,,19٫25,,2022/09/20,,,,,,,,2022/09/17,,-1,,,,,SINA COSMETICS,,,,0,51٫88,19٫25,2021/11/05,,19٫25,لا,40,35,30,25,0
1490,ROZANA BLUSHER 4*1 NO 2,0,0,19٫25,0,40,0,35,0,30,0,25,0,2024/12/19,,,,,,,,,,,,,,,034017,4*1,0,,0,ROZANA,BLUSHER,NO 2,,,107٫79,0,0,,1,نواقص,99999,,19٫25,,2022/09/20,,,,,,,,2022/09/17,,-1,,,,,SINA COSMETICS,,,,0,51٫88,19٫25,2021/11/05,,19٫25,لا,40,35,30,25,0
1491,ROZANA BLUSHER 4*1 NO 3,0,0,19٫25,0,40,0,35,0,30,0,25,0,2022/08/04,,,,,,,,,,,,,,,034018,4*1,0,,0,ROZANA,BLUSHER,NO 3,,,107٫79,0,0,,1,نواقص,99999,,19٫25,,2022/03/21,,,,,,,,2022/08/04,,-1,,,,,SINA COSMETICS,,,,0,51٫88,19٫25,2021/11/05,,19٫25,لا,40,35,30,25,0
1492,ROZANA BLUSHER NO 3,0,0,19٫25,0,40,0,35,0,30,0,25,0,2023/03/11,,,,,,,,,,,,,,,034022,NO 3,0,,0,ROZANA,BLUSHER,,,,107٫79,0,0,,1,نواقص,99999,,19٫25,,2023/03/11,,,,,,,,2023/03/11,,-1,,,,,SINA COSMETICS,,,,0,51٫88,19٫25,2021/11/05,,19٫25,لا,40,35,30,25,0
1493,ROZANA Blusher 4*1 1,0,0,15,0,25,0,22,0,20,0,18,0,2024/12/19,,,,,,,,,,,,,,,030011,1,0,,0,ROZANA,Blusher 4*1,,,,66٫67,0,0,,1,نواقص,99999,,15,,2022/10/28,,,,,,,,2021/11/14,,-1,,,,,رصيد اول المده,,,,0,40,15,2021/08/29,,15,لا,25,22,20,18,0
1494,ROZANA Blusher 4*13 3,0,0,15,0,25,0,22,0,20,0,18,0,2022/10/15,,,,,,,,,,,,,,,030013,3,0,,0,ROZANA,Blusher 4*13,,,,66٫67,0,0,MAKE-UP,1,---,99999,\us\134\pid\759\f132587245974447539056.png,15,,,,,,,,,,2022/10/15,,1,,10,#ROYALELCHIM ,ROZANA Blusher  4*13,رصيد اول المده,,,,0,40,15,2021/08/29,ROZANA Blusher  4*13,15,لا,25,22,20,18,1
1495,ROZANA COMPACT POWDER NO 1,0,0,17٫5,0,35,0,30,0,25,0,20,0,2024/12/19,,,,,,,,,,,,,,,034004,NO 1,0,,0,ROZANA,COMPACT POWDER,,,,100,0,0,,1,نواقص,99999,,17٫5,,2022/11/15,,,,,,,,2022/11/14,,-1,,,,,SINA COSMETICS,,,,0,50,17٫5,2021/11/05,,17٫5,لا,35,30,25,20,0
1496,ROZANA COMPACT POWDER NO 2,0,0,17٫5,0,35,0,30,0,25,0,20,0,2024/12/19,,,,,,,,,,,,,,,034005,NO 2,0,,0,ROZANA,COMPACT POWDER,,,,100,0,0,,1,نواقص,99999,,17٫5,,2023/10/12,,,,,,,,2023/11/21,,-1,,,,,SINA COSMETICS,,,,0,50,17٫5,2021/11/05,,17٫5,لا,35,30,25,20,0
1497,ROZANA EYE BROW GEL,0,0,19٫5,0,30,0,25,0,22,0,20,0,2024/12/19,,,,,,,,,,,,,,,6223002747375,,0,,0,ROZANA,EYE BROW GEL,,,,53٫85,0,0,MAKE-UP,1,نواقص,99999,\us\134\pid\760\f132586442162057449016.png,20,,2022/06/18,,,,,,,,2022/02/04,,1,,10,#ROYALELCHIM ,"ROZANA,EYEBROW,GEL",رويال / اداره المخازن الاقصر,,,,0,35,20,2021/12/05,ROZANA EYE BROW GEL,19٫5,لا,30,25,22,20,2
1498,ROZANA EYESHADOW NO 2 8COLORS,0,0,19٫25,0,40,0,35,0,30,0,25,0,2024/12/19,,,,,,,,,,,,,,,034015,NO 2,0,,0,ROZANA,EYESHADOW,8COLORS,,,107٫79,0,0,,1,نواقص,99999,,19٫25,,2023/10/12,,,,,,,,2022/09/02,,-1,,,,,SINA COSMETICS,,,,0,51٫88,19٫25,2021/11/05,,19٫25,لا,40,35,30,25,0
1499,ROZANA FOUNDATION 40ML C.O.3,0,0,0,0,45,0,40,0,35,0,31,0,,,,,,,,,,,,,,,,030005,C.O.3,0,,0,ROZANA,FOUNDATION 40ML,,,,,0,0,,1,نواقص,99999,,0,,2021/07/14,,,,,,,,,,-1,,,,,,,,,0,,0,,,0,لا,45,40,35,31,0
1500,ROZANA FOUNDATION 40ML C.O.4,0,0,28,0,45,0,40,0,35,0,31,0,2022/05/25,,,,,,,,,,,,,,,030006,C.O.4,0,,0,ROZANA,FOUNDATION 40ML,,,,60٫71,0,0,,1,نواقص,99999,,28,,2022/05/19,,,,,,,,,,-1,,,,,رويال / اداره المخازن الاقصر,,,,0,37٫78,28,2021/05/13,,28,لا,45,40,35,31,0
1501,ROZANA FOUNDATION 50ML C.O.1,0,0,30,0,50,0,45,0,40,0,35,0,2021/11/30,,,,,,,,,,,,,,,030000,C.O.1,0,,0,ROZANA,FOUNDATION 50ML,,,,66٫67,0,0,MAKE-UP,1,نواقص,99999,\us\134\pid\575\f132584883244353831339.png,30,,2021/12/01,,,,,,,,2021/11/30,,-2,2021/04/01,10,#ROYALELCHIM ,"العنايه,بالبشره,ROZANA,FOUNDATION,50ML C.O.1",رصيد اول المده,,,,0,40,30,2021/08/29,ROZANA FOUNDATION 50ML,30,لا,50,45,40,35,2
1502,ROZANA FOUNDATION 50ML C.O.2,0,0,30,0,50,0,45,0,40,0,35,0,2021/11/29,,,,,,,,,,,,,,,030001,C.O.2,0,,0,ROZANA,FOUNDATION 50ML,,,,66٫67,0,0,,1,نواقص,99999,,30,,2021/11/29,,,,,,,,2021/11/29,,-1,,,,,رصيد اول المده,,,,0,40,30,2021/08/29,,30,لا,50,45,40,35,0
1503,ROZANA FOUNDATION 50ML C.O.3,0,0,30,0,50,0,45,0,40,0,35,0,2022/05/25,,,,,,,,,,,,,,,030002,C.O.3,0,,0,ROZANA,FOUNDATION 50ML,,,,66٫67,0,0,,1,نواقص,99999,,30,,2021/11/22,,,,,,,,2021/11/20,,-1,,,,,رصيد اول المده,,,,0,40,30,2021/08/29,,30,لا,50,45,40,35,0
1504,ROZANA FOUNDATION 50ML C.O.4,0,0,30,0,50,0,45,0,40,0,35,0,2022/05/25,,,,,,,,,,,,,,,030003,C.O.4,0,,0,ROZANA,FOUNDATION 50ML,,,,66٫67,0,0,,1,نواقص,99999,,30,,2021/11/22,,,,,,,,2021/12/02,,-1,,,,,رصيد اول المده,,,,0,40,30,2021/08/29,,30,لا,50,45,40,35,0
1505,ROZANA FOUNDATION cream 40ML No 1,0,0,28,0,45,0,40,0,35,0,30,0,2022/05/25,,,,,,,,,,,,,,,030014,No 1,0,,0,ROZANA,FOUNDATION cream 40ML,,,,60٫71,0,0,,1,نواقص,99999,,28,,2022/05/19,,,,,,,,,,-1,,,,,رصيد اول المده,,,,0,37٫78,28,2021/08/29,,28,لا,45,40,35,30,0
1506,ROZANA FOUNDATION cream 40ML No 2,0,0,28,0,45,0,40,0,35,0,30,0,2022/05/25,,,,,,,,,,,,,,,030015,No 2,0,,0,ROZANA,FOUNDATION cream 40ML,,,,60٫71,0,0,,1,نواقص,99999,,28,,2022/05/19,,,,,,,,,,-1,,,,,رصيد اول المده,,,,0,37٫78,28,2021/08/29,,28,لا,45,40,35,30,0
1507,ROZANA FOUNDATION cream 40ML No 3,0,0,28,0,45,0,40,0,35,0,30,0,2022/05/25,,,,,,,,,,,,,,,030016,No 3,0,,0,ROZANA,FOUNDATION cream 40ML,,,,60٫71,0,0,,1,نواقص,99999,,28,,2022/05/19,,,,,,,,,,-1,,,,,رصيد اول المده,,,,0,37٫78,28,2021/08/29,,28,لا,45,40,35,30,0
1508,ROZANA FOUNDATION cream 40ML No 4,0,0,28,0,45,0,40,0,35,0,30,0,2022/05/25,,,,,,,,,,,,,,,030017,No 4,0,,0,ROZANA,FOUNDATION cream 40ML,,,,60٫71,0,0,,1,نواقص,99999,,28,,2022/05/19,,,,,,,,,,-1,,,,,رصيد اول المده,,,,0,37٫78,28,2021/08/29,,28,لا,45,40,35,30,0
1509,ROZANA FOUNDATION ROSE 40 ML CO.4,0,0,27٫33,0,45,0,40,0,35,0,31,0,2022/05/25,,,,,,,,,,,,,,,030010,CO.4,0,,0,ROZANA,FOUNDATION ROSE 40 ML,,,,64٫63,0,0,MAKE-UP,1,نواقص,99999,\us\134\pid\585\f132584885462496226343.png,27,,2022/05/19,,,,,,,,,,-2,2021/04/01,10,#ROYALELCHIM ,"العنايه بالبشرهROZANA,FOUNDATION,ROSE,40ML CO.4",رصيد اول المده,,,,0,39٫26,27,2021/08/29,ROZANA FOUNDATION ROSE 40 ML,27٫33,لا,45,40,35,31,2
1510,ROZANA FOUNDATION ROSE 40ML CO.1,0,0,27٫33,0,45,0,40,0,35,0,31,0,2022/05/25,,,,,,,,,,,,,,,030007,CO.1,0,,0,ROZANA,FOUNDATION ROSE 40ML,,,,64٫63,0,0,,1,نواقص,99999,,27,,2022/05/19,,,,,,,,2021/11/12,,-1,,,,,رصيد اول المده,,,,0,39٫26,27,2021/08/29,,27٫33,لا,45,40,35,31,0
1511,ROZANA FOUNDATION ROSE 40ML CO.2,0,0,27٫33,0,45,0,40,0,35,0,31,0,2022/05/25,,,,,,,,,,,,,,,030008,CO.2,0,,0,ROZANA,FOUNDATION ROSE 40ML,,,,64٫63,0,0,,1,نواقص,99999,,27,,2022/05/19,,,,,,,,,,-1,,,,,رصيد اول المده,,,,0,39٫26,27,2021/08/29,,27٫33,لا,45,40,35,31,0
1512,ROZANA FOUNDATION ROSE 40ML CO.3,0,0,27٫33,0,45,0,40,0,35,0,31,0,2022/05/25,,,,,,,,,,,,,,,030009,CO.3,0,,0,ROZANA,FOUNDATION ROSE 40ML,,,,64٫63,0,0,,1,نواقص,99999,,27,,2022/05/19,,,,,,,,,,-1,,,,,رصيد اول المده,,,,0,39٫26,27,2021/08/29,,27٫33,لا,45,40,35,31,0
1513,ROZANA FOUNDATION SILVER 40ML C.O.1,0,0,28,0,45,0,40,0,35,0,31,0,2021/06/19,,,,,,,,,,,,,,,030004,C.O.1,0,,0,ROZANA,FOUNDATION SILVER 40ML,,,,60٫71,0,0,,1,نواقص,99999,,28,,2021/10/15,,,,,,,,2021/06/19,,-1,,,,,رويال / اداره المخازن الاقصر,,,,0,37٫78,28,2021/05/13,,28,لا,45,40,35,31,0
1514,ROZANA LIPSTICK NORMAL,0,0,4,0,7٫5,0,6,0,5,0,4٫5,0,2024/12/19,,,,,,,,,,,,,,,6223002746699,,0,,0,ROZANA,LIPSTICK NORMAL,,,,87٫5,0,0,MAKE_UP,1,نواقص,99999,,4,,2023/10/12,,,,,,,,2023/01/25,,-68,2024/01/01,10,#ROYALELHIM ,"ROZAN, LIPSTIC,  NORMAL العنايه بالبشره",رصيد اول المده,,,,0,46٫67,4,2021/08/29,ROZANA LIPSTICK NORMAL,4,لا,7٫5,6,5,4٫5,0
1515,ROZANA MASCARA EXTRA VOLUME,0,0,18,0,35,0,27,0,25,0,22,0,2024/12/19,,,,,,,,,,,,,,,6223002747245,EXTRA VOLUME,0,,0,ROZANA,MASCARA,,,,94٫44,0,0,,1,نواقص,99999,,18,,2023/10/12,,,,,,,,2022/04/29,,-1,,,,,SINA COSMETICS,,,,0,48٫57,18,2021/11/05,,18,لا,35,27,25,22,0
1516,ROZANA MOROCCAN CLAY MASK 200GM,0,0,7٫5,0,15,0,13,0,10,0,8٫5,0,2024/12/19,,,,,,,,,,,,,,,6223002744176,,0,,0,ROZANA,MOROCCAN CLAY MASK 200GM,,,,100,0,0,منتجات العنايه الشخصيه,1,نواقص,99999,\us\134\pid\597\f132557012303248626349.png,7٫5,,2022/06/18,,,,,,,,2023/09/28,,-23,2021/01/30,20,#SINACOSMETICS ,"ماسك,طمي,مغربي,روزاناCLAY,MASK<200<200<GM,OZANA,MOROCCAN",رويال / اداره المخازن الاقصر,,,,0,50,7٫5,2022/02/24,ROZANA MOROCCAN CLAY MASK 200 GM,7٫5,لا,15,13,10,8٫5,5
1517,ROZANA ROZANA BLUSHER NO 1,0,0,19٫25,0,40,0,35,0,30,0,25,0,2023/03/23,,,,,,,,,,,,,,,034012,NO 1,0,,0,ROZANA,ROZANA BLUSHER,,,,107٫79,0,0,,1,نواقص,99999,,19٫25,,2023/03/23,,,,,,,,2023/03/23,,-1,,,,,SINA COSMETICS,,,,0,51٫88,19٫25,2021/11/05,,19٫25,لا,40,35,30,25,0
1518,ROZANA ROZANA BLUSHER NO 2,0,0,19٫25,0,40,0,35,0,30,0,25,0,2024/12/19,,,,,,,,,,,,,,,034013,NO 2,0,,0,ROZANA,ROZANA BLUSHER,,,,107٫79,0,0,,1,نواقص,99999,,19٫25,,2023/01/19,,,,,,,,2023/01/18,,-1,,,,,SINA COSMETICS,,,,0,51٫88,19٫25,2021/11/05,,19٫25,لا,40,35,30,25,0
1519,ROZANA ROZANA BLUSHER NO 4,0,0,19٫25,0,40,0,35,0,30,0,25,0,2024/12/19,,,,,,,,,,,,,,,034023,NO 4,0,,0,ROZANA,ROZANA BLUSHER,,,,107٫79,0,0,,1,نواقص,99999,,19٫25,,2023/10/12,,,,,,,,2023/08/03,,-1,,,,,SINA COSMETICS,,,,0,51٫88,19٫25,2021/11/03,,19٫25,لا,40,35,30,25,0
1520,ROZANA ROZANA BLUSHER NO 5,0,0,19٫25,0,40,0,35,0,30,0,25,0,2024/12/19,,,,,,,,,,,,,,,034024,NO 5,0,,0,ROZANA,ROZANA BLUSHER,,,,107٫79,0,0,,1,نواقص,99999,,19٫25,,2023/10/19,,,,,,,,2023/10/19,,-1,,,,,SINA COSMETICS,,,,0,51٫88,19٫25,2021/11/03,,19٫25,لا,40,35,30,25,0
1521,ROZANA ROZANA EYESHADOW NO 3 8COLORS,0,0,19٫25,0,40,0,35,0,30,0,25,0,2024/12/19,,,,,,,,,,,,,,,034019,NO 3,0,,0,ROZANA,ROZANA EYESHADOW,8COLORS,,,107٫79,0,0,,1,نواقص,99999,,19٫25,,2023/01/19,,,,,,,,2023/01/18,,-1,,,,,SINA COSMETICS,,,,0,51٫88,19٫25,2021/11/05,,19٫25,لا,40,35,30,25,0
1522,ROZANA TINT ROZANA,0,0,9٫25,0,18,0,15,0,13,0,12,0,2023/02/03,,,,,,,,,,,,,,,6223002747733,,0,,0,ROZANA,TINT ROZANA,,,,94٫59,0,0,,1,نواقص,99999,,9٫25,,2022/06/18,,,,,,,,2023/02/03,,-1,,,,,SINA COSMETICS,,,,0,48٫61,9٫25,2021/11/05,,9٫25,لا,18,15,13,12,0
1523,ROZANA Whitening,0,0,10,0,22,0,20,0,18,0,15,0,2024/01/12,,,,,,,,,,,,,,,6223002744824,,0,,0,ROZANA,Whitening,,,,120,0,0,,1,نواقص,99999,,10,,2024/01/12,,,,,,,,2024/01/12,,-1,,,,,مايكل ثروت / مايت سينما,,,,0,54٫55,10,2023/08/10,,10,لا,22,20,18,15,0
1524,ROZANA روج سحرى Rozana مشكل,0,0,4٫41,0,9,0,7٫5,0,7,0,6,0,2024/12/19,,,,,,,,,,,,,,,6223002746798,مشكل,0,,0,ROZANA,روج سحرى Rozana,,,,103٫94,0,0,,1,نواقص,99999,,5,,2023/10/12,,,,,,,,2023/01/16,,-1,,,,,SINA COSMETICS,,,,0,50٫97,4٫86,2022/06/30,,4٫41,لا,9,7٫5,7,6,0
1525,ROZANA كريم كعب الغزال 300gm,0,0,13٫61,0,25,0,20,0,18,0,16,0,2024/12/19,,,,,,,,,,,,,,,030022,300gm,0,,0,ROZANA,كريم كعب الغزال,,,,83٫67,0,0,,1,---,99999,,14,,,,,,,,,,2023/01/16,,-1,,,,,SINA COSMETICS,,,,0,45٫56,13٫61,2022/06/30,,13٫61,لا,25,20,18,16,0
1526,ROZANA كريم مورد انبوبة,0,0,11٫67,0,25,0,20,0,17,0,15,0,2024/12/19,,,,,,,,,,,,,,,030023,,0,,0,ROZANA,كريم مورد انبوبة,,,,114٫29,0,0,,1,نواقص,99999,,12,,2022/12/03,,,,,,,,2022/12/03,,-1,,,,,SINA COSMETICS,,,,0,53٫33,11٫67,2022/06/30,,11٫67,لا,25,20,17,15,0
1527,ROZANA مخمرية كريم 25 جم,0,0,8٫5,0,20,0,18,0,15,0,12,0,2024/12/19,,,,,,,,,,,,,,,030018,25 جم,0,,0,ROZANA,مخمرية كريم,,,,135٫29,0,0,,1,نواقص,99999,,8٫5,,2023/10/12,,,,,,,,2023/04/11,,-1,,,,,SINA COSMETICS,,,,0,57٫5,8٫5,2022/05/25,,8٫5,لا,20,18,15,12,0
43,إجمالي -   ROZANA,0,0,0,0,0,0,0,0,0,0,0,0,,0,0,0,0,0,0,0,0,0,0,0,0,0,0,,,0,0,0,,,,,,0,0,,,,,,,0,,,,,0,0,0,0,0,,,,,,,,,,,,,,0,,,0,,0,0,0,0,
,,,,,,,,,,,,,,,,,,,,,,,,,,,,,,,,,,,,,,,,,,,,,,,,,,,,,,,,,,,,,,,,,,,,,,,,,,,,,,,
,SANDRA,,,,,,,,,,,,,,,,,,,,,,,,,,,,,,,,,SANDRA,,,,,,,,,,,,,,,,,,,,,,,,,,,,,,,,,,,,,,,,,,,,,
1528,SANDRA Blusher 6 COLOR,0,0,65٫98,0,110,0,100,0,90,0,80,0,2024/04/15,,,,,,,,,,,,,,,6223004481055,6 COLOR,0,,0,SANDRA,Blusher,,,,66٫73,0,0,,1,نواقص,99999,,65,,2024/04/15,,,,,,,,2024/04/15,,-1,,,,,JO /النزهه الجديده,,,,0,40٫02,65٫98,2023/12/28,,65٫98,لا,110,100,90,80,0
1529,SANDRA Concealer,0,0,0,0,,0,,0,,0,,0,,,,,,,,,,,,,,,,079070,,0,,0,SANDRA,Concealer,,,,,0,0,,1,---,99999,,0,,,,,,,,,,,,-1,,,,,,,,,0,,0,,,0,لا,,,,,0
1530,SANDRA CONCEALER CREAM,0,0,45,0,70,0,65,0,60,0,55,0,2025/10/04,,,,,,,,,,,,,,,6223004483356,,0,,0,SANDRA,CONCEALER CREAM,,,,55٫56,0,0,,1,نواقص,99999,,45,,2025/10/04,,,,,,,,2025/10/04,,-1,,,,,ميخائيل نجع حمادي,,,,0,35٫71,45,2025/04/08,,45,لا,70,65,60,55,0
1531,SANDRA Contour,0,0,46,0,70,0,65,0,60,0,55,0,2026/02/11,,,,,,,,,,,,,,,6223004482953,,0,,0,SANDRA,Contour,,,,52٫17,0,0,,1,نواقص,99999,,46,,2026/02/11,,,,,,,,2026/02/11,,-1,,,,,ميخائيل نجع حمادي,,,,0,34٫29,46,2025/07/01,,46,لا,70,65,60,55,0
1532,SANDRA FOUNDATION BB 30spf,0,0,55٫83,0,100,0,90,0,80,0,75,0,2024/02/26,,,,,,,,,,,,,,,6223004482144,BB,0,,0,SANDRA,FOUNDATION,30spf,,,79٫13,0,0,,1,نواقص,99999,,55,,2024/02/29,,,,,,,,2024/02/26,,-1,,,,,JO /النزهه الجديده,,,,0,44٫18,55٫83,2023/12/28,,55٫83,لا,100,90,80,75,0
1533,SANDRA FOUNDATION CC 30spf,0,0,55٫83,0,100,0,90,0,80,0,75,0,2024/02/03,,,,,,,,,,,,,,,6223004482168,CC,0,,0,SANDRA,FOUNDATION,30spf,,,79٫13,0,0,,1,نواقص,99999,,55,,2024/02/03,,,,,,,,2024/02/03,,-1,,,,,JO /النزهه الجديده,,,,0,44٫18,55٫83,2023/12/28,,55٫83,لا,100,90,80,75,0
1534,SANDRA FOUNDATION SC260,0,0,80,0,150,0,140,0,130,0,120,0,2025/06/03,,,,,,,,,,,,,,,6223004482632,SC260,0,,0,SANDRA,FOUNDATION,,,,87٫5,0,0,,1,نواقص,99999,,80,,2025/06/03,,,,,,,,2025/06/03,,-1,,,,,جرجس خ روزتا,,,,0,46٫67,80,2025/02/01,,80,لا,150,140,130,120,0
1535,SANDRA FRESH LOOK GEL 1KG,0,0,18٫21,0,30,0,27,0,25,0,21,0,2024/12/19,,,,,,,,,,,,,,,079002,1KG,0,,0,SANDRA,FRESH LOOK GEL,,,,64٫76,0,0,منتجات العنايه الشخصيه,1,نواقص,99999,\us\134\pid\2447\f132872409969940593150.png,19٫17,,2023/11/10,,,,,,,,2023/11/09,,0,,15,#SANDRA ,,شركة / ساندرا /حازم,,,,0,39٫31,18٫21,2021/12/14,FRESH LOOK GEL 1KG,18٫21,لا,30,27,25,21,2
1536,SANDRA FRESH LOOK GEL 500جم,0,0,11٫48,0,20,0,18,0,15,0,12٫5,0,2024/12/19,,,,,,,,,,,,,,,079000,500جم,0,,0,SANDRA,FRESH LOOK GEL,,,,74٫23,0,0,منتجات العنايه الشخصيه,1,نواقص,99999,\us\134\pid\2445\f132872395930815548131.png,12٫08,,2023/10/12,,,,,,,,2023/01/27,,0,,15,#SANDRA ,,شركة / ساندرا /حازم,,,,0,42٫6,11٫48,2021/12/14,SANDRA FRESH LOOK GEL 500GM,11٫48,لا,20,18,15,12٫5,4
1537,SANDRA FRESH LOOK GEL 700,0,0,14٫65,0,25,0,22,0,20,0,15,0,2023/11/29,,,,,,,,,,,,,,,079001,700,0,,0,SANDRA,FRESH LOOK GEL,,,,70٫7,0,0,منتجات العنايه الشخصيه,1,---,99999,\us\134\pid\2446\f132872407953914196144.png,15٫42,,2022/10/14,,,,,,,,2022/10/24,,0,,15,#SANDRA ,,شركة / ساندرا /حازم,,,,0,41٫42,14٫65,2021/12/14,SANDRA FRESH LOOK GEL 700GM,14٫65,لا,25,22,20,15,4
1538,SANDRA FRESH LOOK WAX,0,0,7٫6,0,25,0,13,0,12,0,9,0,2024/12/19,,,,,,,,,,,,,,,6223004480911,,0,,0,SANDRA,FRESH LOOK WAX,,,,228٫97,0,0,منتجات العنايه الشخصيه,1,نواقص,99999,\us\134\pid\2444\f132872416650458949155.png,8,,2023/10/12,,,,,,,,2023/07/02,,0,,15,#SANDRA ,,شركة / ساندرا /حازم,,,,0,69٫6,7٫6,2021/12/14,FRESH LOOK WAX,7٫6,لا,25,13,12,9,4
1539,SANDRA Lip Gloss No 648,0,0,0,0,65,0,60,0,55,0,50,0,,,,,,,,,,,,,,,,079068,No 648,0,,0,SANDRA,Lip Gloss,,,,,0,0,,1,---,99999,,0,,,,,,,,,,,,-1,,,,,,,,,0,,0,,,0,لا,65,60,55,50,0
1540,SANDRA Lip Gloss Gel 524,0,0,38,0,65,0,60,0,55,0,50,0,2026/03/29,,,,,,,,,,,,,,,079062,524,0,,0,SANDRA,Lip Gloss Gel,,,,71٫05,0,0,,1,نواقص,99999,,38,,2026/04/02,,,,,,,,2026/03/29,,-1,,,,,محمد حافظ / مايت سينما,,,,0,41٫54,38,2025/12/13,,38,لا,65,60,55,50,0
1541,SANDRA Lipgloss 416,0,0,33,0,60,0,55,0,50,0,45,0,2024/10/24,,,,,,,,,,,,,,,079042,416,0,,0,SANDRA,Lipgloss,,,,81٫82,0,0,,1,نواقص,99999,,33,,2024/10/24,,,,,,,,2024/10/24,,-1,,,,,محمد حافظ / مايت سينما,,,,0,45,33,2024/10/19,,33,لا,60,55,50,45,0
1542,SANDRA Lipgloss Sc416,0,0,33٫5,0,60,0,55,0,50,0,45,0,2025/05/12,,,,,,,,,,,,,,,6223004483684,Sc416,0,,0,SANDRA,Lipgloss,,,,79٫1,0,0,,1,نواقص,99999,,33٫5,,2025/05/12,,,,,,,,2025/05/12,,-1,,,,,محمد حافظ / مايت سينما,,,,0,44٫17,33٫5,2025/02/01,,33٫5,لا,60,55,50,45,0
1543,SANDRA Mascra Aquarius 315,0,0,43٫5,0,75,0,70,0,65,0,60,0,2025/02/23,,,,,,,,,,,,,,,079047,315,0,,0,SANDRA,Mascra Aquarius,,,,72٫41,0,0,,1,---,99999,,43٫5,,,,,,,,,,2025/02/23,,-1,,,,,,,,,0,42,43٫5,2025/01/26,,43٫5,لا,75,70,65,60,0
1544,SANDRA Quta Lipstick CODE 10,0,0,8٫75,0,30,0,21,0,15,0,12,0,2024/12/19,,,,,,,,,,,,,,,079023,CODE 10,0,,0,SANDRA,Quta Lipstick,,,,242٫86,0,0,MAKE-UP,1,---,99999,\us\134\pid\2979\f132951082752062248112.png,8٫75,,,,,,,,,,,,2,,30,,,اون لاين,,,,0,70٫83,8٫75,2022/04/14,,8٫75,لا,30,21,15,12,1
1545,SANDRA Quta Lipstick CODE 12,0,0,8٫75,0,30,0,21,0,15,0,12,0,2024/12/19,,,,,,,,,,,,,,,079022,CODE 12,0,,0,SANDRA,Quta Lipstick,,,,242٫86,0,0,MAKE-UP,1,---,99999,\us\134\pid\2978\f132951086799364332113.png,8٫75,,,,,,,,,,,,2,,30,,,اون لاين,,,,0,70٫83,8٫75,2022/04/14,,8٫75,لا,30,21,15,12,1
1546,SANDRA Quta Lipstick CODE 15,0,0,8٫75,0,30,0,21,0,15,0,12,0,2024/12/19,,,,,,,,,,,,,,,079020,CODE 15,0,,0,SANDRA,Quta Lipstick,,,,242٫86,0,0,MAKE-UP,1,---,99999,\us\134\pid\2976\f132951088424416802114.png,8٫75,,,,,,,,,,,,2,,30,,,اون لاين,,,,0,70٫83,8٫75,2022/04/14,,8٫75,لا,30,21,15,12,1
1547,SANDRA Quta Lipstick CODE 2,0,0,8٫75,0,30,0,21,0,15,0,12,0,2024/12/19,,,,,,,,,,,,,,,079024,CODE 2,0,,0,SANDRA,Quta Lipstick,,,,242٫86,0,0,MAKE-UP,1,---,99999,\us\134\pid\2980\f132951089368814114115.png,8٫75,,,,,,,,,,,,2,,30,,,اون لاين,,,,0,70٫83,8٫75,2022/04/14,,8٫75,لا,30,21,15,12,1
1548,SANDRA Quta Lipstick CODE 3,0,0,8٫75,0,30,0,21,0,15,0,12,0,2024/12/19,,,,,,,,,,,,,,,079021,CODE 3,0,,0,SANDRA,Quta Lipstick,,,,242٫86,0,0,MAKE-UP,1,---,99999,\us\134\pid\2977\f132951091719616179116.png,8٫75,,,,,,,,,,,,2,,30,,,اون لاين,,,,0,70٫83,8٫75,2022/04/14,,8٫75,لا,30,21,15,12,1
1549,SANDRA Quta Lipstick CODE 9,0,0,8٫75,0,,0,,0,,0,,0,2024/12/19,,,,,,,,,,,,,,,079019,CODE 9,0,,0,SANDRA,Quta Lipstick,,,,,0,0,MAKE-UP,1,---,99999,\us\134\pid\2975\f132951092794169264117.png,8٫75,,,,,,,,,,,,2,,30,,,اون لاين,,,,0,,8٫75,2022/04/14,,8٫75,لا,,,,,1
1550,SANDRA Quta Lipstick LUX CODE 1,0,0,10,0,30,0,21,0,15,0,12,0,2024/12/19,,,,,,,,,,,,,,,079032,CODE 1,0,,0,SANDRA,Quta Lipstick LUX,,,,200,0,0,MAKE-UP,1,---,99999,\us\134\pid\2988\f132951094192265391118.png,10,,,,,,,,,,,,2,,30,,,اون لاين,,,,0,66٫67,10,2022/04/14,,10,لا,30,21,15,12,1
1551,SANDRA Quta Lipstick LUX CODE 10,0,0,10,0,30,0,21,0,15,0,12,0,2024/12/19,,,,,,,,,,,,,,,079031,CODE 10,0,,0,SANDRA,Quta Lipstick LUX,,,,200,0,0,MAKE-UP,1,---,99999,\us\134\pid\2987\f132951095275864005119.png,10,,,,,,,,,,,,2,,30,,,اون لاين,,,,0,66٫67,10,2022/04/14,,10,لا,30,21,15,12,1
1552,SANDRA Quta Lipstick LUX CODE 11,0,0,10,0,30,0,21,0,15,0,12,0,2024/12/19,,,,,,,,,,,,,,,079030,CODE 11,0,,0,SANDRA,Quta Lipstick LUX,,,,200,0,0,MAKE-UP,1,---,99999,\us\134\pid\2986\f132951097088468857120.png,10,,,,,,,,,,,,2,,30,,,اون لاين,,,,0,66٫67,10,2022/04/14,,10,لا,30,21,15,12,1
1553,SANDRA Quta Lipstick LUX CODE 3,0,0,10,0,30,0,21,0,15,0,12,0,2024/12/19,,,,,,,,,,,,,,,079028,CODE 3,0,,0,SANDRA,Quta Lipstick LUX,,,,200,0,0,,1,---,99999,,10,,,,,,,,,,,,-1,,,,,اون لاين,,,,0,66٫67,10,2022/04/14,,10,لا,30,21,15,12,0
1554,SANDRA Quta Lipstick LUX CODE 4,0,0,10,0,30,0,21,0,15,0,12,0,2024/12/19,,,,,,,,,,,,,,,079027,CODE 4,0,,0,SANDRA,Quta Lipstick LUX,,,,200,0,0,MAKE-UP,1,---,99999,\us\134\pid\2983\f132951099902172817121.png,10,,,,,,,,,,,,2,,30,,,اون لاين,,,,0,66٫67,10,2022/04/14,,10,لا,30,21,15,12,1
1555,SANDRA Quta Lipstick LUX CODE 5,0,0,10,0,30,0,21,0,15,0,12,0,2024/12/19,,,,,,,,,,,,,,,079033,CODE 5,0,,0,SANDRA,Quta Lipstick LUX,,,,200,0,0,MAKE-UP,1,---,99999,\us\134\pid\2989\f132951102680668830122.png,10,,,,,,,,,,,,2,,30,,,اون لاين,,,,0,66٫67,10,2022/04/14,,10,لا,30,21,15,12,1
1556,SANDRA Quta Lipstick LUX CODE 6,0,0,10,0,30,0,21,0,15,0,12,0,2024/12/19,,,,,,,,,,,,,,,079025,CODE 6,0,,0,SANDRA,Quta Lipstick LUX,,,,200,0,0,MAKE-UP,1,---,99999,\us\134\pid\2981\f132951104129468441123.png,10,,,,,,,,,,,,2,,30,,,اون لاين,,,,0,66٫67,10,2022/04/14,,10,لا,30,21,15,12,1
1557,SANDRA Quta Lipstick LUX CODE 7,0,0,10,0,30,0,21,0,15,0,12,0,2024/12/19,,,,,,,,,,,,,,,079029,CODE 7,0,,0,SANDRA,Quta Lipstick LUX,,,,200,0,0,MAKE-UP,1,---,99999,\us\134\pid\2985\f132951105625473061124.png,10,,,,,,,,,,,,2,,30,,,اون لاين,,,,0,66٫67,10,2022/04/14,,10,لا,30,21,15,12,1
1558,SANDRA Quta Lipstick LUX CODE 8,0,0,10,0,30,0,21,0,15,0,12,0,2024/12/19,,,,,,,,,,,,,,,079034,CODE 8,0,,0,SANDRA,Quta Lipstick LUX,,,,200,0,0,MAKE-UP,1,---,99999,\us\134\pid\2990\f132951106921472924125.png,10,,,,,,,,,,,,2,,30,,,اون لاين,,,,0,66٫67,10,2022/04/14,,10,لا,30,21,15,12,1
1559,SANDRA Quta Lipstick LUX CODE 9,0,0,10,0,30,0,21,0,15,0,12,0,2024/12/19,,,,,,,,,,,,,,,079026,CODE 9,0,,0,SANDRA,Quta Lipstick LUX,,,,200,0,0,,1,---,99999,,10,,,,,,,,,,,,-1,,,,,اون لاين,,,,0,66٫67,10,2022/04/14,,10,لا,30,21,15,12,0
1560,SANDRA Sandra Nail Polish CODE 0,0,0,5,0,30,0,21,0,15,0,10,0,2024/12/19,,,,,,,,,,,,,,,079011,CODE 0,0,,0,SANDRA,Sandra Nail Polish,,,,500,0,0,MAKE-UP,1,---,99999,\us\134\pid\2951\f132936581410623868115.png,5,,,,,,,,,,,,2,,30,,,اون لاين,,,,0,83٫33,5,2022/04/05,,5,لا,30,21,15,10,2
1561,SANDRA Sandra Nail Polish CODE 00,0,0,5,0,30,0,21,0,15,0,10,0,2024/12/19,,,,,,,,,,,,,,,079016,CODE 00,0,,0,SANDRA,Sandra Nail Polish,,,,500,0,0,MAKE-UP,1,---,99999,\us\134\pid\2956\f132936585165020500117.png,5,,,,,,,,,,,,2,,30,,,اون لاين,,,,0,83٫33,5,2022/04/05,,5,لا,30,21,15,10,2
1562,SANDRA Sandra Nail Polish CODE 01,0,0,5,0,30,0,21,0,15,0,10,0,2024/12/19,,,,,,,,,,,,,,,079017,CODE 01,0,,0,SANDRA,Sandra Nail Polish,,,,500,0,0,MAKE-UP,1,---,99999,\us\134\pid\2957\f132936591705728272119.png,5,,,,,,,,,,,,2,,30,,,اون لاين,,,,0,83٫33,5,2022/04/05,,5,لا,30,21,15,10,2
1563,SANDRA Sandra Nail Polish CODE 11,0,0,5,0,30,0,21,0,15,0,10,0,2024/12/19,,,,,,,,,,,,,,,079010,CODE 11,0,,0,SANDRA,Sandra Nail Polish,,,,500,0,0,MAKE-UP,1,---,99999,\us\134\pid\2950\f132936594307406745122.png,5,,,,,,,,,,,,2,,30,,,اون لاين,,,,0,83٫33,5,2022/04/05,,5,لا,30,21,15,10,1
1564,SANDRA Sandra Nail Polish Code 15,0,0,5,0,,0,,0,,0,,0,2024/12/19,,,,,,,,,,,,,,,079005,Code 15,0,,0,SANDRA,Sandra Nail Polish,,,,,0,0,MAKE-UP,1,---,99999,\us\134\pid\2945\f132936381160373608113.png,5,,,,,,,,,,,,2,,30,,,اون لاين,,,,0,,5,2022/04/04,,5,لا,,,,,1
1565,SANDRA Sandra Nail Polish CODE 16,0,0,5,0,30,0,21,0,15,0,10,0,2024/12/19,,,,,,,,,,,,,,,079006,CODE 16,0,,0,SANDRA,Sandra Nail Polish,,,,500,0,0,MAKE-UP,1,---,99999,\us\134\pid\2946\f132936604029463378129.png,5,,,,,,,,,,,,2,,30,,,اون لاين,,,,0,83٫33,5,2022/04/05,,5,لا,30,21,15,10,2
1566,SANDRA Sandra Nail Polish CODE 2,0,0,5,0,30,0,21,0,15,0,10,0,2024/12/19,,,,,,,,,,,,,,,079012,CODE 2,0,,0,SANDRA,Sandra Nail Polish,,,,500,0,0,MAKE-UP,1,---,99999,\us\134\pid\2952\f132936611164172587141.png,5,,,,,,,,,,,,2,,30,,,اون لاين,,,,0,83٫33,5,2022/04/05,,5,لا,30,21,15,10,1
1567,SANDRA Sandra Nail Polish CODE 20,0,0,5,0,30,0,21,0,15,0,10,0,2024/12/19,,,,,,,,,,,,,,,079015,CODE 20,0,,0,SANDRA,Sandra Nail Polish,,,,500,0,0,MAKE-UP,1,---,99999,\us\134\pid\2955\f132936596764348471123.png,5,,,,,,,,,,,,2,,30,,,اون لاين,,,,0,83٫33,5,2022/04/05,,5,لا,30,21,15,10,2
1568,SANDRA Sandra Nail Polish CODE 22,0,0,5,0,30,0,21,0,15,0,10,0,2024/12/19,,,,,,,,,,,,,,,079008,CODE 22,0,,0,SANDRA,Sandra Nail Polish,,,,500,0,0,MAKE-UP,1,---,99999,\us\134\pid\2948\f132936610392089167140.png,5,,,,,,,,,,,,2,,30,,,اون لاين,,,,0,83٫33,5,2022/04/05,,5,لا,30,21,15,10,2
1569,SANDRA Sandra Nail Polish CODE 38,0,0,5,0,30,0,21,0,15,0,10,0,2024/12/19,,,,,,,,,,,,,,,079007,CODE 38,0,,0,SANDRA,Sandra Nail Polish,,,,500,0,0,MAKE-UP,1,---,99999,\us\134\pid\2947\f132936598258590861125.png,5,,,,,,,,,,,,2,,30,,,اون لاين,,,,0,83٫33,5,2022/04/05,,5,لا,30,21,15,10,2
1570,SANDRA Sandra Nail Polish CODE 44,0,0,5,0,30,0,21,0,15,0,10,0,2024/12/19,,,,,,,,,,,,,,,079018,CODE 44,0,,0,SANDRA,Sandra Nail Polish,,,,500,0,0,MAKE-UP,1,---,99999,\us\134\pid\2958\f132936619202547408145.png,5,,,,,,,,,,,,2,,30,,,اون لاين,,,,0,83٫33,5,2022/04/05,,5,لا,30,21,15,10,2
1571,SANDRA Sandra Nail Polish CODE 5,0,0,5,0,30,0,21,0,15,0,10,0,2024/12/19,,,,,,,,,,,,,,,079014,CODE 5,0,,0,SANDRA,Sandra Nail Polish,,,,500,0,0,MAKE-UP,1,---,99999,\us\134\pid\2954\f132936608336097267136.png,5,,,,,,,,,,,,2,,30,,,اون لاين,,,,0,83٫33,5,2022/04/05,,5,لا,30,21,15,10,2
1572,SANDRA Sandra Nail Polish Code 6,0,0,5,0,30,0,21,0,15,0,10,0,2024/12/19,,,,,,,,,,,,,,,079009,Code 6,0,,0,SANDRA,Sandra Nail Polish,,,,500,0,0,MAKE-UP,1,---,99999,\us\134\pid\2949\f132936601346342867128.png,5,,,,,,,,,,,,2,,30,,,اون لاين,,,,0,83٫33,5,2022/04/05,,5,لا,30,21,15,10,2
1573,SANDRA Sandra Nail Polish CODE 8,0,0,5,0,30,0,21,0,15,0,10,0,2024/12/19,,,,,,,,,,,,,,,079013,CODE 8,0,,0,SANDRA,Sandra Nail Polish,,,,500,0,0,MAKE-UP,1,---,99999,\us\134\pid\2953\f132936612410000750142.png,5,,,,,,,,,,,,3,,30,,,اون لاين,,,,0,83٫33,5,2022/04/05,,5,لا,30,21,15,10,2
1574,SANDRA اسيتون كيوتا ساندرا,0,0,4,0,10,0,8,0,7,0,5,0,2024/12/19,,,,,,,,,,,,,,,038081,,0,,0,SANDRA,اسيتون كيوتا ساندرا,,,,150,0,0,,1,نواقص,99999,,4,,2023/10/12,,,,,,,,2023/08/09,,-1,,,,,شركة / ساندرا /حازم,,,,0,60,4,2021/10/30,,4,لا,10,8,7,5,0
1575,SANDRA اكلادور ساندرا 12مل ستاند مشكل,0,0,122٫8,0,180,0,170,0,160,0,150,0,2024/12/19,,,,,,,,,,,,,,,079003,12مل,0,,0,SANDRA,اكلادور ساندرا,ستاند مشكل,,,46٫58,0,0,,1,---,99999,,120,,,,,,,,,,2022/08/30,,-1,,,,,شركة / ساندرا /حازم,,,,0,31٫78,122٫8,2022/01/15,,122٫8,لا,180,170,160,150,0
1576,SANDRA اكلادور ساندرا 12مل مشكل,0,0,5٫1,0,15,0,12,0,9,0,7,0,2024/12/19,,,,,,,,,,,,,,,004117,12مل,0,,0,SANDRA,اكلادور ساندرا,مشكل,,,194٫18,0,0,MAKE-UP,1,نواقص,99999,,5,,2023/10/12,,,,,,,,2023/09/03,,-1,,,,,شركة / ساندرا /حازم,,,,0,66٫01,5٫13,2021/12/18,,5٫1,لا,15,12,9,7,0
1577,SANDRA حمام كريم فريش لوك جاف ومصبوغ 1500جم,0,0,19٫95,0,36,0,30,0,25,0,23,0,2024/12/19,,,,,,,,,,,,,,,6223004487217,جاف ومصبوغ,0,,0,SANDRA,حمام كريم فريش لوك,1500جم,,,80٫45,0,0,منتجات العنايه الشخصيه,1,نواقص,99999,\us\134\pid\2441\f132872425278859084161.png,21,,2022/10/13,,,,,,,,2022/10/12,,0,,20,#SANDRA ,,شركة / ساندرا /حازم,,,,0,44٫58,19٫95,2021/12/14,,19٫95,لا,36,30,25,23,2
1578,SANDRA حمام كريم فريش لوك ضعيف ومتقصف 1500جم,0,0,19٫95,0,36,0,30,0,25,0,23,0,2024/12/19,,,,,,,,,,,,,,,6223004487224,ضعيف ومتقصف,0,,0,SANDRA,حمام كريم فريش لوك,1500جم,,,80٫45,0,0,منتجات العنايه الشخصيه,1,نواقص,99999,\us\134\pid\2442\f132872440695102574171.png,21,,2022/10/13,,,,,,,,2022/10/12,,8,,20,#SANDRA ,,شركة / ساندرا /حازم,,,,0,44٫58,19٫95,2021/12/14,,19٫95,لا,36,30,25,23,2
1579,SANDRA حمام كريم فريش لوك مجعد وتالف 1500جم,0,0,19٫95,0,36,0,30,0,25,0,23,0,2024/12/19,,,,,,,,,,,,,,,6223004487200,مجعد وتالف,0,,0,SANDRA,حمام كريم فريش لوك,1500جم,,,80٫45,0,0,منتجات العنايه الشخصيه,1,نواقص,99999,\us\134\pid\2443\f132872443290396988177.png,21,,2022/09/14,,,,,,,,2022/08/01,,6,,20,#SANDRA ,,شركة / ساندرا /حازم,,,,0,44٫58,19٫95,2021/12/14,,19٫95,لا,36,30,25,23,2
1580,SANDRA حمام كريم فريش لوك جوزهند 500جم,0,0,11٫4,0,20,0,18,0,15,0,13٫5,0,2024/12/19,,,,,,,,,,,,,,,6223004487187,500جم,0,,0,SANDRA,حمام كريم فريش لوك جوزهند,,,,75٫44,0,0,,1,نواقص,99999,,12,,2024/01/09,,,,,,,,2024/02/18,,-1,,,,,شركة / ساندرا /حازم,,,,0,43,11٫4,2021/12/14,,11٫4,لا,20,18,15,13٫5,0
1581,SANDRA روج  كيوتا استيك كود 22,0,0,7٫71,0,15,0,12,0,10,0,8٫75,0,2024/12/19,,,,,,,,,,,,,,,038104,كود 22,0,,0,SANDRA,روج  كيوتا استيك,,,,94٫67,0,0,,1,نواقص,99999,,7٫7,,2023/10/12,,,,,,,,2023/09/23,,-1,,,,,رويال/ادره المخازن,,,,0,48٫63,7٫7,2022/02/11,,7٫71,لا,15,12,10,8٫75,0
1582,SANDRA روج استيك ساندرا غطا شفاف كود 3,0,0,6٫25,0,10,0,9,0,8,0,7,0,2024/12/19,,,,,,,,,,,,,,,038064,كود 3,0,,0,SANDRA,روج استيك ساندرا غطا شفاف,,,,60,0,0,,1,نواقص,99999,,6٫25,,2023/10/12,,,,,,,,2023/05/19,,-1,,,,,شركة / ساندرا /حازم,,,,0,37٫5,6٫25,2021/10/30,,6٫25,لا,10,9,8,7,0
1583,SANDRA روج استيك ساندرا كشمير,0,0,7٫29,0,15,0,12,0,10,0,8٫5,0,2024/12/19,,,,,,,,,,,,,,,038079,,0,,0,SANDRA,روج استيك ساندرا كشمير,,,,105٫71,0,0,,1,نواقص,99999,,7٫29,,2024/03/21,,,,,,,,2024/03/21,,-1,,,,,شركة / ساندرا /حازم,,,,0,51٫39,7٫29,2021/10/30,,7٫29,لا,15,12,10,8٫5,0
1584,SANDRA روج سايل كيوتا كود 4 بني,0,0,9٫38,0,20,0,15,0,13,0,11,0,2024/12/19,,,,,,,,,,,,,,,038096,كود 4,0,,0,SANDRA,روج سايل كيوتا,بني,,,113٫33,0,0,,1,نواقص,99999,,9٫38,,2023/04/19,,,,,,,,2023/06/19,,-1,,,,,شركة / ساندرا /حازم,,,,0,53٫13,9٫38,2021/12/14,,9٫38,لا,20,15,13,11,0
1585,SANDRA روج سايل كيوتا كود 9,0,0,10,0,20,0,16,0,13٫5,0,11٫5,0,2024/12/19,,,,,,,,,,,,,,,038070,كود 9,0,,0,SANDRA,روج سايل كيوتا,,,,100,0,0,,1,نواقص,99999,,10,,2023/10/12,,,,,,,,2023/05/19,,-1,,,,,شركة / ساندرا /حازم,,,,0,50,10,2021/10/30,,10,لا,20,16,13٫5,11٫5,0
1586,SANDRA روج سايل كيوتا كود 9 بنى,0,0,10,0,20,0,15,0,13,0,12,0,2024/12/19,,,,,,,,,,,,,,,038094,كود 9,0,,0,SANDRA,روج سايل كيوتا,بنى,,,100,0,0,,1,نواقص,99999,,10,,2023/10/12,,,,,,,,2022/12/10,,-1,,,,,شركة / ساندرا /حازم,,,,0,50,10,2021/12/14,,10,لا,20,15,13,12,0
1587,SANDRA روج سايل كيوتا كود 9 كاشمير,0,0,10,0,20,0,15,0,13,0,11,0,2024/12/19,,,,,,,,,,,,,,,038089,كود 9,0,,0,SANDRA,روج سايل كيوتا,كاشمير,,,100,0,0,,1,نواقص,99999,,10,,2023/10/12,,,,,,,,2023/09/30,,-1,,,,,شركة / ساندرا /حازم,,,,0,50,10,2021/12/14,,10,لا,20,15,13,11,0
1588,SANDRA روج سايل كيوتا كود 9 متنوع,0,0,10,0,20,0,15,0,13,0,12,0,2024/12/19,,,,,,,,,,,,,,,038095,كود 9,0,,0,SANDRA,روج سايل كيوتا,متنوع,,,100,0,0,,1,نواقص,99999,,10,,2023/10/12,,,,,,,,2022/08/09,,-1,,,,,شركة / ساندرا /حازم,,,,0,50,10,2021/12/14,,10,لا,20,15,13,12,0
1589,SANDRA روج كيوتا استيك كتاب اسود,0,0,9٫17,0,20,0,15,0,12,0,11,0,2024/12/19,,,,,,,,,,,,,,,038106,كتاب,0,,0,SANDRA,روج كيوتا استيك,اسود,,,118٫18,0,0,,1,نواقص,99999,,9٫17,,2023/06/26,,,,,,,,2023/06/26,,-1,,,,,شركة / ساندرا /حازم,,,,0,54٫17,9٫17,2021/12/14,,9٫17,لا,20,15,12,11,0
1590,SANDRA روج كيوتا استيك كتاب كشمير,0,0,9٫17,0,20,0,15,0,12,0,11,0,2024/12/19,,,,,,,,,,,,,,,038105,كتاب,0,,0,SANDRA,روج كيوتا استيك,كشمير,,,118٫18,0,0,,1,نواقص,99999,,9٫17,,2023/10/12,,,,,,,,2023/09/02,,-1,,,,,شركة / ساندرا /حازم,,,,0,54٫17,9٫17,2021/12/14,,9٫17,لا,20,15,12,11,0
1591,SANDRA روج كيوتا استيك كود 18,0,0,7٫71,0,15,0,12,0,10,0,8٫75,0,2022/05/18,,,,,,,,,,,,,,,038099,كود 18,0,,0,SANDRA,روج كيوتا استيك,,,,94٫6,0,0,,1,نواقص,99999,,7٫71,,2022/01/28,,,,,,,,2022/05/18,,-1,,,,,شركة / ساندرا /حازم,,,,0,48٫61,7٫71,2021/12/14,,7٫71,لا,15,12,10,8٫75,0
1592,SANDRA روج كيوتا استيك كود 19,0,0,7٫71,0,15,0,12,0,10,0,8٫75,0,2024/12/19,,,,,,,,,,,,,,,038069,كود 19,0,,0,SANDRA,روج كيوتا استيك,,,,94٫6,0,0,,1,نواقص,99999,,7٫71,,2023/10/12,,,,,,,,2023/04/11,,-1,,,,,شركة / ساندرا /حازم,,,,0,48٫61,7٫71,2021/12/14,,7٫71,لا,15,12,10,8٫75,0
1593,SANDRA روج كيوتا استيك كود 20,0,0,7٫71,0,15,0,12,0,1,0,8٫75,0,2024/12/19,,,,,,,,,,,,,,,038073,كود 20,0,,0,SANDRA,روج كيوتا استيك,,,,94٫6,0,0,,1,نواقص,99999,,7٫71,,2023/10/12,,,,,,,,2023/09/11,,-1,,,,,شركة / ساندرا /حازم,,,,0,48٫61,7٫71,2021/10/30,,7٫71,لا,15,12,1,8٫75,0
1594,SANDRA روج كيوتا استيك كود 23,0,0,7٫71,0,15,0,12,0,10,0,8٫75,0,2022/05/18,,,,,,,,,,,,,,,038102,كود 23,0,,0,SANDRA,روج كيوتا استيك,,,,94٫6,0,0,,1,نواقص,99999,,7٫71,,2022/01/28,,,,,,,,2022/05/18,,-1,,,,,شركة / ساندرا /حازم,,,,0,48٫61,7٫71,2021/12/14,,7٫71,لا,15,12,10,8٫75,0
1595,SANDRA روج كيوتا استيك كود 62,0,0,7٫29,0,15,0,12,0,10,0,8٫75,0,2024/12/19,,,,,,,,,,,,,,,038100,كود 62,0,,0,SANDRA,روج كيوتا استيك,,,,105٫71,0,0,,1,نواقص,99999,,7٫29,,2023/10/12,,,,,,,,2023/09/06,,-1,,,,,شركة / ساندرا /حازم,,,,0,51٫39,7٫29,2021/12/14,,7٫29,لا,15,12,10,8٫75,0
1596,SANDRA روج كيوتا سايل كود 3 بني4,0,0,11,0,20,0,18,0,15,0,12,0,2024/12/19,,,,,,,,,,,,,,,079004,كود 3,0,,0,SANDRA,روج كيوتا سايل,بني4,,,81٫82,0,0,,1,نواقص,99999,,11,,2023/10/12,,,,,,,,2022/11/15,,-1,,,,,رويال/ادره المخازن,,,,0,45,11,2022/02/14,,11,لا,20,18,15,12,0
1597,SANDRA روج كيوتا سايل كود 3 كاشمير,0,0,9٫38,0,20,0,15,0,13,0,11,0,2024/12/19,,,,,,,,,,,,,,,038090,كود 3,0,,0,SANDRA,روج كيوتا سايل,كاشمير,,,113٫33,0,0,,1,نواقص,99999,,9٫38,,2024/03/25,,,,,,,,2024/03/25,,-1,,,,,رويال/ادره المخازن,,,,0,53٫13,9٫38,2022/02/11,,9٫38,لا,20,15,13,11,0
1598,SANDRA روج كيوتا سايل كود 3 متنوع,0,0,9٫38,0,20,0,15,0,13,0,11,0,2022/12/03,,,,,,,,,,,,,,,038091,كود 3,0,,0,SANDRA,روج كيوتا سايل,متنوع,,,113٫33,0,0,,1,نواقص,99999,,9٫38,,2022/12/03,,,,,,,,2022/12/03,,-1,,,,,شركة / ساندرا /حازم,,,,0,53٫13,9٫38,2021/12/14,,9٫38,لا,20,15,13,11,0
1599,SANDRA روج كيوتا سايل كود 5,0,0,10,0,20,0,15,0,13,0,11٫5,0,2024/12/19,,,,,,,,,,,,,,,038077,كود 5,0,,0,SANDRA,روج كيوتا سايل,,,,100,0,0,,1,نواقص,99999,,10,,2023/10/12,,,,,,,,2023/05/13,,-1,,,,,شركة / ساندرا /حازم,,,,0,50,10,2021/10/30,,10,لا,20,15,13,11٫5,0
1600,SANDRA روج كيوتا سايل كود 5 بنى,0,0,10,0,20,0,15,0,13,0,12,0,2024/12/19,,,,,,,,,,,,,,,038097,كود 5,0,,0,SANDRA,روج كيوتا سايل,بنى,,,100,0,0,,1,نواقص,99999,,10,,2023/10/12,,,,,,,,2023/05/19,,-1,,,,,شركة / ساندرا /حازم,,,,0,50,10,2021/12/14,,10,لا,20,15,13,12,0
1601,SANDRA روج كيوتا سايل كود 6,0,0,10٫63,0,20,0,18,0,15,0,12,0,2024/12/19,,,,,,,,,,,,,,,038071,كود 6,0,,0,SANDRA,روج كيوتا سايل,,,,88٫24,0,0,,1,نواقص,99999,,10٫63,,2024/03/25,,,,,,,,2024/03/25,,-1,,,,,شركة / ساندرا /حازم,,,,0,46٫88,10٫63,2021/10/30,,10٫63,لا,20,18,15,12,0
1602,SANDRA روج كيوتا سايل كود 60,0,0,8٫54,0,17٫5,0,14,0,11,0,10,0,2024/12/19,,,,,,,,,,,,,,,038076,كود 60,0,,0,SANDRA,روج كيوتا سايل,,,,104٫88,0,0,,1,نواقص,99999,,8٫54,,2024/12/09,,,,,,,,2024/12/09,,-1,,,,,شركة / ساندرا /حازم,,,,0,51٫19,8٫54,2021/12/14,,8٫54,لا,17٫5,14,11,10,0
1603,SANDRA ملمع كيوتا 5 مربع,0,0,9٫17,0,20,0,16,0,13,0,11,0,2024/12/19,,,,,,,,,,,,,,,038080,5 مربع,0,,0,SANDRA,ملمع كيوتا,,,,118٫18,0,0,,1,نواقص,99999,,9٫17,,2023/01/04,,,,,,,,2023/01/04,,-1,,,,,شركة / ساندرا /حازم,,,,0,54٫17,9٫17,2021/12/14,,9٫17,لا,20,16,13,11,0
76,إجمالي -   SANDRA,0,0,0,0,0,0,0,0,0,0,0,0,,0,0,0,0,0,0,0,0,0,0,0,0,0,0,,,0,0,0,,,,,,0,0,,,,,,,0,,,,,0,0,0,0,0,,,,,,,,,,,,,,0,,,0,,0,0,0,0,
,,,,,,,,,,,,,,,,,,,,,,,,,,,,,,,,,,,,,,,,,,,,,,,,,,,,,,,,,,,,,,,,,,,,,,,,,,,,,,,
,SENSODYNE,,,,,,,,,,,,,,,,,,,,,,,,,,,,,,,,,SENSODYNE,,,,,,,,,,,,,,,,,,,,,,,,,,,,,,,,,,,,,,,,,,,,,
1604,SENSODYNE EXTRA FRESH 50 ML,0,0,45,0,55,0,52,0,50,0,48,0,2025/03/07,,,,,,,,,,,,,,,018653005358,50 ML,0,,0,SENSODYNE,EXTRA FRESH,,,,22٫22,0,0,,1,نواقص,99999,,45,,2025/03/07,,,,,,,,2025/03/07,,-1,,,,,اسحق انور,,,,0,18٫18,45,2024/04/15,,45,لا,55,52,50,48,0
1605,SENSODYNE FLUORIDE 50 ML,0,0,44,0,55,0,52,0,50,0,47,0,2024/07/03,,,,,,,,,,,,,,,6223001380849,50 ML,0,,0,SENSODYNE,FLUORIDE,,,,25,0,0,,1,---,99999,,44,,,,,,,,,,2024/07/03,,-1,,,,,اسحق انور,,,,0,20,44,2024/04/15,,44,لا,55,52,50,47,0
2,إجمالي -   SENSODYNE,0,0,0,0,0,0,0,0,0,0,0,0,,0,0,0,0,0,0,0,0,0,0,0,0,0,0,,,0,0,0,,,,,,0,0,,,,,,,0,,,,,0,0,0,0,0,,,,,,,,,,,,,,0,,,0,,0,0,0,0,
,,,,,,,,,,,,,,,,,,,,,,,,,,,,,,,,,,,,,,,,,,,,,,,,,,,,,,,,,,,,,,,,,,,,,,,,,,,,,,,
,SHAM,,,,,,,,,,,,,,,,,,,,,,,,,,,,,,,,,SHAM,,,,,,,,,,,,,,,,,,,,,,,,,,,,,,,,,,,,,,,,,,,,,
1606,SHAM FIBER SPIDER WAX,0,0,30,0,65,0,60,0,50,0,40,0,2024/12/19,,,,,,,,,,,,,,,017001,,0,,0,SHAM,FIBER SPIDER WAX,,,,116٫67,0,0,,1,نواقص,99999,,30,,2021/07/14,,,,,,,,2023/02/23,,-1,,,,,رصيد اول المده,,,,0,53٫85,30,2021/08/26,,30,لا,65,60,50,40,0
1607,SHAM HAIR WAX PURE,0,0,25,0,50,0,40,0,35,0,30,0,2023/02/23,,,,,,,,,,,,,,,017002,,0,,0,SHAM,HAIR WAX PURE,,,,100,0,0,,1,نواقص,99999,,25,,2022/06/18,,,,,,,,2023/02/23,,-1,,,,,رصيد اول المده,,,,0,50,25,2021/08/26,,25,لا,50,40,35,30,0
1608,SHAM HIAR WAX,0,0,25,0,50,0,45,0,35,0,30,0,2024/12/19,,,,,,,,,,,,,,,017003,,0,,0,SHAM,HIAR WAX,,,,100,0,0,,1,نواقص,99999,,25,,2021/07/14,,,,,,,,2022/05/13,,-1,,,,,رصيد اول المده,,,,0,50,25,2021/08/26,,25,لا,50,45,35,30,0
3,إجمالي -   SHAM,0,0,0,0,0,0,0,0,0,0,0,0,,0,0,0,0,0,0,0,0,0,0,0,0,0,0,,,0,0,0,,,,,,0,0,,,,,,,0,,,,,0,0,0,0,0,,,,,,,,,,,,,,0,,,0,,0,0,0,0,
,,,,,,,,,,,,,,,,,,,,,,,,,,,,,,,,,,,,,,,,,,,,,,,,,,,,,,,,,,,,,,,,,,,,,,,,,,,,,,,
,SKY,,,,,,,,,,,,,,,,,,,,,,,,,,,,,,,,,SKY,,,,,,,,,,,,,,,,,,,,,,,,,,,,,,,,,,,,,,,,,,,,,
1609,SKY CONDITIONER 700 ML Shea,0,0,30,0,75,0,70,0,65,0,60,0,2025/07/05,,,,,,,,,,,,,,,6224660569712,700 ML,0,,0,SKY,CONDITIONER,Shea,,,150,0,0,,1,نواقص,99999,,55٫5,,2025/07/05,,,,,,,,2025/07/05,,-1,,,,,شركه SKY/DEZORA /,,,,0,60,55٫5,2024/02/18,,30,لا,75,70,65,60,0
1610,SKY HAND WASH 1000 ML MAGIC,0,0,46٫2,0,75,0,70,0,65,0,60,0,2025/09/23,,,,,,,,,,,,,,,6224111544534,1000 ML,0,,0,SKY,HAND WASH,MAGIC,,,62٫34,0,0,,1,---,99999,,54٫7,,,,,,,,,,2024/02/22,,-1,,,,,شركه SKY/DEZORA /,,,,0,38٫4,54٫7,2024/02/18,,46٫2,لا,75,70,65,60,0
1611,SKY SHAMPO & CONDITIONER 700 ML JOJOBA,0,0,30,0,75,0,70,0,65,0,60,0,2025/09/26,,,,,,,,,,,,,,,6224660569682,700 ML,0,,0,SKY,SHAMPO & CONDITIONER,JOJOBA,,,150,0,0,,1,نواقص,445,,53٫5,,2024/07/08,,,,,,,,2025/04/10,,-1,,,,,شركه SKY/DEZORA /,,,,0,60,53٫5,2024/02/18,,30,لا,75,70,65,60,0
3,إجمالي -   SKY,0,0,0,0,0,0,0,0,0,0,0,0,,0,0,0,0,0,0,0,0,0,0,0,0,0,0,,,0,0,0,,,,,,0,0,,,,,,,0,,,,,0,0,0,0,0,,,,,,,,,,,,,,0,,,0,,0,0,0,0,
,,,,,,,,,,,,,,,,,,,,,,,,,,,,,,,,,,,,,,,,,,,,,,,,,,,,,,,,,,,,,,,,,,,,,,,,,,,,,,,
,SPRAY,,,,,,,,,,,,,,,,,,,,,,,,,,,,,,,,,SPRAY,,,,,,,,,,,,,,,,,,,,,,,,,,,,,,,,,,,,,,,,,,,,,
1612,SPRAY Ditto Black Ss,0,0,58٫55,0,77,0,75,0,73,0,70,0,2026/03/14,,,,,,,,,,,,,,,6223009601588,Black Ss,0,,0,SPRAY,Ditto,,,,31٫51,0,0,,1,نواقص,99999,,61٫63,,2026/03/14,,,,,,,,2026/03/14,,-1,,,,,Kaline,,,,0,23٫96,58٫55,2025/10/27,,58٫55,لا,77,75,73,70,0
1613,SPRAY Ditto Savage,0,0,58٫55,0,77,0,75,0,73,0,70,0,2026/05/18,,,,,,,,,,,,,,,6223009601564,Savage,0,,0,SPRAY,Ditto,,,,31٫51,0,0,,1,نواقص,99999,,61٫63,,2026/05/19,,,,,,,,2026/05/18,,-1,,,,,Kaline,,,,0,23٫96,58٫55,2025/10/27,,58٫55,لا,77,75,73,70,0
1614,SPRAY Ditto Victorious,0,0,58٫55,0,77,0,75,0,73,0,70,0,2026/01/26,,,,,,,,,,,,,,,6223009601557,Victorious,0,,0,SPRAY,Ditto,,,,31٫51,0,0,,1,---,99999,,61٫63,,2025/12/23,,,,,,,,2026/01/26,,-1,,,,,Kaline,,,,0,23٫96,58٫55,2025/10/27,,58٫55,لا,77,75,73,70,0
1615,SPRAY FOGG DYNAMIC,0,0,69,0,90,0,85,0,80,0,75,0,2024/07/03,,,,,,,,,,,,,,,6224009160099,DYNAMIC,0,,0,SPRAY,FOGG,,,,30٫43,0,0,,1,نواقص,99999,,69,,2024/06/09,,,,,,,,2024/07/03,,-1,,,,,اسحق انور,,,,0,23٫33,69,2024/04/15,,69,لا,90,85,80,75,0
1616,SPRAY FOGG ESSENCE,0,0,69,0,90,0,85,0,80,0,75,0,2024/09/06,,,,,,,,,,,,,,,6224009160075,ESSENCE,0,,0,SPRAY,FOGG,,,,30٫43,0,0,,1,نواقص,99999,,69,,2024/06/03,,,,,,,,2024/09/06,,-1,,,,,اسحق انور,,,,0,23٫33,69,2024/04/15,,69,لا,90,85,80,75,0
1617,SPRAY FOGG MONARCHCVF,0,0,69,0,90,0,85,0,80,0,75,0,2024/08/25,,,,,,,,,,,,,,,6224009160051,MONARCHCVF,0,,0,SPRAY,FOGG,,,,30٫43,0,0,,1,نواقص,99999,,69,,2024/07/26,,,,,,,,2024/08/25,,-1,,,,,اسحق انور,,,,0,23٫33,69,2024/04/15,,69,لا,90,85,80,75,0
1618,SPRAY FOGG VICTOR,0,0,69,0,90,0,85,0,80,0,75,0,2024/07/26,,,,,,,,,,,,,,,6224009160044,VICTOR,0,,0,SPRAY,FOGG,,,,30٫43,0,0,,1,نواقص,99999,,69,,2024/07/26,,,,,,,,2024/07/26,,-1,,,,,اسحق انور,,,,0,23٫33,69,2024/04/15,,69,لا,90,85,80,75,0
1619,SPRAY FOGG MASTER PINE,0,0,69,0,90,0,85,0,80,0,75,0,2024/09/06,,,,,,,,,,,,,,,6224009160594,PINE,0,,0,SPRAY,FOGG MASTER,,,,30٫43,0,0,,1,نواقص,99999,,69,,2024/07/23,,,,,,,,2024/09/06,,-1,,,,,اسحق انور,,,,0,23٫33,69,2024/04/15,,69,لا,90,85,80,75,0
1620,SPRAY Foog 120 Ml,0,0,65,0,90,0,85,0,80,0,75,0,2024/12/07,,,,,,,,,,,,,,,062011,120 Ml,0,,0,SPRAY,Foog,,,,38٫46,0,0,,1,نواقص,99999,,65,,2024/12/07,,,,,,,,2024/12/07,,-1,,,,,اسحق انور,,,,0,27٫78,65,2024/03/30,,65,لا,90,85,80,75,0
1621,SPRAY FREEMAN,0,0,0,0,40,0,35,0,32,0,30,0,,,,,,,,,,,,,,,,062001,,0,,0,SPRAY,FREEMAN,,,,,0,0,,1,نواقص,99999,,0,,2021/07/14,,,,,,,,,,-1,,,,,,,,,0,,0,,,0,لا,40,35,32,30,0
1622,SPRAY FREEWOMAN,0,0,0,0,40,0,35,0,32,0,30,0,,,,,,,,,,,,,,,,062003,,0,,0,SPRAY,FREEWOMAN,,,,,0,0,,1,نواقص,99999,,0,,2021/07/14,,,,,,,,,,-1,,,,,,,,,0,,0,,,0,لا,40,35,32,30,0
1623,SPRAY HAPPY 75 ML,0,0,20,0,45,0,40,0,38,0,35,0,2023/09/27,,,,,,,,,,,,,,,062006,75 ML,0,,0,SPRAY,HAPPY,,,,125,0,0,,1,نواقص,99999,,20,,2023/09/27,,,,,,,,2023/09/27,,-1,,,,,مايكل ثروت / مايت سينما,,,,0,55٫56,20,2023/08/10,,20,لا,45,40,38,35,0
1624,SPRAY Prive Bright Rouge 555,0,0,160,0,210,0,195,0,185,0,175,0,2024/11/23,,,,,,,,,,,,,,,6291108523162,Bright Rouge 555,0,,0,SPRAY,Prive,,,,31٫25,0,0,,1,نواقص,99999,,160,,2024/11/23,,,,,,,,2024/11/23,,-1,,,,,عزت Omay,,,,0,23٫81,160,2024/07/06,,160,لا,210,195,185,175,0
1625,SPRAY Prive CANDY PARI,0,0,160,0,210,0,195,0,185,0,175,0,2024/11/18,,,,,,,,,,,,,,,6291108522929,CANDY PARI,0,,0,SPRAY,Prive,,,,31٫25,0,0,,1,نواقص,99999,,160,,2024/11/18,,,,,,,,2024/11/18,,-1,,,,,عزت Omay,,,,0,23٫81,160,2024/07/06,,160,لا,210,195,185,175,0
1626,SPRAY Prive Crazy Girl,0,0,160,0,210,0,195,0,185,0,175,0,2024/07/19,,,,,,,,,,,,,,,6291108523100,Crazy Girl,0,,0,SPRAY,Prive,,,,31٫25,0,0,,1,نواقص,99999,,160,,2024/07/22,,,,,,,,2024/07/19,,-1,,,,,عزت Omay,,,,0,23٫81,160,2024/07/06,,160,لا,210,195,185,175,0
1627,SPRAY Prive Kang,0,0,160,0,210,0,195,0,185,0,175,0,2024/07/10,,,,,,,,,,,,,,,6291103669117,Kang,0,,0,SPRAY,Prive,,,,31٫25,0,0,,1,نواقص,99999,,160,,2024/07/10,,,,,,,,2024/07/10,,-1,,,,,عزت Omay,,,,0,23٫81,160,2024/07/06,,160,لا,210,195,185,175,0
1628,SPRAY Prive MONACO MADAME,0,0,160,0,210,0,195,0,185,0,175,0,2025/05/06,,,,,,,,,,,,,,,6291108522943,MONACO MADAME,0,,0,SPRAY,Prive,,,,31٫25,0,0,,1,نواقص,99999,,160,,2025/05/06,,,,,,,,2025/05/06,,-1,,,,,عزت Omay,,,,0,23٫81,160,2024/07/06,,160,لا,210,195,185,175,0
1629,SPRAY Prive ONLY 2,0,0,160,0,210,0,195,0,185,0,175,0,2024/12/24,,,,,,,,,,,,,,,6291108523094,ONLY 2,0,,0,SPRAY,Prive,,,,31٫25,0,0,,1,نواقص,99999,,160,,2024/12/24,,,,,,,,2024/12/24,,-1,,,,,عزت Omay,,,,0,23٫81,160,2024/07/06,,160,لا,210,195,185,175,0
1630,SPRAY Prive SECRET LOVE,0,0,160,0,210,0,195,0,185,0,175,0,2024/10/05,,,,,,,,,,,,,,,6291108523117,SECRET LOVE,0,,0,SPRAY,Prive,,,,31٫25,0,0,,1,نواقص,99999,,160,,2024/10/05,,,,,,,,2024/10/05,,-1,,,,,عزت Omay,,,,0,23٫81,160,2024/07/06,,160,لا,210,195,185,175,0
1631,SPRAY Prive Supreme Flower,0,0,160,0,210,0,195,0,185,0,175,0,2024/10/05,,,,,,,,,,,,,,,6291108523179,Supreme Flower,0,,0,SPRAY,Prive,,,,31٫25,0,0,,1,نواقص,99999,,160,,2024/10/05,,,,,,,,2024/10/05,,-1,,,,,عزت Omay,,,,0,23٫81,160,2024/07/06,,160,لا,210,195,185,175,0
1632,SPRAY REALMAN FRESH ACTIVE,0,0,70,0,100,0,95,0,90,0,85,0,2024/06/07,,,,,,,,,,,,,,,6224009160914,FRESH ACTIVE,0,,0,SPRAY,REALMAN,,,,42٫86,0,0,,1,نواقص,99999,,70,,2024/05/03,,,,,,,,2024/06/07,,-1,,,,,اسحق انور,,,,0,30,70,2024/04/15,,70,لا,100,95,90,85,0
1633,SPRAY REALMAN FRESH MORNING,0,0,70,0,100,0,95,0,90,0,85,0,2024/07/26,,,,,,,,,,,,,,,6224009160938,FRESH MORNING,0,,0,SPRAY,REALMAN,,,,42٫86,0,0,,1,نواقص,99999,,70,,2024/07/26,,,,,,,,2024/07/26,,-1,,,,,اسحق انور,,,,0,30,70,2024/04/15,,70,لا,100,95,90,85,0
1634,SPRAY REALMAN FRESH SPIRIT,0,0,70,0,100,0,95,0,90,0,85,0,2024/07/01,,,,,,,,,,,,,,,6224009160921,FRESH SPIRIT,0,,0,SPRAY,REALMAN,,,,42٫86,0,0,,1,نواقص,99999,,70,,2024/05/17,,,,,,,,2024/07/01,,-1,,,,,اسحق انور,,,,0,30,70,2024/04/15,,70,لا,100,95,90,85,0
1635,SPRAY Swano 200 Ml,0,0,55,0,90,0,85,0,80,0,70,0,2025/07/24,,,,,,,,,,,,,,,6291103666604,200 Ml,0,,0,SPRAY,Swano,,,,63٫64,0,0,,1,نواقص,99999,,55,,2024/06/13,,,,,,,,2025/07/24,,-1,,,,,اسحق انور,,,,0,38٫89,55,2024/03/30,,55,لا,90,85,80,70,0
1636,SPRAY كنوز الشام Feel Me 50 مللي,0,0,55٫85,0,90,0,85,0,80,0,75,0,2026/01/05,,,,,,,,,,,,,,,6774447300057,Feel Me,0,,0,SPRAY,كنوز الشام,50 مللي,,,61٫16,0,0,,1,---,99999,,55,,,,,,,,,,2026/01/05,,-1,,,,,ا/عبد الفتاح سمير عبد الفتاح,,,,0,37٫95,55٫85,2025/08/03,,55٫85,لا,90,85,80,75,0
25,إجمالي -   SPRAY,0,0,0,0,0,0,0,0,0,0,0,0,,0,0,0,0,0,0,0,0,0,0,0,0,0,0,,,0,0,0,,,,,,0,0,,,,,,,0,,,,,0,0,0,0,0,,,,,,,,,,,,,,0,,,0,,0,0,0,0,
,,,,,,,,,,,,,,,,,,,,,,,,,,,,,,,,,,,,,,,,,,,,,,,,,,,,,,,,,,,,,,,,,,,,,,,,,,,,,,,
,Starky,,,,,,,,,,,,,,,,,,,,,,,,,,,,,,,,,Starky,,,,,,,,,,,,,,,,,,,,,,,,,,,,,,,,,,,,,,,,,,,,,
1637,Starky Benefits Of Lupin,0,0,7,0,15,0,13,0,12,0,10,0,2024/01/31,,,,,,,,,,,,,,,6223002821051,,0,,0,Starky,Benefits Of Lupin,,,,114٫29,0,0,,1,نواقص,99999,,7,,2021/07/14,,,,,,,,2022/02/17,,-1,,,,,رويال/ادره المخازن,,,,0,53٫33,7,2022/02/09,,7,لا,15,13,12,10,0
1638,Starky Charcoal Scrub فحم,0,0,7٫5,0,15,0,13,0,12,0,10,0,2022/03/22,,,,,,,,,,,,,,,6223002823079,فحم,0,,0,Starky,Charcoal Scrub,,,,100,0,0,,1,نواقص,99999,,7٫5,,2021/07/14,,,,,,,,2022/03/22,,-1,,,,,رويال/ادره المخازن,,,,0,50,7٫5,2022/02/09,,7٫5,لا,15,13,12,10,0
1639,Starky Raspberry Scrub توت احمر,0,0,14٫5,0,25,0,22,0,20,0,17٫5,0,2024/02/03,,,,,,,,,,,,,,,6223002820603,توت احمر,0,,0,Starky,Raspberry Scrub,,,,72٫41,0,0,,1,نواقص,99999,,14٫5,,2024/02/03,,,,,,,,2024/02/03,,-1,,,,,معرض الوكيل للتجاره,,,,0,42,14٫5,2023/07/13,,14٫5,لا,25,22,20,17٫5,0
1640,Starky Shea Butter Scrub,0,0,14٫5,0,25,0,22,0,20,0,17٫5,0,2024/03/16,,,,,,,,,,,,,,,6223002821044,,0,,0,Starky,Shea Butter Scrub,,,,72٫41,0,0,,1,نواقص,99999,,14٫5,,2024/03/16,,,,,,,,2024/03/16,,-1,,,,,معرض الوكيل للتجاره,,,,0,42,14٫5,2023/07/13,,14٫5,لا,25,22,20,17٫5,0
4,إجمالي -   Starky,0,0,0,0,0,0,0,0,0,0,0,0,,0,0,0,0,0,0,0,0,0,0,0,0,0,0,,,0,0,0,,,,,,0,0,,,,,,,0,,,,,0,0,0,0,0,,,,,,,,,,,,,,0,,,0,,0,0,0,0,
,,,,,,,,,,,,,,,,,,,,,,,,,,,,,,,,,,,,,,,,,,,,,,,,,,,,,,,,,,,,,,,,,,,,,,,,,,,,,,,
,STARKY,,,,,,,,,,,,,,,,,,,,,,,,,,,,,,,,,STARKY,,,,,,,,,,,,,,,,,,,,,,,,,,,,,,,,,,,,,,,,,,,,,
1641,STARKY LIGHTING MASK ماسك الذهب,0,0,10٫06,0,20,0,15,0,12٫5,0,11,0,2024/01/31,,,,,,,,,,,,,,,6223002822430,ماسك الذهب,0,,0,STARKY,LIGHTING MASK,,,,98٫78,0,0,,1,نواقص,99999,,10٫5,,2022/08/29,,,,,,,,2022/08/28,,-1,,,,,رويال/ادره المخازن,,,,0,49٫69,10٫5,2021/11/12,,10٫06,لا,20,15,12٫5,11,0
1642,STARKY LIGHTING MASK ماسك الفحم,0,0,10٫01,0,20,0,15,0,12٫5,0,11,0,2024/01/31,,,,,,,,,,,,,,,6223002822423,ماسك الفحم,0,,0,STARKY,LIGHTING MASK,,,,99٫83,0,0,,1,نواقص,99999,,10٫5,,2022/08/29,,,,,,,,2022/08/28,,-1,,,,,رويال/ادره المخازن,,,,0,49٫96,10٫5,2021/12/16,,10٫01,لا,20,15,12٫5,11,0
1643,STARKY LIGHTING MASK ماسك خلاصه الصبار,0,0,10٫04,0,20,0,15,0,12٫5,0,11,0,2024/12/19,,,,,,,,,,,,,,,6223002823246,ماسك خلاصه الصبار,0,,0,STARKY,LIGHTING MASK,,,,99٫17,0,0,,1,نواقص,99999,,10٫5,,2022/08/29,,,,,,,,2022/08/28,,-1,,,,,رويال/ادره المخازن,,,,0,49٫79,10٫5,2021/11/06,,10٫04,لا,20,15,12٫5,11,0
1644,STARKY LIGHTING MASK ماسك فيتامين سى,0,0,10,0,20,0,15,0,12٫5,0,11,0,2024/01/31,,,,,,,,,,,,,,,6223002823604,ماسك فيتامين سى,0,,0,STARKY,LIGHTING MASK,,,,100,0,0,,1,نواقص,99999,,10,,2022/08/29,,,,,,,,2022/08/28,,-1,,,,,حماده العربى,,,,0,50,10,2021/08/29,,10,لا,20,15,12٫5,11,0
1645,STARKY SHAMPOO ANTI DANDRUFF يزيل القشره,0,0,13,0,20,0,18,0,17٫5,0,13٫75,0,2024/01/31,,,,,,,,,,,,,,,6223002820610,ANTI DANDRUFF,0,,0,STARKY,SHAMPOO,يزيل القشره,,,53٫85,0,0,,1,نواقص,99999,,13,,2022/06/18,,,,,,,,2022/03/15,,-1,,,,,حماده العربى,,,,0,35,13,2021/08/29,,13,لا,20,18,17٫5,13٫75,0
1646,STARKY SHAMPOO & CONDITIONER COCONUT OIL جوز هند وكيراتين,0,0,13,0,20,0,18,0,17٫5,0,13٫75,0,2024/01/31,,,,,,,,,,,,,,,6223002820948,COCONUT OIL,0,,0,STARKY,SHAMPOO & CONDITIONER,جوز هند وكيراتين,,,53٫85,0,0,,1,نواقص,99999,,13,,2022/06/18,,,,,,,,2022/05/17,,-1,,,,,حماده العربى,,,,0,35,13,2021/08/29,,13,لا,20,18,17٫5,13٫75,0
1647,STARKY SHAMPOO & CONDITIONER SUN FLOWER OIL شامبو عباد الشمس والكيراتين,0,0,13,0,20,0,17٫5,0,15,0,13٫75,0,2024/01/31,,,,,,,,,,,,,,,6223002820931,SUN FLOWER OIL,0,,0,STARKY,SHAMPOO & CONDITIONER,شامبو عباد الشمس والكيراتين,,,53٫85,0,0,,1,نواقص,99999,,13,,2022/11/11,,,,,,,,2022/11/11,,-1,,,,,حماده العربى,,,,0,35,13,2021/08/29,,13,لا,20,17٫5,15,13٫75,0
7,إجمالي -   STARKY,0,0,0,0,0,0,0,0,0,0,0,0,,0,0,0,0,0,0,0,0,0,0,0,0,0,0,,,0,0,0,,,,,,0,0,,,,,,,0,,,,,0,0,0,0,0,,,,,,,,,,,,,,0,,,0,,0,0,0,0,
,,,,,,,,,,,,,,,,,,,,,,,,,,,,,,,,,,,,,,,,,,,,,,,,,,,,,,,,,,,,,,,,,,,,,,,,,,,,,,,
,Summer Cak,,,,,,,,,,,,,,,,,,,,,,,,,,,,,,,,,Summer Cak,,,,,,,,,,,,,,,,,,,,,,,,,,,,,,,,,,,,,,,,,,,,,
1648,Summer Cak Russet,0,0,160,0,240,0,230,0,220,0,210,0,2024/03/27,,,,,,,,,,,,,,,4806500238716,,0,,0,Summer Cak,Russet,,,,50,0,0,,1,نواقص,99999,,160,,2024/03/27,,,,,,,,2024/03/27,,-1,,,,,,,,,0,33٫33,160,2024/02/08,,160,لا,240,230,220,210,0
1649,Summer Cak Summer Cake 2,0,0,50,0,85,0,80,0,75,0,65,0,2024/01/31,,,,,,,,,,,,,,,059000,,0,,0,Summer Cak,Summer Cake 2,,,,70,0,0,,1,نواقص,99999,,50,,2023/10/12,,,,,,,,2023/01/04,,-1,,,,,رصيد اول المده,,,,0,41٫18,50,2021/08/29,,50,لا,85,80,75,65,0
1650,Summer Cak بودر مائي FREE SICKERS,0,0,50,0,90,0,80,0,70,0,60,0,2024/01/31,,,,,,,,,,,,,,,059001,FREE SICKERS,0,,0,Summer Cak,بودر مائي,,,,80,0,0,,1,نواقص,99999,,50,,2022/06/18,,,,,,,,2022/05/01,,-1,,,,,رويال / اداره المخازن الاقصر,,,,0,44٫44,50,2021/05/13,,50,لا,90,80,70,60,0
3,إجمالي -   Summer Cak,0,0,0,0,0,0,0,0,0,0,0,0,,0,0,0,0,0,0,0,0,0,0,0,0,0,0,,,0,0,0,,,,,,0,0,,,,,,,0,,,,,0,0,0,0,0,,,,,,,,,,,,,,0,,,0,,0,0,0,0,
,,,,,,,,,,,,,,,,,,,,,,,,,,,,,,,,,,,,,,,,,,,,,,,,,,,,,,,,,,,,,,,,,,,,,,,,,,,,,,,
,UNILIVER,,,,,,,,,,,,,,,,,,,,,,,,,,,,,,,,,UNILIVER,,,,,,,,,,,,,,,,,,,,,,,,,,,,,,,,,,,,,,,,,,,,,
1651,UNILIVER 33069,0,0,0,0,,0,,0,,0,,0,,,,,,,,,,,,,,,,007015,,0,,0,UNILIVER,33069,,,,,0,0,,1,---,99999,,0,,,,,,,,,,,,-1,,,,,,,,,0,,0,,,0,لا,,,,,0
1652,UNILIVER Axe Black Night 48 H,0,0,40٫31,0,53٫6,0,50,0,47,0,42٫5,0,2022/10/24,,,,,,,,,,,,,,,6221155122926,48 H,0,,0,UNILIVER,Axe Black Night,,,,32٫96,0,0,,1,نواقص,99999,,40٫31,,2022/10/24,,,,,,,,2022/10/24,,-1,,,,,Uniliver  احمد,,,,0,24٫79,40٫31,2022/07/04,,40٫31,لا,53٫6,50,47,42٫5,0
1653,UNILIVER Axe Black Night 48 H Cool Mint,0,0,69٫62,0,85,0,82,0,80,0,75,0,2024/12/19,,,,,,,,,,,,,,,6221155150677,48 H,0,,0,UNILIVER,Axe Black Night,Cool Mint,,,22٫1,0,0,,1,نواقص,99999,,68٫75,,2024/02/11,,,,,,,,2024/02/11,,-1,,,,,Uniliver,,,,0,18٫1,68٫75,2024/01/05,,69٫62,لا,85,82,80,75,0
1654,UNILIVER Axe Black Night عرض جمهور,0,0,34٫75,0,40,0,38,0,36,0,35,0,2024/12/19,,,,,,,,,,,,,,,6221155123084,عرض جمهور,0,,0,UNILIVER,Axe Black Night,,,,15٫11,0,0,,1,نواقص,99999,,34٫75,,2022/06/18,,,,,,,,,,-1,,,,,Uniliver,,,,0,13٫13,34٫75,2021/06/14,,34٫75,لا,40,38,36,35,0
1655,UNILIVER AXE DARK TEMPTATION FRESH,0,0,29٫7,0,40,0,35,0,33,0,30,0,2024/12/19,,,,,,,,,,,,,,,6221155104632,,0,,0,UNILIVER,AXE DARK TEMPTATION FRESH,,,,34٫68,0,0,,1,نواقص,99999,,31,,2022/12/23,,,,,,,,2022/12/23,,-1,,,,,رويال/ادره المخازن,,,,0,25٫75,31,2022/02/09,,29٫7,لا,40,35,33,30,0
1656,UNILIVER AXE EXCITE FRESH عرض جمهور,0,0,0,0,40,0,37,0,35,0,32,0,,,,,,,,,,,,,,,,6221155070012,عرض جمهور,0,,0,UNILIVER,AXE EXCITE FRESH,,,,,0,0,,1,نواقص,99999,,0,,2021/07/14,,,,,,,,,,-1,,,,,,,,,0,,0,,,0,لا,40,37,35,32,0
1657,UNILIVER AXE GOLD OUD&VANILLA عرض جمهور,0,0,29٫97,0,40,0,37,0,35,0,32,0,2022/12/23,,,,,,,,,,,,,,,6221155070081,عرض جمهور,0,,0,UNILIVER,AXE GOLD OUD&VANILLA,,,,33٫47,0,0,,1,نواقص,99999,,31,,2022/12/23,,,,,,,,2022/12/23,,-1,,,,,رويال/ادره المخازن,,,,0,25٫08,31,2022/02/09,,29٫97,لا,40,37,35,32,0
1658,UNILIVER Axe Spray,0,0,28٫55,0,45,0,40,0,38,0,35,0,2024/12/19,,,,,,,,,,,,,,,6221155069948   6221155069962   8717163647363   007013,,0,,0,UNILIVER,Axe Spray,,,,57٫63,0,0,,1,نواقص,99999,,28,,2023/10/12,,,,,,,,2022/11/25,,-1,,,,,رويال / اداره المخازن الاقصر,,,,0,36٫56,28,2022/06/04,,28٫55,لا,45,40,38,35,0
1659,UNILIVER Axe Spray Excite,0,0,70٫92,0,85,0,82,0,80,0,75,0,2023/11/26,,,,,,,,,,,,,,,6221155156617,Excite,0,,0,UNILIVER,Axe Spray,,,,19٫85,0,0,,1,نواقص,99999,,70٫92,,2023/11/26,,,,,,,,2023/11/26,,-1,,,,,Uniliver,,,,0,16٫56,70٫92,2023/10/12,,70٫92,لا,85,82,80,75,0
1660,UNILIVER Axe Spray Leather & Cookies,0,0,70٫92,0,85,0,82,0,78,0,75,0,2023/12/20,,,,,,,,,,,,,,,6221155150790,Leather & Cookies,0,,0,UNILIVER,Axe Spray,,,,19٫85,0,0,,1,نواقص,99999,,70٫92,,2023/12/02,,,,,,,,2023/12/20,,-1,,,,,Uniliver,,,,0,16٫56,70٫92,2023/08/10,,70٫92,لا,85,82,78,75,0
1661,UNILIVER Axe Spray SKATEBOARD,0,0,70٫92,0,85,0,80,0,78,0,75,0,2023/12/20,,,,,,,,,,,,,,,6221155150752,SKATEBOARD,0,,0,UNILIVER,Axe Spray,,,,19٫85,0,0,,1,نواقص,99999,,70٫92,,2023/11/26,,,,,,,,2023/12/20,,-1,,,,,Uniliver,,,,0,16٫56,70٫92,2023/10/12,,70٫92,لا,85,80,78,75,0
1662,UNILIVER Camay Coconut,0,0,87٫26,0,105,0,100,0,97,0,95,0,2025/05/20,,,,,,,,,,,,,,,6221155202475   6221155202512,Coconut,0,,0,UNILIVER,Camay,,,,20٫33,0,0,,1,نواقص,99999,,87٫26,,2025/05/20,,,,,,,,2025/05/20,,-1,,,,,Uniliver,,,,0,16٫9,87٫26,2025/04/30,,87٫26,لا,105,100,97,95,0
1663,UNILIVER Camay Crame&strowberry,0,0,89٫93,0,105,0,100,0,98,0,95,0,2024/08/01,,,,,,,,,,,,,,,6221155049414,Crame&strowberry,0,,0,UNILIVER,Camay,,,,16٫76,0,0,,1,---,99999,,91,,2024/06/26,,,,,,,,2024/08/01,,-1,,,,,Uniliver,,,,0,14٫36,89٫93,2024/07/23,,89٫93,لا,105,100,98,95,0
1664,UNILIVER Camay Jasmine,0,0,91٫38,0,105,0,100,0,97,0,95,0,2026/05/13,,,,,,,,,,,,,,,6221155202482   6221155202529,Jasmine,0,,0,UNILIVER,Camay,,,,14٫9,0,0,,1,نواقص,99999,,91٫38,,2026/05/13,,,,,,,,2026/05/13,,-1,,,,,Uniliver,,,,0,12٫97,91٫38,2026/05/07,,91٫38,لا,105,100,97,95,0
1665,UNILIVER Camay Lavender,0,0,87٫26,0,105,0,100,0,97,0,95,0,2025/05/01,,,,,,,,,,,,,,,6221155202505   6221155202543,Lavender,0,,0,UNILIVER,Camay,,,,20٫33,0,0,,1,نواقص,99999,,87٫26,,2025/05/01,,,,,,,,2025/05/01,,-1,,,,,Uniliver,,,,0,16٫9,87٫26,2025/04/30,,87٫26,لا,105,100,97,95,0
1666,UNILIVER Camay Oud,0,0,78٫33,0,100,0,97,0,95,0,90,0,2025/03/18,,,,,,,,,,,,,,,6221155202499   6221155202536,Oud,0,,0,UNILIVER,Camay,,,,27٫67,0,0,,1,نواقص,99999,,78٫33,,2025/03/18,,,,,,,,2025/03/18,,-1,,,,,Uniliver,,,,0,21٫67,78٫33,2025/01/16,,78٫33,لا,100,97,95,90,0
1667,UNILIVER Camay Romantique 1000ml,0,0,82٫89,0,105,0,100,0,98,0,95,0,2024/06/25,,,,,,,,,,,,,,,6221155049421,Romantique,0,,0,UNILIVER,Camay,1000ml,,,26٫67,0,0,,1,نواقص,99999,,82٫89,,2024/06/25,,,,,,,,2024/06/25,,-1,,,,,Uniliver,,,,0,21٫06,82٫89,2024/06/04,,82٫89,لا,105,100,98,95,0
1668,UNILIVER Camay Strwbery 1000 Ml,0,0,49٫89,0,75,0,65,0,60,0,55,0,2024/12/19,,,,,,,,,,,,,,,6221155069122,Strwbery,0,,0,UNILIVER,Camay,1000 Ml,,,50٫34,0,0,,1,نواقص,99999,,49٫89,,2022/09/20,,,,,,,,2022/09/17,,-1,,,,,Uniliver,,,,0,33٫49,49٫89,2021/06/14,,49٫89,لا,75,65,60,55,0
1669,UNILIVER Camay Uintage,0,0,82٫89,0,105,0,100,0,98,0,95,0,2024/06/23,,,,,,,,,,,,,,,6221155049438,Uintage,0,,0,UNILIVER,Camay,,,,26٫67,0,0,,1,نواقص,99999,,82٫89,,2024/06/24,,,,,,,,2024/06/23,,-1,,,,,Uniliver,,,,0,21٫06,82٫89,2024/06/04,,82٫89,لا,105,100,98,95,0
1670,UNILIVER CLEAR 180ML SHAMPOO,0,0,21٫41,0,30,0,28,0,26,0,25,0,2021/11/24,,,,,,,,,,,,,,,6221155056214,180ML,0,,0,UNILIVER,CLEAR,SHAMPOO,20%,,40٫12,0,0,,1,نواقص,99999,,21,,2021/11/25,,,,,,,,2021/11/24,,-1,,,,,جرجس خ روزتا,,,,0,28٫63,21,2021/11/24,,21٫41,لا,30,28,26,25,0
1671,UNILIVER Clear 190 Soft &shiny W,0,0,0,0,27٫5,0,25٫5,0,24٫5,0,23٫5,0,,,,,,,,,,,,,,,,6221155045355,,0,,0,UNILIVER,Clear 190 Soft &shiny W,,,,,0,0,,1,نواقص,99999,,0,,2021/07/14,,,,,,,,,,-1,,,,,,,,,0,,0,,,0,لا,27٫5,25٫5,24٫5,23٫5,0
1672,UNILIVER Clear Men 3*1,0,0,74٫45,0,90,0,85,0,82,0,80,0,2026/06/03,,,,,,,,,,,,,,,6221155206596,3*1,0,,0,UNILIVER,Clear Men,,,,20٫89,0,0,,1,نواقص,99999,,74٫45,,2026/06/04,,,,,,,,2026/06/03,,-1,,,,,Uniliver,,,,0,17٫28,74٫45,2026/05/07,,74٫45,لا,90,85,82,80,0
1673,UNILIVER Clear Men Charcoal & mint,0,0,96٫19,0,130,0,125,0,122,0,120,0,2025/09/30,,,,,,,,,,,,,,,6221155058546,Charcoal & mint,0,,0,UNILIVER,Clear Men,,,,35٫15,0,0,,1,نواقص,99999,,96٫19,,2025/02/25,,,,,,,,2025/09/30,,-1,,,,,Uniliver,,,,0,26٫01,96٫19,2025/01/16,,96٫19,لا,130,125,122,120,0
1674,UNILIVER Clear Men Menthol 360ml,0,0,92٫57,0,130,0,125,0,120,0,115,0,2024/11/20,,,,,,,,,,,,,,,6221155060730,Menthol,0,,0,UNILIVER,Clear Men,360ml,عرض خاص,,40٫43,0,0,,1,نواقص,99999,,93٫37,,2024/11/20,,,,,,,,2024/11/20,,-1,,,,,Uniliver,,,,0,28٫79,92٫57,2024/09/17,,92٫57,لا,130,125,120,115,0
1675,UNILIVER Clear Men ترطيب,0,0,69٫3,0,85,0,82,0,80,0,75,0,2025/11/08,,,,,,,,,,,,,,,6221155210494,ترطيب,0,,0,UNILIVER,Clear Men,,,,22٫66,0,0,,1,نواقص,99999,,69٫3,,2025/11/08,,,,,,,,2025/11/08,,-1,,,,,Uniliver,,,,0,18٫47,69٫3,2025/10/15,,69٫3,لا,85,82,80,75,0
1676,UNILIVER Clear Women Soft & Shiny 360 Ml,0,0,38٫42,0,48,0,45,0,42,0,40,0,2024/12/19,,,,,,,,,,,,,,,6221155060716,Soft & Shiny,0,,0,UNILIVER,Clear Women,360 Ml,,,24٫93,0,0,,1,نواقص,99999,,38٫42,,2023/05/28,,,,,,,,2023/05/28,,-1,,,,,Uniliver  احمد,,,,0,19٫96,38٫42,2022/07/04,,38٫42,لا,48,45,42,40,0
1677,UNILIVER Clear Women نعومه ولمعان,0,0,72٫05,0,95,0,93,0,90,0,85,0,2026/01/03,,,,,,,,,,,,,,,6221155206220,نعومه ولمعان,0,,0,UNILIVER,Clear Women,,,,31٫85,0,0,,1,---,99999,,72٫05,,,,,,,,,,2026/01/03,,-1,,,,,Uniliver,,,,0,24٫16,72٫05,2025/10/15,,72٫05,لا,95,93,90,85,0
1678,UNILIVER CLOSEUP WHITENOW عرض فرشه,0,0,52,0,68,0,65,0,62,0,58,0,2025/09/15,,,,,,,,,,,,,,,6221155123886,WHITENOW,0,,0,UNILIVER,CLOSEUP,عرض فرشه,,,30٫77,0,0,,1,نواقص,99999,,52,,2025/09/16,,,,,,,,2025/09/15,,-1,,,,,اسحق انور,,,,0,23٫53,52,2024/04/15,,52,لا,68,65,62,58,0
1679,UNILIVER Cream Shower Dove +لوفه هديه,0,0,29٫04,0,38٫5,0,37,0,36,0,35٫5,0,2024/12/19,,,,,,,,,,,,,,,6221048003219,Dove,0,,0,UNILIVER,Cream Shower,+لوفه هديه,,,32٫59,0,0,,1,نواقص,99999,,34٫49,,2022/11/05,,,,,,,,2022/11/05,,-1,,,,,احمد شمس,,,,0,24٫58,29٫04,2021/12/22,,29٫04,لا,38٫5,37,36,35٫5,0
1680,UNILIVER Dove Beauty Cream 75 Ml Offer 15%,0,0,21٫56,0,28,0,27,0,25,0,23٫5,0,2022/12/01,,,,,,,,,,,,,,,6221155101228,75 Ml,0,,0,UNILIVER,Dove Beauty Cream,Offer 15%,,,29٫86,0,0,,1,نواقص,99999,,21٫56,,2022/12/01,,,,,,,,2022/12/01,,-1,,,,,Uniliver  احمد,,,,0,22٫99,21٫56,2022/07/04,,21٫56,لا,28,27,25,23٫5,0
1681,UNILIVER Dove Beauty Cream 150 Ml Offer 15%,0,0,39٫2,0,51,0,47,0,44,0,42,0,2024/12/19,,,,,,,,,,,,,,,6221155101204,150 Ml,0,,0,UNILIVER,Dove Beauty Cream,Offer 15%,,,30٫1,0,0,,1,نواقص,99999,,39٫2,,2023/10/12,,,,,,,,2023/02/10,,-1,,,,,Uniliver  احمد,,,,0,23٫14,39٫2,2022/07/04,,39٫2,لا,51,47,44,42,0
1682,UNILIVER Dove Intensive Cream 75 Ml Beauty Cream,0,0,38٫26,0,50,0,48,0,45,0,42,0,2024/03/25,,,,,,,,,,,,,,,6221155147981,75 Ml,0,,0,UNILIVER,Dove Intensive Cream,Beauty Cream,,,30٫67,0,0,,1,نواقص,99999,,38٫26,,2024/03/25,,,,,,,,2024/03/25,,-1,,,,,Uniliver,,,,0,23٫47,38٫26,2024/02/22,,38٫26,لا,50,48,45,42,0
1683,UNILIVER Dove Intensive Cream 75 Ml Offer 15%,0,0,32٫7,0,50,0,48,0,45,0,42,0,2024/12/19,,,,,,,,,,,,,,,6221155101167   6221155147998,75 Ml,0,,0,UNILIVER,Dove Intensive Cream,Offer 15%,,,52٫92,0,0,,1,نواقص,99999,,38٫27,,2024/05/26,,,,,,,,2024/05/26,,-1,,,,,Uniliver,,,,0,34٫61,38٫27,2024/02/22,,32٫7,لا,50,48,45,42,0
1684,UNILIVER Dove Intensive Cream 150 Ml Offer15%,0,0,39٫2,0,51,0,47,0,45,0,42,0,2023/05/30,,,,,,,,,,,,,,,6221155101181,150 Ml,0,,0,UNILIVER,Dove Intensive Cream,Offer15%,,,30٫1,0,0,,1,نواقص,99999,,39٫2,,2023/05/30,,,,,,,,2023/05/30,,-1,,,,,Uniliver  احمد,,,,0,23٫14,39٫2,2022/07/04,,39٫2,لا,51,47,45,42,0
1685,UNILIVER Dove Roll on EVEN TONE,0,0,83٫6,0,110,0,105,0,100,0,95,0,2026/05/09,,,,,,,,,,,,,,,6221155214201,EVEN TONE,0,,0,UNILIVER,Dove Roll on,,,,31٫58,0,0,,1,نواقص,99999,,83٫6,,2026/05/09,,,,,,,,2026/05/09,,-1,,,,,Uniliver,,,,0,24,83٫6,2026/05/07,,83٫6,لا,110,105,100,95,0
1686,UNILIVER Dove Roll on Invisible Dry 50ml,0,0,28٫07,0,40,0,37,0,35,0,32,0,2024/04/02,,,,,,,,,,,,,,,6221155076496,Invisible Dry,0,,0,UNILIVER,Dove Roll on,50ml,,,42٫5,0,0,,1,نواقص,99999,,28٫07,,2024/04/02,,,,,,,,2024/04/02,,-1,,,,,Uniliver,,,,0,29٫83,28٫07,2022/09/17,,28٫07,لا,40,37,35,32,0
1687,UNILIVER Dove Roll on Powder Soft 50ml,0,0,28٫07,0,40,0,37,0,35,0,32,0,2024/12/19,,,,,,,,,,,,,,,4800888196439,Powder Soft,0,,0,UNILIVER,Dove Roll on,50ml,,,42٫5,0,0,,1,نواقص,99999,,28٫07,,2023/10/12,,,,,,,,2022/10/10,,-1,,,,,Uniliver,,,,0,29٫83,28٫07,2022/09/17,,28٫07,لا,40,37,35,32,0
1688,UNILIVER Dove Roll on خيار,0,0,83٫6,0,110,0,105,0,100,0,95,0,2026/05/21,,,,,,,,,,,,,,,6221155214218,خيار,0,,0,UNILIVER,Dove Roll on,,,,31٫58,0,0,,1,نواقص,99999,,83٫6,,2026/05/21,,,,,,,,2026/05/21,,-1,,,,,Uniliver,,,,0,24,83٫6,2026/05/07,,83٫6,لا,110,105,100,95,0
1689,UNILIVER Dove Shampo 180 Ml العنايه اليوميه,0,0,39٫98,0,60,0,55,0,50,0,45,0,2024/02/26,,,,,,,,,,,,,,,6221155135070,180 Ml,0,,0,UNILIVER,Dove Shampo,العنايه اليوميه,,,50٫08,0,0,,1,نواقص,99999,,39٫98,,2024/02/26,,,,,,,,2024/02/26,,-1,,,,,Uniliver,,,,0,33٫37,39٫98,2024/01/05,,39٫98,لا,60,55,50,45,0
1690,UNILIVER Dove Shampo 200 Ml Daily Care,0,0,20٫28,0,25,0,24,0,23,0,22,0,2022/05/23,,,,,,,,,,,,,,,6221155048387,200 Ml,0,,0,UNILIVER,Dove Shampo,Daily Care,,,23٫26,0,0,,1,نواقص,99999,,20٫28,,2022/05/25,,,,,,,,2022/05/23,,-1,,,,,Uniliver,,,,0,18٫87,20٫28,2021/06/14,,20٫28,لا,25,24,23,22,0
1691,UNILIVER Dove Shampo 200 Ml Intnsive,0,0,20٫28,0,25,0,24,0,23,0,22,0,2022/04/07,,,,,,,,,,,,,,,6221155048455,200 Ml,0,,0,UNILIVER,Dove Shampo,Intnsive,,,23٫26,0,0,,1,نواقص,99999,,20٫28,,2022/04/11,,,,,,,,2022/04/07,,-1,,,,,Uniliver,,,,0,18٫87,20٫28,2021/06/14,,20٫28,لا,25,24,23,22,0
1692,UNILIVER Dove Shampo 200 Ml Oil Care,0,0,20٫28,0,25,0,24,0,23,0,22,0,2024/12/19,,,,,,,,,,,,,,,6221155048493,200 Ml,0,,0,UNILIVER,Dove Shampo,Oil Care,,,23٫26,0,0,,1,نواقص,99999,,20٫28,,2022/06/18,,,,,,,,2022/07/17,,-1,,,,,Uniliver,,,,0,18٫87,20٫28,2021/06/14,,20٫28,لا,25,24,23,22,0
1693,UNILIVER Dove Shampo 600ml Intensive Repair,0,0,48٫47,0,65,0,60,0,55,0,52٫5,0,2023/05/25,,,,,,,,,,,,,,,6221155109057,600ml,0,,0,UNILIVER,Dove Shampo,Intensive Repair,,,34٫11,0,0,,1,نواقص,99999,,48٫47,,2022/10/28,,,,,,,,2023/05/25,,-1,,,,,Uniliver,,,,0,25٫44,48٫47,2022/09/17,,48٫47,لا,65,60,55,52٫5,0
1694,UNILIVER Dove Shampo 600ml Nourshing Oil Care,0,0,45٫08,0,60,0,55,0,50,0,48,0,2023/04/03,,,,,,,,,,,,,,,6221155109071,600ml,0,,0,UNILIVER,Dove Shampo,Nourshing Oil Care,,,33٫11,0,0,,1,نواقص,99999,,45٫08,,2023/04/04,,,,,,,,2023/04/03,,-1,,,,,Uniliver,,,,0,24٫88,45٫08,2022/09/17,,45٫08,لا,60,55,50,48,0
1695,UNILIVER Dove Shampo 2*1 DAILY CARE 400 ML,0,0,85٫85,0,118,0,115,0,110,0,100,0,2024/12/16,,,,,,,,,,,,,,,6221155135117,DAILY CARE,0,,0,UNILIVER,Dove Shampo 2*1,400 ML,,,37٫45,0,0,,1,نواقص,99999,,85٫85,,2024/12/16,,,,,,,,2024/12/16,,-1,,,,,Uniliver,,,,0,27٫25,85٫85,2024/06/04,,85٫85,لا,118,115,110,100,0
1696,UNILIVER Dove Shampo 2*1 Hair Fall Rescue,0,0,17٫56,0,26,0,23,0,21,0,19,0,2022/07/27,,,,,,,,,,,,,,,6221155071606,Hair Fall Rescue,0,,0,UNILIVER,Dove Shampo 2*1,,,,48٫06,0,0,,1,نواقص,99999,,17٫56,,2022/07/28,,,,,,,,2022/07/26,,-1,,,,,Uniliver  احمد,,,,0,32٫46,17٫56,2022/07/04,,17٫56,لا,26,23,21,19,0
1697,UNILIVER Dove Soap Pink,0,0,31٫34,0,40,0,38,0,35,0,33,0,2025/11/24,,,,,,,,,,,,,,,6221155137760,Pink,0,,0,UNILIVER,Dove Soap,,,,27٫63,0,0,,1,---,99999,,31٫34,,,,,,,,,,2025/11/24,,-1,,,,,Uniliver,,,,0,21٫65,31٫34,2025/10/15,,31٫34,لا,40,38,35,33,0
1698,UNILIVER Dove Soap Shea butter,0,0,31٫34,0,40,0,38,0,36,0,35,0,2025/10/17,,,,,,,,,,,,,,,6221155160287,Shea butter,0,,0,UNILIVER,Dove Soap,,,,27٫63,0,0,,1,نواقص,99999,,31٫34,,2025/10/18,,,,,,,,2025/10/17,,-1,,,,,Uniliver,,,,0,21٫65,31٫34,2025/10/15,,31٫34,لا,40,38,36,35,0
1699,UNILIVER Dove Soap بالرمان,0,0,37٫98,0,45,0,44,0,43,0,40,0,2026/05/22,,,,,,,,,,,,,,,6221155160249,بالرمان,0,,0,UNILIVER,Dove Soap,,,,18٫48,0,0,,1,نواقص,99999,,37٫98,,2026/05/22,,,,,,,,2026/05/22,,-1,,,,,Uniliver,,,,0,15٫6,37٫98,2026/05/07,,37٫98,لا,45,44,43,40,0
1700,UNILIVER Dove Soap ناعمه الملمس,0,0,31٫34,0,40,0,38,0,35,0,33,0,2025/12/15,,,,,,,,,,,,,,,6221155137784,ناعمه الملمس,0,,0,UNILIVER,Dove Soap,,,,27٫65,0,0,,1,---,99999,,31٫34,,,,,,,,,,2025/12/15,,-1,,,,,Uniliver,,,,0,21٫66,31٫34,2025/10/15,,31٫34,لا,40,38,35,33,0
1701,UNILIVER Dove Spry Go Fresh,0,0,26٫46,0,35,0,33,0,30,0,28٫5,0,2022/01/24,,,,,,,,,,,,,,,6221155104946,Go Fresh,0,,0,UNILIVER,Dove Spry,,,,32٫29,0,0,,1,نواقص,99999,,26٫46,,2022/01/27,,,,,,,,2022/01/24,,-1,,,,,Uniliver,,,,0,24٫41,26٫46,2021/06/14,,26٫46,لا,35,33,30,28٫5,0
1702,UNILIVER Dove Spry Invisiblr Dry,0,0,47٫08,0,63,0,58,0,55,0,52٫5,0,2024/12/19,,,,,,,,,,,,,,,6221155105158   8710908725609,Invisiblr Dry,0,,0,UNILIVER,Dove Spry,,,,33٫82,0,0,,1,نواقص,99999,,47٫08,,2023/10/12,,,,,,,,2022/10/15,,-1,,,,,Uniliver,,,,0,25٫28,47٫08,2022/09/17,,47٫08,لا,63,58,55,52٫5,0
1703,UNILIVER Dove Spry Restoring,0,0,44٫51,0,63,0,58,0,55,0,52٫5,0,2024/12/19,,,,,,,,,,,,,,,6221155104960   6221155080479,Restoring,0,,0,UNILIVER,Dove Spry,,,,41٫55,0,0,,1,نواقص,99999,,47٫08,,2023/02/25,,,,,,,,2023/02/24,,-1,,,,,Uniliver,,,,0,29٫35,47٫08,2022/09/17,,44٫51,لا,63,58,55,52٫5,0
1704,UNILIVER DOVE STICK 50 ML,0,0,148,0,200,0,190,0,180,0,170,0,2025/02/11,,,,,,,,,,,,,,,80466468,50 ML,0,,0,UNILIVER,DOVE STICK,,,,35٫14,0,0,,1,نواقص,99999,,148,,2025/02/11,,,,,,,,2025/02/11,,-1,,,,,اسحق انور,,,,0,26,148,2024/04/15,,148,لا,200,190,180,170,0
1705,UNILIVER DOVE بديل زيت اصلاح,0,0,88٫26,0,135,0,130,0,120,0,110,0,2025/01/30,,,,,,,,,,,,,,,6281006453104,اصلاح,0,,0,UNILIVER,DOVE بديل زيت,,,,52٫97,0,0,,1,نواقص,99999,,98٫51,,2025/01/31,,,,,,,,2025/01/30,,-1,,,,,Uniliver,,,,0,34٫63,98٫51,2024/06/04,,88٫26,لا,135,130,120,110,0
1706,UNILIVER DOVE بديل زيت تغذيه,0,0,84٫84,0,135,0,130,0,120,0,110,0,2025/02/25,,,,,,,,,,,,,,,6281006453081,تغذيه,0,,0,UNILIVER,DOVE بديل زيت,,,,59٫13,0,0,,1,نواقص,99999,,98٫51,,2025/02/25,,,,,,,,2025/02/25,,-1,,,,,Uniliver,,,,0,37٫16,98٫51,2024/06/04,,84٫84,لا,135,130,120,110,0
1707,UNILIVER FAIR & LOVELY 10 % Off,0,0,15٫13,0,22,0,20,0,19,0,17٫5,0,2024/12/19,,,,,,,,,,,,,,,6221155114518,10 % Off,0,,0,UNILIVER,FAIR & LOVELY,,,,45٫39,0,0,,1,نواقص,99999,,15,,2023/10/12,,,,,,,,2023/09/30,,-1,,,,,مايكل ثروت / مايت سينما,,,,0,31٫22,15,2023/08/10,,15٫13,لا,22,20,19,17٫5,0
1708,UNILIVER FAIR & LOVELY 18 Gm خصم 50 قرش,0,0,7٫13,0,11,0,10,0,9٫5,0,9,0,2024/12/19,,,,,,,,,,,,,,,6221155114501,18 Gm,0,,0,UNILIVER,FAIR & LOVELY,خصم 50 قرش,,,54٫29,0,0,,1,نواقص,99999,,7٫9,,2023/05/29,,,,,,,,2023/08/28,,-1,,,,,كيرمينا,,,,0,35٫19,7٫9,2023/05/28,,7٫13,لا,11,10,9٫5,9,0
1709,UNILIVER Lifeboy 115G,0,0,22٫62,0,30,0,28,0,27,0,25,0,2026/05/26,,,,,,,,,,,,,,,6221155213471,115G,0,,0,UNILIVER,Lifeboy,,,,32٫64,0,0,,1,نواقص,99999,,22٫62,,2026/05/26,,,,,,,,2026/05/26,,-1,,,,,Uniliver,,,,0,24٫61,22٫62,2026/05/07,,22٫62,لا,30,28,27,25,0
1710,UNILIVER Lifeboy 165g,0,0,15٫92,0,25,0,23,0,22,0,20,0,2024/08/22,,,,,,,,,,,,,,,6221155152565,165g,0,,0,UNILIVER,Lifeboy,,,,57٫07,0,0,,1,نواقص,99999,,15٫92,,2024/08/22,,,,,,,,2024/08/22,,-1,,,,,Uniliver,,,,0,36٫34,15٫92,2024/05/11,,15٫92,لا,25,23,22,20,0
1711,UNILIVER Lifeboy Satnizer,0,0,4٫15,0,10,0,9,0,8,0,7,0,2024/12/19,,,,,,,,,,,,,,,8886467038518,Satnizer,0,,0,UNILIVER,Lifeboy,,,,140٫96,0,0,,1,نواقص,99999,,4٫15,,2022/06/18,,,,,,,,2022/05/16,,-1,,,,,Uniliver,,,,0,58٫5,4٫15,2021/06/14,,4٫15,لا,10,9,8,7,0
1712,UNILIVER Lifeboy Total 10,0,0,10٫11,0,13٫5,0,12٫5,0,12,0,11٫5,0,2024/11/04,,,,,,,,,,,,,,,6221155154187,Total 10,0,,0,UNILIVER,Lifeboy,,,,33٫53,0,0,,1,نواقص,99999,,10٫16,,2024/11/04,,,,,,,,2024/11/04,,-1,,,,,Uniliver,,,,0,25٫11,10٫07,2024/09/17,,10٫11,لا,13٫5,12٫5,12,11٫5,0
1713,UNILIVER Lifeboy Total 10 115g,0,0,17٫77,0,25,0,23,0,22,0,20,0,2025/03/26,,,,,,,,,,,,,,,6221155152596,Total 10,0,,0,UNILIVER,Lifeboy,115g,,,40٫68,0,0,,1,نواقص,99999,,17٫77,,2025/03/26,,,,,,,,2025/03/26,,-1,,,,,Uniliver,,,,0,28٫92,17٫77,2025/01/16,,17٫77,لا,25,23,22,20,0
1714,UNILIVER Lux Romantic Hibiscus 500ml,0,0,78٫6,0,95,0,90,0,85,0,80,0,2025/10/21,,,,,,,,,,,,,,,6221155214485,Romantic Hibiscus,0,,0,UNILIVER,Lux,500ml,,,20٫87,0,0,,1,نواقص,99999,,78٫6,,2025/10/21,,,,,,,,2025/10/21,,-1,,,,,Uniliver,,,,0,17٫26,78٫6,2025/10/15,,78٫6,لا,95,90,85,80,0
1715,UNILIVER Lux الغاردينيا الحريريه 500مل,0,0,67٫73,0,90,0,85,0,80,0,75,0,2026/01/31,,,,,,,,,,,,,,,6221155132598,الغاردينيا الحريريه,0,,0,UNILIVER,Lux,500مل,,,32٫87,0,0,,1,نواقص,99999,,66٫81,,2026/01/31,,,,,,,,2026/01/31,,-1,,,,,Uniliver,,,,0,24٫74,66٫23,2025/12/09,,67٫73,لا,90,85,80,75,0
1716,UNILIVER Lux Shower رومانسيه الكركديه,0,0,60٫89,0,80,0,78,0,75,0,70,0,2025/03/28,,,,,,,,,,,,,,,6221155132574,رومانسيه الكركديه,0,,0,UNILIVER,Lux Shower,,,,31٫38,0,0,,1,نواقص,99999,,61٫42,,2025/03/28,,,,,,,,2025/03/28,,-1,,,,,Uniliver,,,,0,23٫88,60٫89,2024/09/17,,60٫89,لا,80,78,75,70,0
1717,UNILIVER Rexona 50 Ml Anti Bacterial,0,0,22٫63,0,30,0,28,0,25,0,23٫5,0,2023/01/20,,,,,,,,,,,,,,,4800888209719,Anti Bacterial,0,,0,UNILIVER,Rexona 50 Ml,,,,32٫56,0,0,,1,نواقص,99999,,22٫63,,2023/01/21,,,,,,,,2023/01/20,,-1,,,,,Uniliver,,,,0,24٫56,22٫63,2022/09/17,,22٫63,لا,30,28,25,23٫5,0
1718,UNILIVER Rexona 50 Ml Bambo,0,0,54٫95,0,75,0,73,0,70,0,65,0,2024/10/01,,,,,,,,,,,,,,,6221155134912   6221155149237,Bambo,0,,0,UNILIVER,Rexona 50 Ml,,,,36٫48,0,0,,1,نواقص,99999,,55٫43,,2024/10/01,,,,,,,,2024/10/01,,-1,,,,,Uniliver,,,,0,26٫73,54٫95,2024/09/17,,54٫95,لا,75,73,70,65,0
1719,UNILIVER Rexona 50 Ml Cotton Dry,0,0,23٫33,0,30,0,27,0,26,0,24٫5,0,2024/12/19,,,,,,,,,,,,,,,4800888209733,Cotton Dry,0,,0,UNILIVER,Rexona 50 Ml,,,,28٫59,0,0,,1,نواقص,99999,,23٫33,,2023/10/12,,,,,,,,2023/04/07,,-1,,,,,Uniliver,,,,0,22٫23,23٫33,2022/09/17,,23٫33,لا,30,27,26,24٫5,0
1720,UNILIVER Rexona 50 Ml Shower Freshner F,0,0,21٫96,0,30,0,27,0,25,0,23,0,2022/09/10,,,,,,,,,,,,,,,4800888209689,Shower Freshner F,0,,0,UNILIVER,Rexona 50 Ml,,,,36٫61,0,0,,1,نواقص,99999,,21٫96,,2022/09/12,,,,,,,,2022/09/10,,-1,,,,,Uniliver  احمد,,,,0,26٫8,21٫96,2022/07/04,,21٫96,لا,30,27,25,23,0
1721,UNILIVER Rexona 50 Ml V8,0,0,19٫85,0,27,0,25,0,23,0,21,0,2022/11/03,,,,,,,,,,,,,,,6221155138682,V8,0,,0,UNILIVER,Rexona 50 Ml,,,,36٫02,0,0,,1,نواقص,99999,,19٫85,,2022/11/04,,,,,,,,2022/11/03,,-1,,,,,Uniliver,,,,0,26٫48,19٫85,2022/09/17,,19٫85,لا,27,25,23,21,0
1722,UNILIVER REXONA SPRAY 50% OFF علي العبوه التانيه,0,0,175٫28,0,225,0,220,0,215,0,210,0,2025/03/25,,,,,,,,,,,,,,,6221155139139,50% OFF علي العبوه التانيه,0,,0,UNILIVER,REXONA SPRAY,,,,28٫37,0,0,,1,نواقص,99999,,175٫28,,2025/03/25,,,,,,,,2025/03/25,,-1,,,,,Uniliver,,,,0,22٫1,175٫28,2024/06/04,,175٫28,لا,225,220,215,210,0
1723,UNILIVER REXONA SPRAY 50% OFF علي العبوه التانيه XTRA COOL,0,0,175٫78,0,225,0,220,0,210,0,200,0,2025/04/16,,,,,,,,,,,,,,,6221155139153,50% OFF علي العبوه التانيه,0,,0,UNILIVER,REXONA SPRAY,XTRA COOL,,,28,0,0,,1,نواقص,99999,,175٫78,,2025/04/17,,,,,,,,2025/04/16,,-1,,,,,Uniliver,,,,0,21٫88,175٫78,2024/06/04,,175٫78,لا,225,220,210,200,0
1724,UNILIVER REXONA SPRAY 150 Ml معجون هديه,0,0,120٫91,0,187,0,185,0,180,0,175,0,2025/07/29,,,,,,,,,,,,,,,8224135139905,150 Ml,0,,0,UNILIVER,REXONA SPRAY,معجون هديه,,,54٫66,0,0,,1,نواقص,99999,,120٫91,,2025/07/29,,,,,,,,2025/07/29,,-1,,,,,Uniliver,,,,0,35٫34,120٫91,2025/01/16,,120٫91,لا,187,185,180,175,0
1725,UNILIVER Signal 125 Ml +25 ML,0,0,17٫9,0,25,0,22,0,20,0,19,0,2024/12/19,,,,,,,,,,,,,,,6221155072719,125 Ml,0,,0,UNILIVER,Signal,+25 ML,,,39٫67,0,0,,1,نواقص,99999,,17٫9,,2022/06/18,,,,,,,,2022/07/04,,-1,,,,,Uniliver,,,,0,28٫4,17٫9,2021/06/14,,17٫9,لا,25,22,20,19,0
1726,UNILIVER Signal Offer,0,0,14٫99,0,18,0,17,0,16٫25,0,15٫5,0,2024/12/19,,,,,,,,,,,,,,,6221155113290,Offer,0,,0,UNILIVER,Signal,,,,20٫08,0,0,,1,---,99999,,14٫99,,,,,,,,,,,,-1,,,,,Uniliver  احمد,,,,0,16٫72,14٫99,2022/07/04,,14٫99,لا,18,17,16٫25,15٫5,0
1727,UNILIVER Signal فحم,0,0,50٫02,0,60,0,58,0,56,0,55,0,2026/05/24,,,,,,,,,,,,,,,6221155158819,فحم,0,,0,UNILIVER,Signal,,,,19٫95,0,0,,1,نواقص,99999,,50٫02,,2026/05/24,,,,,,,,2026/05/24,,-1,,,,,Uniliver,,,,0,16٫63,50٫02,2026/05/07,,50٫02,لا,60,58,56,55,0
1728,UNILIVER SUNSILK 180ml Shampoo,0,0,15٫09,0,25,0,24,0,23,0,23٫5,0,2022/01/02,,,,,,,,,,,,,,,6221155025371,180ml,0,,0,UNILIVER,SUNSILK,Shampoo,ناعم وانسيابي,,65٫71,0,0,,1,نواقص,99999,,15٫09,,2022/01/03,,,,,,,,2022/01/02,,-1,,,,,Uniliver,,,,0,39٫65,15٫09,2021/06/14,,15٫09,لا,25,24,23,23٫5,0
1729,UNILIVER SUNSILK 350ml Black,0,0,72٫65,0,85,0,83,0,80,0,78,0,2026/05/24,,,,,,,,,,,,,,,6221155063267,350ml,0,,0,UNILIVER,SUNSILK,Black,,,17,0,0,,1,نواقص,99999,,72٫65,,2026/05/24,,,,,,,,2026/05/24,,-1,,,,,Uniliver,,,,0,14٫53,72٫65,2026/02/18,,72٫65,لا,85,83,80,78,0
1730,UNILIVER SUNSILK 350ml بزيت جوز الهند المرطب,0,0,27٫28,0,35,0,34,0,33٫5,0,33,0,2022/07/27,,,,,,,,,,,,,,,6221155062321,350ml,0,,0,UNILIVER,SUNSILK,بزيت جوز الهند المرطب,,,28٫3,0,0,,1,نواقص,99999,,27٫28,,2022/07/30,,,,,,,,2022/07/26,,-1,,,,,Uniliver,,,,0,22٫06,27٫28,2021/06/14,,27٫28,لا,35,34,33٫5,33,0
1731,UNILIVER SUNSILK 350ml ناعم وانسيابي,0,0,25٫18,0,30,0,29,0,28,0,27,0,2024/12/19,,,,,,,,,,,,,,,6221155025340,350ml,0,,0,UNILIVER,SUNSILK,ناعم وانسيابي,,,19٫13,0,0,,1,نواقص,99999,,25٫18,,2023/10/12,,,,,,,,2021/12/14,,-1,,,,,Uniliver,,,,0,16٫06,25٫18,2021/06/14,,25٫18,لا,30,29,28,27,0
1732,UNILIVER SUNSILK 600ML 20%,0,0,32٫17,0,40,0,39,0,38,0,37,0,2022/03/08,,,,,,,,,,,,,,,6221155063328,600ML,0,,0,UNILIVER,SUNSILK,20%,ناعم وانسيابي,,24٫35,0,0,,1,نواقص,99999,,32٫17,,2022/03/09,,,,,,,,2022/03/08,,-1,,,,,Uniliver,,,,0,19٫58,32٫17,2021/06/14,,32٫17,لا,40,39,38,37,0
1733,UNILIVER SUNSILK 600ML BLACK,0,0,34٫69,0,40,0,39,0,38,0,37,0,2022/05/21,,,,,,,,,,,,,,,6221155063304,600ML,0,,0,UNILIVER,SUNSILK,BLACK,,,15٫31,0,0,,1,نواقص,99999,,34٫69,,2022/05/21,,,,,,,,2022/05/21,,-1,,,,,Uniliver,,,,0,13٫28,34٫69,2021/06/14,,34٫69,لا,40,39,38,37,0
1734,UNILIVER SUNSILK 600ML Instat Repair,0,0,34٫69,0,45,0,42,0,40,0,38,0,2022/10/08,,,,,,,,,,,,,,,6221155063335,600ML,0,,0,UNILIVER,SUNSILK,Instat Repair,,,29٫73,0,0,,1,نواقص,99999,,34٫69,,2022/10/08,,,,,,,,2022/10/08,,-1,,,,,Uniliver,,,,0,22٫92,34٫69,2021/06/14,,34٫69,لا,45,42,40,38,0
1735,UNILIVER Sunsilk 180 Instant Restore,0,0,0,0,18٫5,0,17٫5,0,16٫5,0,15٫5,0,,,,,,,,,,,,,,,,6221155069641,,0,,0,UNILIVER,Sunsilk 180 Instant Restore,,,,,0,0,,1,نواقص,99999,,0,,2021/07/14,,,,,,,,,,-1,,,,,,,,,0,,0,,,0,لا,18٫5,17٫5,16٫5,15٫5,0
1736,UNILIVER SUNSILK Oil 250 Ml Almond,0,0,24٫8,0,31,0,28,0,27٫5,0,26,0,2024/12/19,,,,,,,,,,,,,,,6221155059215,250 Ml,0,,0,UNILIVER,SUNSILK Oil,Almond,,,24٫99,0,0,,1,نواقص,99999,,25٫33,,2022/10/08,,,,,,,,2022/10/08,,-1,,,,,Uniliver  احمد,,,,0,19٫99,25٫33,2022/07/04,,24٫8,لا,31,28,27٫5,26,0
1737,UNILIVER SUNSILK Oil 250 Ml Coconut,0,0,28٫55,0,60,0,55,0,50,0,45,0,2024/12/19,,,,,,,,,,,,,,,6221155059192,250 Ml,0,,0,UNILIVER,SUNSILK Oil,Coconut,,,110٫13,0,0,,1,نواقص,99999,,35,,2023/11/08,,,,,,,,2023/11/08,,-1,,,,,مايكل ثروت / مايت سينما,,,,0,52٫41,35,2023/08/10,,28٫55,لا,60,55,50,45,0
1738,UNILIVER SUNSILK Oil 250 Ml Olive,0,0,23٫22,0,30,0,28,0,26,0,25,0,2022/04/22,,,,,,,,,,,,,,,6221155059239,250 Ml,0,,0,UNILIVER,SUNSILK Oil,Olive,,,29٫2,0,0,,1,نواقص,99999,,23٫22,,2022/03/29,,,,,,,,2022/04/22,,-1,,,,,Uniliver,,,,0,22٫6,23٫22,2021/06/14,,23٫22,لا,30,28,26,25,0
1739,UNILIVER Tresemme Conditioner 200 Ml Nourshing,0,0,25٫64,0,30,0,29,0,28,0,27,0,2024/01/31,,,,,,,,,,,,,,,6221155086389,200 Ml,0,,0,UNILIVER,Tresemme Conditioner,Nourshing,,,17,0,0,,1,نواقص,99999,,25٫64,,2023/08/31,,,,,,,,2023/08/31,,-1,,,,,Uniliver,,,,0,14٫53,25٫64,2021/06/14,,25٫64,لا,30,29,28,27,0
1740,UNILIVER Tresemme Conditioner 400ml Botanix,0,0,46٫5,0,60,0,55,0,52,0,50,0,2023/09/29,,,,,,,,,,,,,,,6221155086709,400ml,0,,0,UNILIVER,Tresemme Conditioner,Botanix,,,29٫03,0,0,,1,نواقص,99999,,46٫5,,2023/09/29,,,,,,,,2023/09/29,,-1,,,,,,,,,0,22٫5,46٫5,2022/07/26,,46٫5,لا,60,55,52,50,0
1741,UNILIVER Tresemme Conditioner 400ml Fall Control,0,0,46,0,60,0,55,0,52,0,50,0,2023/11/01,,,,,,,,,,,,,,,6221155086365,400ml,0,,0,UNILIVER,Tresemme Conditioner,Fall Control,,,30٫43,0,0,,1,نواقص,99999,,46,,2023/11/02,,,,,,,,2023/11/01,,-1,,,,,,,,,0,23٫33,46,2022/07/26,,46,لا,60,55,52,50,0
1742,UNILIVER Tresemme Conditioner 400ml Keratin,0,0,46٫05,0,55,0,53,0,50,0,48,0,2024/12/19,,,,,,,,,,,,,,,6221155086464,400ml,0,,0,UNILIVER,Tresemme Conditioner,Keratin,,,19٫44,0,0,,1,نواقص,99999,,46٫05,,2022/09/27,,,,,,,,,,-1,,,,,Uniliver,,,,0,16٫27,46٫05,2021/06/14,,46٫05,لا,55,53,50,48,0
1743,UNILIVER Tresemme Conditioner 400ml Repair 7,0,0,46٫05,0,55,0,53,0,50,0,48,0,2024/12/19,,,,,,,,,,,,,,,6221155086303,400ml,0,,0,UNILIVER,Tresemme Conditioner,Repair 7,,,19٫44,0,0,,1,نواقص,99999,,46٫05,,2022/07/14,,,,,,,,,,-1,,,,,Uniliver,,,,0,16٫27,46٫05,2021/06/14,,46٫05,لا,55,53,50,48,0
1744,UNILIVER Tresemme Conditioner 400ml تغذيه وتجديد,0,0,46٫05,0,55,0,53,0,50,0,48,0,2024/12/19,,,,,,,,,,,,,,,6281006534827,400ml,0,,0,UNILIVER,Tresemme Conditioner,تغذيه وتجديد,,,19٫44,0,0,,1,نواقص,99999,,46٫05,,2021/10/19,,,,,,,,2021/10/17,,-1,,,,,Uniliver,,,,0,16٫27,46٫05,2021/06/14,,46٫05,لا,55,53,50,48,0
1745,UNILIVER Tresemme shampo 200 Ml صبار,0,0,25٫64,0,33,0,32,0,31,0,30,0,2022/08/23,,,,,,,,,,,,,,,6221155086761,200 Ml,0,,0,UNILIVER,Tresemme shampo,صبار,,,28٫71,0,0,,1,نواقص,99999,,25٫64,,2021/12/02,,,,,,,,2021/12/02,,-1,,,,,Uniliver,,,,0,22٫3,25٫64,2021/06/14,,25٫64,لا,33,32,31,30,0
1746,UNILIVER Vasline 100 Ml زبدة كاكاو,0,0,45٫49,0,58٫5,0,55,0,50,0,48,0,2024/02/03,,,,,,,,,,,,,,,6221155128126,100 Ml,0,,0,UNILIVER,Vasline,زبدة كاكاو,,,28٫6,0,0,,1,نواقص,99999,,45٫49,,2024/02/03,,,,,,,,2024/02/03,,-1,,,,,Uniliver,,,,0,22٫24,45٫49,2024/01/05,,45٫49,لا,58٫5,55,50,48,0
1747,UNILIVER Vasline 120 Ml Oil,0,0,70,0,150,0,130,0,110,0,100,0,2023/12/11,,,,,,,,,,,,,,,007016,120 Ml,0,,0,UNILIVER,Vasline,Oil,,,114٫29,0,0,,1,نواقص,99999,,70,,2023/11/01,,,,,,,,2023/12/11,,-1,,,,,مايكل ثروت / مايت سينما,,,,0,53٫33,70,2023/08/10,,70,لا,150,130,110,100,0
1748,UNILIVER Vasline 200 ML ADVANCED STRENGTH,0,0,70,0,120,0,110,0,105,0,95,0,2023/08/19,,,,,,,,,,,,,,,8999999045579,200 ML,0,,0,UNILIVER,Vasline,ADVANCED STRENGTH,,,71٫43,0,0,,1,نواقص,99999,,70,,2023/08/19,,,,,,,,2023/08/19,,-1,,,,,مايكل ثروت / مايت سينما,,,,0,41٫67,70,2023/08/10,,70,لا,120,110,105,95,0
1749,UNILIVER Vasline 200 ML COCOA RADIANT,0,0,220,0,400,0,375,0,350,0,300,0,2023/10/09,,,,,,,,,,,,,,,8886467039997,200 ML,0,,0,UNILIVER,Vasline,COCOA RADIANT,Oil,,81٫82,0,0,,1,نواقص,99999,,220,,2023/10/09,,,,,,,,2023/10/09,,-1,,,,,مايكل ثروت / مايت سينما,,,,0,45,220,2023/08/10,,220,لا,400,375,350,300,0
1750,UNILIVER Vasline 400 Ml,0,0,120,0,180,0,170,0,160,0,150,0,2023/11/12,,,,,,,,,,,,,,,6281006506374,400 Ml,0,,0,UNILIVER,Vasline,,,,50,0,0,,1,نواقص,99999,,120,,2023/11/12,,,,,,,,2023/11/12,,-1,,,,,مايكل ثروت / مايت سينما,,,,0,33٫33,120,2023/08/10,,120,لا,180,170,160,150,0
1751,UNILIVER Vasline 400 Ml Dry Skin,0,0,120,0,180,0,170,0,160,0,150,0,2024/01/01,,,,,,,,,,,,,,,6001087357043,400 Ml,0,,0,UNILIVER,Vasline,Dry Skin,,,50,0,0,,1,نواقص,99999,,120,,2024/01/01,,,,,,,,2024/01/01,,-1,,,,,مايكل ثروت / مايت سينما,,,,0,33٫33,120,2023/08/10,,120,لا,180,170,160,150,0
1752,UNILIVER Vasline LIP THERAPY COCOA BUTTER,0,0,40,0,80,0,70,0,65,0,60,0,2023/10/12,,,,,,,,,,,,,,,8718114642871,LIP THERAPY,0,,0,UNILIVER,Vasline,COCOA BUTTER,,,100,0,0,,1,نواقص,99999,,40,,2023/10/12,,,,,,,,2023/10/12,,-1,,,,,مايكل ثروت / مايت سينما,,,,0,50,40,2023/08/10,,40,لا,80,70,65,60,0
1753,UNILIVER Vasline Body Lotion 200 Ml Cocoa Radiant,0,0,90٫19,0,120,0,115,0,110,0,105,0,2024/09/19,,,,,,,,,,,,,,,6221155202208,200 Ml,0,,0,UNILIVER,Vasline Body Lotion,Cocoa Radiant,,,33٫05,0,0,,1,نواقص,99999,,90٫97,,2024/09/19,,,,,,,,2024/09/19,,-1,,,,,Uniliver,,,,0,24٫84,90٫19,2024/09/17,,90٫19,لا,120,115,110,105,0
1754,UNILIVER Vasline Body Lotion 200 Ml Essential Healing,0,0,89٫74,0,115,0,110,0,105,0,100,0,2024/03/21,,,,,,,,,,,,,,,6281006506367,200 Ml,0,,0,UNILIVER,Vasline Body Lotion,Essential Healing,,,28٫15,0,0,,1,نواقص,99999,,89٫74,,2024/03/21,,,,,,,,2024/03/21,,-1,,,,,Uniliver,,,,0,21٫97,89٫74,2024/02/22,,89٫74,لا,115,110,105,100,0
1755,UNILIVER Vasline Body Lotion 200 Ml Ice Cool,0,0,89٫74,0,115,0,110,0,105,0,100,0,2024/03/25,,,,,,,,,,,,,,,6281006573895,200 Ml,0,,0,UNILIVER,Vasline Body Lotion,Ice Cool,,,28٫15,0,0,,1,نواقص,99999,,89٫74,,2024/03/25,,,,,,,,2024/03/25,,-1,,,,,Uniliver,,,,0,21٫97,89٫74,2024/02/22,,89٫74,لا,115,110,105,100,0
1756,UNILIVER Vasline Body Lotion 200 Ml Nourishing Moisture,0,0,90٫19,0,120,0,115,0,110,0,105,0,2024/09/20,,,,,,,,,,,,,,,6221155202185,200 Ml,0,,0,UNILIVER,Vasline Body Lotion,Nourishing Moisture,,,33٫05,0,0,,1,نواقص,99999,,90٫97,,2024/09/20,,,,,,,,2024/09/20,,-1,,,,,Uniliver,,,,0,24٫84,90٫19,2024/09/17,,90٫19,لا,120,115,110,105,0
1757,UNILIVER Vasline Body Lotion 400ml Cocoa Radiant,0,0,0,0,200,0,190,0,180,0,170,0,2024/02/22,,,,,,,,,,,,,,,6281006506435,400ml,0,,0,UNILIVER,Vasline Body Lotion,Cocoa Radiant,,,,0,0,,1,---,99999,,150٫43,,,,,,,,,,,,-1,,,,,Uniliver,,,,0,,150٫43,2024/02/22,,0,لا,200,190,180,170,0
1758,UNILIVER Vasline Body Lotion 400ml Cocoa Radiant,0,0,127٫17,0,170,0,160,0,150,0,140,0,2024/03/28,,,,,,,,,,,,,,,6221155097156,400ml,0,,0,UNILIVER,Vasline Body Lotion,Cocoa Radiant,15 off,,33٫68,0,0,,1,نواقص,99999,,127٫17,,2024/03/28,,,,,,,,2024/03/28,,-1,,,,,Uniliver,,,,0,25٫19,127٫17,2024/02/22,,127٫17,لا,170,160,150,140,0
1759,UNILIVER اكس اسبراي عرض سعر جمهور,0,0,0,0,40,0,35,0,32,0,30,0,,,,,,,,,,,,,,,,007001,,0,,0,UNILIVER,اكس اسبراي عرض سعر جمهور,,,,,0,0,منتجات العنايه الشخصيه,1,نواقص,99999,\us\134\pid\75\f132543536798849549245.jpg,0,,2021/07/14,,,,,,,,,,-50,2021/01/10,20,#ROYALELCHIM ,"AXE , COLLECTION , ROYAL , ELCHIM ,TEMPATATION , العنايه . الشخصيه , اكس , اسبراى",,,,,0,,0,,AXE COLLECTION,0,لا,40,35,32,30,6
1760,UNILIVER شاور جيل لوكس بالاوركيد الاسود وزيت العرعر,0,0,0,0,50,0,45,0,43,0,40,0,,,,,,,,,,,,,,,,6221155050205,,0,,0,UNILIVER,شاور جيل لوكس بالاوركيد الاسود وزيت العرعر,,,,,0,0,,1,نواقص,99999,,0,,2021/07/14,,,,,,,,,,-1,,,,,,,,,0,,0,,,0,لا,50,45,43,40,0
1761,UNILIVER صابونه Lifebuoy,0,0,10٫15,0,13٫5,0,12٫5,0,12,0,11٫5,0,2024/08/22,,,,,,,,,,,,,,,6221155154194   6221155154200,,0,,0,UNILIVER,صابونه Lifebuoy,,,,32٫96,0,0,,1,نواقص,99999,,10٫15,,2024/08/22,,,,,,,,2024/08/22,,-1,,,,,Uniliver,,,,0,24٫79,10٫15,2024/06/04,,10٫15,لا,13٫5,12٫5,12,11٫5,0
1762,UNILIVER صابونه عرض 2×1 ص,0,0,8,0,10,0,10,0,10,0,9,0,2024/12/19,,,,,,,,,,,,,,,6221155054906,,0,,0,UNILIVER,صابونه عرض 2×1 ص,,,,25,0,0,,1,نواقص,99999,,8,,2021/07/14,,,,,,,,,,-1,,,,,رويال/ادره المخازن,,,,0,20,8,2022/02/09,,8,لا,10,10,10,9,0
1763,UNILIVER صابونه عرض 2×1 ص 20% Off,0,0,9٫63,0,11,0,10٫5,0,10٫25,0,10,0,2022/12/03,,,,,,,,,,,,,,,6221155123572,20% Off,0,,0,UNILIVER,صابونه عرض 2×1 ص,,,,14٫21,0,0,,1,نواقص,99999,,9٫63,,2022/12/03,,,,,,,,2022/12/03,,-1,,,,,Uniliver  احمد,,,,0,12٫44,9٫63,2022/07/04,,9٫63,لا,11,10٫5,10٫25,10,0
1764,UNILIVER صابونه عرض خاص,0,0,11,0,13,0,12٫5,0,12,0,11٫5,0,2021/12/13,,,,,,,,,,,,,,,6221155056559,,0,,0,UNILIVER,صابونه عرض خاص,,,,18٫18,0,0,,1,نواقص,99999,,11,,2021/12/13,,,,,,,,2021/12/13,,-1,,,,,رويال / اداره المخازن الاقصر,,,,0,15٫38,11,2021/05/13,,11,لا,13,12٫5,12,11٫5,0
1765,UNILIVER عرص ريكسونا,0,0,76٫75,0,92,0,90,0,85,0,80,0,2024/01/31,,,,,,,,,,,,,,,007014,,0,,0,UNILIVER,عرص ريكسونا,,,,19٫87,0,0,,1,نواقص,99999,,76٫75,,2023/10/12,,,,,,,,2023/09/02,,-1,,,,,Uniliver,,,,0,16٫58,76٫75,2023/05/28,,76٫75,لا,92,90,85,80,0
1766,UNILIVER عرض شامبو تريزيمي + بلسم 400ml,0,0,96٫19,0,120,0,115,0,110,0,105,0,2023/04/20,,,,,,,,,,,,,,,6221155102706,400ml,0,,0,UNILIVER,عرض شامبو تريزيمي + بلسم,,,,24٫75,0,0,,1,نواقص,99999,,96٫19,,2023/04/20,,,,,,,,2023/04/20,,-1,,,,,Uniliver,,,,0,19٫84,96٫19,2022/09/17,,96٫19,لا,120,115,110,105,0
1767,UNILIVER لوكس شاور+لوفه هديه,0,0,25,0,32,0,30,0,29,0,28,0,2024/01/31,,,,,,,,,,,,,,,6221155076878   6221155076892   6221155076854,,0,,0,UNILIVER,لوكس شاور+لوفه هديه,,,,28,0,0,,1,نواقص,99999,,25,,2023/10/12,,,,,,,,2022/05/10,,-1,,,,,رويال/ادره المخازن,,,,0,21٫88,25,2022/02/09,,25,لا,32,30,29,28,0
1768,UNILIVER 6221155121196,0,0,0,0,,0,,0,,0,,0,,,,,,,,,,,,,,,,007017,,0,,0,UNILIVER,6221155121196,,,,,0,0,,1,---,99999,,0,,,,,,,,,,,,-1,,,,,,,,,0,,0,,,0,لا,,,,,0
118,إجمالي -   UNILIVER,0,0,0,0,0,0,0,0,0,0,0,0,,0,0,0,0,0,0,0,0,0,0,0,0,0,0,,,0,0,0,,,,,,0,0,,,,,,,0,,,,,0,0,0,0,0,,,,,,,,,,,,,,0,,,0,,0,0,0,0,
,,,,,,,,,,,,,,,,,,,,,,,,,,,,,,,,,,,,,,,,,,,,,,,,,,,,,,,,,,,,,,,,,,,,,,,,,,,,,,,
,VATIKA,,,,,,,,,,,,,,,,,,,,,,,,,,,,,,,,,VATIKA,,,,,,,,,,,,,,,,,,,,,,,,,,,,,,,,,,,,,,,,,,,,,
1769,VATIKA CONDITIONING HAMMAM CREAM ARGAN 500G,0,0,20٫33,0,30,0,27٫5,0,25,0,22٫5,0,2024/01/31,,,,,,,,,,,,,,,6224007939260,ARGAN,0,,0,VATIKA,CONDITIONING HAMMAM CREAM,500G,,,47٫57,0,0,,1,نواقص,99999,,20٫33,,2023/03/18,,,,,,,,2023/03/18,,-1,,,,,استاذ / جميل ساويروس,,,,0,32٫23,20٫33,2022/09/05,,20٫33,لا,30,27٫5,25,22٫5,0
1770,VATIKA CONDITIONING HAMMAM CREAM BLACK SEED 250G,0,0,11٫53,0,18,0,16,0,15,0,13٫25,0,2023/04/29,,,,,,,,,,,,,,,6224000851767,BLACK SEED,0,,0,VATIKA,CONDITIONING HAMMAM CREAM,250G,,,56٫11,0,0,,1,نواقص,99999,,11٫53,,2023/04/29,,,,,,,,2023/04/29,,-1,,,,,استاذ / جميل ساويروس,,,,0,35٫94,11٫53,2022/09/05,,11٫53,لا,18,16,15,13٫25,0
1771,VATIKA CONDITIONING HAMMAM CREAM BLACK SEED 500G,0,0,20٫33,0,32,0,28,0,25,0,23,0,2024/04/18,,,,,,,,,,,,,,,6224000851750,BLACK SEED,0,,0,VATIKA,CONDITIONING HAMMAM CREAM,500G,,,57٫4,0,0,,1,نواقص,99999,,20٫33,,2023/01/10,,,,,,,,2024/04/18,,-1,,,,,استاذ / جميل ساويروس,,,,0,36٫47,20٫33,2022/09/05,,20٫33,لا,32,28,25,23,0
1772,VATIKA CONDITIONING HAMMAM CREAM MINK OIL 500G,0,0,20٫33,0,30,0,27٫5,0,25,0,22٫5,0,2024/04/18,,,,,,,,,,,,,,,6224007939741,MINK OIL,0,,0,VATIKA,CONDITIONING HAMMAM CREAM,500G,,,47٫57,0,0,,1,نواقص,99999,,20٫33,,2024/04/14,,,,,,,,2024/04/18,,-1,,,,,استاذ / جميل ساويروس,,,,0,32٫23,20٫33,2022/09/05,,20٫33,لا,30,27٫5,25,22٫5,0
1773,VATIKA CONDITIONING HAMMAM CREAM WHEAT GERM 250G,0,0,11٫53,0,18,0,16,0,15,0,13٫25,0,2024/04/24,,,,,,,,,,,,,,,6224007939765,WHEAT GERM,0,,0,VATIKA,CONDITIONING HAMMAM CREAM,250G,,,56٫11,0,0,,1,نواقص,99999,,11٫53,,2023/05/26,,,,,,,,2024/04/24,,-1,,,,,استاذ / جميل ساويروس,,,,0,35٫94,11٫53,2022/09/05,,11٫53,لا,18,16,15,13٫25,0
1774,VATIKA DABUR AMLA 90 ML,0,0,12٫53,0,18,0,17,0,15,0,13٫75,0,2024/01/31,,,,,,,,,,,,,,,6291069653014,90 ML,0,,0,VATIKA,DABUR AMLA,,,,43٫71,0,0,,1,نواقص,99999,,12٫33,,2023/10/12,,,,,,,,2023/01/12,,-1,,,,,استاذ / جميل ساويروس,,,,0,30٫42,12٫33,2022/09/05,,12٫53,لا,18,17,15,13٫75,0
1775,VATIKA Dermo Viva Almond,0,0,42,0,65,0,60,0,55,0,50,0,2024/09/15,,,,,,,,,,,,,,,6224007939635,Almond,0,,0,VATIKA,Dermo Viva,,,,54٫76,0,0,,1,نواقص,99999,,42,,2024/05/20,,,,,,,,2024/09/15,,-1,,,,,اسحق انور,,,,0,35٫38,42,2024/04/15,,42,لا,65,60,55,50,0
1776,VATIKA Dermo Viva Coffe & Walnut Face Scrub,0,0,68,0,90,0,85,0,80,0,75,0,2025/01/06,,,,,,,,,,,,,,,6223012450357,Coffe & Walnut,0,,0,VATIKA,Dermo Viva,Face Scrub,,,32٫35,0,0,,1,نواقص,99999,,68,,2025/01/06,,,,,,,,2025/01/06,,-1,,,,,اسحق انور,,,,0,24٫44,68,2024/03/30,,68,لا,90,85,80,75,0
1777,VATIKA Dermo Viva Fairness,0,0,42,0,65,0,60,0,55,0,50,0,2025/01/15,,,,,,,,,,,,,,,6224007939642,Fairness,0,,0,VATIKA,Dermo Viva,,,,54٫76,0,0,,1,نواقص,99999,,42,,2025/01/15,,,,,,,,2025/01/15,,-1,,,,,اسحق انور,,,,0,35٫38,42,2024/04/15,,42,لا,65,60,55,50,0
1778,VATIKA Dermo Viva Tea Tree,0,0,42,0,65,0,60,0,55,0,50,0,2024/09/15,,,,,,,,,,,,,,,6224007939628,Tea Tree,0,,0,VATIKA,Dermo Viva,,,,54٫76,0,0,,1,نواقص,99999,,42,,2024/06/12,,,,,,,,2024/09/15,,-1,,,,,اسحق انور,,,,0,35٫38,42,2024/04/15,,42,لا,65,60,55,50,0
1779,VATIKA DERMOVIVA 50 ML ALL SKIN,0,0,18,0,30,0,28,0,25,0,22,0,2024/07/03,,,,,,,,,,,,,,,6224007940440,50 ML,0,,0,VATIKA,DERMOVIVA,ALL SKIN,,,66٫67,0,0,,1,---,99999,,18,,,,,,,,,,2024/07/03,,-1,,,,,اسحق انور,,,,0,40,18,2024/04/15,,18,لا,30,28,25,22,0
1780,VATIKA HAIR OIL Almond 90ml,0,0,7,0,15,0,13,0,11,0,10,0,2023/09/27,,,,,,,,,,,,,,,6291069651102,Almond,0,,0,VATIKA,HAIR OIL,90ml,,,114٫29,0,0,,1,نواقص,99999,,7,,2023/09/27,,,,,,,,2023/09/27,,-1,,,,,مايكل ثروت / مايت سينما,,,,0,53٫33,7,2023/08/10,,7,لا,15,13,11,10,0
1781,VATIKA HAIR OIL Argan 90 Ml,0,0,7,0,15,0,13,0,11,0,10,0,2023/09/27,,,,,,,,,,,,,,,6224000851972,Argan,0,,0,VATIKA,HAIR OIL,90 Ml,,,114٫29,0,0,,1,نواقص,99999,,7,,2023/09/27,,,,,,,,2023/09/27,,-1,,,,,مايكل ثروت / مايت سينما,,,,0,53٫33,7,2023/08/10,,7,لا,15,13,11,10,0
1782,VATIKA HAIR OIL CACTUS 45ML,0,0,5,0,10,0,9,0,8٫5,0,8,0,2024/03/02,,,,,,,,,,,,,,,6291069651096,CACTUS,0,,0,VATIKA,HAIR OIL,45ML,,,100,0,0,,1,نواقص,99999,,5,,2023/08/14,,,,,,,,2024/03/02,,-1,,,,,مايكل ثروت / مايت سينما,,,,0,50,5,2023/08/10,,5,لا,10,9,8٫5,8,0
1783,VATIKA HAIR OIL CACTUS 90 ML,0,0,6٫99,0,15,0,14,0,13,0,10,0,2024/01/31,,,,,,,,,,,,,,,6291069651027,CACTUS,0,,0,VATIKA,HAIR OIL,90 ML,,,114٫75,0,0,,1,نواقص,99999,,7,,2023/08/14,,,,,,,,2023/02/08,,-1,,,,,مايكل ثروت / مايت سينما,,,,0,53٫43,7,2023/08/10,,6٫99,لا,15,14,13,10,0
1784,VATIKA HAIR OIL Coconut,0,0,7,0,15,0,13,0,11,0,10,0,2023/08/14,,,,,,,,,,,,,,,6224000851095,Coconut,0,,0,VATIKA,HAIR OIL,,,,114٫29,0,0,,1,نواقص,99999,,7,,2023/08/15,,,,,,,,2023/08/14,,-1,,,,,مايكل ثروت / مايت سينما,,,,0,53٫33,7,2023/08/10,,7,لا,15,13,11,10,0
1785,VATIKA HAIR OIL Mink 200,0,0,10,0,20,0,18,0,16,0,15,0,2023/09/09,,,,,,,,,,,,,,,6224000851996,Mink,0,,0,VATIKA,HAIR OIL,200,,,100,0,0,,1,نواقص,99999,,10,,2023/09/09,,,,,,,,2023/09/09,,-1,,,,,مايكل ثروت / مايت سينما,,,,0,50,10,2023/08/10,,10,لا,20,18,16,15,0
1786,VATIKA HAIR OIL OLIVE 45 Ml,0,0,5,0,10,0,9,0,8٫5,0,8,0,2024/02/10,,,,,,,,,,,,,,,6291069650006,OLIVE,0,,0,VATIKA,HAIR OIL,45 Ml,,,100,0,0,,1,نواقص,99999,,5,,2023/08/14,,,,,,,,2024/02/10,,-1,,,,,مايكل ثروت / مايت سينما,,,,0,50,5,2023/08/10,,5,لا,10,9,8٫5,8,0
1787,VATIKA HAIR OIL OLIVE 90 ML,0,0,7,0,15,0,13,0,11,0,10,0,2023/08/19,,,,,,,,,,,,,,,6291069651003,OLIVE,0,,0,VATIKA,HAIR OIL,90 ML,,,114٫29,0,0,,1,نواقص,99999,,7,,2023/08/19,,,,,,,,2023/08/19,,-1,,,,,مايكل ثروت / مايت سينما,,,,0,53٫33,7,2023/08/10,,7,لا,15,13,11,10,0
1788,VATIKA HAIR OIL OLIVE 180 ML,0,0,10٫97,0,20,0,18,0,16,0,15,0,2024/01/16,,,,,,,,,,,,,,,6291069651010,OLIVE,0,,0,VATIKA,HAIR OIL,180 ML,,,82٫32,0,0,,1,نواقص,99999,,10,,2023/10/12,,,,,,,,2024/01/16,,-1,,,,,مايكل ثروت / مايت سينما,,,,0,45٫15,10,2023/08/10,,10٫97,لا,20,18,16,15,0
1789,VATIKA HAIR OIL WATERCRESS 180 ML,0,0,11٫55,0,20,0,18,0,16,0,15,0,2024/12/19,,,,,,,,,,,,,,,6224007939161,WATERCRESS,0,,0,VATIKA,HAIR OIL,180 ML,,,73٫13,0,0,,1,نواقص,99999,,10,,2023/08/14,,,,,,,,2024/01/23,,-1,,,,,مايكل ثروت / مايت سينما,,,,0,42٫24,10,2023/08/10,,11٫55,لا,20,18,16,15,0
1790,VATIKA HAIR SERUM FRIZZ CONTROL 47 ML,0,0,39٫16,0,65,0,55,0,50,0,44٫5,0,2023/06/01,,,,,,,,,,,,,,,6224007940495,FRIZZ CONTROL,0,,0,VATIKA,HAIR SERUM,47 ML,,,65٫99,0,0,,1,نواقص,99999,,39٫16,,2023/06/02,,,,,,,,2023/06/01,,-1,,,,,استاذ / جميل ساويروس,,,,0,39٫75,39٫16,2022/09/05,,39٫16,لا,65,55,50,44٫5,0
1791,VATIKA SHAMPO ALMOND & HONEY 190 ML,0,0,12٫71,0,20,0,18,0,16,0,14٫5,0,2023/01/21,,,,,,,,,,,,,,,6224007393451,ALMOND & HONEY,0,,0,VATIKA,SHAMPO,190 ML,,,57٫36,0,0,,1,نواقص,99999,,12٫71,,2023/01/23,,,,,,,,2023/01/21,,-1,,,,,استاذ / جميل ساويروس,,,,0,36٫45,12٫71,2022/09/05,,12٫71,لا,20,18,16,14٫5,0
1792,VATIKA SHAMPO ALMOND & HONEY 400 ML,0,0,21٫5,0,32,0,28٫5,0,26,0,24,0,2024/12/19,,,,,,,,,,,,,,,6224007939468,ALMOND & HONEY,0,,0,VATIKA,SHAMPO,400 ML,,,48٫84,0,0,,1,نواقص,99999,,21٫5,,2023/01/23,,,,,,,,2023/01/21,,-1,,,,,استاذ / جميل ساويروس,,,,0,32٫81,21٫5,2022/09/05,,21٫5,لا,32,28٫5,26,24,0
1793,VATIKA SHAMPO BLACK SEED 190 ML,0,0,12٫71,0,20,0,18,0,16,0,14٫5,0,2022/11/21,,,,,,,,,,,,,,,6224007939185,BLACK SEED,0,,0,VATIKA,SHAMPO,190 ML,,,57٫36,0,0,,1,نواقص,99999,,12٫71,,2022/09/14,,,,,,,,2022/11/21,,-1,,,,,استاذ / جميل ساويروس,,,,0,36٫45,12٫71,2022/09/05,,12٫71,لا,20,18,16,14٫5,0
1794,VATIKA SHAMPO CACTUS 190 ML,0,0,12٫71,0,20,0,18,0,16,0,14٫5,0,2024/01/31,,,,,,,,,,,,,,,6224000851729,CACTUS,0,,0,VATIKA,SHAMPO,190 ML,,,57٫36,0,0,,1,نواقص,99999,,12٫71,,2023/01/10,,,,,,,,2023/01/10,,-1,,,,,استاذ / جميل ساويروس,,,,0,36٫45,12٫71,2022/09/05,,12٫71,لا,20,18,16,14٫5,0
1795,VATIKA SHAMPO COCONUT & CASTOR 400 ML,0,0,21٫5,0,30,0,27٫5,0,25,0,24,0,2025/06/02,,,,,,,,,,,,,,,6224007939444,COCONUT & CASTOR,0,,0,VATIKA,SHAMPO,400 ML,,,39٫53,0,0,,1,نواقص,99999,,21٫5,,2025/06/02,,,,,,,,2025/06/02,,-1,,,,,استاذ / جميل ساويروس,,,,0,28٫33,21٫5,2022/09/05,,21٫5,لا,30,27٫5,25,24,0
1796,VATIKA SHAMPO GARLIC 400 ML,0,0,21٫5,0,30,0,27٫5,0,25,0,24,0,2024/01/31,,,,,,,,,,,,,,,6224007939215,GARLIC,0,,0,VATIKA,SHAMPO,400 ML,,,39٫53,0,0,,1,نواقص,99999,,21٫5,,2022/11/17,,,,,,,,2022/11/15,,-1,,,,,استاذ / جميل ساويروس,,,,0,28٫33,21٫5,2022/09/05,,21٫5,لا,30,27٫5,25,24,0
1797,VATIKA SHAMPO HONEY & EGG 190 ML,0,0,12٫71,0,20,0,18,0,16,0,14٫5,0,2024/01/31,,,,,,,,,,,,,,,6224000851705,HONEY & EGG,0,,0,VATIKA,SHAMPO,190 ML,,,57٫36,0,0,,1,نواقص,99999,,12٫71,,2023/01/04,,,,,,,,2022/11/21,,-1,,,,,استاذ / جميل ساويروس,,,,0,36٫45,12٫71,2022/09/05,,12٫71,لا,20,18,16,14٫5,0
1798,VATIKA SHAMPO LEMON & GUARD 190 ML,0,0,12٫71,0,20,0,18,0,16,0,14٫5,0,2023/10/31,,,,,,,,,,,,,,,6291069652000,LEMON & GUARD,0,,0,VATIKA,SHAMPO,190 ML,,,57٫36,0,0,,1,نواقص,99999,,12٫71,,2023/01/10,,,,,,,,2023/10/31,,-1,,,,,استاذ / جميل ساويروس,,,,0,36٫45,12٫71,2022/09/05,,12٫71,لا,20,18,16,14٫5,0
1799,VATIKA SHAMPO OLIVE & HENNA ML190,0,0,12٫71,0,20,0,18,0,16,0,14٫5,0,2023/08/10,,,,,,,,,,,,,,,5022496001946,OLIVE & HENNA,0,,0,VATIKA,SHAMPO,ML190,,,57٫36,0,0,,1,نواقص,99999,,12٫71,,2023/01/04,,,,,,,,2023/08/10,,-1,,,,,استاذ / جميل ساويروس,,,,0,36٫45,12٫71,2022/09/05,,12٫71,لا,20,18,16,14٫5,0
1800,VATIKA SHAMPO مشكل 190 مللي,0,0,12٫7,0,20,0,18,0,16,0,14,0,2022/11/21,,,,,,,,,,,,,,,084004,مشكل,0,,0,VATIKA,SHAMPO,190 مللي,,,57٫48,0,0,,1,---,99999,,12٫7,,,,,,,,,,2022/11/21,,-1,,,,,استاذ / جميل ساويروس,,,,0,36٫5,12٫7,2022/09/05,,12٫7,لا,20,18,16,14,0
1801,VATIKA STYLING HAIR CREAM CACTUS & OLIVE 70 ML,0,0,7٫66,0,11,0,10,0,9,0,8٫25,0,2023/01/10,,,,,,,,,,,,,,,6291069655100,CACTUS & OLIVE,0,,0,VATIKA,STYLING HAIR CREAM,70 ML,,,43٫6,0,0,,1,نواقص,99999,,7٫66,,2023/01/10,,,,,,,,2023/01/10,,-1,,,,,استاذ / جميل ساويروس,,,,0,30٫36,7٫66,2022/09/05,,7٫66,لا,11,10,9,8٫25,0
1802,VATIKA STYLING HAIR CREAM CACTUS & OLIVE 140 ML,0,0,14٫27,0,20,0,18,0,17,0,15,0,2024/01/31,,,,,,,,,,,,,,,6291069655117,CACTUS & OLIVE,0,,0,VATIKA,STYLING HAIR CREAM,140 ML,,,40٫15,0,0,,1,---,99999,,14٫27,,,,,,,,,,2022/10/01,,-1,,,,,استاذ / جميل ساويروس,,,,0,28٫65,14٫27,2022/09/05,,14٫27,لا,20,18,17,15,0
1803,"VATIKA STYLING HAIR CREAM HENNA,ALMOND & ALOE 70 ML",0,0,7٫66,0,11,0,10,0,9,0,8٫25,0,2023/01/10,,,,,,,,,,,,,,,6291069654509,"HENNA,ALMOND & ALOE",0,,0,VATIKA,STYLING HAIR CREAM,70 ML,,,43٫6,0,0,,1,نواقص,99999,,7٫66,,2023/01/10,,,,,,,,2023/01/10,,-1,,,,,استاذ / جميل ساويروس,,,,0,30٫36,7٫66,2022/09/05,,7٫66,لا,11,10,9,8٫25,0
1804,VATIKA بديل زيت ثوم,0,0,54,0,75,0,70,0,65,0,60,0,2026/05/13,,,,,,,,,,,,,,,6224007939703,ثوم,0,,0,VATIKA,بديل زيت,,,,38٫89,0,0,,1,نواقص,99999,,54,,2026/05/13,,,,,,,,2026/05/13,,-1,,,,,اسحق انور,,,,0,28,54,2024/04/15,,54,لا,75,70,65,60,0
1805,VATIKA بلسم 400 مللي,0,0,23٫33,0,35,0,32,0,28,0,26٫5,0,2024/01/31,,,,,,,,,,,,,,,084003,,0,,0,VATIKA,بلسم 400 مللي,,,,50٫02,0,0,,1,---,99999,,23٫33,,,,,,,,,,,,-1,,,,,استاذ / جميل ساويروس,,,,0,33٫34,23٫33,2022/09/05,,23٫33,لا,35,32,28,26٫5,0
1806,VATIKA حمام 1/4 كيلو مشكل,0,0,11٫53,0,20,0,17,0,15,0,13٫5,0,2023/01/12,,,,,,,,,,,,,,,084002,مشكل,0,,0,VATIKA,حمام 1/4 كيلو,,,,73٫46,0,0,,1,نواقص,99999,,11٫53,,2023/01/12,,,,,,,,2023/01/12,,-1,,,,,استاذ / جميل ساويروس,,,,0,42٫35,11٫53,2022/09/05,,11٫53,لا,20,17,15,13٫5,0
1807,VATIKA حمام كيلو مشكل,0,0,35٫58,0,50,0,45,0,42,0,38,0,2024/01/31,,,,,,,,,,,,,,,084001,مشكل,0,,0,VATIKA,حمام كيلو,,,,40٫52,0,0,,1,نواقص,99999,,35٫58,,2023/10/12,,,,,,,,2023/07/02,,-1,,,,,استاذ / جميل ساويروس,,,,0,28٫83,35٫58,2022/09/05,,35٫58,لا,50,45,42,38,0
39,إجمالي -   VATIKA,0,0,0,0,0,0,0,0,0,0,0,0,,0,0,0,0,0,0,0,0,0,0,0,0,0,0,,,0,0,0,,,,,,0,0,,,,,,,0,,,,,0,0,0,0,0,,,,,,,,,,,,,,0,,,0,,0,0,0,0,
,,,,,,,,,,,,,,,,,,,,,,,,,,,,,,,,,,,,,,,,,,,,,,,,,,,,,,,,,,,,,,,,,,,,,,,,,,,,,,,
,VEBIX,,,,,,,,,,,,,,,,,,,,,,,,,,,,,,,,,VEBIX,,,,,,,,,,,,,,,,,,,,,,,,,,,,,,,,,,,,,,,,,,,,,
1808,VEBIX ROLL ON BLUE ACTIVE,0,0,28,0,40,0,37,0,34,0,31,0,2025/03/18,,,,,,,,,,,,,,,6223004682292,BLUE ACTIVE,0,,0,VEBIX,ROLL ON,,,,42٫86,0,0,,1,نواقص,99999,,28,,2025/03/18,,,,,,,,2025/03/18,,-1,,,,,اسحق انور,,,,0,30,28,2024/04/15,,28,لا,40,37,34,31,0
1809,VEBIX ROLL ON SOFT POWDER,0,0,28,0,40,0,37,0,34,0,31,0,2025/03/15,,,,,,,,,,,,,,,6223004683374,SOFT POWDER,0,,0,VEBIX,ROLL ON,,,,42٫86,0,0,,1,نواقص,99999,,28,,2025/03/18,,,,,,,,2025/03/15,,-1,,,,,اسحق انور,,,,0,30,28,2024/04/15,,28,لا,40,37,34,31,0
2,إجمالي -   VEBIX,0,0,0,0,0,0,0,0,0,0,0,0,,0,0,0,0,0,0,0,0,0,0,0,0,0,0,,,0,0,0,,,,,,0,0,,,,,,,0,,,,,0,0,0,0,0,,,,,,,,,,,,,,0,,,0,,0,0,0,0,
,,,,,,,,,,,,,,,,,,,,,,,,,,,,,,,,,,,,,,,,,,,,,,,,,,,,,,,,,,,,,,,,,,,,,,,,,,,,,,,
,Violet,,,,,,,,,,,,,,,,,,,,,,,,,,,,,,,,,Violet,,,,,,,,,,,,,,,,,,,,,,,,,,,,,,,,,,,,,,,,,,,,,
1810,Violet Showergel,0,0,18,0,30,0,25,0,22,0,18٫5,0,2024/01/31,,,,,,,,,,,,,,,021001,,0,,0,Violet,Showergel,,,,66٫67,0,0,,1,---,99999,,18,,,,,,,,,,,,-1,,,,,رصيد اول المده,,,,0,40,18,2021/09/02,,18,لا,30,25,22,18٫5,0
1811,Violet Showergel 900ml,0,0,0,0,50,0,45,0,40,0,35,0,,,,,,,,,,,,,,,,021003,900ml,0,,0,Violet,Showergel,,,,,0,0,منتجات العنايه الشخصيه,1,---,99999,\us\134\pid\398\f132551026107249482120.png,0,,,,,,,,,,,,-45,2021/01/30,10,#ROYALELCHIM ,"SHOWERGEL,VIOLET,HAIR,شعر,شاور جل,عنايه,سائل استحمام",,,,,0,,0,,VIOLET SHOWERGEL 900ML,0,لا,50,45,40,35,11
1812,Violet Showergel INTO THE NIGHT 900ML,0,0,28,0,50,0,45,0,40,0,35,0,2024/01/31,,,,,,,,,,,,,,,021009,,0,,0,Violet,Showergel INTO THE NIGHT 900ML,,,,78٫57,0,0,,1,---,99999,,28,,,,,,,,,,,,-1,,,,,رصيد اول المده,,,,0,44,28,2021/08/28,,28,لا,50,45,40,35,0
1813,Violet Showergel MOON LIGHT 900ML,0,0,28,0,50,0,45,0,40,0,35,0,2024/01/31,,,,,,,,,,,,,,,021007,,0,,0,Violet,Showergel MOON LIGHT 900ML,,,,78٫57,0,0,,1,---,99999,,28,,,,,,,,,,,,-1,,,,,رصيد اول المده,,,,0,44,28,2021/08/28,,28,لا,50,45,40,35,0
1814,Violet Showergel PINK LOVE 900ML,0,0,28,0,50,0,45,0,40,0,35,0,2024/01/31,,,,,,,,,,,,,,,021008,,0,,0,Violet,Showergel PINK LOVE 900ML,,,,78٫57,0,0,,1,---,99999,,28,,,,,,,,,,,,-1,,,,,رصيد اول المده,,,,0,44,28,2021/08/28,,28,لا,50,45,40,35,0
1815,Violet مخمريه 50 مللي الوان,0,0,9٫86,0,20,0,17,0,14,0,11٫5,0,2022/08/23,,,,,,,,,,,,,,,021002,,0,,0,Violet,مخمريه 50 مللي الوان,,,,102٫9,0,0,منتجات العنايه الشخصيه,1,---,99999,\us\134\pid\397\f132585648883580789577.png,9٫5,,,,,,,,,,2022/01/15,,-11,2021/04/01,10,#ROYALELCHIM ,مخمريه 50 مللي الوان Violet,رصيد اول المده,,,,0,50٫71,9٫5,2021/08/29,مخمريه 50 مللي الوان Violet,9٫86,لا,20,17,14,11٫5,2
1816,Violet معطر جو 425 ملي فريز,0,0,18,0,30,0,27,0,25,0,20,0,2024/01/31,,,,,,,,,,,,,,,021004,فريز,0,,0,Violet,معطر جو 425 ملي,,,,66٫67,0,0,عطور,1,---,99999,\us\134\pid\399\f132582275647773244211.png,18,,,,,,,,,,,,-18,2020/04/01,10,#SPRAY ,"EMPER,معطر,جو 425,ملي,فريز,انواع",رصيد اول المده,,,,0,40,18,2021/08/28,معطر جو 425 ملي فريز انواع,18,لا,30,27,25,20,2
7,إجمالي -   Violet,0,0,0,0,0,0,0,0,0,0,0,0,,0,0,0,0,0,0,0,0,0,0,0,0,0,0,,,0,0,0,,,,,,0,0,,,,,,,0,,,,,0,0,0,0,0,,,,,,,,,,,,,,0,,,0,,0,0,0,0,
,,,,,,,,,,,,,,,,,,,,,,,,,,,,,,,,,,,,,,,,,,,,,,,,,,,,,,,,,,,,,,,,,,,,,,,,,,,,,,,
,اجهزه وعده,,,,,,,,,,,,,,,,,,,,,,,,,,,,,,,,,اجهزه وعده,,,,,,,,,,,,,,,,,,,,,,,,,,,,,,,,,,,,,,,,,,,,,
1817,اجهزه وعده 5STAR HIGH PWER,0,0,245,0,450,0,350,0,300,0,250,0,2023/02/23,,,,,,,,,,,,,,,005016,,0,,0,اجهزه وعده,5STAR HIGH PWER,,,,83٫67,0,0,,1,نواقص,99999,,245,,2021/07/14,,,,,,,,2023/02/23,,-1,,,,,رويال/ادره المخازن,,,,0,45٫56,245,2021/12/18,55TAR HIGH PWER,245,لا,450,350,300,250,0
1818,اجهزه وعده Abaza Straighter King 2024,0,0,1200,0,1650,0,1600,0,1550,0,1500,0,2025/06/02,,,,,,,,,,,,,,,005159,King 2024,0,,0,اجهزه وعده,Abaza Straighter,,,,37٫5,0,0,,1,نواقص,99999,,1200,,2025/06/02,,,,,,,,2025/06/02,,-1,,,,,ميخائيل نجع حمادي,,,,0,27٫27,1200,2025/01/12,,1200,لا,1650,1600,1550,1500,0
1819,اجهزه وعده AKTIZ TORNADO,0,0,1400,0,2450,0,2250,0,2000,0,1800,0,2024/01/18,,,,,,,,,,,,,,,005150,,0,,0,اجهزه وعده,AKTIZ TORNADO,,,,75,0,0,,1,نواقص,99999,,1400,,2024/01/19,,,,,,,,2024/01/18,,-1,,,,,معرض الوكيل للتجاره,,,,0,42٫86,1400,2023/12/28,,1400,لا,2450,2250,2000,1800,0
1820,اجهزه وعده BA 240,0,0,190,0,385,0,350,0,300,0,250,0,2022/02/04,,,,,,,,,,,,,,,8032953532408,,0,,0,اجهزه وعده,BA 240,,,,102٫63,0,0,,1,نواقص,99999,,190,,2022/02/09,,,,,,,,2022/02/04,,-1,,,,,ميخائيل نجع حمادي,,,,0,50٫65,190,2021/05/13,,190,لا,385,350,300,250,0
1821,اجهزه وعده BA 302,0,0,195,0,385,0,360,0,300,0,280,0,2022/01/21,,,,,,,,,,,,,,,6920200716034,,0,,0,اجهزه وعده,BA 302,,,,97٫44,0,0,,1,نواقص,99999,,195,,2022/01/20,,,,,,,,2022/01/21,,-1,,,,,ميخائيل نجع حمادي,,,,0,49٫35,195,2021/05/13,,195,لا,385,360,300,280,0
1822,اجهزه وعده Barbieliss Ba--256,0,0,0,0,400,0,350,0,300,0,250,0,,,,,,,,,,,,,,,,6580000000087,,0,,0,اجهزه وعده,Barbieliss Ba--256,,,,,0,0,اجهزه والكترونيات,1,---,99999,\us\134\pid\545\f132578009884220028093.png,0,,,,,,,,,,,,-1,2021/04/01,20,#ROYALELCHIM ,"BARDIELISS,BA--256",,,,,0,,0,,BARDIELISS BA--256,0,لا,400,350,300,250,3
1823,اجهزه وعده Barbieliss Ba--299,0,0,351٫55,0,700,0,550,0,450,0,400,0,2026/04/06,,,,,,,,,,,,,,,4500358842995,,0,,0,اجهزه وعده,Barbieliss Ba--299,,,,99٫12,0,0,اجهزه والكترونيات,1,نواقص,99999,\us\134\pid\2576\f132885617400150330135.png,350,,2024/02/08,,,,,,,,2026/04/06,Online,1,,10,#ROYALELCHIM ,,شركه النور / عبد الهادي,,,,0,49٫78,351٫55,2022/01/25,,351٫55,لا,700,550,450,400,3
1824,اجهزه وعده Barbieliss Ba-256,0,0,210,0,385,0,325,0,275,0,235,0,2022/03/18,,,,,,,,,,,,,,,6580000000025,,0,,0,اجهزه وعده,Barbieliss Ba-256,,,,83٫33,0,0,اجهزه والكترونيات,1,نواقص,99999,\us\134\pid\544\f132577991228206994083.png,210,,2021/07/14,,,,,,,,2022/03/18,Online,0,2021/04/01,20,#ROYALELCHIM ,"BARDIELISS,BA-256",رويال/ادره المخازن,,,,0,45٫45,210,2022/02/04,BARDIELISS BA-256,210,لا,385,325,275,235,3
1825,اجهزه وعده Barbieliss Ba-270,0,0,290,0,550,0,450,0,400,0,325,0,2026/03/04,,,,,,,,,,,,,,,6580000002708,,0,,0,اجهزه وعده,Barbieliss Ba-270,,,,89٫66,0,0,اجهزه والكترونيات,1,نواقص,99999,\us\134\pid\547\f132577994738853640088.png,290,,2026/03/04,,,,,,,,2026/03/04,Online,0,,10,#ROYALELCHIM ,"العنايه,بالشعرBARBIELISS BA-270",رصيد اول المده,,,,0,47٫27,290,2021/08/26,BARBIELISS BA-270,290,لا,550,450,400,325,3
1826,اجهزه وعده Barbieliss Ba-286,0,0,290,0,550,0,450,0,400,0,350,0,2025/10/01,,,,,,,,,,,,,,,6802008532866,,0,,0,اجهزه وعده,Barbieliss Ba-286,,,,89٫66,0,0,اجهزه والكترونيات,1,نواقص,99999,\us\134\pid\2859\f132915912720280772162.png,290,,2025/10/01,,,,,,,,2025/10/01,Online,1,,10,#ROYALELCHIM ,,شركه النور / عبد الهادي,,,,0,47٫27,290,2022/02/23,,290,لا,550,450,400,350,1
1827,اجهزه وعده BARBILISS مكوه ميني,0,0,34٫75,0,60,0,55,0,50,0,45,0,2024/12/19,,,,,,,,,,,,,,,6970610798885,مكوه ميني,0,,0,اجهزه وعده,BARBILISS,,,,72٫66,0,0,,1,نواقص,99999,,39,,2023/09/20,,,,,,,,2023/09/20,,-1,,,,,ميخائيل نجع حمادي,,,,0,42٫08,39,2023/06/25,,34٫75,لا,60,55,50,45,0
1828,اجهزه وعده BLUE MAGIC NANO HAIR CARE,0,0,557٫85,0,1100,0,1000,0,900,0,800,0,2024/12/19,,,,,,,,,,,,,,,005014,,0,,0,اجهزه وعده,BLUE MAGIC NANO HAIR CARE,,,,97٫19,0,0,اجهزه والكترونيات,1,نواقص,99999,\us\134\pid\225\f132815491150415402078.png,600,,2021/10/20,,,,,,,,2023/06/22,Online,0,,10,#ROYALELCHIM ,"بخار,شعر,STEAM,HAIR,BLUE,MAGIC,ELCTRIC ,اجهزه كهربائيه",معرض الوكيل للتجاره,,,,0,49٫29,600,2023/03/01,BLUE MAGIC,557٫85,لا,1100,1000,900,800,4
1829,اجهزه وعده BLUE RAY ANION,0,0,400,0,750,0,650,0,600,0,550,0,2022/07/25,,,,,,,,,,,,,,,005076,,0,,0,اجهزه وعده,BLUE RAY ANION,,,,87٫5,0,0,,1,نواقص,99999,,400,,2022/07/25,,,,,,,,2022/07/25,,-1,,,,,شركه النور / عبد الهادي,,,,0,46٫67,400,2021/12/18,,400,لا,750,650,600,550,0
1830,اجهزه وعده BRAUN SILK.EPIL4IN1صبايا,0,0,0,0,575,0,500,0,450,0,375,0,,,,,,,,,,,,,,,,4210201611998,,0,,0,اجهزه وعده,BRAUN SILK.EPIL4IN1صبايا,,,,,0,0,اجهزه والكترونيات,1,نواقص,99999,\us\134\pid\568\f132569431236949629053.png,0,,2021/07/14,,,,,,,,,Online,0,2021/04/01,30,#ROYALELCHIM ,"BBAUN,SILK.EPIL4IN1صبايا",,,,,0,,0,,BRAUN SILK.EPIL4IN1,0,لا,575,500,450,375,2
1831,اجهزه وعده BROWNS BS-3066,0,0,335,0,550,0,475,0,425,0,365,0,2025/09/06,,,,,,,,,,,,,,,6955549330665,,0,,0,اجهزه وعده,BROWNS BS-3066,,,,64٫18,0,0,اجهزه والكترونيات,1,نواقص,99999,\us\134\pid\567\f132570129611892583008.png,335,,2023/05/08,,,,,,,,2025/09/06,Online,1,2024/01/01,30,#ROYALELCHIM ,"BROWNS,BS-3066",رويال/ادره المخازن,,,,0,39٫09,335,2022/02/05,BROWNS BS-3066,335,لا,550,475,425,365,4
1832,اجهزه وعده BROWNS BS-3068,0,0,520,0,850,0,800,0,750,0,700,0,2026/05/04,,,,,,,,,,,,,,,6955549330689,,0,,0,اجهزه وعده,BROWNS BS-3068,,,,63٫46,0,0,اجهزه والكترونيات,1,نواقص,99999,\us\134\pid\569\f132570234379238656036.png,520,,2026/05/04,,,,,,,,2026/05/04,Online,1,2024/02/01,5,#ROYALELCHIM ,"BROWNS,BS-3068",ميخائيل نجع حمادي,,,,0,38٫82,520,2026/03/03,BROWNS BS-3068,520,لا,850,800,750,700,3
1833,اجهزه وعده BROWNS BS-903,0,0,641٫65,0,875,0,825,0,750,0,725,0,2024/04/23,,,,,,,,,,,,,,,6955549309036,,0,,0,اجهزه وعده,BROWNS BS-903,,,,36٫37,0,0,اجهزه والكترونيات,1,نواقص,99999,\us\134\pid\566\f132570181552636572017.png,640,,2024/04/23,,,,,,,,2024/04/23,Online,0,2021/04/01,30,#ROYALELCHIM ,"BROWNS,BS-903",ميخائيل,,,,0,26٫67,641٫65,2024/02/18,BROWNS BS-903,641٫65,لا,875,825,750,725,3
1834,اجهزه وعده Ceramic Slim Straightener Mp-388,0,0,55,0,80,0,75,0,70,0,60,0,2022/10/27,,,,,,,,,,,,,,,005022,,0,,0,اجهزه وعده,Ceramic Slim Straightener Mp-388,,,,45٫45,0,0,اجهزه والكترونيات,1,نواقص,99999,\us\134\pid\542\f132570243651884587037.png,55,,2022/06/18,,,,,,,,2022/10/27,Online,0,2021/04/01,20,#ROYALELCHIM ,"CERAMIC,SLIM,STRAIGHTENER,MP-388",رويال/ادره المخازن,,,,0,31٫25,55,2022/02/04,CERAMIC SLIM STRAIGHTENER MP-388,55,لا,80,75,70,60,3
1835,اجهزه وعده CLEANER BEAUTIFUL SUIT ENZO,0,0,215,0,375,0,325,0,275,0,240,0,2024/12/19,,,,,,,,,,,,,,,6971312404395,ENZO,0,,0,اجهزه وعده,CLEANER BEAUTIFUL SUIT,,,,74٫42,0,0,,1,نواقص,99999,,215,,2023/10/13,,,,,,,,2022/06/14,,-1,,,,,شركه النور / عبد الهادي,,,,0,42٫67,215,2021/12/18,,215,لا,375,325,275,240,0
1836,اجهزه وعده CR-M66 11IN1,0,0,0,0,600,0,530,0,430,0,330,0,,,,,,,,,,,,,,,,6972879980063,,0,,0,اجهزه وعده,CR-M66 11IN1,,,,,0,0,,1,نواقص,99999,,0,,2021/07/14,,,,,,,,,,-1,,,,,,,,,0,,0,,,0,لا,600,530,430,330,0
1837,اجهزه وعده CRONIER 32,0,0,166٫43,0,275,0,250,0,225,0,200,0,2023/04/12,,,,,,,,,,,,,,,005145,32,0,,0,اجهزه وعده,CRONIER,,,,65٫24,0,0,,1,---,99999,,155,,,,,,,,,,2023/04/12,,-1,,,,,شركه النور / الحج عبد الهادي,,,,0,39٫48,166٫43,2023/02/25,,166٫43,لا,275,250,225,200,0
1838,اجهزه وعده CRONIER 43,0,0,295٫27,0,475,0,400,0,350,0,325,0,2023/04/22,,,,,,,,,,,,,,,6972879982326,43,0,,0,اجهزه وعده,CRONIER,,,,60٫87,0,0,,1,---,99999,,275,,,,,,,,,,2023/04/22,,-1,,,,,شركه النور / الحج عبد الهادي,,,,0,37٫84,295٫27,2023/02/25,,295٫27,لا,475,400,350,325,0
1839,اجهزه وعده CRONIER 116,0,0,300٫64,0,550,0,450,0,400,0,350,0,2023/03/28,,,,,,,,,,,,,,,6972879982005,116,0,,0,اجهزه وعده,CRONIER,,,,82٫94,0,0,,1,---,99999,,280,,,,,,,,,,2023/03/28,,-1,,,,,شركه النور / الحج عبد الهادي,,,,0,45٫34,300٫64,2023/02/25,,300٫64,لا,550,450,400,350,0
1840,اجهزه وعده CRONIER 6600,0,0,320,0,650,0,550,0,450,0,375,0,2022/09/10,,,,,,,,,,,,,,,6985214786084,6600,0,,0,اجهزه وعده,CRONIER,,,,103٫13,0,0,,1,نواقص,99999,,320,,2022/04/16,,,,,,,,2022/09/10,,-1,,,,,شركه النور / عبد الهادي,,,,0,50٫77,320,2022/02/25,,320,لا,650,550,450,375,0
1841,اجهزه وعده CRONIER CR 8210,0,0,490,0,900,0,800,0,750,0,700,0,2026/01/12,,,,,,,,,,,,,,,6972879982104,CR 8210,0,,0,اجهزه وعده,CRONIER,,,,83٫67,0,0,,1,نواقص,99999,,490,,2026/01/12,,,,,,,,2026/01/12,,-1,,,,,ميخائيل نجع حمادي,,,,0,45٫56,490,2025/09/23,,490,لا,900,800,750,700,0
1842,اجهزه وعده CRONIER Cr-812,0,0,135,0,275,0,250,0,200,0,150,0,2023/09/19,,,,,,,,,,,,,,,005089,Cr-812,0,,0,اجهزه وعده,CRONIER,,,,103٫7,0,0,,1,نواقص,99999,,135,,2023/09/08,,,,,,,,2023/09/19,,-1,,,,,رويال/ادره المخازن,,,,0,50٫91,135,2022/02/11,,135,لا,275,250,200,150,0
1843,اجهزه وعده CRONIER Cr-839,0,0,368٫72,0,525,0,475,0,450,0,400,0,2024/04/08,,,,,,,,,,,,,,,6972879982463,Cr-839,0,,0,اجهزه وعده,CRONIER,,,,42٫38,0,0,,1,نواقص,99999,,350,,2024/04/08,,,,,,,,2024/04/08,,-1,,,,,شركه النور / الحج عبد الهادي,,,,0,29٫77,350,2024/01/21,,368٫72,لا,525,475,450,400,0
1844,اجهزه وعده CRONIER Cr-9250,0,0,220,0,440,0,380,0,350,0,250,0,2024/12/19,,,,,,,,,,,,,,,6985214792504,Cr-9250,0,,0,اجهزه وعده,CRONIER,,,,100,0,0,اجهزه والكترونيات,1,نواقص,99999,\us\134\pid\2854\f132912343100098472327.png,220,,2023/01/29,,,,,,,,2023/01/29,Online,0,,10,#ROYALELCHIM ,,شركه النور / عبد الهادي,,,,0,50,220,2022/09/21,,220,لا,440,380,350,250,4
1845,اجهزه وعده CRONIER CR-954,0,0,425,0,650,0,600,0,550,0,500,0,2024/07/03,,,,,,,,,,,,,,,6985214709540,CR-954,0,,0,اجهزه وعده,CRONIER,,,,52٫94,0,0,اجهزه والكترونيات,1,نواقص,99999,\us\134\pid\2603\f132878706789268099357.png,425,,2024/07/03,,,,,,,,2024/07/03,Online,0,,10,#ROYALELCHIM ,,ميخائيل نجع حمادي,,,,0,34٫62,425,2024/05/21,,425,لا,650,600,550,500,3
1846,اجهزه وعده CRONIER CR-961,0,0,200٫89,0,400,0,350,0,300,0,250,0,2024/01/05,,,,,,,,,,,,,,,6972879980889,CR-961,0,,0,اجهزه وعده,CRONIER,,,,99٫12,0,0,اجهزه والكترونيات,1,نواقص,99999,\us\134\pid\2605\f132878718075055424113.png,200,,2024/01/05,,,,,,,,2024/01/05,Online,0,2024/02/01,10,#ROYALELCHIM ,,شركه النور / عبد الهادي,,,,0,49٫78,200٫89,2022/01/25,,200٫89,لا,400,350,300,250,3
1847,اجهزه وعده CRONIER HAIR CLIPPER CR-23,0,0,190,0,280,0,250,0,230,0,210,0,2021/12/18,,,,,,,,,,,,,,,6972879980568,HAIR CLIPPER,0,,0,اجهزه وعده,CRONIER,CR-23,,,47٫37,0,0,,1,---,99999,,190,,,,,,,,,,2021/12/18,,-1,,,,,شريف محمود / مستورد,,,,0,32٫14,190,2021/10/26,,190,لا,280,250,230,210,0
1848,اجهزه وعده CRONIER HAIR CLIPPER CR-41,0,0,220٫98,0,450,0,350,0,320,0,170,0,2022/03/19,,,,,,,,,,,,,,,6972879981787,HAIR CLIPPER,0,,0,اجهزه وعده,CRONIER,CR-41,,,103٫64,0,0,اجهزه والكترونيات,1,---,99999,\us\134\pid\2592\f132884747685205904158.png,220,,,,,,,,,,2022/03/19,Online,0,,10,#ROYALELCHIM ,,شركه النور / عبد الهادي,,,,0,50٫89,220٫98,2022/01/25,,220٫98,لا,450,350,320,170,5
1849,اجهزه وعده DIAMOND PEELING 17,0,0,380,0,750,0,600,0,500,0,460,0,2024/12/19,,,,,,,,,,,,,,,005068,17,0,,0,اجهزه وعده,DIAMOND PEELING,,,,97٫37,0,0,,1,نواقص,99999,,380,,2022/06/18,,,,,,,,,,-1,,,,,رويال / اداره المخازن الاقصر,,,,0,49٫33,380,2022/02/24,,380,لا,750,600,500,460,0
1850,اجهزه وعده Dinglilg Bread Trimmer,0,0,80,0,135,0,120,0,110,0,95,0,2021/12/14,,,,,,,,,,,,,,,6921522710717,Bread Trimmer,0,,0,اجهزه وعده,Dinglilg,,,,68٫75,0,0,,1,نواقص,99999,,80,,2021/12/14,,,,,,,,2021/12/14,,-1,,,,,رويال / اداره المخازن الاقصر,,,,0,40٫74,80,2021/05/09,,80,لا,135,120,110,95,0
1851,اجهزه وعده DR.PEN ULTIMA,0,0,1155,0,1500,0,1450,0,1400,0,1300,0,2024/02/09,,,,,,,,,,,,,,,005046,ULTIMA,0,,0,اجهزه وعده,DR.PEN,,,,29٫87,0,0,,1,نواقص,99999,,1155,,2024/02/09,,,,,,,,2024/02/09,,-1,,,,,سعيد سالم,,,,0,23,1155,2021/10/26,,1155,لا,1500,1450,1400,1300,0
1852,اجهزه وعده DSP 70118,0,0,90,0,175,0,150,0,135,0,115,0,2026/03/16,,,,,,,,,,,,,,,6971324569297,,0,,0,اجهزه وعده,DSP 70118,,,,94٫44,0,0,اجهزه والكترونيات,1,نواقص,99999,\us\134\pid\2868\f132918475183424120128.png,90,,2026/03/16,,,,,,,,2026/03/16,Online,1,,10,#ROYALELCHIM ,,شركه النور / عبد الهادي,,,,0,48٫57,90,2022/02/23,,90,لا,175,150,135,115,3
1853,اجهزه وعده Dual Blade Sestem,0,0,0,0,250,0,230,0,200,0,150,0,,,,,,,,,,,,,,,,8710103545118,,0,,0,اجهزه وعده,Dual Blade Sestem,,,,,0,0,,1,نواقص,99999,,0,,2021/07/14,,,,,,,,,,-1,,,,,,,,,0,,0,,,0,لا,250,230,200,150,0
1854,اجهزه وعده ELCTRIC IONICHAIR YB-6991,0,0,100,0,210,0,175,0,145,0,115,0,2022/12/24,,,,,,,,,,,,,,,6926504188959,,0,,0,اجهزه وعده,ELCTRIC IONICHAIR YB-6991,,,,110,0,0,,1,نواقص,99999,,100,,2022/12/26,,,,,,,,2022/12/24,,-1,,,,,رويال/ادره المخازن,,,,0,52٫38,100,2022/02/04,,100,لا,210,175,145,115,0
1855,اجهزه وعده ELECTRIC DRILL MACHINE JMD 202,0,0,550,0,1000,0,800,0,725,0,650,0,2024/12/19,,,,,,,,,,,,,,,005102,JMD 202,0,,0,اجهزه وعده,ELECTRIC DRILL MACHINE,,,,81٫82,0,0,,1,---,99999,,550,,,,,,,,,,2022/11/08,,-1,,,,,شركه النور / عبد الهادي,,,,0,45,550,2022/02/23,,550,لا,1000,800,725,650,0
1856,اجهزه وعده ELECTRIC NAIL DRILL 304,0,0,650,0,1250,0,1000,0,800,0,750,0,2022/11/17,,,,,,,,,,,,,,,005103,304,0,,0,اجهزه وعده,ELECTRIC NAIL DRILL,,,,92٫31,0,0,,1,نواقص,99999,,650,,2022/11/17,,,,,,,,2022/11/17,,-1,,,,,شركه النور / عبد الهادي,,,,0,48,650,2022/02/23,,650,لا,1250,1000,800,750,0
1857,اجهزه وعده ELECTRONIC SUFFOCATED OILCAP,0,0,55,0,100,0,80,0,70,0,60,0,2024/12/19,,,,,,,,,,,,,,,005026,,0,,0,اجهزه وعده,ELECTRONIC SUFFOCATED OILCAP,,,,81٫82,0,0,اجهزه والكترونيات,1,نواقص,99999,\us\134\pid\560\f132570164775415827010.png,55,,2023/03/01,,,,,,,,2024/11/16,Online,1,,10,#ROYALELCHIM ,"ELECTRONIC,SUFFOCATED,OILCAP",رصيد اول المده,,,,0,45,55,2021/08/01,ELECTRONIC SUFFOCATED OILCAP,55,لا,100,80,70,60,2
1858,اجهزه وعده ENZO 3107,0,0,351٫55,0,700,0,600,0,450,0,400,0,2023/11/08,,,,,,,,,,,,,,,6971312405484,,0,,0,اجهزه وعده,ENZO 3107,,,,99٫12,0,0,اجهزه والكترونيات,1,نواقص,99999,\us\134\pid\2596\f132917617932857998154.png,350,,2023/01/02,,,,,,,,2023/11/08,Online,0,,10,#ROYALELCHIM ,,شركه النور / عبد الهادي,,,,0,49٫78,351٫55,2022/01/25,,351٫55,لا,700,600,450,400,1
1859,اجهزه وعده ENZO 3109,0,0,351٫55,0,700,0,550,0,450,0,400,0,2024/12/19,,,,,,,,,,,,,,,6971312405507,,0,,0,اجهزه وعده,ENZO 3109,,,,99٫12,0,0,اجهزه والكترونيات,1,نواقص,99999,\us\134\pid\2577\f132917616738675544150.png,350,,2022/06/18,,,,,,,,2022/11/03,,1,,10,#ROYALELCHIM ,,شركه النور / عبد الهادي,,,,0,49٫78,351٫55,2022/01/25,,351٫55,لا,700,550,450,400,1
1860,اجهزه وعده ENZO 5187 490F,0,0,404٫64,0,750,0,650,0,550,0,475,0,2021/11/29,,,,,,,,,,,,,,,6971312406450,490F,0,,0,اجهزه وعده,ENZO 5187,,,,85٫35,0,0,,1,نواقص,99999,,400,,2021/10/20,,,,,,,,2021/11/29,,-1,,,,,معرض الوكيل للتجاره,,,,0,46٫05,404٫64,2021/09/13,,404٫64,لا,750,650,550,475,0
1861,اجهزه وعده ENZO 5IN1 EN-010,0,0,440,0,750,0,650,0,550,0,500,0,2025/08/23,,,,,,,,,,,,,,,6971312400892,EN-010,0,,0,اجهزه وعده,ENZO 5IN1,,,,70٫45,0,0,اجهزه والكترونيات,1,نواقص,99999,\us\134\pid\2025\f133795193733438239115.png,440,,2025/08/23,,,,,,,,2025/08/23,Online,1,,,#ROYALELCHIM ,"شفط,دهون",سعيد سالم,,,,0,41٫33,440,2021/10/26,,440,لا,750,650,550,500,4
1862,اجهزه وعده Enzo En-5009,0,0,70,0,150,0,125,0,100,0,80,0,2021/12/18,,,,,,,,,,,,,,,6971312403268,,0,,0,اجهزه وعده,Enzo En-5009,,,,114٫29,0,0,اجهزه والكترونيات,1,نواقص,99999,\us\134\pid\552\f132570188754159013020.png,70,,2021/07/14,,,,,,,,2021/12/18,Online,0,2021/04/01,20,#ROYALELCHIM ,"ENZO,EN-5009",رصيد اول المده,,,,0,53٫33,70,2021/08/01,ENZO EN-5009,70,لا,150,125,100,80,3
1863,اجهزه وعده ENZO-EN-03 SPOT REMOVAL PEN,0,0,630,0,950,0,850,0,750,0,680,0,2024/12/20,,,,,,,,,,,,,,,6971312400489,SPOT REMOVAL PEN,0,,0,اجهزه وعده,ENZO-EN-03,,,,50٫79,0,0,,1,نواقص,99999,,630,,2022/04/16,,,,,,,,2022/04/12,,-1,,,,,سعيد سالم,,,,0,33٫68,630,2021/10/26,,630,لا,950,850,750,680,0
1864,اجهزه وعده ETCHFX 90286,0,0,295,0,500,0,425,0,375,0,335,0,2022/01/27,,,,,,,,,,,,,,,6971324564001,90286,0,,0,اجهزه وعده,ETCHFX,,,,69٫49,0,0,اجهزه والكترونيات,1,---,99999,\us\134\pid\2154\f132816280722836745001.png,295,,,,,,,,,,2022/01/27,Online,0,,10,#ROYALELCHIM ,"ذقن,شعر,حلاقة,ماكينة,قص,احترافى,كوافير",شريف محمود / مستورد,,,,0,41,295,2021/10/26,ETCHFX 90286,295,لا,500,425,375,335,5
1865,اجهزه وعده FACIAL HAIR REMOVER,0,0,90,0,200,0,180,0,150,0,120,0,2024/12/20,,,,,,,,,,,,,,,6971324565855,,0,,0,اجهزه وعده,FACIAL HAIR REMOVER,,,,122٫22,0,0,اجهزه والكترونيات,1,نواقص,99999,\us\134\pid\787\f132917630776831697160.png,90,,2023/06/03,,,,,,,,2023/06/03,Online,1,,10,#ROYALELCHIM ,,شركه النور / عبد الهادي,,,,0,55,90,2022/02/23,,90,لا,200,180,150,120,4
1866,اجهزه وعده FAMILY SAUNA,0,0,1150,0,200,0,1750,0,1500,0,1300,0,2022/08/01,,,,,,,,,,,,,,,005105,,0,,0,اجهزه وعده,FAMILY SAUNA,,,,-82٫61,0,0,,1,نواقص,99999,,1150,,2022/08/01,,,,,,,,2022/08/01,,-1,,,,,شركه النور / عبد الهادي,,,,0,-475,1150,2022/02/25,,1150,لا,200,1750,1500,1300,0
1867,اجهزه وعده FASCIAL GUN FH-320,0,0,230,0,550,0,400,0,350,0,300,0,2022/01/23,,,,,,,,,,,,,,,6958782129874,FH-320,0,,0,اجهزه وعده,FASCIAL GUN,,,,139٫13,0,0,,1,نواقص,99999,,230,,2022/01/24,,,,,,,,2022/01/03,,-1,,,,,شركه النور / عبد الهادي,,,,0,58٫18,230,2021/12/18,,230,لا,550,400,350,300,0
1868,اجهزه وعده FOOTBATH MASSAGE 368,0,0,400,0,750,0,650,0,550,0,500,0,2023/04/14,,,,,,,,,,,,,,,005094,,0,,0,اجهزه وعده,FOOTBATH MASSAGE 368,,,,87٫5,0,0,اجهزه والكترونيات,1,نواقص,99999,\us\134\pid\2863\f133125677983798828112.png,400,,2022/12/27,,,,,,,,2023/04/14,Online,0,,5,#ROYALELCHIM ,,شركه النور / عبد الهادي,,,,0,46٫67,400,2022/02/23,FOOTBATH MASSAGE,400,لا,750,650,550,500,1
1869,اجهزه وعده Forever,0,0,28,0,55,0,50,0,45,0,40,0,2022/04/06,,,,,,,,,,,,,,,005085,,0,,0,اجهزه وعده,Forever,,,,96٫43,0,0,,1,---,99999,,28,,,,,,,,,,2022/04/06,,-1,,,,,رويال/ادره المخازن,,,,0,49٫09,28,2022/02/05,,28,لا,55,50,45,40,0
1870,اجهزه وعده GEEMY 6661,0,0,347٫65,0,575,0,525,0,450,0,400,0,2024/03/15,,,,,,,,,,,,,,,6957952266616,,0,,0,اجهزه وعده,GEEMY 6661,,,,65٫39,0,0,,1,---,99999,,330,,,,,,,,,,2024/03/15,,-1,,,,,شركه النور / الحج عبد الهادي,,,,0,39٫54,330,2024/01/21,,347٫65,لا,575,525,450,400,0
1871,اجهزه وعده GEEMY 6662,0,0,347٫65,0,575,0,525,0,450,0,400,0,2024/03/18,,,,,,,,,,,,,,,6957952266623,,0,,0,اجهزه وعده,GEEMY 6662,,,,65٫39,0,0,,1,---,99999,,330,,,,,,,,,,2024/03/18,,-1,,,,,شركه النور / الحج عبد الهادي,,,,0,39٫54,330,2024/01/21,,347٫65,لا,575,525,450,400,0
1872,اجهزه وعده GEEMY 886,0,0,231٫02,0,450,0,400,0,330,0,280,0,2022/03/25,,,,,,,,,,,,,,,6957952208869,,0,,0,اجهزه وعده,GEEMY 886,,,,94٫79,0,0,,1,---,99999,,230,,,,,,,,,,2022/03/25,,-1,,,,,شركه النور / عبد الهادي,,,,0,48٫66,231٫02,2022/01/25,,231٫02,لا,450,400,330,280,0
1873,اجهزه وعده GOLDEN STAR CAP,0,0,47,0,75,0,70,0,65,0,60,0,2024/12/20,,,,,,,,,,,,,,,0111972,CAP,0,,0,اجهزه وعده,GOLDEN STAR,,,,59٫57,0,0,,1,نواقص,99999,,47,,2022/06/18,,,,,,,,2023/08/13,,-1,,,,,ميخائيل نجع حمادي,,,,0,37٫33,47,2021/11/09,,47,لا,75,70,65,60,0
1874,اجهزه وعده HAIR DRAYER 2217,0,0,0,0,400,0,300,0,235,0,,0,,,,,,,,,,,,,,,,6969696922178,,0,,0,اجهزه وعده,HAIR DRAYER 2217,,,,,0,0,,1,نواقص,99999,,0,,2021/07/14,,,,,,,,,,-1,,,,,,,,,0,,0,,,0,لا,400,300,235,,0
1875,اجهزه وعده HAIR REMOVER RA-6888,0,0,110,0,200,0,185,0,160,0,140,0,2024/12/20,,,,,,,,,,,,,,,6959942706076,,0,,0,اجهزه وعده,HAIR REMOVER RA-6888,,,,81٫82,0,0,اجهزه والكترونيات,1,نواقص,99999,\us\134\pid\558\f132570150600851545007.png,110,,2022/06/18,,,,,,,,,,-2,2021/04/01,20,#ROYALELCHIM ,"HAIR,REMOVER,RA-6888",رويال / اداره المخازن الاقصر,,,,0,45,110,2021/11/24,HAIR REMOVER RA-6888,110,لا,200,185,160,140,3
1876,اجهزه وعده HAIRTEC 947,0,0,301٫33,0,600,0,500,0,400,0,350,0,2024/12/20,,,,,,,,,,,,,,,6957092400550,,0,,0,اجهزه وعده,HAIRTEC 947,,,,99٫12,0,0,اجهزه والكترونيات,1,نواقص,99999,\us\134\pid\2572\f132879548605970325159.png,300,,2023/10/13,,,,,,,,2023/06/22,Online,0,,10,#ROYALELCHIM ,,شركه النور / عبد الهادي,,,,0,49٫78,301٫33,2022/01/25,,301٫33,لا,600,500,400,350,2
1877,اجهزه وعده KANZY ABAZA,0,0,421٫86,0,850,0,750,0,650,0,550,0,2022/10/29,,,,,,,,,,,,,,,005080,,0,,0,اجهزه وعده,KANZY ABAZA,,,,101٫49,0,0,اجهزه والكترونيات,1,نواقص,99999,\us\134\pid\2578\f132884778550828438182.png,420,,2022/04/30,,,,,,,,2022/05/28,Online,0,,10,#ROYALELCHIM ,,شركه النور / عبد الهادي,,,,0,50٫37,421٫86,2022/01/25,,421٫86,لا,850,750,650,550,5
1878,اجهزه وعده KASHO 5200 TURKEY,0,0,606٫96,0,1000,0,850,0,800,0,700,0,2022/12/28,,,,,,,,,,,,,,,8681049017192,TURKEY,0,,0,اجهزه وعده,KASHO 5200,,,,64٫76,0,0,,1,---,99999,,600,,,,,,,,,,2022/12/28,,-1,,,,,معرض الوكيل للتجاره,,,,0,39٫3,606٫96,2021/09/13,,606٫96,لا,1000,850,800,700,0
1879,اجهزه وعده KEMEI 071,0,0,310٫78,0,550,0,500,0,450,0,375,0,2024/03/15,,,,,,,,,,,,,,,6955549300712,,0,,0,اجهزه وعده,KEMEI 071,,,,76٫97,0,0,,1,---,99999,,295,,,,,,,,,,2024/03/15,,-1,,,,,شركه النور / الحج عبد الهادي,,,,0,43٫49,295,2024/01/21,,310٫78,لا,550,500,450,375,0
1880,اجهزه وعده KEMEI 1032 CORDLESS,0,0,231٫02,0,450,0,400,0,300,0,270,0,2023/12/17,,,,,,,,,,,,,,,6955549310322,CORDLESS,0,,0,اجهزه وعده,KEMEI 1032,,,,94٫79,0,0,اجهزه والكترونيات,1,نواقص,99999,\us\134\pid\2565\f132878764870776146166.png,230,,2023/04/19,,,,,,,,2023/04/22,Online,0,,10,#ROYALELCHIM ,,شركه النور / عبد الهادي,,,,0,48٫66,231٫02,2022/09/21,,231٫02,لا,450,400,300,270,5
1881,اجهزه وعده KEMEI 1627,0,0,274٫82,0,500,0,450,0,370,0,330,0,2023/09/08,,,,,,,,,,,,,,,6955549316270,,0,,0,اجهزه وعده,KEMEI 1627,,,,81٫94,0,0,اجهزه والكترونيات,1,نواقص,99999,\us\134\pid\2568\f132879537888213539151.png,270,,2023/01/04,,,,,,,,2023/01/16,,0,,10,#ROYALELCHIM ,,شركه النور / عبد الهادي,,,,0,45٫04,270,2022/09/21,,274٫82,لا,500,450,370,330,4
1882,اجهزه وعده Kemei 1761,0,0,350,0,550,0,500,0,450,0,400,0,2023/02/09,,,,,,,,,,,,,,,005142,,0,,0,اجهزه وعده,Kemei 1761,,,,57٫14,0,0,,1,---,99999,,350,,,,,,,,,,2023/02/09,,-1,,,,,محارب صبرى,,,,0,36٫36,350,2023/02/03,,350,لا,550,500,450,400,0
1883,اجهزه وعده KEMEI 1891 HAIR CLIPPER,0,0,255,0,450,0,400,0,350,0,300,0,2022/01/17,,,,,,,,,,,,,,,6955549318915,HAIR CLIPPER,0,,0,اجهزه وعده,KEMEI 1891,,,,76٫47,0,0,,1,نواقص,99999,,255,,2021/12/25,,,,,,,,2022/01/17,,-1,,,,,شريف محمود / مستورد,,,,0,43٫33,255,2021/10/26,,255,لا,450,400,350,300,0
1884,اجهزه وعده KEMEI 1948,0,0,283٫26,0,600,0,500,0,400,0,350,0,2023/12/17,,,,,,,,,,,,,,,6955549319486,,0,,0,اجهزه وعده,KEMEI 1948,,,,111٫82,0,0,اجهزه والكترونيات,1,نواقص,99999,\us\134\pid\2591\f132879507511320389121.png,280,,2022/06/18,,,,,,,,2022/11/03,,0,,10,#ROYALELCHIM ,,شركه النور / عبد الهادي,,,,0,52٫79,280,2022/02/23,,283٫26,لا,600,500,400,350,3
1885,اجهزه وعده KEMEI 1949 70TH EDITION,0,0,684٫77,0,1000,0,900,0,800,0,750,0,2024/04/29,,,,,,,,,,,,,,,6955549319493,70TH EDITION,0,,0,اجهزه وعده,KEMEI 1949,,,,46٫03,0,0,اجهزه والكترونيات,1,نواقص,99999,\us\134\pid\2160\f132912394804052543356.png,650,,2024/04/29,,,,,,,,2024/04/29,,1,,10,#ROYALELCHIM ,,شركه النور / الحج عبد الهادي,,,,0,31٫52,650,2024/01/21,,684٫77,لا,1000,900,800,750,4
1886,اجهزه وعده KEMEI 1969,0,0,167٫69,0,350,0,300,0,225,0,190,0,2024/12/20,,,,,,,,,,,,,,,6955549319691,,0,,0,اجهزه وعده,KEMEI 1969,,,,108٫71,0,0,اجهزه والكترونيات,1,نواقص,99999,\us\134\pid\2567\f132879517560845780132.png,165,,2023/01/04,,,,,,,,2023/04/22,,1,,10,#ROYALELCHIM ,,شركه النور / عبد الهادي,,,,0,52٫09,165,2022/09/21,,167٫69,لا,350,300,225,190,4
1887,اجهزه وعده KEMEI 1974,0,0,220٫55,0,350,0,330,0,275,0,240,0,2024/06/08,,,,,,,,,,,,,,,6955549319745,,0,,0,اجهزه وعده,KEMEI 1974,,,,58٫7,0,0,اجهزه والكترونيات,1,نواقص,99999,\us\134\pid\1618\f132912430223840136122.png,210,,2022/09/25,,,,,,,,2024/06/08,,1,,10,#ROYALELCHIM ,,معرض الوكيل للتجاره,,,,0,36٫99,210,2023/03/01,,220٫55,لا,350,330,275,240,5
1888,اجهزه وعده Kemei 1975,0,0,175,0,325,0,250,0,225,0,200,0,2024/07/01,,,,,,,,,,,,,,,6955549319752,,0,,0,اجهزه وعده,Kemei 1975,,,,85٫71,0,0,اجهزه والكترونيات,1,نواقص,99999,,175,,2024/02/21,,,,,,,,2024/07/01,,2,,15,#ROYALELCHIM ,,شركه النور / عبد الهادي,,,,0,46٫15,175,2022/09/21,,175,لا,325,250,225,200,0
1889,اجهزه وعده Kemei 1986,0,0,430,0,850,0,700,0,550,0,475,0,2022/04/07,,,,,,,,,,,,,,,6955549319868,,0,,0,اجهزه وعده,Kemei 1986,,,,97٫67,0,0,اجهزه والكترونيات,1,نواقص,99999,\us\134\pid\2844\f132914177720316187127.png,430,,2022/03/22,,,,,,,,2022/04/07,,0,,10,#ROYALELCHIM ,,شركه النور / عبد الهادي,,,,0,49٫41,430,2022/02/23,,430,لا,850,700,550,475,6
1890,اجهزه وعده KEMEI 1987,0,0,392٫94,0,800,0,700,0,550,0,475,0,2023/06/13,,,,,,,,,,,,,,,6955549319875,,0,,0,اجهزه وعده,KEMEI 1987,,,,103٫59,0,0,اجهزه والكترونيات,1,نواقص,99999,\us\134\pid\2602\f132879525554040817141.png,390,,2022/04/16,,,,,,,,2022/06/06,,0,,10,#ROYALELCHIM ,,شركه النور / عبد الهادي,,,,0,50٫88,390,2022/02/23,,392٫94,لا,800,700,550,475,4
1891,اجهزه وعده KEMEI 1997,0,0,401٫77,0,800,0,650,0,500,0,450,0,2023/12/17,,,,,,,,,,,,,,,6955549319974,,0,,0,اجهزه وعده,KEMEI 1997,,,,99٫12,0,0,اجهزه والكترونيات,1,---,99999,\us\134\pid\2595\f132883082495210005195.png,400,,,,,,,,,,2022/03/24,,1,,10,#ROYALELCHIM ,,شركه النور / عبد الهادي,,,,0,49٫78,401٫77,2022/01/25,,401٫77,لا,800,650,500,450,5
1892,اجهزه وعده KEMEI 2*1 انف,0,0,65,0,120,0,100,0,90,0,85,0,2023/12/17,,,,,,,,,,,,,,,6955549366725,انف,0,,0,اجهزه وعده,KEMEI 2*1,,,,84٫62,0,0,اجهزه والكترونيات,1,نواقص,99999,\us\134\pid\2337\f132913228277115235112.png,65,,2022/06/18,,,,,,,,2022/11/25,,1,,10,#ROYALELCHIM ,,شركه النور / عبد الهادي,,,,0,45٫83,65,2022/02/23,,65,لا,120,100,90,85,5
1893,اجهزه وعده KEMEI 2006,0,0,261٫96,0,450,0,400,0,350,0,300,0,2023/10/27,,,,,,,,,,,,,,,6955549320062,,0,,0,اجهزه وعده,KEMEI 2006,,,,71٫78,0,0,,1,نواقص,99999,,260,,2023/10/06,,,,,,,,2023/10/27,,-1,,,,,معرض الوكيل للتجاره,,,,0,41٫79,261٫96,2021/12/11,,261٫96,لا,450,400,350,300,0
1894,اجهزه وعده KEMEI 2027,0,0,288٫15,0,550,0,500,0,400,0,350,0,2024/12/20,,,,,,,,,,,,,,,6955549320277,,0,,0,اجهزه وعده,KEMEI 2027,,,,90٫87,0,0,اجهزه والكترونيات,1,نواقص,99999,\us\134\pid\2579\f132884765468265894173.png,280,,2022/06/18,,,,,,,,2022/04/15,,0,,10,#ROYALELCHIM ,,شركه النور / عبد الهادي,,,,0,47٫61,280,2022/02/23,,288٫15,لا,550,500,400,350,6
1895,اجهزه وعده KEMEI 2028,0,0,790٫12,0,1300,0,1100,0,1000,0,900,0,2024/01/27,,,,,,,,,,,,,,,005153,,0,,0,اجهزه وعده,KEMEI 2028,,,,64٫53,0,0,,1,---,99999,,750,,,,,,,,,,2024/01/27,,-1,,,,,شركه النور / الحج عبد الهادي,,,,0,39٫22,750,2024/01/21,,790٫12,لا,1300,1100,1000,900,0
1896,اجهزه وعده KEMEI 205 3*1,0,0,616٫58,0,850,0,800,0,750,0,700,0,2026/02/19,,,,,,,,,,,,,,,6955549302051,3*1,0,,0,اجهزه وعده,KEMEI 205,,,,37٫86,0,0,,1,نواقص,99999,,615,,2026/02/19,,,,,,,,2026/02/19,,-1,,,,,ميخائيل,,,,0,27٫46,616٫58,2024/02/18,,616٫58,لا,850,800,750,700,0
1897,اجهزه وعده KEMEI 2060 CLIPPER,0,0,195,0,325,0,275,0,240,0,225,0,2022/01/02,,,,,,,,,,,,,,,6955549320604,CLIPPER,0,,0,اجهزه وعده,KEMEI 2060,,,,66٫67,0,0,,1,---,99999,,195,,,,,,,,,,2022/01/02,,-1,,,,,شريف محمود / مستورد,,,,0,40,195,2021/10/26,,195,لا,325,275,240,225,0
1898,اجهزه وعده KEMEI 228,0,0,190,0,300,0,270,0,240,0,220,0,2022/01/27,,,,,,,,,,,,,,,6955549302280,,0,,0,اجهزه وعده,KEMEI 228,,,,57٫89,0,0,,1,نواقص,99999,,190,,2021/12/25,,,,,,,,2022/01/27,,-1,,,,,ميخائيل نجع حمادي,,,,0,36٫67,190,2021/11/09,,190,لا,300,270,240,220,0
1899,اجهزه وعده KEMEI 2600,0,0,272٫13,0,500,0,450,0,350,0,320,0,2023/07/26,,,,,,,,,,,,,,,6955549326002,,0,,0,اجهزه وعده,KEMEI 2600,,,,83٫74,0,0,اجهزة والكترونيات,1,نواقص,99999,\us\134\pid\242\f132540130705219469086.png,265,,2023/04/04,,,,,,,,2023/04/04,,0,,10,#ROYALELCHIM ,"KEMEI ,اجهزه  ,العنايه  ,بالبشره , والكترونيات ,ROYALELCHIM ,لإزالة  ,بالشعر,",شركه النور / عبد الهادي,,,,0,45٫57,266٫17,2022/09/21,KEMEI 2600,272٫13,لا,500,450,350,320,4
1900,اجهزه وعده Kemei 2618,0,0,350,0,650,0,600,0,550,0,450,0,2023/01/16,,,,,,,,,,,,,,,6955549326187,,0,,0,اجهزه وعده,Kemei 2618,,,,85٫71,0,0,,1,---,99999,,350,,,,,,,,,,,,-1,,,,,محارب صبرى,,,,0,46٫15,350,2023/01/14,,350,لا,650,600,550,450,0
1901,اجهزه وعده KEMEI 302B,0,0,192٫5,0,450,0,400,0,370,0,330,0,2025/02/12,,,,,,,,,,,,,,,6920140620217,,0,,0,اجهزه وعده,KEMEI 302B,,,,133٫77,0,0,,1,نواقص,99999,,275,,2023/12/13,,,,,,,,2025/02/12,,-1,,,,,ميخائيل نجع حمادي,,,,0,57٫22,275,2025/01/12,,192٫5,لا,450,400,370,330,0
1902,اجهزه وعده Kemei 4011,0,0,234٫58,0,425,0,400,0,350,0,300,0,2024/12/20,,,,,,,,,,,,,,,6955549340114,,0,,0,اجهزه وعده,Kemei 4011,,,,81٫17,0,0,اجهزه والكترونيات,1,نواقص,99999,\us\134\pid\2843\f132915027708697089129.png,260,,2023/10/13,,,,,,,,2023/04/12,,1,,10,#ROYALELCHIM ,,شركه النور / الحج عبد الهادي,,,,0,44٫8,279٫17,2023/02/25,,234٫58,لا,425,400,350,300,2
1903,اجهزه وعده Kemei 4702,0,0,175,0,375,0,275,0,225,0,210,0,2023/05/06,,,,,,,,,,,,,,,6955549347021,,0,,0,اجهزه وعده,Kemei 4702,,,,114٫29,0,0,,1,نواقص,99999,,175,,2023/05/06,,,,,,,,2023/05/06,,-1,,,,,رويال/ادره المخازن,,,,0,53٫33,175,2022/02/05,,175,لا,375,275,225,210,0
1904,اجهزه وعده KEMEI 5018,0,0,151٫94,0,265,0,225,0,200,0,180,0,2023/04/04,,,,,,,,,,,,,,,005019   6955549350182,,0,,0,اجهزه وعده,KEMEI 5018,,,,74٫42,0,0,,1,نواقص,99999,,154,,2023/01/09,,,,,,,,2023/04/04,,-1,,,,,سعيد سالم,,,,0,42٫67,151٫94,2021/12/11,,151٫94,لا,265,225,200,180,0
1905,اجهزه وعده KEMEI 5021,0,0,153٫33,0,300,0,250,0,230,0,185,0,2022/12/24,,,,,,,,,,,,,,,005018   6955549350212,,0,,0,اجهزه وعده,KEMEI 5021,,,,95٫65,0,0,,1,نواقص,99999,,165,,2022/10/16,,,,,,,,2022/12/24,,-1,,,,,معرض الوكيل للتجاره,,,,0,48٫89,165,2022/10/08,,153٫33,لا,300,250,230,185,0
1906,اجهزه وعده Kemei 600 11*1,0,0,230,0,400,0,380,0,350,0,260,0,2024/12/20,,,,,,,,,,,,,,,6955549306004,11*1,0,,0,اجهزه وعده,Kemei 600,,,,73٫91,0,0,اجهزه والكترونيات,1,نواقص,99999,\us\134\pid\2857\f132915053385115467144.png,230,,2023/05/24,,,,,,,,2023/11/10,,1,,10,#ROYALELCHIM ,,شركه النور / عبد الهادي,,,,0,42٫5,230,2022/09/21,,230,لا,400,380,350,260,4
1907,اجهزه وعده KEMEI 638,0,0,263٫37,0,450,0,400,0,350,0,300,0,2024/04/08,,,,,,,,,,,,,,,6955549306387,,0,,0,اجهزه وعده,KEMEI 638,,,,70٫86,0,0,,1,نواقص,99999,,250,,2024/04/08,,,,,,,,2024/04/08,,-1,,,,,شركه النور / الحج عبد الهادي,,,,0,41٫47,250,2024/01/21,,263٫37,لا,450,400,350,300,0
1908,اجهزه وعده Kemei 6672 3*1,0,0,105,0,185,0,160,0,135,0,115,0,2022/01/31,,,,,,,,,,,,,,,005084,3*1,0,,0,اجهزه وعده,Kemei 6672,,,,76٫19,0,0,,1,---,99999,,105,,,,,,,,,,2022/01/28,,-1,,,,,رويال/ادره المخازن,,,,0,43٫24,105,2022/01/31,,105,لا,185,160,135,115,0
1909,اجهزه وعده KEMEI 690 5IN1,0,0,230,0,475,0,400,0,325,0,275,0,2024/12/20,,,,,,,,,,,,,,,6955549306905,5IN1,0,,0,اجهزه وعده,KEMEI 690,,,,106٫52,0,0,اجهزه والكترونيات,1,نواقص,99999,\us\134\pid\2914\f132915040112150256135.png,230,,2023/05/24,,,,,,,,2023/09/11,,0,,10,#ROYALELCHIM ,,شركه النور / عبد الهادي,,,,0,51٫58,230,2022/09/21,,230,لا,475,400,325,275,5
1910,اجهزه وعده KEMEI 697,0,0,279٫18,0,500,0,450,0,400,0,350,0,2024/04/13,,,,,,,,,,,,,,,6955549306790,,0,,0,اجهزه وعده,KEMEI 697,,,,79٫1,0,0,,1,---,99999,,265,,,,,,,,,,2024/04/13,,-1,,,,,شركه النور / الحج عبد الهادي,,,,0,44٫16,265,2024/01/21,,279٫18,لا,500,450,400,350,0
1911,اجهزه وعده KEMEI 700B,0,0,180,0,300,0,275,0,250,0,220,0,2024/12/20,,,,,,,,,,,,,,,6955549307001,,0,,0,اجهزه وعده,KEMEI 700B,,,,66٫67,0,0,اجهزه والكترونيات,1,نواقص,99999,\us\134\pid\2163\f132914971132952927156.png,180,,2023/10/13,,,,,,,,2023/05/17,,1,,10,#ROYALELCHIM ,,شركه النور / عبد الهادي,,,,0,40,180,2022/02/23,,180,لا,300,275,250,220,7
1912,اجهزه وعده Kemei 700d,0,0,180,0,375,0,300,0,250,0,210,0,2024/12/20,,,,,,,,,,,,,,,005090,,0,,0,اجهزه وعده,Kemei 700d,,,,108٫33,0,0,اجهزه والكترونيات,1,نواقص,99999,\us\134\pid\2849\f132912382567963001349.png,180,,2023/10/13,,,,,,,,2024/09/30,,1,,10,#ROYALELCHIM ,,شركه النور / عبد الهادي,,,,0,52,180,2022/02/23,,180,لا,375,300,250,210,4
1913,اجهزه وعده KEMEI 809A,0,0,437٫14,0,800,0,700,0,650,0,600,0,2024/04/05,,,,,,,,,,,,,,,6955549308091,,0,,0,اجهزه وعده,KEMEI 809A,,,,83٫01,0,0,,1,نواقص,99999,,420,,2024/04/05,,,,,,,,2024/04/05,,-1,,,,,شركه النور / الحج عبد الهادي,,,,0,45٫36,420,2024/01/21,,437٫14,لا,800,700,650,600,0
1914,اجهزه وعده KEMEI 850,0,0,145,0,275,0,225,0,185,0,160,0,2024/12/20,,,,,,,,,,,,,,,6955549308503,,0,,0,اجهزه وعده,KEMEI 850,,,,89٫66,0,0,,1,---,99999,,145,,,,,,,,,,,,-1,,,,,شريف محمود / مستورد,,,,0,47٫27,145,2021/10/26,,145,لا,275,225,185,160,0
1915,اجهزه وعده Kemei 8866,0,0,130,0,25,0,200,0,185,0,155,0,2023/03/14,,,,,,,,,,,,,,,005143,,0,,0,اجهزه وعده,Kemei 8866,,,,-80٫77,0,0,,1,---,99999,,130,,,,,,,,,,2023/03/14,,-1,,,,,ابو هاني,,,,0,-420,130,2023/02/08,,130,لا,25,200,185,155,0
1916,اجهزه وعده KEMEI 9162,0,0,217٫05,0,400,0,350,0,300,0,260,0,2022/02/22,,,,,,,,,,,,,,,6955549391628,,0,,0,اجهزه وعده,KEMEI 9162,,,,84٫29,0,0,,1,---,99999,,220,,,,,,,,,,2022/02/22,,-1,,,,,سعيد سالم,,,,0,45٫74,217٫05,2021/12/11,,217٫05,لا,400,350,300,260,0
1917,اجهزه وعده Kemei 9163,0,0,135,0,270,0,240,0,200,0,150,0,2024/12/20,,,,,,,,,,,,,,,6955549391635,,0,,0,اجهزه وعده,Kemei 9163,,,,100,0,0,اجهزه والكترونيات,1,نواقص,99999,\us\134\pid\2853\f132913243891476662116.png,135,,2022/10/15,,,,,,,,2022/12/15,,0,,10,#ROYALELCHIM ,,شركه النور / عبد الهادي,,,,0,50,135,2022/02/23,,135,لا,270,240,200,150,3
1918,اجهزه وعده KEMEI 9360,0,0,404٫5,0,650,0,600,0,550,0,500,0,2022/04/27,,,,,,,,,,,,,,,6955549393608,,0,,0,اجهزه وعده,KEMEI 9360,,,,60٫69,0,0,,1,---,99999,,410,,,,,,,,,,2022/04/27,,-1,,,,,سعيد سالم,,,,0,37٫77,404٫5,2021/12/11,,404٫5,لا,650,600,550,500,0
1919,اجهزه وعده KEMEI 9371,0,0,210,0,450,0,375,0,300,0,240,0,2022/09/14,,,,,,,,,,,,,,,6955549393714,,0,,0,اجهزه وعده,KEMEI 9371,,,,114٫29,0,0,اجهزه والكترونيات,1,نواقص,99999,\us\134\pid\2913\f132912462966339302140.png,210,,2022/08/02,,,,,,,,2022/09/14,,1,,10,#ROYALELCHIM ,,شركه النور / عبد الهادي,,,,0,53٫33,210,2022/02/25,,210,لا,450,375,300,240,4
1920,اجهزه وعده KEMEI 9688,0,0,70٫31,0,150,0,120,0,100,0,85,0,2023/04/06,,,,,,,,,,,,,,,6955549396883,,0,,0,اجهزه وعده,KEMEI 9688,,,,113٫34,0,0,اجهزه والكترونيات,1,---,99999,\us\134\pid\2583\f132884727578634423134.png,70,,,,,,,,,,2023/04/06,,1,,10,#ROYALELCHIM ,,شركه النور / عبد الهادي,,,,0,53٫13,70٫31,2022/01/25,,70٫31,لا,150,120,100,85,6
1921,اجهزه وعده Kemei KM-1867,0,0,200,0,320,0,275,0,235,0,220,0,2024/12/20,,,,,,,,,,,,,,,6955549318670,,0,,0,اجهزه وعده,Kemei KM-1867,,,,60,0,0,اجهزه والكترونيات,1,---,99999,\us\134\pid\556\f132569387502923468039.png,200,,,,,,,,,,,,-1,2021/04/01,30,#ROYALELCHIM ,KEMEI KM-1867,رصيد اول المده,,,,0,37٫5,200,2021/08/01,KEMEI KM-1867,200,لا,320,275,235,220,4
1922,اجهزه وعده Kemei Km-5015,0,0,250,0,420,0,375,0,325,0,285,0,2024/01/23,,,,,,,,,,,,,,,6955549350151,,0,,0,اجهزه وعده,Kemei Km-5015,,,,68,0,0,,1,نواقص,99999,,250,,2024/01/23,,,,,,,,2024/01/23,,-1,,,,,معرض الوكيل للتجاره,,,,0,40٫48,250,2023/12/28,,250,لا,420,375,325,285,0
1923,اجهزه وعده KEMEI KM-5017,0,0,138,0,250,0,200,0,180,0,140,0,2023/12/26,,,,,,,,,,,,,,,6955549350175,,0,,0,اجهزه وعده,KEMEI KM-5017,,,,81٫16,0,0,اجهزه والكترونيات,1,نواقص,99999,\us\134\pid\232\f132912441595924998128.png,190,,2023/04/05,,,,,,,,2023/07/21,,0,,10,#ROYALELCHIM ,,هاني مسن,,,,0,44٫8,190,2023/03/14,,138,لا,250,200,180,140,3
1924,اجهزه وعده Kemei Km-531,0,0,100,0,190,0,165,0,140,0,110,0,2024/12/20,,,,,,,,,,,,,,,6955549305311,,0,,0,اجهزه وعده,Kemei Km-531,,,,90,0,0,اجهزه والكترونيات,1,نواقص,99999,,100,,2022/01/28,,,,,,,,2022/01/28,,-2,2021/04/01,10,#ROYALELCHIM ,"KERNEI,KM-513",رصيد اول المده,,,,0,47٫37,100,2021/08/01,KEMEI KM-513,100,لا,190,165,140,110,0
1925,اجهزه وعده KEMEI KM-6558,0,0,100,0,210,0,180,0,140,0,120,0,2024/12/20,,,,,,,,,,,,,,,6955549365582,,0,,0,اجهزه وعده,KEMEI KM-6558,,,,110,0,0,اجهزه والكترونيات,1,نواقص,99999,\us\134\pid\564\f132569146800154855010.png,110,,2022/01/03,,,,,,,,2021/12/29,,1,,10,#ROYALELCHIM ,"العنايه,الشعر.",رصيد اول المده,,,,0,52٫38,110,2021/08/01,KEMEI KM-6558,100,لا,210,180,140,120,6
1926,اجهزه وعده Kemi 2010,0,0,300,0,500,0,450,0,400,0,350,0,2022/09/28,,,,,,,,,,,,,,,005124,,0,,0,اجهزه وعده,Kemi 2010,,,,66٫67,0,0,,1,---,99999,,300,,,,,,,,,,2022/09/28,,-1,,,,,Fady مسن,,,,0,40,300,2022/09/28,,300,لا,500,450,400,350,0
1927,اجهزه وعده KM 9623,0,0,185,0,350,0,340,0,300,0,250,0,2022/03/19,,,,,,,,,,,,,,,6955549396227,,0,,0,اجهزه وعده,KM 9623,,,,89٫19,0,0,,1,نواقص,99999,,185,,2022/03/21,,,,,,,,2022/03/19,,-1,,,,,ميخائيل نجع حمادي,,,,0,47٫14,185,2021/05/13,,185,لا,350,340,300,250,0
1928,اجهزه وعده KR S52 مكواة HAIR STRAIGHTER,0,0,175,0,350,0,325,0,275,0,250,0,2022/02/16,,,,,,,,,,,,,,,6926599006077,HAIR STRAIGHTER,0,,0,اجهزه وعده,KR S52 مكواة,,,,100,0,0,,1,نواقص,99999,,175,,2022/02/16,,,,,,,,2022/02/16,,-1,,,,,سعيد سالم,,,,0,50,175,2021/10/26,,175,لا,350,325,275,250,0
1929,اجهزه وعده LAUBE 505 Made In Taiwan,0,0,395,0,650,0,600,0,550,0,450,0,2023/10/12,,,,,,,,,,,,,,,005053,505,0,,0,اجهزه وعده,LAUBE,Made In Taiwan,,,64٫56,0,0,,1,نواقص,99999,,395,,2023/10/13,,,,,,,,2023/10/12,,-1,,,,,شريف محمود / مستورد,,,,0,39٫23,395,2021/10/26,,395,لا,650,600,550,450,0
1930,اجهزه وعده LAUBE 606 Made In Taiwan,0,0,650,0,1000,0,900,0,850,0,750,0,2024/12/20,,,,,,,,,,,,,,,005054,606,0,,0,اجهزه وعده,LAUBE,Made In Taiwan,,,53٫85,0,0,,1,---,99999,,650,,,,,,,,,,2022/07/06,,-1,,,,,,,,,0,35,650,2022/07/06,,650,لا,1000,900,850,750,0
1931,اجهزه وعده LAUBE 707 Made In Taiwan,0,0,700,0,1200,0,1100,0,1000,0,850,0,2022/06/22,,,,,,,,,,,,,,,005055,707,0,,0,اجهزه وعده,LAUBE,Made In Taiwan,,,71٫43,0,0,,1,---,99999,,700,,,,,,,,,,2022/06/17,,-1,,,,,شريف محمود / مستورد,,,,0,41٫67,700,2021/10/26,,700,لا,1200,1100,1000,850,0
1932,اجهزه وعده LAUBE 909 MADE IN TAIWAN,0,0,750,0,1150,0,1000,0,950,0,800,0,2024/12/20,,,,,,,,,,,,,,,005058,909,0,,0,اجهزه وعده,LAUBE,MADE IN TAIWAN,,,53٫33,0,0,,1,نواقص,99999,,750,,2023/10/13,,,,,,,,2022/12/27,,-1,,,,,شريف محمود / مستورد,,,,0,34٫78,750,2021/10/26,,750,لا,1150,1000,950,800,0
1933,اجهزه وعده M.A.C 6622,0,0,515٫91,0,850,0,750,0,650,0,575,0,2024/12/20,,,,,,,,,,,,,,,6921888200556,,0,,0,اجهزه وعده,M.A.C 6622,,,,64٫76,0,0,,1,---,99999,,510,,,,,,,,,,,,-1,,,,,معرض الوكيل للتجاره,,,,0,39٫3,515٫91,2021/09/13,,515٫91,لا,850,750,650,575,0
1934,اجهزه وعده M.A.C CERAMIC PRO 3060,0,0,261٫15,0,525,0,435,0,375,0,300,0,2023/04/04,,,,,,,,,,,,,,,6921888200549,,0,,0,اجهزه وعده,M.A.C CERAMIC PRO 3060,,,,101٫03,0,0,اجهزه والكترونيات,1,نواقص,99999,\us\134\pid\548\f132888219719314972138.png,260,,2022/10/30,,,,,,,,2023/04/04,,1,,10,#ROYALELCHIM ,"MAC,CERAMIC,3060,عنايه,الشعر,",شركه النور / عبد الهادي,,,,0,50٫26,261٫15,2022/01/25,,261٫15,لا,525,435,375,300,5
1935,اجهزه وعده MA X Brawn 8*1,0,0,190,0,375,0,310,0,280,0,230,0,2023/05/09,,,,,,,,,,,,,,,005092,8*1,0,,0,اجهزه وعده,MA X Brawn,,,,97٫37,0,0,اجهزه والكترونيات,1,نواقص,99999,\us\134\pid\2856\f132915821155084947118.png,190,,2023/05/09,,,,,,,,2023/05/09,,1,,10,#ROYALELCHIM ,,شركه النور / عبد الهادي,,,,0,49٫33,190,2022/02/23,,190,لا,375,310,280,230,4
1936,اجهزه وعده MAC 2039,0,0,451٫99,0,900,0,750,0,600,0,525,0,2023/12/23,,,,,,,,,,,,,,,6921888200761,,0,,0,اجهزه وعده,MAC 2039,,,,99٫12,0,0,,1,نواقص,99999,,450,,2023/12/23,,,,,,,,2023/12/23,,-1,,,,,شركه النور / عبد الهادي,,,,0,49٫78,451٫99,2022/01/25,,451٫99,لا,900,750,600,525,0
1937,اجهزه وعده MAC 2099,0,0,451٫99,0,900,0,750,0,600,0,525,0,2025/10/10,,,,,,,,,,,,,,,6921888201546,,0,,0,اجهزه وعده,MAC 2099,,,,99٫12,0,0,اجهزه والكترونيات,1,نواقص,99999,\us\134\pid\2597\f132887397326313804204.png,450,,2025/02/03,,,,,,,,2024/05/06,Online,0,,10,#ROYALELCHIM ,,شركه النور / عبد الهادي,,,,0,49٫78,451٫99,2022/01/25,,451٫99,لا,900,750,600,525,7
1938,اجهزه وعده MAC 5512,0,0,451٫99,0,900,0,750,0,600,0,525,0,2023/10/06,,,,,,,,,,,,,,,6921888201737,,0,,0,اجهزه وعده,MAC 5512,,,,99٫12,0,0,اجهزه والكترونيات,1,---,99999,\us\134\pid\2599\f132888214064989666131.png,450,,,,,,,,,,2023/10/06,,1,,10,#ROYALELCHIM ,,شركه النور / عبد الهادي,,,,0,49٫78,451٫99,2022/01/25,,451٫99,لا,900,750,600,525,4
1939,اجهزه وعده MAC 5529,0,0,451٫99,0,900,0,750,0,600,0,525,0,2023/07/06,,,,,,,,,,,,,,,6921888203366,,0,,0,اجهزه وعده,MAC 5529,,,,99٫12,0,0,,1,نواقص,99999,,450,,2023/07/06,,,,,,,,2023/07/06,,-1,,,,,شركه النور / عبد الهادي,,,,0,49٫78,451٫99,2022/01/25,,451٫99,لا,900,750,600,525,0
1940,اجهزه وعده MASSAG 125,0,0,468٫37,0,850,0,750,0,625,0,550,0,2024/03/03,,,,,,,,,,,,,,,005154,,0,,0,اجهزه وعده,MASSAG 125,,,,81٫48,0,0,,1,---,99999,,450,,,,,,,,,,2024/03/03,,-1,,,,,شركه النور / الحج عبد الهادي,,,,0,44٫9,450,2024/01/21,,468٫37,لا,850,750,625,550,0
1941,اجهزه وعده MASSAGE MP-321,0,0,468٫37,0,750,0,700,0,650,0,600,0,2024/02/18,,,,,,,,,,,,,,,6975776170018,MP-321,0,,0,اجهزه وعده,MASSAGE,,,,60٫13,0,0,,1,---,99999,,450,,,,,,,,,,2024/02/18,,-1,,,,,شركه النور / الحج عبد الهادي,,,,0,37٫55,450,2024/01/21,,468٫37,لا,750,700,650,600,0
1942,اجهزه وعده MaSSAGE GUN 12 HEADS,0,0,330,0,650,0,550,0,450,0,385,0,2024/12/20,,,,,,,,,,,,,,,005097,12 HEADS,0,,0,اجهزه وعده,MaSSAGE GUN,,,,96٫97,0,0,,1,نواقص,99999,,330,,2022/12/26,,,,,,,,2022/12/24,,-1,,,,,شركه النور / عبد الهادي,,,,0,49٫23,330,2022/02/23,,330,لا,650,550,450,385,0
1943,اجهزه وعده MaSSAGE GUN KH320,0,0,220,0,450,0,400,0,350,0,275,0,2024/07/11,,,,,,,,,,,,,,,6927897639851,KH320,0,,0,اجهزه وعده,MaSSAGE GUN,,,,104٫55,0,0,اجهزه والكترونيات,1,نواقص,99999,\us\134\pid\2871\f132918486544968513133.png,220,,2023/06/13,,,,,,,,2024/03/03,Online,0,,10,#ROYALELCHIM ,,شركه النور / عبد الهادي,,,,0,51٫11,220,2022/02/23,,220,لا,450,400,350,275,5
1944,اجهزه وعده MaSSAGE GUN KH740,0,0,290,0,550,0,450,0,375,0,330,0,2024/12/20,,,,,,,,,,,,,,,005109,KH740,0,,0,اجهزه وعده,MaSSAGE GUN,,,,89٫66,0,0,,1,---,99999,,290,,,,,,,,,,2022/04/13,,-1,,,,,شركه النور / عبد الهادي,,,,0,47٫27,290,2022/02/25,,290,لا,550,450,375,330,0
1945,اجهزه وعده MAX 3000 ITALY 9922,0,0,225,0,550,0,400,0,300,0,250,0,2023/02/06,,,,,,,,,,,,,,,6951719799225,,0,,0,اجهزه وعده,MAX 3000 ITALY 9922,,,,144٫44,0,0,,1,نواقص,99999,,225,,2023/01/14,,,,,,,,2023/02/06,,-1,,,,,رويال/ادره المخازن,,,,0,59٫09,225,2022/02/09,,225,لا,550,400,300,250,0
1946,اجهزه وعده Max 9933,0,0,250,0,480,0,400,0,350,0,275,0,2022/03/20,,,,,,,,,,,,,,,6951719799331,,0,,0,اجهزه وعده,Max 9933,,,,92,0,0,,1,نواقص,99999,,250,,2021/07/14,,,,,,,,2022/03/20,,-1,,,,,رويال/ادره المخازن,,,,0,47٫92,250,2022/02/09,,250,لا,480,400,350,275,0
1947,اجهزه وعده MAX PROFESSIONAL 800 ITALY,0,0,220,0,500,0,400,0,350,0,250,0,2024/12/20,,,,,,,,,,,,,,,6965412308004,,0,,0,اجهزه وعده,MAX PROFESSIONAL 800 ITALY,,,,127٫27,0,0,,1,نواقص,99999,,220,,2021/07/14,,,,,,,,,,-1,,,,,رصيد اول المده,,,,0,56,220,2021/08/01,,220,لا,500,400,350,250,0
1948,اجهزه وعده MINI FACE,0,0,750,0,1300,0,110,0,950,0,875,0,2022/12/28,,,,,,,,,,,,,,,005067,FACE,0,,0,اجهزه وعده,MINI,,,,73٫33,0,0,,1,نواقص,99999,,750,,2022/12/28,,,,,,,,2022/12/27,,-1,,,,,شركه النور / عبد الهادي,,,,0,42٫31,750,2021/12/18,,750,لا,1300,110,950,875,0
1949,اجهزه وعده MINI STEAM BEAUTY STERILIZE,0,0,550,0,1100,0,850,0,750,0,675,0,2022/07/21,,,,,,,,,,,,,,,005073,STERILIZE,0,,0,اجهزه وعده,MINI STEAM BEAUTY,,,,100,0,0,,1,نواقص,99999,,550,,2022/06/18,,,,,,,,2022/07/19,,-1,,,,,شركه النور / عبد الهادي,,,,0,50,550,2021/12/18,,550,لا,1100,850,750,675,0
1950,اجهزه وعده MOEHAIR PROEXTREAM,0,0,420٫09,0,750,0,650,0,600,0,500,0,2024/04/04,,,,,,,,,,,,,,,6973840522046,PROEXTREAM,0,,0,اجهزه وعده,MOEHAIR,,,,78٫53,0,0,,1,نواقص,99999,,400,,2024/04/04,,,,,,,,2024/04/04,,-1,,,,,معرض الوكيل للتجاره,,,,0,43٫99,400,2023/03/01,,420٫09,لا,750,650,600,500,0
1951,اجهزه وعده MOEHAIR 32,0,0,294٫06,0,575,0,500,0,450,0,400,0,2025/08/23,,,,,,,,,,,,,,,6973840522268,,0,,0,اجهزه وعده,MOEHAIR 32,,,,95٫54,0,0,,1,نواقص,99999,,280,,2025/08/23,,,,,,,,2025/08/23,,-1,,,,,معرض الوكيل للتجاره,,,,0,48٫86,280,2023/03/01,,294٫06,لا,575,500,450,400,0
1952,اجهزه وعده MOSER PRIMAT WHITE,0,0,1147٫26,0,2300,0,2100,0,1900,0,1750,0,2024/12/20,,,,,,,,,,,,,,,4015110000297,,0,,0,اجهزه وعده,MOSER PRIMAT WHITE,,,,100٫48,0,0,,1,نواقص,99999,,1155,,2022/12/27,,,,,,,,2024/12/20,,-1,,,,,سعيد سالم,,,,0,50٫12,1139٫52,2021/12/11,,1147٫26,لا,2300,2100,1900,1750,0
1953,اجهزه وعده MOSER Tybe 1400 Germany,0,0,455٫22,0,750,0,650,0,575,0,500,0,2022/09/10,,,,,,,,,,,,,,,4015110000129,Germany,0,,0,اجهزه وعده,MOSER Tybe 1400,,,,64٫76,0,0,,1,نواقص,99999,,450,,2021/11/10,,,,,,,,2022/09/10,,-1,,,,,معرض الوكيل للتجاره,,,,0,39٫3,455٫22,2021/09/13,,455٫22,لا,750,650,575,500,0
1954,اجهزه وعده Ms-723,0,0,72٫25,0,175,0,135,0,110,0,80,0,2023/06/22,,,,,,,,,,,,,,,6927723907239,,0,,0,اجهزه وعده,Ms-723,,,,142٫21,0,0,اجهزه والكترونيات,1,نواقص,99999,\us\134\pid\550\f132569184563320791015.png,72,,2023/01/30,,,,,,,,2023/01/30,,0,,10,#ROYALELCHIM ,"STRAIGHTER,HAIR,180,MS-723,",رويال/ادره المخازن,,,,0,58٫71,72,2022/02/04,MOSERPRONONO MS-723,72٫25,لا,175,135,110,80,2
1955,اجهزه وعده NAIL LAMP DUV B,0,0,150,0,400,0,350,0,300,0,250,0,2024/12/20,,,,,,,,,,,,,,,005060,DUV B,0,,0,اجهزه وعده,NAIL LAMP,,,,166٫67,0,0,,1,نواقص,99999,,150,,2023/10/13,,,,,,,,,,-1,,,,,شريف محمود / مستورد,,,,0,62٫5,150,2021/10/26,,150,لا,400,350,300,250,0
1956,اجهزه وعده NAIL LAMP DUV S,0,0,100,0,275,0,225,0,200,0,150,0,2024/12/20,,,,,,,,,,,,,,,005059,DUV S,0,,0,اجهزه وعده,NAIL LAMP,,,,175,0,0,,1,---,99999,,100,,,,,,,,,,,,-1,,,,,شريف محمود / مستورد,,,,0,63٫64,100,2021/10/26,,100,لا,275,225,200,150,0
1957,اجهزه وعده NAIL POLISHER 8002,0,0,900,0,1750,0,1500,0,1200,0,1050,0,2025/04/08,,,,,,,,,,,,,,,005098,,0,,0,اجهزه وعده,NAIL POLISHER 8002,,,,94٫44,0,0,,1,نواقص,99999,,900,,2025/04/08,,,,,,,,2025/04/08,,-1,,,,,شركه النور / عبد الهادي,,,,0,48٫57,900,2022/02/23,,900,لا,1750,1500,1200,1050,0
1958,اجهزه وعده NOVA 111,0,0,55,0,110,0,90,0,75,0,65,0,2025/01/25,,,,,,,,,,,,,,,6955549342019,,0,,0,اجهزه وعده,NOVA 111,,,,100,0,0,,1,نواقص,99999,,55,,2025/01/26,,,,,,,,2025/01/25,,-1,,,,,شركه النور / عبد الهادي,,,,0,50,55,2022/02/23,,55,لا,110,90,75,65,0
1959,اجهزه وعده O3 HAIR STEAMER 2IN1,0,0,650,0,1400,0,1200,0,1000,0,800,0,2025/02/05,,,,,,,,,,,,,,,005074,2IN1,0,,0,اجهزه وعده,O3 HAIR STEAMER,,,,115٫38,0,0,,1,نواقص,99999,,650,,2025/02/03,,,,,,,,2025/02/05,,-1,,,,,شركه النور / عبد الهادي,,,,0,53٫57,650,2021/12/18,,650,لا,1400,1200,1000,800,0
1960,اجهزه وعده OK BROWN 5000,0,0,0,0,500,0,400,0,350,0,285,0,,,,,,,,,,,,,,,,005029,,0,,0,اجهزه وعده,OK BROWN 5000,,,,,0,0,,1,نواقص,99999,,0,,2021/07/14,,,,,,,,,,-1,,,,,,,,,0,,0,,,0,لا,500,400,350,285,0
1961,اجهزه وعده Ok Brown 5015,0,0,125,0,250,0,200,0,170,0,140,0,2023/04/05,,,,,,,,,,,,,,,8457856433018,,0,,0,اجهزه وعده,Ok Brown 5015,,,,100,0,0,,1,نواقص,99999,,125,,2023/04/05,,,,,,,,2023/04/05,,-1,,,,,رويال/ادره المخازن,,,,0,50,125,2022/02/05,,125,لا,250,200,170,140,0
1962,اجهزه وعده PHOENIX,0,0,950,0,1900,0,1650,0,1500,0,1250,0,2026/04/09,,,,,,,,,,,,,,,005070,,0,,0,اجهزه وعده,PHOENIX,,,,100,0,0,اجهزه والكترونيات,1,نواقص,99999,\us\134\pid\2498\f132918504347064149149.png,950,,2026/04/10,,,,,,,,2026/04/09,Online,1,,10,#ROYALELCHIM ,,شركه النور / عبد الهادي,,,,0,50,950,2021/12/18,,950,لا,1900,1650,1500,1250,4
1963,اجهزه وعده POLITUN HAIR DRAYER PT-V4,0,0,320٫82,0,650,0,600,0,550,0,450,0,2024/04/21,,,,,,,,,,,,,,,6985214700042,PT-V4,0,,0,اجهزه وعده,POLITUN HAIR DRAYER,,,,102٫6,0,0,,1,---,99999,,320,,,,,,,,,,2024/04/21,,-1,,,,,ميخائيل,,,,0,50٫64,320٫82,2024/02/18,,320٫82,لا,650,600,550,450,0
1964,اجهزه وعده PORTABL ROTARY BRUSH INSTRUMENT,0,0,900,0,1200,0,1100,0,1050,0,1000,0,2024/03/15,,,,,,,,,,,,,,,005072,,0,,0,اجهزه وعده,PORTABL ROTARY BRUSH INSTRUMENT,,,,33٫33,0,0,,1,نواقص,99999,,900,,2024/03/02,,,,,,,,2024/03/15,,-1,,,,,معرض الوكيل للتجاره,,,,0,25,900,2023/07/13,,900,لا,1200,1100,1050,1000,0
1965,اجهزه وعده PORTABL ROTARY BRUSH INSTRUMENT DIGITAL,0,0,650,0,1400,0,1300,0,1200,0,1100,0,2025/09/19,,,,,,,,,,,,,,,005146,DIGITAL,0,,0,اجهزه وعده,PORTABL ROTARY BRUSH INSTRUMENT,,,,115٫38,0,0,,1,نواقص,99999,,650,,2025/09/19,,,,,,,,2025/09/19,,-1,,,,,,,,,0,53٫57,650,2023/09/19,,650,لا,1400,1300,1200,1100,0
1966,اجهزه وعده Portable High Frequency Lz-006a,0,0,500,0,1000,0,850,0,700,0,600,0,2022/12/28,,,,,,,,,,,,,,,005130,Lz-006a,0,,0,اجهزه وعده,Portable High Frequency,,,,100,0,0,اجهزه والكترونيات,1,نواقص,99999,\us\134\pid\3227\f133147436072047849112.png,500,,2022/12/28,,,,,,,,2022/12/27,,-1,2022/12/31,10,#ROYALELCHIM ,,معرض الوكيل للتجاره,,,,0,50,500,2022/10/08,,500,لا,1000,850,700,600,3
1967,اجهزه وعده Portable Oxygen Injetor بلاستيك,0,0,550,0,850,0,750,0,700,0,600,0,2022/01/29,,,,,,,,,,,,,,,005056,بلاستيك,0,,0,اجهزه وعده,Portable Oxygen Injetor,,,,54٫55,0,0,,1,نواقص,99999,,550,,2022/01/29,,,,,,,,2022/01/29,,-1,,,,,شريف محمود / مستورد,,,,0,35٫29,550,2021/10/26,,550,لا,850,750,700,600,0
1968,اجهزه وعده PORTABLE ROTARY BRUSH 5IN1,0,0,480,0,850,0,750,0,650,0,550,0,2024/12/20,,,,,,,,,,,,,,,005118,5IN1,0,,0,اجهزه وعده,PORTABLE ROTARY BRUSH,,,,77٫08,0,0,,1,نواقص,99999,,480,,2023/10/13,,,,,,,,2022/06/14,,-1,,,,,شركه النور / عبد الهادي,,,,0,43٫53,480,2022/02/25,,480,لا,850,750,650,550,0
1969,اجهزه وعده PRITECH 1491,0,0,280,0,550,0,500,0,400,0,375,0,2022/03/25,,,,,,,,,,,,,,,6935489505385,1491,0,,0,اجهزه وعده,PRITECH,,,,96٫43,0,0,,1,نواقص,99999,,280,,2021/10/20,,,,,,,,2022/03/25,,-1,,,,,رويال/ادره المخازن,,,,0,49٫09,280,2022/03/25,,280,لا,550,500,400,375,0
1970,اجهزه وعده PRO HAIR DRAYER,0,0,1050,0,1850,0,1750,0,1550,0,1350,0,2025/10/10,,,,,,,,,,,,,,,6930792601168,,0,,0,اجهزه وعده,PRO HAIR DRAYER,,,,76٫19,0,0,,1,نواقص,99999,,1050,,2025/02/03,,,,,,,,2025/01/07,,-1,,,,,معرض الوكيل للتجاره,,,,0,43٫24,1050,2023/12/28,,1050,لا,1850,1750,1550,1350,0
1971,اجهزه وعده PRO WAX200,0,0,157٫53,0,350,0,250,0,225,0,200,0,2023/06/22,,,,,,,,,,,,,,,6921235211808,,0,,0,اجهزه وعده,PRO WAX200,,,,122٫17,0,0,,1,---,99999,,150,,,,,,,,,,2023/06/22,,-1,,,,,معرض الوكيل للتجاره,,,,0,54٫99,150,2023/03/01,,157٫53,لا,350,250,225,200,0
1972,اجهزه وعده Professional Wax Heater 50cc,0,0,150,0,300,0,280,0,200,0,170,0,2022/01/08,,,,,,,,,,,,,,,6971072790394,,0,,0,اجهزه وعده,Professional Wax Heater 50cc,,,,100,0,0,,1,نواقص,99999,,150,,2021/06/22,,,,,,,,2022/01/08,,-1,,,,,رصيد اول المده,,,,0,50,150,2021/08/26,,150,لا,300,280,200,170,0
1973,اجهزه وعده Radium Desktop Multifunction,0,0,4200,0,6500,0,6000,0,5500,0,5200,0,2023/02/16,,,,,,,,,,,,,,,005144,,0,,0,اجهزه وعده,Radium Desktop Multifunction,,,,54٫76,0,0,,1,نواقص,99999,,4200,,2023/02/15,,,,,,,,2023/02/16,,-1,,,,,معرض الوكيل للتجاره,,,,0,35٫38,4200,2023/02/14,,4200,لا,6500,6000,5500,5200,0
1974,اجهزه وعده REMILNGTON 2077,0,0,180,0,350,0,300,0,250,0,200,0,2022/04/19,,,,,,,,,,,,,,,6985214720774,,0,,0,اجهزه وعده,REMILNGTON 2077,,,,94٫44,0,0,,1,نواقص,99999,,180,,2022/04/20,,,,,,,,2022/04/19,,-1,,,,,رويال / اداره المخازن الاقصر,,,,0,48٫57,180,2021/05/09,,180,لا,350,300,250,200,0
1975,اجهزه وعده ROZIA 709,0,0,321٫42,0,650,0,550,0,450,0,370,0,2024/12/20,,,,,,,,,,,,,,,6171701417092,,0,,0,اجهزه وعده,ROZIA 709,,,,102٫23,0,0,اجهزه والكترونيات,1,نواقص,99999,\us\134\pid\2589\f132885594860612799125.png,320,,2023/10/13,,,,,,,,,,1,,10,#ROYALELCHIM ,,شركه النور / عبد الهادي,,,,0,50٫55,321٫42,2022/01/25,,321٫42,لا,650,550,450,370,4
1976,اجهزه وعده ROZIA 8110 7IN1,0,0,300,0,500,0,450,0,400,0,350,0,2022/04/21,,,,,,,,,,,,,,,6171701481109,7IN1,0,,0,اجهزه وعده,ROZIA 8110,,,,66٫67,0,0,,1,نواقص,99999,,300,,2022/04/21,,,,,,,,2022/04/21,,-1,,,,,شركه النور / عبد الهادي,,,,0,40,300,2022/02/25,,300,لا,500,450,400,350,0
1977,اجهزه وعده ROZIA HAIR CLIPPER,0,0,0,0,960,0,750,0,650,0,500,0,,,,,,,,,,,,,,,,6917170422089,,0,,0,اجهزه وعده,ROZIA HAIR CLIPPER,,,,,0,0,,1,نواقص,99999,,0,,2021/07/14,,,,,,,,,,-1,,,,,,,,,0,,0,,,0,لا,960,750,650,500,0
1978,اجهزه وعده Rozia Ht-950,0,0,85,0,165,0,150,0,130,0,100,0,2023/01/04,,,,,,,,,,,,,,,6171701419508,,0,,0,اجهزه وعده,Rozia Ht-950,,,,94٫12,0,0,,1,---,99999,,85,,,,,,,,,,2023/01/04,,-1,,,,,رويال/ادره المخازن,,,,0,48٫48,85,2022/02/11,,85,لا,165,150,130,100,0
1979,اجهزه وعده SALON2216 5000 WATTS,0,0,293٫49,0,650,0,500,0,400,0,350,0,2024/12/20,,,,,,,,,,,,,,,6969696922161,5000 WATTS,0,,0,اجهزه وعده,SALON2216,,,,121٫47,0,0,,1,نواقص,99999,,294,,2023/04/19,,,,,,,,2023/10/18,,-1,,,,,رويال/ادره المخازن,,,,0,54٫85,294,2021/12/18,,293٫49,لا,650,500,400,350,0
1980,اجهزه وعده SHAVER FOR LADIES BZ-3562B,0,0,0,0,175,0,150,0,130,0,110,0,,,,,,,,,,,,,,,,6989323625623,,0,,0,اجهزه وعده,SHAVER FOR LADIES BZ-3562B,,,,,0,0,اجهزه والكترونيات,1,نواقص,99999,\us\134\pid\562\f132569232341415341018.png,0,,2021/07/14,,,,,,,,,,-1,2021/04/01,35,#ROYALELCHIM ,"SHAVER,MICROLASER,عنايه,بالشعر",,,,,0,,0,,BZ-3562B,0,لا,175,150,130,110,3
1981,اجهزه وعده Sing Depilatory Kr,0,0,42٫35,0,70,0,65,0,60,0,50,0,2024/12/20,,,,,,,,,,,,,,,4893544557200,,0,,0,اجهزه وعده,Sing Depilatory Kr,,,,65٫3,0,0,اجهزه والكترونيات,1,نواقص,99999,\us\134\pid\553\f132569246009652157021.png,42,,2022/06/18,,,,,,,,2022/06/12,,0,,10,#ROYALELCHIM ,"SINGL,DEPILATORY,KR,العنايه,بالجسم",شركه النور / عبد الهادي,,,,0,39٫5,42,2022/02/23,,42٫35,لا,70,65,60,50,3
1982,اجهزه وعده Single SEPILATORY 3IN1,0,0,62٫25,0,110,0,90,0,80,0,75,0,2024/12/20,,,,,,,,,,,,,,,4893544550508,,0,,0,اجهزه وعده,Single SEPILATORY 3IN1,,,,76٫71,0,0,اجهزه والكترونيات,1,نواقص,99999,\us\134\pid\541\f132569272711117821007.png,63,,2022/08/03,,,,,,,,2022/08/25,,2,,20,#ROYALELCHIM ,"SINGLE,SEPILATORY,3IN1,العنايه,بالجسم",شركه النور / عبد الهادي,,,,0,43٫41,63,2022/02/23,,62٫25,لا,110,90,80,75,3
1983,اجهزه وعده Single SEPILATORY 3IN1 AS,0,0,55,0,110,0,80,0,70,0,65,0,2022/10/03,,,,,,,,,,,,,,,005104,AS,0,,0,اجهزه وعده,Single SEPILATORY 3IN1,,,,100,0,0,,1,نواقص,99999,,55,,2022/10/03,,,,,,,,2022/10/03,,-1,,,,,شركه النور / عبد الهادي,,,,0,50,55,2022/02/23,,55,لا,110,80,70,65,0
1984,اجهزه وعده So any 8898,0,0,280,0,500,0,400,0,375,0,330,0,2023/02/21,,,,,,,,,,,,,,,6930471188980,,0,,0,اجهزه وعده,So any 8898,,,,78٫57,0,0,,1,نواقص,99999,,280,,2023/01/14,,,,,,,,2023/02/21,,-1,,,,,شركه النور / عبد الهادي,,,,0,44,280,2022/02/25,,280,لا,500,400,375,330,0
1985,اجهزه وعده So any 9909,0,0,400,0,800,0,750,0,650,0,575,0,2024/04/08,,,,,,,,,,,,,,,6909909020215,,0,,0,اجهزه وعده,So any 9909,,,,100,0,0,,1,نواقص,99999,,400,,2024/04/08,,,,,,,,2024/04/08,,-1,,,,,INFINITY STORE,,,,0,50,400,2024/01/21,,400,لا,800,750,650,575,0
1986,اجهزه وعده SOKANY 1901,0,0,675,0,950,0,900,0,850,0,800,0,2025/07/03,,,,,,,,,,,,,,,6998555478594,,0,,0,اجهزه وعده,SOKANY 1901,,,,40٫74,0,0,اجهزه والكترونيات,1,نواقص,99999,\us\134\pid\549\f132878721237555098119.png,675,,2025/07/04,,,,,,,,2025/07/03,,1,,10,#ROYALELCHIM ,"SOKANY,1901 العنايه,بالشعر",ميخائيل نجع حمادي,,,,0,28٫95,675,2025/01/12,SOKANY 1901,675,لا,950,900,850,800,4
1987,اجهزه وعده SOKANY 1918,0,0,750,0,1250,0,1100,0,1000,0,900,0,2024/03/03,,,,,,,,,,,,,,,6919180160296,,0,,0,اجهزه وعده,SOKANY 1918,,,,66٫67,0,0,,1,---,99999,,750,,,,,,,,,,2024/03/03,,-1,,,,,INFINITY STORE,,,,0,40,750,2024/01/21,,750,لا,1250,1100,1000,900,0
1988,اجهزه وعده SOKANY 666,0,0,120,0,250,0,190,0,160,0,140,0,2023/02/06,,,,,,,,,,,,,,,6972051377988,,0,,0,اجهزه وعده,SOKANY 666,,,,108٫33,0,0,اجهزه والكترونيات,1,نواقص,99999,\us\134\pid\2867\f132917582772738325133.png,120,,2022/12/07,,,,,,,,2023/02/06,,1,,10,#ROYALELCHIM ,,شركه النور / عبد الهادي,,,,0,52,120,2022/02/23,,120,لا,250,190,160,140,6
1989,اجهزه وعده SOKANY HAIR DRYER SK 2200,0,0,250٫64,0,475,0,425,0,350,0,300,0,2024/09/12,,,,,,,,,,,,,,,6902200202007,SK 2200,0,,0,اجهزه وعده,SOKANY HAIR DRYER,,,,89٫51,0,0,,1,---,99999,,250,,,,,,,,,,2024/09/12,,-1,,,,,ميخائيل,,,,0,47٫23,250٫64,2024/02/18,,250٫64,لا,475,425,350,300,0
1990,اجهزه وعده SOKANY HOT AIR 10IN1 SK 1002,0,0,320,0,650,0,550,0,450,0,375,0,2024/12/20,,,,,,,,,,,,,,,6901002020208,SK 1002,0,,0,اجهزه وعده,SOKANY HOT AIR 10IN1,,,,103٫13,0,0,,1,نواقص,99999,,320,,2024/01/29,,,,,,,,2024/01/28,,-1,,,,,شركه النور / عبد الهادي,,,,0,50٫77,320,2022/02/25,,320,لا,650,550,450,375,0
1991,اجهزه وعده Sokany Hs-915,0,0,0,0,600,0,500,0,400,0,350,0,,,,,,,,,,,,,,,,6926341910058,,0,,0,اجهزه وعده,Sokany Hs-915,,,,,0,0,,1,نواقص,99999,,0,,2021/07/14,,,,,,,,,,-1,,,,,,,,,0,,0,,,0,لا,600,500,400,350,0
1992,اجهزه وعده SOKANY MD-3000,0,0,275,0,550,0,425,0,365,0,315,0,2024/12/20,,,,,,,,,,,,,,,6903000202006,,0,,0,اجهزه وعده,SOKANY MD-3000,,,,100,0,0,,1,نواقص,99999,,275,,2023/02/25,,,,,,,,2023/02/24,,-1,,,,,شركه النور / عبد الهادي,,,,0,50,275,2022/02/23,,275,لا,550,425,365,315,0
1993,اجهزه وعده SOKANY SK -117,0,0,85٫99,0,175,0,140,0,125,0,100,0,2024/12/20,,,,,,,,,,,,,,,6901170020208,,0,,0,اجهزه وعده,SOKANY SK -117,,,,103٫52,0,0,,1,نواقص,99999,,85,,2022/06/18,,,,,,,,2021/09/14,,-1,,,,,معرض الوكيل للتجاره,,,,0,50٫87,85٫99,2021/09/13,,85٫99,لا,175,140,125,100,0
1994,اجهزه وعده Sokany Sk 8808,0,0,250,0,450,0,375,0,325,0,275,0,2023/01/30,,,,,,,,,,,,,,,6920171188083,,0,,0,اجهزه وعده,Sokany Sk 8808,,,,80,0,0,,1,نواقص,99999,,250,,2023/01/30,,,,,,,,2023/01/30,,-1,,,,,رويال/ادره المخازن,,,,0,44٫44,250,2022/02/09,,250,لا,450,375,325,275,0
1995,اجهزه وعده Sonar 103 Hair Clipper,0,0,162٫5,0,300,0,275,0,250,0,225,0,2025/10/10,,,,,,,,,,,,,,,6957952248018,Hair Clipper,0,,0,اجهزه وعده,Sonar 103,,,,84٫62,0,0,,1,نواقص,99999,,140,,2025/02/03,,,,,,,,,,-1,,,,,رويال/ادره المخازن,,,,0,45٫83,140,2022/02/11,,162٫5,لا,300,275,250,225,0
1996,اجهزه وعده Sonar Sn-823,0,0,150,0,270,0,225,0,200,0,175,0,2022/01/24,,,,,,,,,,,,,,,6958210700101,,0,,0,اجهزه وعده,Sonar Sn-823,,,,80,0,0,,1,نواقص,99999,,150,,2022/01/27,,,,,,,,2022/01/24,,-1,,,,,رويال / اداره المخازن الاقصر,,,,0,44٫44,150,2021/05/09,,150,لا,270,225,200,175,0
1997,اجهزه وعده STEAM BEAUTY 2WAY,0,0,650,0,1350,0,1000,0,850,0,750,0,2024/12/20,,,,,,,,,,,,,,,005108,2WAY,0,,0,اجهزه وعده,STEAM BEAUTY,,,,107٫69,0,0,اجهزه والكترونيات,1,نواقص,99999,\us\134\pid\2882\f133764029809396272114.png,650,,2023/10/13,,,,,,,,2022/02/25,Online,1,2024/12/31,10,#ROYALELCHIM ,"جهاز,بخار,شعر,بشره",شركه النور / عبد الهادي,,,,0,51٫85,650,2022/02/25,,650,لا,1350,1000,850,750,2
1998,اجهزه وعده Steam Facial,0,0,445,0,650,0,600,0,550,0,500,0,2026/03/04,,,,,,,,,,,,,,,005165,,0,,0,اجهزه وعده,Steam Facial,,,,46٫07,0,0,,1,نواقص,99999,,445,,2026/03/04,,,,,,,,2026/03/04,,-1,,,,,ميخائيل نجع حمادي,,,,0,31٫54,445,2025/01/12,,445,لا,650,600,550,500,0
1999,اجهزه وعده STEAM FACIAL YC-101,0,0,210,0,450,0,350,0,300,0,250,0,2022/02/15,,,,,,,,,,,,,,,005004,,0,,0,اجهزه وعده,STEAM FACIAL YC-101,,,,114٫29,0,0,اجهزه والكترونيات,1,نواقص,99999,\us\134\pid\85\f132569406178837711047.png,210,,2021/07/14,,,,,,,,2022/02/15,,-1,2021/01/20,30,#تجهيز_كوافير ,"ماسك,كوافير.عده,بخار,جهاز,الوجه,STEAM,FACIAL,FACE,MASK,SALOON,تجهيز",رصيد اول المده,,,,0,53٫33,210,2021/08/01,STEAM FACIAL YC-101,210,لا,450,350,300,250,5
2000,اجهزه وعده Styling Comb,0,0,125,0,200,0,175,0,150,0,140,0,2024/12/20,,,,,,,,,,,,,,,6983241684960,,0,,0,اجهزه وعده,Styling Comb,,,,60,0,0,اجهزه والكترونيات,1,نواقص,99999,\us\134\pid\2890\f132914184424472108138.png,125,,2023/10/13,,,,,,,,2024/03/03,,1,,10,#ROYALELCHIM ,,شركه النور / عبد الهادي,,,,0,37٫5,125,2022/02/25,,125,لا,200,175,150,140,4
2001,اجهزه وعده SUPER TORNADO,0,0,657٫54,0,1200,0,1000,0,900,0,750,0,2023/05/10,,,,,,,,,,,,,,,8681049017161,,0,,0,اجهزه وعده,SUPER TORNADO,,,,82٫5,0,0,,1,---,99999,,650,,,,,,,,,,2023/05/10,,-1,,,,,معرض الوكيل للتجاره,,,,0,45٫21,657٫54,2021/09/13,,657٫54,لا,1200,1000,900,750,0
2002,اجهزه وعده SUPERTURBO 3100 TARLOX,0,0,243٫23,0,450,0,375,0,300,0,280,0,2022/11/29,,,,,,,,,,,,,,,005039,TARLOX,0,,0,اجهزه وعده,SUPERTURBO 3100,,,,85٫01,0,0,,1,نواقص,99999,,245,,2022/10/28,,,,,,,,2022/11/29,,-1,,,,,رويال/ادره المخازن,,,,0,45٫95,245,2021/11/12,,243٫23,لا,450,375,300,280,0
2003,اجهزه وعده TALOX SUPERTURBO 3100,0,0,250,0,500,0,400,0,350,0,275,0,2022/12/04,,,,,,,,,,,,,,,005012,,0,,0,اجهزه وعده,TALOX SUPERTURBO 3100,,,,100,0,0,اجهزه والكترونيات,1,نواقص,99999,\us\134\pid\220\f132569300548246011015.png,250,,2022/12/04,,,,,,,,2022/12/04,,-1,2021/04/01,30,#ROYALELCHIM ,"TALOX,SUPERTURBO,3100",رويال/ادره المخازن,,,,0,50,250,2022/02/09,TALOX SUPERTURBO 3100,250,لا,500,400,350,275,4
2004,اجهزه وعده Tecno Eletra Italy,0,0,750,0,1650,0,1350,0,1205,0,950,0,2023/04/22,,,,,,,,,,,,,,,005033,Italy,0,,0,اجهزه وعده,Tecno Eletra,,,,120,0,0,اجهزه والكترونيات,1,نواقص,99999,\us\134\pid\1242\f132816298924884882017.png,750,,2022/12/27,,,,,,,,2023/04/22,,1,,10,#ROYALELCHIM ,"شعر,تصفيف,سيشوار,تربو,6000,ايطالى,سيشوار",رصيد اول المده,,,,0,54٫55,750,2021/08/01,Tecno Eletra,750,لا,1650,1350,1205,950,3
2005,اجهزه وعده TECNOELETTRA HAIR DRAYER,0,0,0,0,1650,0,1400,0,1250,0,1000,0,,,,,,,,,,,,,,,,005005,,0,,0,اجهزه وعده,TECNOELETTRA HAIR DRAYER,,,,,0,0,اجهزه والكترونيات,1,نواقص,99999,\us\134\pid\86\f132539988278449874007.jpg,0,,2021/07/14,,,,,,,,,,-1,2022/05/01,20,#italy ,"استشوار,مجفف شعر,ايطالي,6000WAT,ITALY",,,,,0,,0,,TORNADO 6000,0,لا,1650,1400,1250,1000,4
2006,اجهزه وعده Tornado Hair Drayer Af 7700,0,0,925,0,1400,0,1300,0,1200,0,1100,0,2025/05/14,,,,,,,,,,,,,,,6912165468530,Hair Drayer,0,,0,اجهزه وعده,Tornado,Af 7700,,,51٫35,0,0,,1,---,99999,,925,,,,,,,,,,2025/05/14,,-1,,,,,ميخائيل نجع حمادي,,,,0,33٫93,925,2025/01/12,,925,لا,1400,1300,1200,1100,0
2007,اجهزه وعده TORNADO Sherif M SH6000,0,0,550,0,800,0,750,0,700,0,625,0,2023/12/03,,,,,,,,,,,,,,,005052,Sherif M,0,,0,اجهزه وعده,TORNADO,SH6000,,,45٫45,0,0,اجهزه والكترونيات,1,نواقص,99999,\us\134\pid\2144\f132816332649679515025.png,550,,2021/11/23,,,,,,,,2021/12/18,,0,,10,#ROYALELCHIM ,"شعر,تصفيف,سيشوار,تربو,سيشوار,تورنادو,مجفف",شريف محمود / مستورد,,,,0,31٫25,550,2021/10/26,TORNADO,550,لا,800,750,700,625,4
2008,اجهزه وعده Tornado 6000,0,0,400,0,800,0,700,0,600,0,500,0,2022/12/13,,,,,,,,,,,,,,,6281136087255,,0,,0,اجهزه وعده,Tornado 6000,,,,100,0,0,,1,نواقص,99999,,400,,2022/09/26,,,,,,,,2022/12/13,,-1,,,,,شركه النور / عبد الهادي,,,,0,50,400,2022/02/25,,400,لا,800,700,600,500,0
2009,اجهزه وعده TORNADO AF 7700,0,0,1050,0,1750,0,1550,0,1400,0,1350,0,2024/03/03,,,,,,,,,,,,,,,005119,,0,,0,اجهزه وعده,TORNADO AF 7700,,,,66٫67,0,0,اجهزه والكترونيات,1,نواقص,99999,\us\134\pid\2907\f132917551568335130115.png,1050,,2024/02/05,,,,,,,,2024/03/03,Online,1,2024/02/01,10,#ROYALELCHIM ,,معرض الوكيل للتجاره,,,,0,40,1050,2023/12/28,,1050,لا,1750,1550,1400,1350,7
2010,اجهزه وعده TORNADO AF200,0,0,1400,0,2200,0,2000,0,1800,0,1650,0,2025/03/23,,,,,,,,,,,,,,,005078,,0,,0,اجهزه وعده,TORNADO AF200,,,,57٫14,0,0,اجهزه والكترونيات,1,نواقص,99999,\us\134\pid\2570\f132887379987660271188.png,1400,,2025/01/31,,,,,,,,2025/01/30,Online,0,2024/02/01,10,#ROYALELCHIM ,,معرض الوكيل للتجاره,,,,0,36٫36,1400,2023/12/28,,1400,لا,2200,2000,1800,1650,5
2011,اجهزه وعده Tornado Gold,0,0,1600,0,2500,0,2400,0,2300,0,2200,0,2024/04/05,,,,,,,,,,,,,,,005030,,0,,0,اجهزه وعده,Tornado Gold,,,,56٫25,0,0,اجهزه والكترونيات,1,نواقص,99999,\us\134\pid\902\f132885642429115714162.png,1600,,2024/04/05,,,,,,,,2024/03/16,,0,,10,#ROYALELCHIM ,,عزت Omay,,,,0,36,1600,2024/02/23,,1600,لا,2500,2400,2300,2200,6
2012,اجهزه وعده Tornado Gold صفيح,0,0,390,0,750,0,650,0,550,0,450,0,2022/04/22,,,,,,,,,,,,,,,005096,صفيح,0,,0,اجهزه وعده,Tornado Gold,,,,92٫31,0,0,,1,نواقص,99999,,390,,2022/04/20,,,,,,,,2022/04/22,,-1,,,,,شركه النور / عبد الهادي,,,,0,48,390,2022/02/23,,390,لا,750,650,550,450,0
2013,اجهزه وعده Tornado Gold علبه صفيح,0,0,520,0,750,0,700,0,650,0,600,0,2021/12/11,,,,,,,,,,,,,,,005040,علبه صفيح,0,,0,اجهزه وعده,Tornado Gold,,,,44٫23,0,0,,1,نواقص,99999,,520,,2021/12/11,,,,,,,,2021/12/11,,-1,,,,,ميخائيل نجع حمادي,,,,0,30٫67,520,2021/05/13,,520,لا,750,700,650,600,0
2014,اجهزه وعده Tornado Keratine,0,0,0,0,650,0,550,0,500,0,450,0,,,,,,,,,,,,,,,,005021,,0,,0,اجهزه وعده,Tornado Keratine,,,,,0,0,اجهزه والكترونيات,1,نواقص,99999,\us\134\pid\540\f132569348190043003030.png,0,,2021/07/14,,,,,,,,,,-2,2021/04/01,25,#ROYALELCHIM ,"TORNADO,KERATINE",,,,,0,,0,,TORNADO KERATINE,0,لا,650,550,500,450,3
2015,اجهزه وعده TOXIDO 3800 ITALY,0,0,758٫7,0,1400,0,1150,0,1000,0,875,0,2023/10/27,,,,,,,,,,,,,,,8015361524562,ITALY,0,,0,اجهزه وعده,TOXIDO 3800,,,,84٫53,0,0,,1,نواقص,1259,,750,,2023/10/27,,,,,,,,2023/10/27,,-1,,,,,معرض الوكيل للتجاره,,,,0,45٫81,758٫7,2022/05/24,,758٫7,لا,1400,1150,1000,875,0
2016,اجهزه وعده ULTRASONIC ION CLEANER 500,0,0,325,0,600,0,525,0,450,0,350,0,2024/12/20,,,,,,,,,,,,,,,111272058,,0,,0,اجهزه وعده,ULTRASONIC ION CLEANER 500,,,,84٫62,0,0,,1,نواقص,99999,,325,,2021/07/14,,,,,,,,,,-1,,,,,رويال/ادره المخازن,,,,0,45٫83,325,2022/02/09,,325,لا,600,525,450,350,0
2017,اجهزه وعده UV LED NAIL LAMP 72,0,0,350,0,700,0,600,0,500,0,430,0,2024/03/03,,,,,,,,,,,,,,,005117,72,0,,0,اجهزه وعده,UV LED NAIL LAMP,,,,100,0,0,اجهزه والكترونيات,1,نواقص,99999,\us\134\pid\2903\f132918514454263812167.png,350,,2023/04/23,,,,,,,,2024/03/03,Online,1,,10,#ROYALELCHIM ,,شركه النور / عبد الهادي,,,,0,50,350,2022/02/25,,350,لا,700,600,500,430,7
2018,اجهزه وعده UV LED NAIL LAMP 88,0,0,350,0,700,0,550,0,500,0,450,0,2025/04/08,,,,,,,,,,,,,,,005115,88,0,,0,اجهزه وعده,UV LED NAIL LAMP,,,,100,0,0,,1,نواقص,99999,,350,,2025/04/08,,,,,,,,2025/04/08,,-1,,,,,شركه النور / عبد الهادي,,,,0,50,350,2022/02/25,,350,لا,700,550,500,450,0
2019,اجهزه وعده UV LED NAIL LAMP 120,0,0,280,0,525,0,450,0,400,0,350,0,2024/08/11,,,,,,,,,,,,,,,005113,120,0,,0,اجهزه وعده,UV LED NAIL LAMP,,,,87٫5,0,0,,1,نواقص,99999,,280,,2024/08/11,,,,,,,,2024/08/11,,-1,,,,,شركه النور / عبد الهادي,,,,0,46٫67,280,2022/02/25,,280,لا,525,450,400,350,0
2020,اجهزه وعده UV LED NAIL LAMP 126,0,0,280,0,560,0,450,0,400,0,350,0,2024/12/20,,,,,,,,,,,,,,,005114,126,0,,0,اجهزه وعده,UV LED NAIL LAMP,,,,100,0,0,,1,نواقص,99999,,280,,2023/10/13,,,,,,,,2024/03/03,,-1,,,,,شركه النور / عبد الهادي,,,,0,50,280,2022/02/25,,280,لا,560,450,400,350,0
2021,اجهزه وعده UV LED NAIL LAMP 168,0,0,280,0,550,0,450,0,400,0,350,0,2024/12/20,,,,,,,,,,,,,,,005112,168,0,,0,اجهزه وعده,UV LED NAIL LAMP,,,,96٫43,0,0,,1,نواقص,99999,,280,,2023/10/13,,,,,,,,2024/03/03,,-1,,,,,شركه النور / عبد الهادي,,,,0,49٫09,280,2022/02/25,,280,لا,550,450,400,350,0
2022,اجهزه وعده UV LED NAIL LAMP V11,0,0,350,0,750,0,650,0,550,0,450,0,2024/10/18,,,,,,,,,,,,,,,005116,V11,0,,0,اجهزه وعده,UV LED NAIL LAMP,,,,114٫29,0,0,,1,نواقص,99999,,350,,2024/10/18,,,,,,,,2024/10/18,,-1,,,,,شركه النور / عبد الهادي,,,,0,53٫33,350,2022/02/25,,350,لا,750,650,550,450,0
2023,اجهزه وعده V-BENZ V3970,0,0,0,0,950,0,750,0,675,0,600,0,,,,,,,,,,,,,,,,4006522282081,,0,,0,اجهزه وعده,V-BENZ V3970,,,,,0,0,,1,نواقص,99999,,0,,2021/07/14,,,,,,,,,,-1,,,,,,,,,0,,0,,,0,لا,950,750,675,600,0
2024,اجهزه وعده Vge 134,0,0,1150,0,1650,0,1500,0,1400,0,1350,0,2024/02/26,,,,,,,,,,,,,,,6973224081343,,0,,0,اجهزه وعده,Vge 134,,,,43٫48,0,0,,1,نواقص,99999,,1150,,2024/02/26,,,,,,,,2024/02/26,,-1,,,,,معرض الوكيل للتجاره,,,,0,30٫3,1150,2023/12/28,,1150,لا,1650,1500,1400,1350,0
2025,اجهزه وعده VGR 030 New,0,0,115٫79,0,225,0,175,0,150,0,125,0,2024/12/20,,,,,,,,,,,,,,,6973224080308,New,0,,0,اجهزه وعده,VGR 030,,,,94٫32,0,0,اجهزه والكترونيات,1,نواقص,99999,\us\134\pid\2845\f132913254177148469125.png,115,,2022/06/04,,,,,,,,2022/06/02,,0,,10,#ROYALELCHIM ,,شركه النور / عبد الهادي,,,,0,48٫54,115,2022/02/23,,115٫79,لا,225,175,150,125,5
2026,اجهزه وعده Vgr 055,0,0,115,0,225,0,175,0,150,0,130,0,2024/12/20,,,,,,,,,,,,,,,6973224080551,,0,,0,اجهزه وعده,Vgr 055,,,,95٫65,0,0,اجهزه والكترونيات,1,نواقص,99999,\us\134\pid\2846\f132913265191273654135.png,115,,2023/01/26,,,,,,,,2023/01/25,,0,,10,#ROYALELCHIM ,,شركه النور / عبد الهادي,,,,0,48٫89,115,2022/02/23,,115,لا,225,175,150,130,4
2027,اجهزه وعده Vgr 056,0,0,250,0,500,0,400,0,300,0,275,0,2024/12/20,,,,,,,,,,,,,,,6973224080568,,0,,0,اجهزه وعده,Vgr 056,,,,100,0,0,اجهزه والكترونيات,1,نواقص,99999,\us\134\pid\2840\f132913275795485654141.png,250,,2022/10/03,,,,,,,,2022/10/03,,0,,10,#ROYALELCHIM ,,شركه النور / عبد الهادي,,,,0,50,250,2022/02/23,,250,لا,500,400,300,275,4
2028,اجهزه وعده VGR 066 CARDLESS CLIPPER,0,0,295,0,500,0,425,0,375,0,350,0,2022/01/03,,,,,,,,,,,,,,,6973224080667,CARDLESS CLIPPER,0,,0,اجهزه وعده,VGR 066,,,,69٫49,0,0,,1,نواقص,99999,,295,,2022/01/03,,,,,,,,2022/01/03,,-1,,,,,شريف محمود / مستورد,,,,0,41,295,2021/10/26,,295,لا,500,425,375,350,0
2029,اجهزه وعده VGR 070,0,0,130٫8,0,250,0,220,0,200,0,150,0,2024/12/20,,,,,,,,,,,,,,,6973224080704,,0,,0,اجهزه وعده,VGR 070,,,,91٫13,0,0,اجهزه والكترونيات,1,نواقص,99999,\us\134\pid\2582\f132878749289859625145.png,130,,2022/06/04,,,,,,,,2022/06/06,,0,,10,#ROYALELCHIM ,,شركه النور / عبد الهادي,,,,0,47٫68,130,2022/02/23,,130٫8,لا,250,220,200,150,4
2030,اجهزه وعده VGR 071,0,0,298٫02,0,450,0,410,0,375,0,350,0,2025/10/10,,,,,,,,,,,,,,,6973224080711,,0,,0,اجهزه وعده,VGR 071,,,,50٫99,0,0,اجهزه والكترونيات,1,نواقص,99999,\us\134\pid\2581\f132878737259061585134.png,300,,2025/02/03,,,,,,,,2024/02/18,Online,1,2024/02/01,10,#ROYALELCHIM ,,شركه النور / الحج عبد الهادي,,,,0,33٫77,300,2024/01/21,,298٫02,لا,450,410,375,350,3
2031,اجهزه وعده VGR 076,0,0,205٫39,0,380,0,300,0,250,0,220,0,2024/12/20,,,,,,,,,,,,,,,6973224080766,,0,,0,اجهزه وعده,VGR 076,,,,85٫01,0,0,اجهزه والكترونيات,1,نواقص,99999,\us\134\pid\2593\f132883039291531673161.png,195,,2022/06/18,,,,,,,,2022/11/15,,2,,10,#ROYALELCHIM ,,شركه النور / عبد الهادي,,,,0,45٫95,195,2022/02/23,,205٫39,لا,380,300,250,220,5
2032,اجهزه وعده VGR 082,0,0,200,0,350,0,325,0,300,0,250,0,2022/01/17,,,,,,,,,,,,,,,6973224080827,,0,,0,اجهزه وعده,VGR 082,,,,75,0,0,,1,نواقص,99999,,200,,2021/12/23,,,,,,,,2022/01/17,,-1,,,,,ميخائيل نجع حمادي,,,,0,42٫86,200,2021/11/09,,200,لا,350,325,300,250,0
2033,اجهزه وعده VGR 085 .,0,0,465,0,950,0,850,0,750,0,650,0,2025/12/04,,,,,,,,,,,,,,,6973224080858,.,0,,0,اجهزه وعده,VGR 085,,,,104٫3,0,0,اجهزه والكترونيات,1,نواقص,99999,\us\134\pid\1848\f132882997799262394136.png,465,,2025/12/05,,,,,,,,2025/12/04,,1,,10,#ROYALELCHIM ,,ميخائيل نجع حمادي,,,,0,51٫05,465,2025/07/22,VGR 085,465,لا,950,850,750,650,4
2034,اجهزه وعده VGR 092,0,0,450,0,700,0,650,0,600,0,550,0,2022/11/03,,,,,,,,,,,,,,,6973224080926,,0,,0,اجهزه وعده,VGR 092,,,,55٫56,0,0,,1,---,99999,,450,,,,,,,,,,2022/11/03,,-1,,,,,ابو هاني,,,,0,35٫71,450,2022/11/03,,450,لا,700,650,600,550,0
2035,اجهزه وعده Vgr 111,0,0,185,0,375,0,300,0,250,0,215,0,2024/12/20,,,,,,,,,,,,,,,6973224081114,,0,,0,اجهزه وعده,Vgr 111,,,,102٫7,0,0,اجهزه والكترونيات,1,نواقص,99999,\us\134\pid\2841\f132913326164576252169.png,185,,2022/04/22,,,,,,,,2022/08/11,,1,,10,#ROYALELCHIM ,,شركه النور / عبد الهادي,,,,0,50٫67,185,2022/02/23,,185,لا,375,300,250,215,4
2036,اجهزه وعده Vgr 114,0,0,320,0,500,0,450,0,400,0,380,0,2022/09/13,,,,,,,,,,,,,,,005122,,0,,0,اجهزه وعده,Vgr 114,,,,56٫25,0,0,,1,---,99999,,320,,,,,,,,,,2022/09/13,,-1,,,,,ابو هاني,,,,0,36,320,2022/09/13,,320,لا,500,450,400,380,0
2037,اجهزه وعده VGR 122 CLIPPER,0,0,270,0,450,0,375,0,350,0,300,0,2021/11/05,,,,,,,,,,,,,,,6973224081220,CLIPPER,0,,0,اجهزه وعده,VGR 122,,,,66٫67,0,0,,1,نواقص,99999,,270,,2021/11/05,,,,,,,,2021/11/05,,-1,,,,,شريف محمود / مستورد,,,,0,40,270,2021/10/26,,270,لا,450,375,350,300,0
2038,اجهزه وعده VGR 165,0,0,241٫06,0,500,0,400,0,340,0,290,0,2023/05/04,,,,,,,,,,,,,,,6973224081657,,0,,0,اجهزه وعده,VGR 165,,,,107٫41,0,0,اجهزه والكترونيات,1,نواقص,99999,\us\134\pid\2575\f132879500580049651113.png,240,,2023/04/19,,,,,,,,2023/05/04,,1,,10,#ROYALELCHIM ,,شركه النور / عبد الهادي,,,,0,51٫79,241٫06,2022/09/21,,241٫06,لا,500,400,340,290,4
2039,اجهزه وعده Vgr 171,0,0,130,0,250,0,220,0,200,0,175,0,2023/05/10,,,,,,,,,,,,,,,005132,,0,,0,اجهزه وعده,Vgr 171,,,,92٫31,0,0,,1,---,99999,,130,,,,,,,,,,2022/12/13,,-1,,,,,ابو هاني,,,,0,48,130,2022/11/03,,130,لا,250,220,200,175,0
2040,اجهزه وعده VGR 171 CORDLESS,0,0,160٫7,0,300,0,250,0,225,0,190,0,2024/12/20,,,,,,,,,,,,,,,6973224081718,CORDLESS,0,,0,اجهزه وعده,VGR 171,,,,86٫69,0,0,,1,---,99999,,160,,,,,,,,,,2022/09/28,,-1,,,,,Fady مسن,,,,0,46٫43,160,2022/09/28,,160٫7,لا,300,250,225,190,0
2041,اجهزه وعده VGR 175,0,0,195٫86,0,400,0,350,0,300,0,245,0,2024/12/20,,,,,,,,,,,,,,,6973224081756,,0,,0,اجهزه وعده,VGR 175,,,,104٫22,0,0,اجهزه والكترونيات,1,---,99999,\us\134\pid\2588\f132878775309729823176.png,195,,,,,,,,,,2023/05/04,,1,,10,#ROYALELCHIM ,,شركه النور / عبد الهادي,,,,0,51٫03,195٫86,2022/01/25,,195٫86,لا,400,350,300,245,4
2042,اجهزه وعده VGR 181,0,0,434٫1,0,750,0,650,0,600,0,500,0,2022/03/02,,,,,,,,,,,,,,,6973224081817,,0,,0,اجهزه وعده,VGR 181,,,,72٫77,0,0,,1,---,99999,,440,,,,,,,,,,2022/03/02,,-1,,,,,سعيد سالم,,,,0,42٫12,434٫1,2021/12/11,,434٫1,لا,750,650,600,500,0
2043,اجهزه وعده VGR 228,0,0,288٫65,0,450,0,400,0,350,0,310,0,2024/12/20,,,,,,,,,,,,,,,6973224082289,,0,,0,اجهزه وعده,VGR 228,,,,55٫9,0,0,اجهزه والكترونيات,1,نواقص,99999,\us\134\pid\1617\f132882982726537155122.png,290,,2022/04/27,,,,,,,,2023/02/23,,0,,10,#ROYALELCHIM ,,محارب صبرى,,,,0,35٫85,290,2023/02/23,,288٫65,لا,450,400,350,310,4
2044,اجهزه وعده VGR 265,0,0,211٫64,0,400,0,350,0,300,0,280,0,2023/11/08,,,,,,,,,,,,,,,6973224082654,,0,,0,اجهزه وعده,VGR 265,,,,89,0,0,اجهزه والكترونيات,1,نواقص,99999,\us\134\pid\1626\f132878726117484479125.png,200,,2023/10/23,,,,,,,,2023/11/08,,2,,10,#ROYALELCHIM ,,شركه النور / عبد الهادي,,,,0,47٫09,200٫89,2022/09/21,,211٫64,لا,400,350,300,280,3
2045,اجهزه وعده VGR 267,0,0,500٫46,0,850,0,750,0,650,0,575,0,2024/12/20,,,,,,,,,,,,,,,6973224082678,,0,,0,اجهزه وعده,VGR 267,,,,69٫84,0,0,,1,نواقص,99999,,510,,2021/11/10,,,,,,,,2021/10/17,,-1,,,,,معرض الوكيل للتجاره,,,,0,41٫12,515٫91,2021/09/13,,500٫46,لا,850,750,650,575,0
2046,اجهزه وعده Vgr 276,0,0,485,0,700,0,600,0,575,0,530,0,2022/09/13,,,,,,,,,,,,,,,005123,,0,,0,اجهزه وعده,Vgr 276,,,,44٫33,0,0,,1,---,99999,,485,,,,,,,,,,2022/09/13,,-1,,,,,ابو هاني,,,,0,30٫71,485,2022/09/13,,485,لا,700,600,575,530,0
2047,اجهزه وعده VGR 278 CLIPPER,0,0,249٫86,0,500,0,430,0,400,0,330,0,2023/01/25,,,,,,,,,,,,,,,6973224082784,CLIPPER,0,,0,اجهزه وعده,VGR 278,,,,100٫11,0,0,اجهزه والكترونيات,1,نواقص,99999,\us\134\pid\2162\f132883026722303855151.png,240,,2021/11/23,,,,,,,,2023/01/25,,1,,10,#ROYALELCHIM ,,شركه النور / عبد الهادي,,,,0,50٫03,241٫06,2022/01/25,,249٫86,لا,500,430,400,330,6
2048,اجهزه وعده Vgr 306,0,0,320,0,650,0,550,0,450,0,380,0,2023/05/10,,,,,,,,,,,,,,,6973224083064,,0,,0,اجهزه وعده,Vgr 306,,,,103٫13,0,0,,1,---,99999,,320,,,,,,,,,,,,-1,,,,,محارب صبرى,,,,0,50٫77,320,2023/02/23,,320,لا,650,550,450,380,0
2049,اجهزه وعده VGR 307,0,0,405٫92,0,700,0,625,0,550,0,470,0,2025/01/12,,,,,,,,,,,,,,,6973224083071,,0,,0,اجهزه وعده,VGR 307,,,,72٫45,0,0,,1,نواقص,99999,,390,,2025/01/12,,,,,,,,2025/01/12,,-1,,,,,شركه النور / الحج عبد الهادي,,,,0,42٫01,390,2024/01/21,,405٫92,لا,700,625,550,470,0
2050,اجهزه وعده VGR 311 SHAVER1,0,0,150,0,250,0,220,0,200,0,175,0,2022/02/11,,,,,,,,,,,,,,,6973224083118,SHAVER1,0,,0,اجهزه وعده,VGR 311,,,,66٫67,0,0,,1,---,99999,,150,,,,,,,,,,2022/02/11,,-1,,,,,شريف محمود / مستورد,,,,0,40,150,2021/10/26,,150,لا,250,220,200,175,0
2051,اجهزه وعده VGR 316,0,0,300,0,600,0,500,0,450,0,350,0,2022/12/03,,,,,,,,,,,,,,,6973224083163,,0,,0,اجهزه وعده,VGR 316,,,,100,0,0,اجهزه والكترونيات,1,نواقص,99999,\us\134\pid\2911\f132914144772784578116.png,300,,2022/12/03,,,,,,,,2022/12/03,,0,,10,#ROYALELCHIM ,,شركه النور / عبد الهادي,,,,0,50,300,2022/09/21,,300,لا,600,500,450,350,7
2052,اجهزه وعده VGR 330,0,0,300,0,600,0,500,0,400,0,350,0,2022/04/20,,,,,,,,,,,,,,,6971781333301,,0,,0,اجهزه وعده,VGR 330,,,,100,0,0,اجهزه والكترونيات,1,---,99999,\us\134\pid\2912\f132914090964178180189.png,300,,,,,,,,,,2022/04/20,,0,,10,#ROYALELCHIM ,,شركه النور / عبد الهادي,,,,0,50,300,2022/02/25,,300,لا,600,500,400,350,5
2053,اجهزه وعده VGR 332,0,0,684٫77,0,1100,0,950,0,875,0,800,0,2024/03/15,,,,,,,,,,,,,,,6973224083323,,0,,0,اجهزه وعده,VGR 332,,,,60٫64,0,0,,1,---,99999,,650,,,,,,,,,,2024/03/15,,-1,,,,,شركه النور / الحج عبد الهادي,,,,0,37٫75,650,2024/01/21,,684٫77,لا,1100,950,875,800,0
2054,اجهزه وعده Vgr 339,0,0,95,0,195,0,165,0,135,0,115,0,2024/12/20,,,,,,,,,,,,,,,6973224083392,,0,,0,اجهزه وعده,Vgr 339,,,,105٫26,0,0,اجهزه والكترونيات,1,نواقص,99999,\us\134\pid\2852\f132915006324529320119.png,95,,2022/02/26,,,,,,,,2022/08/31,,0,,10,#ROYALELCHIM ,,شركه النور / عبد الهادي,,,,0,51٫28,95,2022/02/23,,95,لا,195,165,135,115,6
2055,اجهزه وعده Vgr 341,0,0,95,0,195,0,165,0,135,0,115,0,2024/12/20,,,,,,,,,,,,,,,6973224083415,,0,,0,اجهزه وعده,Vgr 341,,,,105٫26,0,0,اجهزه والكترونيات,1,نواقص,99999,\us\134\pid\2851\f132913296268748396153.png,95,,2022/06/18,,,,,,,,2023/01/09,,0,,10,#ROYALELCHIM ,,شركه النور / عبد الهادي,,,,0,51٫28,95,2022/02/23,,95,لا,195,165,135,115,6
2056,اجهزه وعده Vgr 399,0,0,300,0,600,0,500,0,400,0,375,0,2024/12/20,,,,,,,,,,,,,,,6973224083996,,0,,0,اجهزه وعده,Vgr 399,,,,100,0,0,,1,نواقص,99999,,300,,2022/02/26,,,,,,,,2022/04/13,,-1,,,,,شركه النور / عبد الهادي,,,,0,50,300,2022/02/23,,300,لا,600,500,400,375,0
2057,اجهزه وعده VGR 403,0,0,300,0,650,0,500,0,400,0,350,0,2025/06/27,,,,,,,,,,,,,,,6971781334032,,0,,0,اجهزه وعده,VGR 403,,,,116٫67,0,0,,1,نواقص,99999,,300,,2025/06/27,,,,,,,,2025/06/27,,-1,,,,,شركه النور / عبد الهادي,,,,0,53٫85,300,2022/02/25,,300,لا,650,500,400,350,0
2058,اجهزه وعده VGR 526,0,0,330,0,650,0,500,0,450,0,360,0,2024/12/20,,,,,,,,,,,,,,,6971781335268,,0,,0,اجهزه وعده,VGR 526,,,,96٫97,0,0,,1,نواقص,99999,,330,,2022/06/18,,,,,,,,,,-1,,,,,رويال / اداره المخازن الاقصر,,,,0,49٫23,330,2021/05/09,,330,لا,650,500,450,360,0
2059,اجهزه وعده Vgr 657,0,0,350,0,800,0,700,0,650,0,600,0,2026/04/06,,,,,,,,,,,,,,,6973224086577,,0,,0,اجهزه وعده,Vgr 657,,,,128٫57,0,0,اجهزه والكترونيات,1,نواقص,99999,\us\134\pid\2915\f132913312396530304161.png,350,,2023/10/21,,,,,,,,2026/04/06,,1,,10,#ROYALELCHIM ,,شركه النور / عبد الهادي,,,,0,56٫25,350,2022/09/21,,350,لا,800,700,650,600,5
2060,اجهزه وعده VGR 672,0,0,361٫59,0,720,0,600,0,500,0,420,0,2022/06/07,,,,,,,,,,,,,,,6973224086720,,0,,0,اجهزه وعده,VGR 672,,,,99٫12,0,0,اجهزه والكترونيات,1,---,99999,\us\134\pid\2584\f132884718796786001127.png,360,,,,,,,,,,2022/06/07,,1,,10,#ROYALELCHIM ,,شركه النور / عبد الهادي,,,,0,49٫78,361٫59,2022/01/25,,361٫59,لا,720,600,500,420,6
2061,اجهزه وعده VGR 678,0,0,375٫8,0,650,0,600,0,550,0,425,0,2023/03/14,,,,,,,,,,,,,,,6973224086782,,0,,0,اجهزه وعده,VGR 678,,,,72٫96,0,0,,1,---,99999,,350,,,,,,,,,,2023/03/14,,-1,,,,,شركه النور / الحج عبد الهادي,,,,0,42٫18,375٫8,2023/02/25,,375٫8,لا,650,600,550,425,0
2062,اجهزه وعده VGR 679,0,0,614٫08,0,950,0,850,0,800,0,725,0,2024/07/08,,,,,,,,,,,,,,,6973224086799,,0,,0,اجهزه وعده,VGR 679,,,,54٫7,0,0,,1,نواقص,99999,,590,,2024/07/08,,,,,,,,2024/07/08,,-1,,,,,شركه النور / الحج عبد الهادي,,,,0,35٫36,590,2024/01/21,,614٫08,لا,950,850,800,725,0
2063,اجهزه وعده Vgr 680,0,0,300,0,450,0,400,0,350,0,320,0,2022/09/28,,,,,,,,,,,,,,,005127,,0,,0,اجهزه وعده,Vgr 680,,,,50,0,0,,1,---,99999,,300,,,,,,,,,,2022/09/28,,-1,,,,,Fady مسن,,,,0,33٫33,300,2022/09/28,,300,لا,450,400,350,320,0
2064,اجهزه وعده Vgr 689,0,0,320,0,600,0,550,0,500,0,450,0,2023/02/09,,,,,,,,,,,,,,,005141,,0,,0,اجهزه وعده,Vgr 689,,,,87٫5,0,0,,1,---,99999,,370,,,,,,,,,,2023/02/07,,-1,,,,,محارب صبرى,,,,0,46٫67,370,2023/02/03,,320,لا,600,550,500,450,0
2065,اجهزه وعده VGR 699,0,0,707٫76,0,1150,0,1000,0,900,0,800,0,2024/02/18,,,,,,,,,,,,,,,6973224086997,,0,,0,اجهزه وعده,VGR 699,,,,62٫49,0,0,,1,نواقص,99999,,680,,2024/02/05,,,,,,,,2024/02/18,,-1,,,,,شركه النور / الحج عبد الهادي,,,,0,38٫46,680,2024/01/21,,707٫76,لا,1150,1000,900,800,0
2066,اجهزه وعده VGR 700 4 IN 1,0,0,290,0,550,0,450,0,375,0,325,0,2023/03/31,,,,,,,,,,,,,,,005015,,0,,0,اجهزه وعده,VGR 700 4 IN 1,,,,89٫66,0,0,,1,نواقص,99999,,290,,2023/03/31,,,,,,,,2023/03/31,,-1,,,,,رويال / اداره المخازن الاقصر,,,,0,47٫27,290,2021/05/09,,290,لا,550,450,375,325,0
2067,اجهزه وعده Vgr 911,0,0,187٫9,0,280,0,250,0,225,0,200,0,2023/04/05,,,,,,,,,,,,,,,005131   6973224089110,,0,,0,اجهزه وعده,Vgr 911,,,,49٫02,0,0,,1,---,99999,,175,,,,,,,,,,2023/04/05,,-1,,,,,شركه النور / الحج عبد الهادي,,,,0,32٫89,187٫9,2023/02/25,,187٫9,لا,280,250,225,200,0
2068,اجهزه وعده Vgr 932,0,0,135,0,275,0,225,0,185,0,160,0,2024/12/20,,,,,,,,,,,,,,,6973224089325,,0,,0,اجهزه وعده,Vgr 932,,,,103٫7,0,0,اجهزه والكترونيات,1,نواقص,99999,\us\134\pid\2848\f132914114697836590199.png,135,,2022/02/26,,,,,,,,2022/03/20,,1,,10,#ROYALELCHIM ,,شركه النور / عبد الهادي,,,,0,50٫91,135,2022/02/23,,135,لا,275,225,185,160,3
2069,اجهزه وعده WAHL Ciassic Series Made In Hungary,0,0,675,0,1100,0,1000,0,900,0,800,0,2022/11/15,,,,,,,,,,,,,,,005051,Ciassic Series,0,,0,اجهزه وعده,WAHL,Made In Hungary,,,62٫96,0,0,,1,نواقص,99999,,675,,2022/03/10,,,,,,,,2022/11/15,,-1,,,,,رويال/ادره المخازن,,,,0,38٫64,675,2022/04/04,,675,لا,1100,1000,900,800,0
2070,اجهزه وعده WAHL Ciassic Series Made In USA,0,0,825,0,1350,0,1200,0,1000,0,900,0,2022/09/10,,,,,,,,,,,,,,,4015110005964,Ciassic Series,0,,0,اجهزه وعده,WAHL,Made In USA,,,63٫64,0,0,,1,نواقص,99999,,825,,2022/09/09,,,,,,,,2022/09/10,,-1,,,,,شريف محمود / مستورد,,,,0,38٫89,825,2021/10/26,,825,لا,1350,1200,1000,900,0
2071,اجهزه وعده WAHL Ciassic Series Taper Made In Hungary,0,0,800,0,1400,0,1200,0,1100,0,900,0,2022/10/20,,,,,,,,,,,,,,,5996415031881,Ciassic Series Taper,0,,0,اجهزه وعده,WAHL,Made In Hungary,Black,,75,0,0,,1,نواقص,99999,,800,,2022/03/22,,,,,,,,2022/10/20,,-1,,,,,شريف محمود / مستورد,,,,0,42٫86,800,2021/10/26,,800,لا,1400,1200,1100,900,0
2072,اجهزه وعده WAHL Detailer Made In Hungeary,0,0,1450,0,1900,0,1750,0,1650,0,1550,0,2022/01/04,,,,,,,,,,,,,,,5996415033182,Detailer,0,,0,اجهزه وعده,WAHL,Made In Hungeary,,,31٫03,0,0,,1,نواقص,99999,,1450,,2022/01/05,,,,,,,,2022/01/04,,-1,,,,,شريف محمود / مستورد,,,,0,23٫68,1450,2021/10/26,,1450,لا,1900,1750,1650,1550,0
2073,اجهزه وعده WAHL Detailer Made In U.S.A,0,0,2100,0,2800,0,2650,0,2500,0,2300,0,2023/01/01,,,,,,,,,,,,,,,043917006406,Detailer,0,,0,اجهزه وعده,WAHL,Made In U.S.A,Cardless,,33٫33,0,0,,1,نواقص,99999,,2100,,2022/11/04,,,,,,,,2022/12/27,,-1,,,,,شريف محمود / مستورد,,,,0,25,2100,2021/10/26,,2100,لا,2800,2650,2500,2300,0
2074,اجهزه وعده WAHL Finale Made In USA,0,0,1550,0,2000,0,1850,0,1750,0,1650,0,2026/05/05,,,,,,,,,,,,,,,043917005126,Finale,0,,0,اجهزه وعده,WAHL,Made In USA,,,29٫03,0,0,,1,نواقص,99999,,1550,,2026/05/05,,,,,,,,2026/05/05,,-1,,,,,شريف محمود / مستورد,,,,0,22٫5,1550,2021/10/26,,1550,لا,2000,1850,1750,1650,0
2075,اجهزه وعده WAHL Hero Made In U.S.A,0,0,1100,0,1600,0,1450,0,1350,0,1200,0,2024/05/17,,,,,,,,,,,,,,,043917004877,Hero,0,,0,اجهزه وعده,WAHL,Made In U.S.A,,,45٫45,0,0,,1,نواقص,99999,,1100,,2023/09/09,,,,,,,,2024/05/17,,-1,,,,,شريف محمود / مستورد,,,,0,31٫25,1100,2021/10/26,,1100,لا,1600,1450,1350,1200,0
2076,اجهزه وعده WAHL Icon Classic Series,0,0,1150,0,1600,0,1400,0,1200,0,1100,0,2022/04/15,,,,,,,,,,,,,,,4015110017011,Icon,0,,0,اجهزه وعده,WAHL,Classic Series,Made In U.S.A,,39٫13,0,0,,1,نواقص,99999,,1150,,2022/01/03,,,,,,,,2022/04/15,,-1,,,,,رويال/ادره المخازن,,,,0,28٫13,1150,2022/04/15,,1150,لا,1600,1400,1200,1100,0
2077,اجهزه وعده WAHL Legend Made In U.S.A,0,0,1100,0,1600,0,1450,0,1350,0,1200,0,2022/10/06,,,,,,,,,,,,,,,043917004495,Legend,0,,0,اجهزه وعده,WAHL,Made In U.S.A,,,45٫45,0,0,,1,نواقص,99999,,1100,,2022/10/06,,,,,,,,2022/10/06,,-1,,,,,شريف محمود / مستورد,,,,0,31٫25,1100,2021/10/26,,1100,لا,1600,1450,1350,1200,0
2078,اجهزه وعده WAHL MAGIC CLIP CARDLESS,0,0,1540,0,2300,0,2100,0,1900,0,1800,0,2024/12/20,,,,,,,,,,,,,,,5996415032406,MAGIC CLIP,0,,0,اجهزه وعده,WAHL,CARDLESS,,,49٫35,0,0,,1,نواقص,99999,,1540,,2022/06/18,,,,,,,,,,-1,,,,,سعيد سالم,,,,0,33٫04,1540,2021/10/26,,1540,لا,2300,2100,1900,1800,0
2079,اجهزه وعده WAHL MAGIC CLIP CARDLESS,0,0,2300,0,3000,0,2800,0,2600,0,2450,0,2022/02/20,,,,,,,,,,,,,,,043917006833,MAGIC CLIP,0,,0,اجهزه وعده,WAHL,CARDLESS,Metal Edition,,30٫43,0,0,,1,نواقص,99999,,2300,,2022/02/22,,,,,,,,2022/02/20,,-1,,,,,شريف محمود / مستورد,,,,0,23٫33,2300,2021/10/26,,2300,لا,3000,2800,2600,2450,0
2080,اجهزه وعده WAHL MAGIC CLIP Made In Hungery,0,0,950,0,1400,0,1300,0,1200,0,1100,0,2022/01/03,,,,,,,,,,,,,,,5996415032413,MAGIC CLIP,0,,0,اجهزه وعده,WAHL,Made In Hungery,,,47٫37,0,0,,1,نواقص,99999,,950,,2022/01/05,,,,,,,,2022/01/03,,-1,,,,,شريف محمود / مستورد,,,,0,32٫14,950,2021/10/26,,950,لا,1400,1300,1200,1100,0
2081,اجهزه وعده WAHL MAGIC CLIP Made In Hungery,0,0,1700,0,2300,0,2100,0,2000,0,1850,0,2022/07/27,,,,,,,,,,,,,,,5996415034523,MAGIC CLIP,0,,0,اجهزه وعده,WAHL,Made In Hungery,Card Less,,35٫29,0,0,,1,نواقص,99999,,1700,,2022/07/28,,,,,,,,2022/07/27,,-1,,,,,شريف محمود / مستورد,,,,0,26٫09,1700,2021/10/26,,1700,لا,2300,2100,2000,1850,0
2082,اجهزه وعده WAHL WHITE,0,0,758٫7,0,1250,0,100,0,950,0,825,0,2024/12/20,,,,,,,,,,,,,,,005037,WHITE,0,,0,اجهزه وعده,WAHL,,,,64٫76,0,0,,1,نواقص,99999,,750,,2022/03/22,,,,,,,,2021/10/17,,-1,,,,,معرض الوكيل للتجاره,,,,0,39٫3,758٫7,2021/09/13,,758٫7,لا,1250,100,950,825,0
2083,اجهزه وعده Wax Pro Heater,0,0,115,0,220,0,180,0,150,0,135,0,2023/02/05,,,,,,,,,,,,,,,005121,,0,,0,اجهزه وعده,Wax Pro Heater,,,,91٫3,0,0,,1,---,99999,,115,,,,,,,,,,2023/02/05,,-1,,,,,محارب صبرى,,,,0,47٫73,115,2023/01/04,,115,لا,220,180,150,135,0
2084,اجهزه وعده WAXESS TURKEY,0,0,300,0,550,0,500,0,450,0,400,0,2024/02/15,,,,,,,,,,,,,,,8681049010308   8681049011695,TURKEY,0,,0,اجهزه وعده,WAXESS,,,,83٫33,0,0,,1,نواقص,99999,,300,,2024/02/15,,,,,,,,2024/02/15,,-1,,,,,معرض الوكيل للتجاره,,,,0,45٫45,300,2023/07/13,,300,لا,550,500,450,400,0
2085,اجهزه وعده WAXESS TURKEY 1*1,0,0,105٫02,0,175,0,150,0,140,0,125,0,2024/12/20,,,,,,,,,,,,,,,8681049010001,TURKEY,0,,0,اجهزه وعده,WAXESS,1*1,,,66٫63,0,0,,1,---,99999,,100,,,,,,,,,,2023/03/26,,-1,,,,,معرض الوكيل للتجاره,,,,0,39٫99,100,2023/03/01,,105٫02,لا,175,150,140,125,0
2086,اجهزه وعده WHALE BLACK,0,0,910٫44,0,1500,0,1350,0,1200,0,1100,0,2021/12/16,,,,,,,,,,,,,,,005036,BLACK,0,,0,اجهزه وعده,WHALE,,,,64٫76,0,0,,1,نواقص,99999,,900,,2021/11/10,,,,,,,,2021/12/16,,-1,,,,,معرض الوكيل للتجاره,,,,0,39٫3,910٫44,2021/09/13,,910٫44,لا,1500,1350,1200,1100,0
2087,اجهزه وعده اوزون سخن وبارد,0,0,825,0,1400,0,1200,0,1100,0,1050,0,2024/12/20,,,,,,,,,,,,,,,005049,,0,,0,اجهزه وعده,اوزون سخن وبارد,,,,69٫7,0,0,,1,نواقص,99999,,825,,2022/06/18,,,,,,,,,,-1,,,,,سعيد سالم,,,,0,41٫07,825,2021/10/26,,825,لا,1400,1200,1100,1050,0
2088,اجهزه وعده بخار ستاند,0,0,0,0,1500,0,1300,0,1150,0,1000,0,,,,,,,,,,,,,,,,005010,,0,,0,اجهزه وعده,بخار ستاند,,,,,0,0,,1,نواقص,99999,,0,,2021/07/14,,,,,,,,,,-1,,,,,,,,,0,,0,,,0,لا,1500,1300,1150,1000,0
2089,اجهزه وعده بونيه حراري كيس,0,0,72,0,140,0,100,0,95,0,80,0,2024/12/20,,,,,,,,,,,,,,,005007,,0,,0,اجهزه وعده,بونيه حراري كيس,,,,94٫44,0,0,اجهزه والكترونيات,1,نواقص,99999,\us\134\pid\136\f132569318320975305018.png,72,,2024/10/26,,,,,,,,2024/10/25,,-1,2021/04/01,35,#ROYALELCHIM ,"بونيه,حراري,كيس",ميخائيل نجع حمادي,,,,0,48٫57,72,2023/05/24,بونيه حراري كيس,72,لا,140,100,95,80,3
2090,اجهزه وعده تنعيم شنطه,0,0,330,0,650,0,500,0,450,0,400,0,2022/11/23,,,,,,,,,,,,,,,005137,شنطه,0,,0,اجهزه وعده,تنعيم,,,,96٫97,0,0,,1,---,99999,,330,,,,,,,,,,2022/11/23,,-1,,,,,هاني مسن,,,,0,49٫23,330,2022/11/10,,330,لا,650,500,450,400,0
2091,اجهزه وعده جهاز 5*1 بشره,0,0,550,0,850,0,800,0,750,0,650,0,2023/01/14,,,,,,,,,,,,,,,005140,,0,,0,اجهزه وعده,جهاز 5*1 بشره,,,,54٫55,0,0,,1,---,99999,,550,,,,,,,,,,2023/01/14,,-1,,,,,محارب صبرى,,,,0,35٫29,550,2023/01/14,,550,لا,850,800,750,650,0
2092,اجهزه وعده جهاز بخار,0,0,950,0,1600,0,1500,0,1400,0,1300,0,2022/11/30,,,,,,,,,,,,,,,005134,,0,,0,اجهزه وعده,جهاز بخار,,,,68٫42,0,0,,1,---,99999,,950,,,,,,,,,,2022/11/30,,-1,,,,,,,,,0,40٫63,950,2022/11/30,,950,لا,1600,1500,1400,1300,0
2093,اجهزه وعده جهاز بخار ستاند صيني,0,0,1503٫29,0,2000,0,1900,0,1800,0,1700,0,2024/12/20,,,,,,,,,,,,,,,005063,صيني,0,,0,اجهزه وعده,جهاز بخار ستاند,,,,33٫04,0,0,,1,نواقص,99999,,1450,,2024/04/06,,,,,,,,2024/04/06,,-1,,,,,معرض صاصا,,,,0,24٫84,1503٫29,2023/03/04,,1503٫29,لا,2000,1900,1800,1700,0
2094,اجهزه وعده جهاز تنظيف بشره 6*1,0,0,4305٫81,0,5000,0,4800,0,4600,0,4500,0,2022/11/15,,,,,,,,,,,,,,,005133,6*1,0,,0,اجهزه وعده,جهاز تنظيف بشره,,,,16٫12,0,0,,1,---,99999,,4200,,,,,,,,,,2022/11/15,,-1,,,,,معرض الوكيل للتجاره,,,,0,13٫88,4305٫81,2022/11/06,,4305٫81,لا,5000,4800,4600,4500,0
2095,اجهزه وعده جهاز تنظيف بشره 6in1,0,0,2800,0,550,0,4500,0,3750,0,3250,0,2022/02/26,,,,,,,,,,,,,,,005120,6in1,0,,0,اجهزه وعده,جهاز تنظيف بشره,,,,-80٫36,0,0,,1,---,99999,,2800,,,,,,,,,,2022/02/26,,-1,,,,,شركه النور / عبد الهادي,,,,0,-409٫09,2800,2022/02/25,,2800,لا,550,4500,3750,3250,0
2096,اجهزه وعده جهاز شمع ENZO 4*1,0,0,135٫6,0,250,0,220,0,180,0,175,0,2024/12/20,,,,,,,,,,,,,,,6971312401257,4*1,0,,0,اجهزه وعده,جهاز شمع ENZO,,,,84٫37,0,0,اجهزه والكترونيات,1,---,99999,\us\134\pid\2563\f132889010820452146122.png,135,,,,,,,,,,2022/03/31,,0,,10,#ROYALELCHIM ,,شركه النور / عبد الهادي,,,,0,45٫76,135٫6,2022/01/25,,135٫6,لا,250,220,180,175,1
2097,اجهزه وعده جهاز شمع ايطالي,0,0,430,0,700,0,600,0,500,0,480,0,2022/11/15,,,,,,,,,,,,,,,005135,,0,,0,اجهزه وعده,جهاز شمع ايطالي,,,,62٫79,0,0,,1,---,99999,,430,,,,,,,,,,2022/11/15,,-1,,,,,هاني مسن,,,,0,38٫57,430,2022/11/10,,430,لا,700,600,500,480,0
2098,اجهزه وعده حامل مقص 2 عين,0,0,70,0,100,0,90,0,80,0,75,0,2022/09/28,,,,,,,,,,,,,,,005125,,0,,0,اجهزه وعده,حامل مقص 2 عين,,,,42٫86,0,0,,1,---,99999,,70,,,,,,,,,,2022/09/28,,-1,,,,,Fady مسن,,,,0,30,70,2022/09/28,,70,لا,100,90,80,75,0
2099,اجهزه وعده حجر قدم كهربا,0,0,100,0,200,0,180,0,150,0,120,0,2022/01/03,,,,,,,,,,,,,,,6957952230655,,0,,0,اجهزه وعده,حجر قدم كهربا,,,,100,0,0,,1,نواقص,99999,,100,,2022/01/12,,,,,,,,2022/01/03,,-1,,,,,رويال / اداره المخازن الاقصر,,,,0,50,100,2021/05/09,,100,لا,200,180,150,120,0
2100,اجهزه وعده سشوار Hd-3275,0,0,160,0,330,0,290,0,250,0,200,0,2023/09/23,,,,,,,,,,,,,,,6972051332758,,0,,0,اجهزه وعده,سشوار Hd-3275,,,,106٫25,0,0,,1,نواقص,99999,,160,,2022/11/30,,,,,,,,2023/09/23,,-1,,,,,رويال / اداره المخازن الاقصر,,,,0,51٫52,160,2021/05/09,,160,لا,330,290,250,200,0
2101,اجهزه وعده سشوار MODEL GERMANY8860,0,0,270,0,550,0,425,0,350,0,300,0,2024/12/20,,,,,,,,,,,,,,,4008689888601,,0,,0,اجهزه وعده,سشوار MODEL GERMANY8860,,,,103٫7,0,0,,1,نواقص,99999,,270,,2021/07/14,,,,,,,,,,-1,,,,,رويال/ادره المخازن,,,,0,50٫91,270,2021/12/16,,270,لا,550,425,350,300,0
2102,اجهزه وعده سشوار Ok Rbown 5000w,0,0,100,0,250,0,200,0,150,0,130,0,2023/05/10,,,,,,,,,,,,,,,005088,5000w,0,,0,اجهزه وعده,سشوار Ok Rbown,,,,150,0,0,,1,---,99999,,100,,,,,,,,,,,,-1,,,,,رويال/ادره المخازن,,,,0,60,100,2022/02/11,,100,لا,250,200,150,130,0
2103,اجهزه وعده سشوار VGR V-400,0,0,450,0,700,0,650,0,600,0,550,0,2025/01/28,,,,,,,,,,,,,,,6971781334001,V-400,0,,0,اجهزه وعده,سشوار VGR,,,,55٫56,0,0,,1,---,99999,,450,,,,,,,,,,,,-1,,,,,ميخائيل نجع حمادي,,,,0,35٫71,450,2025/01/12,,450,لا,700,650,600,550,0
2104,اجهزه وعده سنفره قدم شحن علي كارت,0,0,42,0,85,0,75,0,65,0,50,0,2024/12/20,,,,,,,,,,,,,,,6976675315659,علي كارت,0,,0,اجهزه وعده,سنفره قدم شحن,,,,102٫38,0,0,,1,نواقص,99999,,42,,2023/04/27,,,,,,,,2024/03/30,,-1,,,,,شركه النور / عبد الهادي,,,,0,50٫59,42,2022/02/25,,42,لا,85,75,65,50,0
2105,اجهزه وعده شفط دهون XN 8030,0,0,134٫83,0,285,0,250,0,225,0,195,0,2026/05/22,,,,,,,,,,,,,,,6937550900105   3831121183153   6972248673268   6973704070010,,0,,0,اجهزه وعده,شفط دهون XN 8030,,,,111٫38,0,0,اجهزه والكترونيات,1,نواقص,99999,\us\134\pid\219\f132570102501134084011.png,175,,2026/05/22,,,,,,,,2026/05/22,Online,2,,10,#ROYALELCHIM ,"جهاز,شفط,دهون.يزيل.الدهون.والبثور ,البيضه,والبشره.تكون.صافيه",ميخائيل نجع حمادي,,,,0,52٫69,175,2025/01/12,,134٫83,لا,285,250,225,195,4
2106,اجهزه وعده فرشه Home Gold 108,0,0,225,0,400,0,380,0,350,0,300,0,2025/06/14,,,,,,,,,,,,,,,6985261061080,,0,,0,اجهزه وعده,فرشه Home Gold 108,,,,77٫78,0,0,,1,نواقص,99999,,225,,2025/06/14,,,,,,,,2025/06/14,,-1,,,,,ميخائيل نجع حمادي,,,,0,43٫75,225,2025/03/18,,225,لا,400,380,350,300,0
2107,اجهزه وعده فرشه Tv,0,0,100,0,175,0,155,0,130,0,120,0,2022/01/24,,,,,,,,,,,,,,,735541302206,,0,,0,اجهزه وعده,فرشه Tv,,,,75,0,0,,1,نواقص,99999,,100,,2022/01/27,,,,,,,,2022/01/24,,-1,,,,,ميخائيل نجع حمادي,,,,0,42٫86,100,2021/11/20,,100,لا,175,155,130,120,0
2108,اجهزه وعده فرشه Zumaa,0,0,480,0,800,0,700,0,650,0,600,0,2026/06/06,,,,,,,,,,,,,,,6973926568739,,0,,0,اجهزه وعده,فرشه Zumaa,,,,66٫67,0,0,,1,نواقص,99999,,480,,2026/06/08,,,,,,,,2026/06/06,,-1,,,,,ميخائيل نجع حمادي,,,,0,40,480,2026/05/24,,480,لا,800,700,650,600,0
2109,اجهزه وعده فرشه موهير,0,0,395,0,850,0,800,0,750,0,650,0,2026/05/21,,,,,,,,,,,,,,,6973840527638,,0,,0,اجهزه وعده,فرشه موهير,,,,115٫19,0,0,,1,نواقص,99999,,395,,2026/05/21,,,,,,,,2026/05/21,,-1,,,,,ميخائيل نجع حمادي,,,,0,53٫53,395,2026/02/10,,395,لا,850,800,750,650,0
2110,اجهزه وعده ماسك بشره ضوئي,0,0,710,0,1400,0,1200,0,1000,0,950,0,2023/03/14,,,,,,,,,,,,,,,005050,,0,,0,اجهزه وعده,ماسك بشره ضوئي,,,,97٫18,0,0,,1,---,99999,,650,,,,,,,,,,2023/03/14,,-1,,,,,شركه النور / عبد الهادي,,,,0,49٫29,650,2022/02/25,,710,لا,1400,1200,1000,950,0
2111,اجهزه وعده ماكينه تنعيم,0,0,130,0,260,0,220,0,185,0,165,0,2022/11/15,,,,,,,,,,,,,,,005136,,0,,0,اجهزه وعده,ماكينه تنعيم,,,,100,0,0,,1,---,99999,,130,,,,,,,,,,2022/11/15,,-1,,,,,هاني مسن,,,,0,50,130,2022/11/10,,130,لا,260,220,185,165,0
2112,اجهزه وعده ماكينه تنعيم دقن 1,0,0,320,0,450,0,400,0,350,0,330,0,2022/09/28,,,,,,,,,,,,,,,005128,1,0,,0,اجهزه وعده,ماكينه تنعيم دقن,,,,40٫63,0,0,,1,---,99999,,320,,,,,,,,,,2022/09/28,,-1,,,,,Fady مسن,,,,0,28٫89,320,2022/09/28,,320,لا,450,400,350,330,0
2113,اجهزه وعده ماكينه تنعيم دقن 2,0,0,330,0,450,0,400,0,375,0,350,0,2022/09/28,,,,,,,,,,,,,,,005129,2,0,,0,اجهزه وعده,ماكينه تنعيم دقن,,,,36٫36,0,0,,1,---,99999,,330,,,,,,,,,,2022/09/28,,-1,,,,,Fady مسن,,,,0,26٫67,330,2022/09/28,,330,لا,450,400,375,350,0
2114,اجهزه وعده ماكينه تنعيم دقن W301,0,0,200٫16,0,330,0,285,0,250,0,235,0,2024/02/18,,,,,,,,,,,,,,,6927030000050,W301,0,,0,اجهزه وعده,ماكينه تنعيم دقن,,,,64٫86,0,0,,1,نواقص,99999,,190,,2022/01/12,,,,,,,,2024/02/18,,-1,,,,,شركه النور / الحج عبد الهادي,,,,0,39٫34,190,2024/01/21,,200٫16,لا,330,285,250,235,0
2115,اجهزه وعده مبرد اظافر كهرباء M.M 2500,0,0,495,0,850,0,750,0,650,0,575,0,2024/03/03,,,,,,,,,,,,,,,005045,M.M 2500,0,,0,اجهزه وعده,مبرد اظافر كهرباء,,,,71٫72,0,0,اجهزه والكترونيات,1,نواقص,99999,,495,,2021/12/25,,,,,,,,2024/03/03,,-1,,,,,سعيد سالم,,,,0,41٫76,495,2021/10/26,,495,لا,850,750,650,575,0
2116,اجهزه وعده مساج قدم,0,0,110,0,200,0,175,0,150,0,135,0,2024/12/20,,,,,,,,,,,,,,,005095,,0,,0,اجهزه وعده,مساج قدم,,,,81٫82,0,0,,1,نواقص,99999,,110,,2022/06/18,,,,,,,,2022/03/15,,-1,,,,,شركه النور / عبد الهادي,,,,0,45,110,2022/02/23,,110,لا,200,175,150,135,0
2117,اجهزه وعده مساج وجه NANOTOUCH,0,0,61,0,110,0,90,0,80,0,70,0,2022/12/28,,,,,,,,,,,,,,,005047,NANOTOUCH,0,,0,اجهزه وعده,مساج وجه,,,,80٫33,0,0,,1,نواقص,99999,,61,,2022/12/28,,,,,,,,2022/12/28,,-1,,,,,سعيد سالم,,,,0,44٫55,61,2021/10/26,,61,لا,110,90,80,70,0
2118,اجهزه وعده مساج وجه 3*1 LETHER SHOVEL,0,0,90,0,180,0,170,0,160,0,135,0,2021/12/25,,,,,,,,,,,,,,,111272061,,0,,0,اجهزه وعده,مساج وجه 3*1 LETHER SHOVEL,,,,100,0,0,,1,نواقص,99999,,90,,2021/12/28,,,,,,,,2021/12/25,,-1,,,,,ميخائيل نجع حمادي,,,,0,50,90,2021/05/13,,90,لا,180,170,160,135,0
2119,اجهزه وعده مساج وجه 8815,0,0,90,0,180,0,170,0,160,0,125,0,2023/12/17,,,,,,,,,,,,,,,005002,,0,,0,اجهزه وعده,مساج وجه 8815,,,,100,0,0,,1,نواقص,99999,,90,,2022/06/18,,,,,,,,,,-1,,,,,ميخائيل نجع حمادي,,,,0,50,90,2021/05/13,,90,لا,180,170,160,125,0
2120,اجهزه وعده مقص فتله يدوي,0,0,17٫33,0,30,0,25,0,22,0,20,0,2023/07/14,,,,,,,,,,,,,,,005148,,0,,0,اجهزه وعده,مقص فتله يدوي,,,,73٫08,0,0,,1,نواقص,99999,,17٫33,,2023/04/25,,,,,,,,2023/07/14,,-1,,,,,ميخائيل نجع حمادي,,,,0,42٫22,17٫33,2023/03/28,,17٫33,لا,30,25,22,20,0
2121,اجهزه وعده مكواة ABAZA HAIR STRAIGHTER 480 F,0,0,922,0,1900,0,1700,0,1500,0,1350,0,2022/04/07,,,,,,,,,,,,,,,8795336237207,HAIR STRAIGHTER,0,,0,اجهزه وعده,مكواة ABAZA,480 F,,,106٫07,0,0,,1,---,99999,,922,,,,,,,,,,2022/04/07,,-1,,,,,سعيد سالم,,,,0,51٫47,922,2021/10/26,,922,لا,1900,1700,1500,1350,0
2122,اجهزه وعده مكواه BA 294,0,0,230,0,450,0,400,0,350,0,260,0,2024/12/20,,,,,,,,,,,,,,,4041586322946,,0,,0,اجهزه وعده,مكواه BA 294,,,,95٫65,0,0,اجهزه والكترونيات,1,نواقص,99999,\us\134\pid\238\f132569326291774041023.png,230,,2022/02/15,,,,,,,,2022/02/14,,-1,2021/10/01,30,#ROYALELCHIM ,"BAR , BIELISS , 294 ,العنايه  ,بالشعر ,اجهزه  ,والكترونيات",رويال / اداره المخازن الاقصر,,,,0,48٫89,230,2021/05/09,BAR BIELISS BA 294,230,لا,450,400,350,260,2
2123,اجهزه وعده مكواه Babyverse,0,0,260,0,500,0,450,0,400,0,350,0,2024/05/08,,,,,,,,,,,,,,,6920230326012,,0,,0,اجهزه وعده,مكواه Babyverse,,,,92٫31,0,0,,1,نواقص,99999,,260,,2024/05/08,,,,,,,,2024/05/08,,-1,,,,,ميخائيل نجع حمادي,,,,0,48,260,2024/01/16,,260,لا,500,450,400,350,0
2124,اجهزه وعده مكواه DSP FLAWLESS 20109,0,0,300,0,575,0,475,0,375,0,325,0,2022/02/16,,,,,,,,,,,,,,,6971324565664,,0,,0,اجهزه وعده,مكواه DSP FLAWLESS 20109,,,,91٫67,0,0,,1,نواقص,99999,,300,,2021/07/14,,,,,,,,2022/02/16,,-1,,,,,رويال/ادره المخازن,,,,0,47٫83,300,2022/02/05,,300,لا,575,475,375,325,0
2125,اجهزه وعده مكواه HOME GOLD HG-219,0,0,363,0,650,0,600,0,550,0,500,0,2026/05/16,,,,,,,,,,,,,,,6985261062193,HG-219,0,,0,اجهزه وعده,مكواه HOME GOLD,,,,79٫06,0,0,,1,نواقص,99999,,335,,2026/05/16,,,,,,,,2026/05/16,,-1,,,,,ميخائيل نجع حمادي,,,,0,44٫15,335,2024/10/08,,363,لا,650,600,550,500,0
2126,اجهزه وعده مكواه Home Gold Hg-5250,0,0,390,0,750,0,600,0,525,0,480,0,2025/07/17,,,,,,,,,,,,,,,6977592000227,Hg-5250,0,,0,اجهزه وعده,مكواه Home Gold,,,,92٫31,0,0,,1,نواقص,99999,,390,,2025/07/17,,,,,,,,2025/07/17,,-1,,,,,ميخائيل نجع حمادي,,,,0,48,390,2025/06/03,,390,لا,750,600,525,480,0
2127,اجهزه وعده مكواه Home Gold Hg-650,0,0,200,0,500,0,400,0,350,0,300,0,2024/10/25,,,,,,,,,,,,,,,6985261016509,Hg-650,0,,0,اجهزه وعده,مكواه Home Gold,,,,150,0,0,,1,نواقص,99999,,200,,2024/10/25,,,,,,,,2024/10/25,,-1,,,,,ميخائيل نجع حمادي,,,,0,60,200,2024/10/08,,200,لا,500,400,350,300,0
2128,اجهزه وعده مكواه Home Gold Hg-905,0,0,460,0,850,0,800,0,750,0,700,0,2025/06/07,,,,,,,,,,,,,,,6977592000623,Hg-905,0,,0,اجهزه وعده,مكواه Home Gold,,,,84٫78,0,0,,1,نواقص,99999,,460,,2025/06/09,,,,,,,,2025/06/07,,-1,,,,,ميخائيل نجع حمادي,,,,0,45٫88,460,2025/06/03,,460,لا,850,800,750,700,0
2129,اجهزه وعده مكواه Home Gold Hg-906,0,0,460,0,900,0,800,0,700,0,650,0,2025/11/25,,,,,,,,,,,,,,,6977592000128,Hg-906,0,,0,اجهزه وعده,مكواه Home Gold,,,,95٫65,0,0,,1,نواقص,99999,,460,,2025/11/25,,,,,,,,2025/11/25,,-1,,,,,ميخائيل نجع حمادي,,,,0,48٫89,460,2025/06/03,,460,لا,900,800,700,650,0
2130,اجهزه وعده مكواه Home Gold 390,0,0,290,0,550,0,500,0,450,0,400,0,2024/02/03,,,,,,,,,,,,,,,6985261063909,,0,,0,اجهزه وعده,مكواه Home Gold 390,,,,89٫66,0,0,,1,نواقص,99999,,290,,2024/02/03,,,,,,,,2024/02/03,,-1,,,,,ميخائيل نجع حمادي,,,,0,47٫27,290,2024/01/16,,290,لا,550,500,450,400,0
2131,اجهزه وعده مكواه Kemei Km-2218,0,0,218٫53,0,425,0,375,0,325,0,300,0,2024/11/02,,,,,,,,,,,,,,,6955549322189,,0,,0,اجهزه وعده,مكواه Kemei Km-2218,,,,94٫48,0,0,,1,نواقص,99999,,235,,2024/11/02,,,,,,,,2024/11/02,,-1,,,,,ميخائيل نجع حمادي,,,,0,48٫58,235,2024/05/21,,218٫53,لا,425,375,325,300,0
2132,اجهزه وعده مكواه Kemei Km-327,0,0,0,0,200,0,180,0,150,0,130,0,,,,,,,,,,,,,,,,6955549303270,,0,,0,اجهزه وعده,مكواه Kemei Km-327,,,,,0,0,,1,نواقص,99999,,0,,2021/07/14,,,,,,,,,,-1,,,,,,,,,0,,0,,,0,لا,200,180,150,130,0
2133,اجهزه وعده مكواه KEMEI KM329,0,0,110,0,200,0,175,0,150,0,125,0,2024/12/20,,,,,,,,,,,,,,,6955549303294,,0,,0,اجهزه وعده,مكواه KEMEI KM329,,,,81٫82,0,0,,1,نواقص,99999,,110,,2022/06/18,,,,,,,,2023/05/25,,-1,,,,,رويال/ادره المخازن,,,,0,45,110,2022/02/05,,110,لا,200,175,150,125,0
2134,اجهزه وعده مكواة MAVI HAIR STRAIGHTER,0,0,550,0,1100,0,900,0,800,0,700,0,2022/07/06,,,,,,,,,,,,,,,005043,HAIR STRAIGHTER,0,,0,اجهزه وعده,مكواة MAVI,,,,100,0,0,اجهزه والكترونيات,1,---,99999,\us\134\pid\2011\f132816470545715344012.png,550,,,,,,,,,,2022/07/06,,1,,10,#ROYALELCHIM ,"MAVI,IONIC,IRON,شعر,تصفيف,مكوة,250,كورى",سعيد سالم,,,,0,50,550,2021/10/26,MAVI HAIR STRAIGHTER,550,لا,1100,900,800,700,4
2135,اجهزه وعده مكواة MAX LISS HAIR STRAIGHTER,0,0,800,0,1600,0,1400,0,1250,0,1150,0,2023/11/09,,,,,,,,,,,,,,,005041,HAIR STRAIGHTER,0,,0,اجهزه وعده,مكواة MAX LISS,,,,100,0,0,اجهزه والكترونيات,1,نواقص,99999,\us\134\pid\2007\f132816519983014459024.png,800,,2023/11/10,,,,,,,,2023/11/09,,1,,10,#ROYALELCHIM ,"MAXLISS,KERATIN,TREATMENT,علاج,شعر,فرد,كيراتين",سعيد سالم,,,,0,50,800,2021/10/26,MAXLISS HAIR STRAIGHTER,800,لا,1600,1400,1250,1150,8
2136,اجهزه وعده مكواه Tornado صفيح,0,0,1250,0,1850,0,1750,0,1650,0,1550,0,2025/03/18,,,,,,,,,,,,,,,005158,صفيح,0,,0,اجهزه وعده,مكواه Tornado,,,,48,0,0,,1,نواقص,99999,,1250,,2025/03/18,,,,,,,,2025/03/18,,-1,,,,,ميخائيل نجع حمادي,,,,0,32٫43,1250,2025/02/18,,1250,لا,1850,1750,1650,1550,0
2137,اجهزه وعده مكواه Tornado كرتون,0,0,1050,0,1600,0,1500,0,1400,0,1350,0,2025/02/10,,,,,,,,,,,,,,,01201805,كرتون,0,,0,اجهزه وعده,مكواه Tornado,,,,52٫38,0,0,,1,---,99999,,1050,,,,,,,,,,,,-1,,,,,ميخائيل نجع حمادي,,,,0,34٫38,1050,2025/02/03,,1050,لا,1600,1500,1400,1350,0
2138,اجهزه وعده مكواه V- BENZ 8194,0,0,0,0,1100,0,950,0,775,0,650,0,,,,,,,,,,,,,,,,4006522281947,,0,,0,اجهزه وعده,مكواه V- BENZ 8194,,,,,0,0,,1,نواقص,99999,,0,,2021/07/14,,,,,,,,,,-1,,,,,,,,,0,,0,,,0,لا,1100,950,775,650,0
2139,اجهزه وعده مكواه صاروخ BSTYLE 368 - 9MM,0,0,0,0,950,0,800,0,650,0,550,0,,,,,,,,,,,,,,,,6878665486651,,0,,0,اجهزه وعده,مكواه صاروخ BSTYLE 368 - 9MM,,,,,0,0,اجهزه والكترونيات,1,نواقص,99999,,0,,2021/07/14,,,,,,,,,,-1,2021/04/01,30,#ROYALELCHIM ,"مكوه,صاروخ,BSTYLE,368-9MM",,,,,0,,0,,مكوه صاروخ BSTYLE 368-9MM,0,لا,950,800,650,550,0
2140,اجهزه وعده مكواه كيرلي,0,0,420,0,700,0,600,0,500,0,485,0,2022/11/15,,,,,,,,,,,,,,,005138,,0,,0,اجهزه وعده,مكواه كيرلي,,,,66٫67,0,0,,1,---,99999,,420,,,,,,,,,,2022/11/15,,-1,,,,,هاني مسن,,,,0,40,420,2022/11/10,,420,لا,700,600,500,485,0
2141,اجهزه وعده مكواه كيرلي ديجيتال,0,0,230,0,375,0,325,0,275,0,250,0,2022/09/28,,,,,,,,,,,,,,,005126,,0,,0,اجهزه وعده,مكواه كيرلي ديجيتال,,,,63٫04,0,0,,1,---,99999,,230,,,,,,,,,,2022/09/28,,-1,,,,,Fady مسن,,,,0,38٫67,230,2022/09/28,,230,لا,375,325,275,250,0
2142,اجهزه وعده مكواه ماك جلد,0,0,0,0,1000,0,800,0,700,0,600,0,,,,,,,,,,,,,,,,005011,,0,,0,اجهزه وعده,مكواه ماك جلد,,,,,0,0,,1,---,99999,,0,,,,,,,,,,,,-1,,,,,,,,,0,,0,,,0,لا,1000,800,700,600,0
2143,اجهزه وعده مكوة Barbieliss Ba-405,0,0,517٫5,0,850,0,800,0,750,0,650,0,2025/05/14,,,,,,,,,,,,,,,6920201129024,Ba-405,0,,0,اجهزه وعده,مكوة Barbieliss,,,,64٫25,0,0,,1,نواقص,99999,,525,,2025/03/18,,,,,,,,2025/05/14,,-1,,,,,ميخائيل نجع حمادي,,,,0,39٫12,525,2025/01/12,,517٫5,لا,850,800,750,650,0
2144,اجهزه وعده مكوه Enzo,0,0,120,0,210,0,190,0,170,0,140,0,2022/11/15,,,,,,,,,,,,,,,6971312403435,,0,,0,اجهزه وعده,مكوه Enzo,,,,75,0,0,اجهزه والكترونيات,1,نواقص,99999,\us\134\pid\1994\f132815539263930037001.png,115,,2022/11/04,,,,,,,,2022/11/15,Online,1,,10,#ROYALELCHIM ,"ذقن,مكوة,تسريح,شعر,HAIR,BEARD",ميخائيل نجع حمادي,,,,0,42٫86,115,2021/10/27,ENZO MODELLING COMB,120,لا,210,190,170,140,4
2145,اجهزه وعده مكوه تورنيدو صفيح,0,0,1150,0,1850,0,1700,0,1600,0,1500,0,2026/05/30,,,,,,,,,,,,,,,005149,,0,,0,اجهزه وعده,مكوه تورنيدو صفيح,,,,60٫87,0,0,,1,نواقص,99999,,1150,,2026/05/30,,,,,,,,2026/05/30,,-1,,,,,ميخائيل نجع حمادي,,,,0,37٫84,1150,2026/03/24,,1150,لا,1850,1700,1600,1500,0
2146,اجهزه وعده ميزان ديجيتال,0,0,110,0,185,0,150,0,135,0,125,0,2024/12/20,,,,,,,,,,,,,,,005106,,0,,0,اجهزه وعده,ميزان ديجيتال,,,,68٫18,0,0,,1,---,99999,,110,,,,,,,,,,2023/04/19,,-1,,,,,شركه النور / عبد الهادي,,,,0,40٫54,110,2022/02/25,,110,لا,185,150,135,125,0
2147,اجهزه وعده واكس برو,0,0,100,0,175,0,150,0,135,0,115,0,2021/11/06,,,,,,,,,,,,,,,005062,,0,,0,اجهزه وعده,واكس برو,,,,75,0,0,,1,---,99999,,100,,,,,,,,,,2021/11/06,,-1,,,,,رويال/ادره المخازن,,,,0,42٫86,100,2021/11/06,,100,لا,175,150,135,115,0
2148,اجهزه وعده 6912165468530,0,0,0,0,,0,,0,,0,,0,,,,,,,,,,,,,,,,005163,,0,,0,اجهزه وعده,6912165468530,,,,,0,0,,1,---,99999,,0,,,,,,,,,,,,-1,,,,,,,,,0,,0,,,0,لا,,,,,0
2149,اجهزه وعده 6920140620217,0,0,0,0,,0,,0,,0,,0,,,,,,,,,,,,,,,,005161,,0,,0,اجهزه وعده,6920140620217,,,,,0,0,,1,---,99999,,0,,,,,,,,,,,,-1,,,,,,,,,0,,0,,,0,لا,,,,,0
2150,اجهزه وعده 6920201129024,0,0,0,0,,0,,0,,0,,0,,,,,,,,,,,,,,,,005162,,0,,0,اجهزه وعده,6920201129024,,,,,0,0,,1,---,99999,,0,,,,,,,,,,,,-1,,,,,,,,,0,,0,,,0,لا,,,,,0
2151,اجهزه وعده 6920211112023,0,0,0,0,,0,,0,,0,,0,,,,,,,,,,,,,,,,005160,,0,,0,اجهزه وعده,6920211112023,,,,,0,0,,1,---,99999,,0,,,,,,,,,,,,-1,,,,,,,,,0,,0,,,0,لا,,,,,0
2152,اجهزه وعده 6955549301894,0,0,0,0,,0,,0,,0,,0,,,,,,,,,,,,,,,,005157,,0,,0,اجهزه وعده,6955549301894,,,,,0,0,,1,---,99999,,0,,,,,,,,,,,,-1,,,,,,,,,0,,0,,,0,لا,,,,,0
336,إجمالي -   اجهزه وعده,0,0,0,0,0,0,0,0,0,0,0,0,,0,0,0,0,0,0,0,0,0,0,0,0,0,0,,,0,0,0,,,,,,0,0,,,,,,,0,,,,,0,0,0,0,0,,,,,,,,,,,,,,0,,,0,,0,0,0,0,
,,,,,,,,,,,,,,,,,,,,,,,,,,,,,,,,,,,,,,,,,,,,,,,,,,,,,,,,,,,,,,,,,,,,,,,,,,,,,,,
,اسبراي,,,,,,,,,,,,,,,,,,,,,,,,,,,,,,,,,اسبراي,,,,,,,,,,,,,,,,,,,,,,,,,,,,,,,,,,,,,,,,,,,,,
2153,اسبراي FREE WOMAN 150 ML NEW WOMAN,0,0,25,0,40,0,35,0,30,0,28٫5,0,2024/12/20,,,,,,,,,,,,,,,019001,NEW WOMAN,0,,0,اسبراي,FREE WOMAN 150 ML,,,,60,0,0,عطور,1,نواقص,99999,\us\134\pid\394\f132583146223135826008.png,25,,2023/10/13,,,,,,,,2023/03/07,,2,,10,#SPRAY ,"FREE,WOMAN,150,ML,NEWMAN",رصيد اول المده,,,,0,37٫5,25,2021/08/03,FREE WOMAN 150 ML,25,لا,40,35,30,28٫5,2
2154,اسبراي Galaxy 121 Sexy,0,0,50,0,70,0,65,0,60,0,55,0,2023/05/09,,,,,,,,,,,,,,,5055810014681,121 Sexy,0,,0,اسبراي,Galaxy,,,,40,0,0,,1,نواقص,99999,,50,,2023/05/09,,,,,,,,2023/05/09,,-1,,,,,كيرمينا,,,,0,28٫57,50,2022/12/06,,50,لا,70,65,60,55,0
2155,اسبراي Galaxy Blue Lidy,0,0,50,0,70,0,65,0,60,0,55,0,2023/08/01,,,,,,,,,,,,,,,5055810014643,Blue Lidy,0,,0,اسبراي,Galaxy,,,,40,0,0,,1,نواقص,99999,,50,,2023/08/02,,,,,,,,2023/08/01,,-1,,,,,كيرمينا,,,,0,28٫57,50,2022/12/06,,50,لا,70,65,60,55,0
2156,اسبراي Galaxy Epho,0,0,50,0,70,0,65,0,60,0,55,0,2023/04/15,,,,,,,,,,,,,,,5055810014698,Epho,0,,0,اسبراي,Galaxy,,,,40,0,0,,1,نواقص,99999,,50,,2023/04/15,,,,,,,,2023/04/15,,-1,,,,,كيرمينا,,,,0,28٫57,50,2022/12/06,,50,لا,70,65,60,55,0
4,إجمالي -   اسبراي,0,0,0,0,0,0,0,0,0,0,0,0,,0,0,0,0,0,0,0,0,0,0,0,0,0,0,,,0,0,0,,,,,,0,0,,,,,,,0,,,,,0,0,0,0,0,,,,,,,,,,,,,,0,,,0,,0,0,0,0,
,,,,,,,,,,,,,,,,,,,,,,,,,,,,,,,,,,,,,,,,,,,,,,,,,,,,,,,,,,,,,,,,,,,,,,,,,,,,,,,
,افون,,,,,,,,,,,,,,,,,,,,,,,,,,,,,,,,,افون,,,,,,,,,,,,,,,,,,,,,,,,,,,,,,,,,,,,,,,,,,,,,
2157,افون AAA,0,0,0,0,10,0,9,0,8,0,7,0,2024/05/09,,,,,,,,,,,,,,,128001,,0,,0,افون,AAA,,,,,0,0,,1,---,99999,,5,,,,,,,,,,,,-1,,,,,,,,,0,,5,2024/05/09,,0,لا,10,9,8,7,0
1,إجمالي -   افون,0,0,0,0,0,0,0,0,0,0,0,0,,0,0,0,0,0,0,0,0,0,0,0,0,0,0,,,0,0,0,,,,,,0,0,,,,,,,0,,,,,0,0,0,0,0,,,,,,,,,,,,,,0,,,0,,0,0,0,0,
,,,,,,,,,,,,,,,,,,,,,,,,,,,,,,,,,,,,,,,,,,,,,,,,,,,,,,,,,,,,,,,,,,,,,,,,,,,,,,,
,الكيم,,,,,,,,,,,,,,,,,,,,,,,,,,,,,,,,,الكيم,,,,,,,,,,,,,,,,,,,,,,,,,,,,,,,,,,,,,,,,,,,,,
2158,الكيم 1KA NATURAL MASK,0,0,0,0,35,0,30,0,20,0,16,0,,,,,,,,,,,,,,,,012023,,0,,0,الكيم,1KA NATURAL MASK,,,,,0,0,منتجات العنايه الشخصيه,1,نواقص,99999,\us\134\pid\344\f132551075996706682143.png,0,,2021/07/14,,,,,,,,,,-7,2021/04/01,10,#ROYALELCHIM ,"MASK,HAIR,1KA,شعر,حمام كريم,ماسك,عنايه,ترطيب",,,,,0,,0,,1KA NATURAL MASK,0,لا,35,30,20,16,3
2159,الكيم 4U GEL,0,0,10,0,20,0,18,0,15,0,12٫5,0,2023/09/25,,,,,,,,,,,,,,,012256,,0,,0,الكيم,4U GEL,,,,100,0,0,,1,---,99999,,10,,2022/09/14,,,,,,,,2023/09/25,,-1,,,,,معرض الوكيل للتجاره,,,,0,50,10,2022/08/12,,10,لا,20,18,15,12٫5,0
2160,الكيم 4YOU CONDITIONER SHEA BUTTER,0,0,10,0,25,0,20,0,15,0,12,0,2022/06/26,,,,,,,,,,,,,,,012071,,0,,0,الكيم,4YOU CONDITIONER SHEA BUTTER,,,,150,0,0,منتجات العنايه الشخصيه,1,---,99999,\us\134\pid\628\f132580575001687052615.png,10,,,,,,,,,,2022/06/26,,6,2021/04/01,10,#ROYALELCHIM ,"4YOU,CONDITIONE, SHER ,BHEA,BUTTER,لعنايه ,بالشعر",رصيد اول المده,,,,0,60,10,2021/08/29,4YOU CONDITIONER SHER BHEA BUTTER,10,لا,25,20,15,12,2
2161,الكيم AVONA MUD MASK,0,0,10٫08,0,25,0,20,0,15,0,12٫5,0,2024/12/20,,,,,,,,,,,,,,,6224010198234,,0,,0,الكيم,AVONA MUD MASK,,,,148٫03,0,0,,1,نواقص,99999,,10,,2023/10/13,,,,,,,,2022/11/27,,-1,,,,,رويال/ادره المخازن,,,,0,59٫68,10,2022/02/04,,10٫08,لا,25,20,15,12٫5,0
2162,الكيم Axe الوان,0,0,19٫22,0,30,0,25,0,22,0,20,0,2023/10/12,,,,,,,,,,,,,,,012221,الوان,0,,0,الكيم,Axe,,,,56٫1,0,0,,1,نواقص,99999,,19,,2023/10/13,,,,,,,,2023/08/02,,-1,,,,,معرض الوكيل للتجاره,,,,0,35٫94,19,2023/01/25,,19٫22,لا,30,25,22,20,0
2163,الكيم BAKING POWDER 250 Ml,0,0,15,0,30,0,25,0,22,0,20,0,2022/08/26,,,,,,,,,,,,,,,012199,250 Ml,0,,0,الكيم,BAKING POWDER,,,,100,0,0,,1,نواقص,99999,,15,,2022/08/27,,,,,,,,2022/08/26,,-1,,,,,رويال / اداره المخازن الاقصر,,,,0,50,15,2021/12/29,,15,لا,30,25,22,20,0
2164,الكيم BAKING POWDER SOAP,0,0,15,0,25,0,22,0,20,0,17,0,2024/05/16,,,,,,,,,,,,,,,622400739337,,0,,0,الكيم,BAKING POWDER SOAP,,,,66٫67,0,0,منتجات العنايه الشخصيه,1,نواقص,99999,\us\134\pid\243\f132542580063787864035.jpg,15,,2023/02/19,,,,,,,,2023/02/18,,-6,2021/01/10,25,#ROYALELCHIM ,"العنايه , البشره , الشخصيه ,صابونه  ,صولا   ,بودر  ,بيكنج  , SOLA , BAKING , POWDER , SOAP ,",رويال/ادره المخازن,,,,0,40,15,2022/02/09,SOLA BAKING POWDER SOAP,15,لا,25,22,20,17,3
2165,الكيم Bigger,0,0,31٫06,0,75,0,60,0,50,0,45,0,2023/04/15,,,,,,,,,,,,,,,012297,,0,,0,الكيم,Bigger,,,,141٫51,0,0,,1,---,99999,,30,,,,,,,,,,2023/04/15,,-1,,,,,الاصدقاء,,,,0,58٫59,31٫06,2023/03/04,,31٫06,لا,75,60,50,45,0
2166,الكيم BLACK SOAP,0,0,7,0,20,0,15,0,13,0,10,0,2021/11/30,,,,,,,,,,,,,,,6223002236701,,0,,0,الكيم,BLACK SOAP,,,,185٫71,0,0,,1,نواقص,99999,,7,,2021/11/30,,,,,,,,2021/11/30,,-1,,,,,ميخائيل نجع حمادي,,,,0,65,7,2021/05/13,,7,لا,20,15,13,10,0
2167,الكيم BOTOX NANO,0,0,145,0,200,0,180,0,170,0,160,0,2024/05/16,,,,,,,,,,,,,,,012178,,0,,0,الكيم,BOTOX NANO,,,,37٫93,0,0,,1,نواقص,99999,,145,,2022/06/18,,,,,,,,,,-1,,,,,ميخائيل نجع حمادي,,,,0,27٫5,145,2021/05/13,,145,لا,200,180,170,160,0
2168,الكيم CHOCO COCO CREAM MASK,0,0,0,0,35,0,30,0,20,0,16,0,,,,,,,,,,,,,,,,012025,,0,,0,الكيم,CHOCO COCO CREAM MASK,,,,,0,0,منتجات العنايه الشخصيه,1,نواقص,99999,\us\134\pid\346\f132551066213156265137.png,0,,2021/07/14,,,,,,,,,,-8,2021/04/01,10,#ROYALELCHIM ,"HAIR,MASK,CHOCO COCO,شعر,ماسك,حمام كريم",,,,,0,,0,,CHOCO COCO CREAM MASK,0,لا,35,30,20,16,2
2169,الكيم CLEOPATRA CONDITIONER CREAM,0,0,15,0,35,0,25,0,20,0,17٫5,0,2022/07/25,,,,,,,,,,,,,,,6224009609017,,0,,0,الكيم,CLEOPATRA CONDITIONER CREAM,,,,133٫33,0,0,منتجات العنايه الشخصيه,1,نواقص,99999,\us\134\pid\262\f132545749769783842009.jpg,15,,2022/07/25,,,,,,,,2022/07/20,,-1,2021/01/30,30,#ROYALELCHIM ,"حمام.كريم.كيلوباترا,ترطيب,تنعيم,فرد,تطويلCLEOPATRA",رويال / اداره المخازن الاقصر,,,,0,57٫14,15,2021/11/24,CLEOPATRA CONDITIONER CREAM,15,لا,35,25,20,17٫5,4
2170,الكيم COCKATOO,0,0,33٫57,0,65,0,50,0,45,0,40,0,2024/05/16,,,,,,,,,,,,,,,012213,,0,,0,الكيم,COCKATOO,,,,93٫62,0,0,,1,نواقص,99999,,35,,2023/02/04,,,,,,,,2023/06/22,,-1,,,,,معرض الوكيل للتجاره,,,,0,48٫35,35,2022/10/08,,33٫57,لا,65,50,45,40,0
2171,الكيم CRAZY VOLOR,0,0,31٫5,0,50,0,45,0,40,0,35,0,2024/05/16,,,,,,,,,,,,,,,120000001507,,0,,0,الكيم,CRAZY VOLOR,,,,58٫73,0,0,,1,نواقص,99999,,31٫5,,2022/04/28,,,,,,,,2022/04/27,,-1,,,,,رصيد اول المده,,,,0,37,31٫5,2021/08/03,,31٫5,لا,50,45,40,35,0
2172,الكيم Dax Wax,0,0,0,0,40,0,35,0,30,0,27,0,2023/06/09,,,,,,,,,,,,,,,012309,,0,,0,الكيم,Dax Wax,,,,,0,0,,1,---,99999,,22,,,,,,,,,,,,-1,,,,,معرض الوكيل للتجاره,,,,0,,22,2023/06/09,,0,لا,40,35,30,27,0
2173,الكيم Dead Sea Mud Soap,0,0,17٫5,0,35,0,30,0,25,0,20,0,2024/05/16,,,,,,,,,,,,,,,6956135906394,,0,,0,الكيم,Dead Sea Mud Soap,,,,100,0,0,,1,---,99999,,17٫5,,,,,,,,,,,,-1,,,,,محل فرحه,,,,0,50,17٫5,2021/12/14,,17٫5,لا,35,30,25,20,0
2174,الكيم Eiffel 200gm,0,0,31٫1,0,60,0,55,0,50,0,45,0,2024/06/07,,,,,,,,,,,,,,,012296,200gm,0,,0,الكيم,Eiffel,,,,92٫91,0,0,,1,نواقص,99999,,30,,2024/06/07,,,,,,,,2024/06/07,,-1,,,,,معرض صاصا,,,,0,48٫16,31٫1,2023/03/04,,31٫1,لا,60,55,50,45,0
2175,الكيم ELSADA 250 ML PINK,0,0,40٫36,0,65,0,55,0,50,0,45,0,2023/10/12,,,,,,,,,,,,,,,5287000234627,250 ML,0,,0,الكيم,ELSADA,PINK,,,61٫05,0,0,,1,نواقص,99999,,40,,2023/10/13,,,,,,,,2022/12/28,,-1,,,,,رويال/ادره المخازن,,,,0,37٫91,40,2022/02/09,,40٫36,لا,65,55,50,45,0
2176,الكيم ELSADA 500 ML BLUE,0,0,50٫29,0,75,0,65,0,60,0,55,0,2022/12/13,,,,,,,,,,,,,,,5285001953929,500 ML,0,,0,الكيم,ELSADA,BLUE,,,49٫14,0,0,,1,نواقص,99999,,50,,2022/09/25,,,,,,,,2022/12/13,,-1,,,,,رويال/ادره المخازن,,,,0,32٫95,50,2022/02/09,,50٫29,لا,75,65,60,55,0
2177,الكيم ELSADA 500 ML PINK,0,0,50٫39,0,75,0,65,0,60,0,55,0,2024/05/16,,,,,,,,,,,,,,,5285001953943,500 ML,0,,0,الكيم,ELSADA,PINK,,,48٫85,0,0,,1,نواقص,99999,,50,,2022/12/24,,,,,,,,2022/12/23,,-1,,,,,رويال/ادره المخازن,,,,0,32٫82,50,2022/02/09,,50٫39,لا,75,65,60,55,0
2178,الكيم ELSADA 1000 ML BLUE,0,0,75٫52,0,125,0,110,0,100,0,85,0,2024/05/16,,,,,,,,,,,,,,,5287000234566,1000 ML,0,,0,الكيم,ELSADA,BLUE,,,65٫51,0,0,,1,نواقص,99999,,75,,2023/10/13,,,,,,,,2023/02/07,,-1,,,,,رويال/ادره المخازن,,,,0,39٫58,75,2022/02/09,,75٫52,لا,125,110,100,85,0
2179,الكيم ELSADA 1000 ML WHITE,0,0,75٫52,0,125,0,110,0,100,0,85,0,2024/05/16,,,,,,,,,,,,,,,5287000234085,1000 ML,0,,0,الكيم,ELSADA,WHITE,,,65٫51,0,0,,1,نواقص,99999,,75,,2022/11/19,,,,,,,,2022/11/19,,-1,,,,,رويال/ادره المخازن,,,,0,39٫58,75,2022/02/09,,75٫52,لا,125,110,100,85,0
2180,الكيم Extra بلسم,0,0,25,0,50,0,45,0,35,0,30,0,2024/05/16,,,,,,,,,,,,,,,7898918986706,بلسم,0,,0,الكيم,Extra,,,,100,0,0,,1,نواقص,99999,,25,,2023/10/13,,,,,,,,2023/02/07,,-1,,,,,رويال / اداره المخازن الاقصر,,,,0,50,25,2022/03/19,,25,لا,50,45,35,30,0
2181,الكيم Extra شامبو,0,0,25,0,50,0,45,0,35,0,30,0,2023/10/27,,,,,,,,,,,,,,,7898918986669,شامبو,0,,0,الكيم,Extra,,,,100,0,0,,1,نواقص,99999,,25,,2023/10/13,,,,,,,,2023/10/27,,-1,,,,,رويال / اداره المخازن الاقصر,,,,0,50,25,2022/03/19,,25,لا,50,45,35,30,0
2182,الكيم FASHKOOL HOT OIL HAIR MASK 1500ML GARLIC EXTRACT,0,0,0,0,35,0,30,0,25,0,20,0,,,,,,,,,,,,,,,,012070,GARLIC EXTRACT,0,,0,الكيم,FASHKOOL HOT OIL HAIR MASK 1500ML,,,,,0,0,,1,---,99999,,0,,,,,,,,,,,,-1,,,,,,,,,0,,0,,,0,لا,35,30,25,20,0
2183,الكيم FASHKOOL HOT OIL HAIR MASK 1500ML HONEY EXTRACT,0,0,0,0,35,0,30,0,25,0,20,0,,,,,,,,,,,,,,,,012069,HONEY EXTRACT,0,,0,الكيم,FASHKOOL HOT OIL HAIR MASK 1500ML,,,,,0,0,,1,---,99999,,0,,,,,,,,,,,,-1,,,,,,,,,0,,0,,,0,لا,35,30,25,20,0
2184,الكيم FASTER SERUM OILEX OIL,0,0,55٫64,0,110,0,85,0,70,0,65,0,2023/01/21,,,,,,,,,,,,,,,012102,OILEX OIL,0,,0,الكيم,FASTER SERUM,,,,97٫71,0,0,,1,نواقص,99999,,55,,2023/01/23,,,,,,,,2023/01/21,,-1,,,,,معرض الوكيل للتجاره,,,,0,49٫42,55٫64,2021/09/13,,55٫64,لا,110,85,70,65,0
2185,الكيم FIX GEL ELEGENT LOOK,0,0,12,0,24,0,20,0,16,0,13٫5,0,2023/01/04,,,,,,,,,,,,,,,6222014508141,ELEGENT LOOK,0,,0,الكيم,FIX GEL,,,,100,0,0,,1,نواقص,99999,,12,,2023/01/04,,,,,,,,2023/01/04,,-1,,,,,,,,,0,50,12,2022/07/26,,12,لا,24,20,16,13٫5,0
2186,الكيم FIX GEL SUPER SHINE,0,0,12٫04,0,24,0,20,0,16,0,13٫5,0,2023/05/10,,,,,,,,,,,,,,,6222014508134,SUPER SHINE,0,,0,الكيم,FIX GEL,,,,99٫4,0,0,,1,نواقص,99999,,12,,2023/04/06,,,,,,,,2023/05/10,,-1,,,,,معرض الوكيل للتجاره,,,,0,49٫85,12,2022/02/22,,12٫04,لا,24,20,16,13٫5,0
2187,الكيم FIX GEL VITAMINS,0,0,12٫09,0,24,0,20,0,16,0,13٫5,0,2022/10/26,,,,,,,,,,,,,,,6222014508158,VITAMINS,0,,0,الكيم,FIX GEL,,,,98٫5,0,0,,1,---,99999,,12,,,,,,,,,,2022/10/26,,-1,,,,,معرض الوكيل للتجاره,,,,0,49٫62,12٫09,2021/12/11,,12٫09,لا,24,20,16,13٫5,0
2188,الكيم FIX GEL WET LOOK,0,0,12٫04,0,24,0,20,0,16,0,13٫5,0,2023/04/05,,,,,,,,,,,,,,,6222014508127,WET LOOK,0,,0,الكيم,FIX GEL,,,,99٫4,0,0,,1,نواقص,99999,,12,,2023/04/06,,,,,,,,2023/04/05,,-1,,,,,معرض الوكيل للتجاره,,,,0,49٫85,12,2022/02/22,,12٫04,لا,24,20,16,13٫5,0
2189,الكيم FLOWRE,0,0,15٫19,0,25,0,22,0,20,0,18,0,2024/05/16,,,,,,,,,,,,,,,012197,,0,,0,الكيم,FLOWRE,,,,64٫6,0,0,,1,نواقص,99999,,15,,2023/10/13,,,,,,,,2022/04/19,,-1,,,,,مكتب الاصدقاء / القاهره,,,,0,39٫25,15٫19,2021/12/22,,15٫19,لا,25,22,20,18,0
2190,الكيم Free Man Gel,0,0,10٫4,0,18,0,15,0,13٫5,0,12,0,2024/04/05,,,,,,,,,,,,,,,6225000425668,,0,,0,الكيم,Free Man Gel,,,,73٫05,0,0,,1,نواقص,99999,,10,,2024/04/05,,,,,,,,2024/04/05,,-1,,,,,معرض الوكيل للتجاره,,,,0,42٫21,10,2023/03/01,,10٫4,لا,18,15,13٫5,12,0
2191,الكيم Free Wax,0,0,9٫2,0,15,0,13,0,12,0,10,0,2024/05/16,,,,,,,,,,,,,,,012244,,0,,0,الكيم,Free Wax,,,,63,0,0,,1,نواقص,99999,,9,,2023/10/13,,,,,,,,2023/03/29,,-1,,,,,معرض الوكيل للتجاره,,,,0,38٫65,9٫2,2022/07/26,,9٫2,لا,15,13,12,10,0
2192,الكيم G.K SHAMPO,0,0,40٫28,0,75,0,65,0,55,0,45,0,2024/05/16,,,,,,,,,,,,,,,012130,SHAMPO,0,,0,الكيم,G.K,,,,86٫2,0,0,,1,نواقص,99999,,40,,2023/10/13,,,,,,,,2023/09/03,,-1,,,,,رويال/ادره المخازن,,,,0,46٫3,40,2022/02/09,,40٫28,لا,75,65,55,45,0
2193,الكيم G.K BALSAM,0,0,40٫28,0,75,0,65,0,55,0,45,0,2024/05/16,,,,,,,,,,,,,,,012131,,0,,0,الكيم,G.K BALSAM,,,,86٫2,0,0,,1,نواقص,99999,,40,,2023/10/13,,,,,,,,2022/10/03,,-1,,,,,رويال/ادره المخازن,,,,0,46٫3,40,2022/02/09,,40٫28,لا,75,65,55,45,0
2194,الكيم G.K SERUM,0,0,40٫29,0,90,0,75,0,60,0,45,0,2024/05/15,,,,,,,,,,,,,,,012103,,0,,0,الكيم,G.K SERUM,,,,123٫38,0,0,منتجات العنايه الشخصيه,1,نواقص,99999,\us\134\pid\1494\f132819828023385043193.png,40,,2022/11/02,,,,,,,,2023/08/02,Online,0,2024/02/01,10,#ROYALELCHIM ,"ماسك,للشعر,تنعيم.ترطيب,تطويل,تغزير,,HAIR,لمعان,سيروم",رويال/ادره المخازن,,,,0,55٫23,40,2022/02/09,G.K SERUM,40٫29,لا,90,75,60,45,4
2195,الكيم GEL MAX,0,0,11,0,25,0,20,0,18,0,15,0,2024/05/16,,,,,,,,,,,,,,,6224008442721,,0,,0,الكيم,GEL MAX,,,,127٫27,0,0,,1,نواقص,99999,,11,,2023/10/13,,,,,,,,2023/05/03,,-1,,,,,معرض الوكيل للتجاره,,,,0,56,11,2022/02/22,,11,لا,25,20,18,15,0
2196,الكيم GENTLE WAX,0,0,18٫49,0,35,0,30,0,25,0,22,0,2024/12/20,,,,,,,,,,,,,,,012239,,0,,0,الكيم,GENTLE WAX,,,,89٫33,0,0,,1,---,99999,,18,,,,,,,,,,2023/05/12,,-1,,,,,معرض الوكيل للتجاره,,,,0,47٫18,18٫49,2022/07/03,,18٫49,لا,35,30,25,22,0
2197,الكيم GITANO HAIR FOOD,0,0,11٫7,0,30,0,25,0,18,0,15,0,2023/02/07,,,,,,,,,,,,,,,012160,,0,,0,الكيم,GITANO HAIR FOOD,,,,156٫35,0,0,,1,نواقص,99999,,11,,2022/06/18,,,,,,,,2023/02/07,,-1,,,,,رويال/ادره المخازن,,,,0,60٫99,11,2022/02/11,,11٫7,لا,30,25,18,15,0
2198,الكيم GK CONDITIONER 1000 ML,0,0,25٫19,0,50,0,40,0,35,0,30,0,2024/12/20,,,,,,,,,,,,,,,012152,1000 ML,0,,0,الكيم,GK CONDITIONER,,,,98٫47,0,0,,1,نواقص,99999,,25,,2022/11/11,,,,,,,,2023/09/03,,-1,,,,,رويال/ادره المخازن,,,,0,49٫61,25,2022/02/09,,25٫19,لا,50,40,35,30,0
2199,الكيم Gold Hair Shaper,0,0,19٫01,0,35,0,30,0,25,0,22,0,2024/12/20,,,,,,,,,,,,,,,012250,,0,,0,الكيم,Gold Hair Shaper,,,,84٫13,0,0,,1,نواقص,99999,,19,,2023/10/13,,,,,,,,2023/05/28,,-1,,,,,معرض الوكيل للتجاره,,,,0,45٫69,19,2023/01/25,,19٫01,لا,35,30,25,22,0
2200,الكيم Gold Soap,0,0,17٫5,0,35,0,30,0,25,0,20,0,2022/08/23,,,,,,,,,,,,,,,6956135903270,,0,,0,الكيم,Gold Soap,,,,100,0,0,,1,---,99999,,17٫5,,,,,,,,,,2022/01/06,,-1,,,,,محل فرحه,,,,0,50,17٫5,2021/12/14,,17٫5,لا,35,30,25,20,0
2201,الكيم GOLD WAX,0,0,19٫74,0,35,0,30,0,25,0,22,0,2024/12/20,,,,,,,,,,,,,,,012241,,0,,0,الكيم,GOLD WAX,,,,77٫31,0,0,,1,---,99999,,20,,,,,,,,,,2023/03/10,,-1,,,,,معرض الوكيل للتجاره,,,,0,43٫6,20,2022/12/17,,19٫74,لا,35,30,25,22,0
2202,الكيم HAIR BEST 500,0,0,11٫23,0,20,0,17,0,14,0,12٫5,0,2024/12/20,,,,,,,,,,,,,,,012147,,0,,0,الكيم,HAIR BEST 500,,,,78٫15,0,0,,1,---,99999,,11٫5,,,,,,,,,,2022/07/06,,-1,,,,,رويال/ادره المخازن,,,,0,43٫87,11٫5,2022/02/02,,11٫23,لا,20,17,14,12٫5,0
2203,الكيم HAIR BEST CONDITIONER 1500ML ALOE VERA&GREEN HASHISH,0,0,0,0,30,0,25,0,20,0,18,0,,,,,,,,,,,,,,,,012061,ALOE VERA&GREEN HASHISH,0,,0,الكيم,HAIR BEST CONDITIONER 1500ML,,,,,0,0,,1,---,99999,,0,,,,,,,,,,,,-1,,,,,,,,,0,,0,,,0,لا,30,25,20,18,0
2204,الكيم HAIR BEST CONDITIONER 1500ML GARLIC AND SYRUM,0,0,0,0,30,0,25,0,20,0,18,0,,,,,,,,,,,,,,,,012062,GARLIC AND SYRUM,0,,0,الكيم,HAIR BEST CONDITIONER 1500ML,,,,,0,0,منتجات العنايه الشخصيه,1,---,99999,\us\134\pid\615\f132578853453930470160.png,0,,,,,,,,,,,,-5,2021/04/01,10,#ROYALELCHIM ,"العنايه,بالشعر,HAIR,BEST,CONDITIONER,1500ML,GARLIC,AND",,,,,0,,0,,HAIR BEST CONDITIONER 1500ML,0,لا,30,25,20,18,3
2205,الكيم HAIR BEST CONDITIONER 1500ML KERATIN CASHMERE &ARJAN,0,0,0,0,30,0,25,0,20,0,18,0,,,,,,,,,,,,,,,,012064,KERATIN CASHMERE &ARJAN,0,,0,الكيم,HAIR BEST CONDITIONER 1500ML,,,,,0,0,منتجات العنايه الشخصيه,1,---,99999,\us\134\pid\617\f132578824461347341014.png,0,,,,,,,,,,,,-4,2021/04/01,10,#ROYALELCHIM ,"HAIR,BEST,CONDITIONER,1500ML,KERATIN",,,,,0,,0,,HAIR BEST CONDITIONER 1500ML,0,لا,30,25,20,18,2
2206,الكيم HAIR BEST CONDITIONER 1500ML SHEA BUTTER AND WHEAT GERM,0,0,0,0,30,0,25,0,20,0,18,0,,,,,,,,,,,,,,,,012063,SHEA BUTTER AND WHEAT GERM,0,,0,الكيم,HAIR BEST CONDITIONER 1500ML,,,,,0,0,منتجات العنايه الشخصيه,1,---,99999,\us\134\pid\616\f132578843698324128045.png,0,,,,,,,,,,,,-3,2021/04/01,10,#ROYALELCHIM ,HAIR BEST CONDIONER 1500ML SHEAالعنايه بالشعر,,,,,0,,0,,HAIR BEST CONDIONER 1500ML,0,لا,30,25,20,18,2
2207,الكيم HAIR BEST CONDITIONER 1500ML منوع,0,0,20٫01,0,40,0,35,0,30,0,25,0,2024/12/20,,,,,,,,,,,,,,,012106,منوع,0,,0,الكيم,HAIR BEST CONDITIONER 1500ML,,,,99٫9,0,0,,1,نواقص,99999,,20,,2023/10/13,,,,,,,,2023/10/09,,-1,,,,,معرض الوكيل للتجاره,,,,0,49٫98,20,2022/08/02,,20٫01,لا,40,35,30,25,0
2208,الكيم HAIR BRUSH LUX,0,0,25,0,40,0,35,0,30,0,27٫5,0,2024/12/20,,,,,,,,,,,,,,,012034,,0,,0,الكيم,HAIR BRUSH LUX,,,,60,0,0,خردوات,1,---,99999,\us\134\pid\448\f132588392718069271044.png,25,,,,,,,,,,2021/11/09,,-7,2021/04/01,10,#TOOLS ,"العنايه,بالشعر,HAIR,BRUSH,LUX",رصيد اول المده,,,,0,37٫5,25,2021/09/02,HAIR BRUSH LUX,25,لا,40,35,30,27٫5,2
2209,الكيم HAIR CREAM HAIR FOOD SENOR,0,0,12٫76,0,30,0,25,0,20,0,15,0,2024/12/20,,,,,,,,,,,,,,,6224008077138,SENOR,0,,0,الكيم,HAIR CREAM HAIR FOOD,,,,135٫04,0,0,,1,نواقص,99999,,13,,2022/12/20,,,,,,,,2022/12/20,,-1,,,,,معرض الوكيل للتجاره,,,,0,57٫45,13,2022/02/22,,12٫76,لا,30,25,20,15,0
2210,الكيم Hair Cruze Gel 1000ml,0,0,11,0,20,0,15,0,12,0,12,0,2022/08/23,,,,,,,,,,,,,,,012031,,0,,0,الكيم,Hair Cruze Gel 1000ml,,,,81٫82,0,0,,1,نواقص,99999,,11,,2021/07/14,,,,,,,,,,-1,,,,,رصيد اول المده,,,,0,45,11,2021/08/03,,11,لا,20,15,12,12,0
2211,الكيم Hard Wax Beans,0,0,50,0,80,0,70,0,65,0,60,0,2021/12/25,,,,,,,,,,,,,,,012198,,0,,0,الكيم,Hard Wax Beans,,,,60,0,0,,1,نواقص,99999,,50,,2021/12/25,,,,,,,,2021/12/16,,-1,,,,,رويال / اداره المخازن الاقصر,,,,0,37٫5,50,2021/12/25,,50,لا,80,70,65,60,0
2212,الكيم HARIR HAIR OIL ARGAN,0,0,15,0,35,0,30,0,27,0,25,0,2024/01/17,,,,,,,,,,,,,,,6225000183056,ARGAN,0,,0,الكيم,HARIR HAIR OIL,,,,133٫33,0,0,,1,نواقص,99999,,15,,2024/01/17,,,,,,,,2024/01/17,,-1,,,,,مايكل ثروت / مايت سينما,,,,0,57٫14,15,2023/08/10,,15,لا,35,30,27,25,0
2213,الكيم HARIR HAIR OIL PRO,0,0,15,0,35,0,30,0,27,0,25,0,2023/11/25,,,,,,,,,,,,,,,6225000183018,PRO,0,,0,الكيم,HARIR HAIR OIL,,,,133٫33,0,0,,1,نواقص,99999,,15,,2023/11/25,,,,,,,,2023/11/25,,-1,,,,,مايكل ثروت / مايت سينما,,,,0,57٫14,15,2023/08/10,,15,لا,35,30,27,25,0
2214,الكيم HERBAL SENSATION خلاصه النخاع,0,0,21٫17,0,45,0,35,0,30,0,25,0,2024/12/20,,,,,,,,,,,,,,,6224000356699,خلاصه النخاع,0,,0,الكيم,HERBAL SENSATION,,,,112٫53,0,0,,1,نواقص,99999,,21,,2023/10/13,,,,,,,,2022/11/03,,-1,,,,,رويال/ادره المخازن,,,,0,52٫95,21,2022/02/09,,21٫17,لا,45,35,30,25,0
2215,الكيم HERBAL SENSATION خلاصه النخاع SHSMPO,0,0,21٫18,0,45,0,35,0,30,0,25,0,2024/12/20,,,,,,,,,,,,,,,6224008311133,خلاصه النخاع,0,,0,الكيم,HERBAL SENSATION,SHSMPO,1000 ML,,112٫49,0,0,,1,نواقص,99999,,21,,2022/06/18,,,,,,,,2023/09/07,,-1,,,,,رويال/ادره المخازن,,,,0,52٫94,21,2022/02/09,,21٫18,لا,45,35,30,25,0
2216,الكيم HERBAL SENSATION زيت التعبان,0,0,21٫18,0,45,0,35,0,30,0,25,0,2023/04/18,,,,,,,,,,,,,,,6224000356682,زيت التعبان,0,,0,الكيم,HERBAL SENSATION,,,,112٫44,0,0,,1,نواقص,99999,,21,,2023/04/18,,,,,,,,2023/04/18,,-1,,,,,رويال/ادره المخازن,,,,0,52٫93,21,2022/02/09,,21٫18,لا,45,35,30,25,0
2217,الكيم HERBAL SENSATION كيراتين,0,0,21٫16,0,45,0,35,0,30,0,25,0,2024/12/20,,,,,,,,,,,,,,,6224000356972,كيراتين,0,,0,الكيم,HERBAL SENSATION,,,,112٫72,0,0,,1,نواقص,99999,,21,,2023/04/18,,,,,,,,2023/04/18,,-1,,,,,رويال/ادره المخازن,,,,0,52٫99,21,2022/02/09,,21٫16,لا,45,35,30,25,0
2218,الكيم HERBAL SENSATION كيراتين SHAMPO,0,0,15٫11,0,30,0,25,0,20,0,18,0,2024/12/20,,,,,,,,,,,,,,,6224008311393,كيراتين,0,,0,الكيم,HERBAL SENSATION,SHAMPO,500 ML,,98٫53,0,0,,1,نواقص,99999,,15,,2023/04/08,,,,,,,,2023/05/19,,-1,,,,,رويال/ادره المخازن,,,,0,49٫63,15,2022/02/09,,15٫11,لا,30,25,20,18,0
2219,الكيم KARITES 500 ML حمام كريم,0,0,60٫61,0,125,0,110,0,90,0,70,0,2024/05/16,,,,,,,,,,,,,,,6224008311935,500 ML,0,,0,الكيم,KARITES,حمام كريم,,,106٫24,0,0,منتجات العنايه الشخصيه,1,نواقص,99999,\us\134\pid\1558\f132867538700425213139.png,60,,2023/04/18,,,,,,,,2023/03/20,,1,,20,#ROYALELCHIM ,,رويال/ادره المخازن,,,,0,51٫51,60,2022/02/09,KARTIS HAIR CONDITIONER,60٫61,لا,125,110,90,70,3
2220,الكيم KING MAX,0,0,19٫55,0,35,0,30,0,25,0,23,0,2024/05/16,,,,,,,,,,,,,,,012209,,0,,0,الكيم,KING MAX,,,,79٫04,0,0,,1,نواقص,99999,,20,,2023/10/13,,,,,,,,2023/05/21,,-1,,,,,معرض الوكيل للتجاره,,,,0,44٫15,20,2022/12/17,,19٫55,لا,35,30,25,23,0
2221,الكيم LOVIA بالافوكادو,0,0,7٫06,0,15,0,12,0,10,0,8٫5,0,2024/05/16,,,,,,,,,,,,,,,012140,بالافوكادو,0,,0,الكيم,LOVIA,,,,112٫52,0,0,,1,نواقص,99999,,7,,2022/11/23,,,,,,,,2022/11/23,,-1,,,,,رويال/ادره المخازن,,,,0,52٫95,7,2022/02/09,,7٫06,لا,15,12,10,8٫5,0
2222,الكيم LOVIA تفتيح بالحليب,0,0,8٫08,0,15,0,12,0,10,0,8٫5,0,2024/12/20,,,,,,,,,,,,,,,012139,تفتيح بالحليب,0,,0,الكيم,LOVIA,,,,85٫55,0,0,,1,نواقص,99999,,7,,2022/06/18,,,,,,,,2022/05/09,,-1,,,,,رويال/ادره المخازن,,,,0,46٫11,7,2022/02/09,,8٫08,لا,15,12,10,8٫5,0
2223,الكيم LOVIA زبده الشيا,0,0,8,0,15,0,13,0,10,0,8٫5,0,2022/12/20,,,,,,,,,,,,,,,012141,زبده الشيا,0,,0,الكيم,LOVIA,,,,87٫48,0,0,,1,نواقص,99999,,7٫5,,2022/12/20,,,,,,,,2022/12/20,,-1,,,,,رويال/ادره المخازن,,,,0,46٫66,7٫5,2022/02/09,,8,لا,15,13,10,8٫5,0
2224,الكيم LOVIA صنفره بالحليب,0,0,7٫08,0,15,0,12,0,10,0,8٫5,0,2024/12/20,,,,,,,,,,,,,,,012142,صنفره بالحليب,0,,0,الكيم,LOVIA,,,,111٫83,0,0,,1,نواقص,99999,,7,,2022/01/05,,,,,,,,2022/01/03,,-1,,,,,معرض الوكيل للتجاره,,,,0,52٫79,7٫08,2021/09/13,,7٫08,لا,15,12,10,8٫5,0
2225,الكيم LOVIA صنفره بالفواكه,0,0,7٫06,0,15,0,12,0,10,0,8,0,2024/12/20,,,,,,,,,,,,,,,012143,صنفره بالفواكه,0,,0,الكيم,LOVIA,,,,112٫52,0,0,,1,نواقص,99999,,7,,2022/11/02,,,,,,,,2022/11/02,,-1,,,,,رويال/ادره المخازن,,,,0,52٫95,7,2022/02/09,,7٫06,لا,15,12,10,8,0
2226,الكيم LOVIA طمي مغربي,0,0,7٫08,0,15,0,12,0,10,0,8٫5,0,2023/04/11,,,,,,,,,,,,,,,012138,طمي مغربي,0,,0,الكيم,LOVIA,,,,111٫83,0,0,,1,نواقص,99999,,7,,2023/04/11,,,,,,,,2023/04/11,,-1,,,,,معرض الوكيل للتجاره,,,,0,52٫79,7٫08,2021/09/13,,7٫08,لا,15,12,10,8٫5,0
2227,الكيم LOZAN CONDITIONER 1500ML GARLIC&MARROW EXTRACT,0,0,20,0,36,0,30,0,25,0,22,0,2021/10/26,,,,,,,,,,,,,,,012074,GARLIC&MARROW EXTRACT,0,,0,الكيم,LOZAN CONDITIONER 1500ML,,,,80,0,0,,1,---,99999,,20,,,,,,,,,,2021/10/26,,-1,,,,,رصيد اول المده,,,,0,44٫44,20,2021/08/03,,20,لا,36,30,25,22,0
2228,الكيم LOZAN CONDITIONER 1500ML KERATIN EXTRACT,0,0,20,0,36,0,30,0,25,0,22,0,2022/02/19,,,,,,,,,,,,,,,012075,KERATIN EXTRACT,0,,0,الكيم,LOZAN CONDITIONER 1500ML,,,,80,0,0,,1,---,99999,,20,,,,,,,,,,2022/02/19,,-1,,,,,رصيد اول المده,,,,0,44٫44,20,2021/08/03,,20,لا,36,30,25,22,0
2229,الكيم LOZAN CONDITIONER 1500ML SEA MUD EXTRACT,0,0,20,0,36,0,30,0,25,0,22,0,2022/08/23,,,,,,,,,,,,,,,012073,SEA MUD EXTRACT,0,,0,الكيم,LOZAN CONDITIONER 1500ML,,,,80,0,0,,1,---,99999,,20,,,,,,,,,,2021/11/17,,-1,,,,,رصيد اول المده,,,,0,44٫44,20,2021/08/03,,20,لا,36,30,25,22,0
2230,الكيم LOZAN CONDITIONER 1500ML SERUM OIL,0,0,20,0,36,0,30,0,25,0,22,0,2022/03/19,,,,,,,,,,,,,,,012076,SERUM OIL,0,,0,الكيم,LOZAN CONDITIONER 1500ML,,,,80,0,0,,1,---,99999,,20,,,,,,,,,,2022/03/19,,-1,,,,,رصيد اول المده,,,,0,44٫44,20,2021/08/03,,20,لا,36,30,25,22,0
2231,الكيم MAFIA WAX,0,0,14٫92,0,30,0,25,0,22,0,20,0,2024/12/20,,,,,,,,,,,,,,,6224008035350,,0,,0,الكيم,MAFIA WAX,,,,101٫08,0,0,,1,نواقص,99999,,18,,2023/03/11,,,,,,,,2023/03/11,,-1,,,,,معرض الوكيل للتجاره,,,,0,50٫27,18,2022/08/02,,14٫92,لا,30,25,22,20,0
2232,الكيم MAN HOT RAX WAX 212,0,0,22,0,40,0,35,0,30,0,25,0,2022/12/21,,,,,,,,,,,,,,,6224009618033,,0,,0,الكيم,MAN HOT RAX WAX 212,,,,81٫82,0,0,,1,---,99999,,22,,,,,,,,,,2022/12/21,,-1,,,,,رصيد اول المده,,,,0,45,22,2021/08/26,,22,لا,40,35,30,25,0
2233,الكيم MAN HOT RAX WAX CK,0,0,22,0,40,0,35,0,30,0,25,0,2022/09/29,,,,,,,,,,,,,,,6224009618026,,0,,0,الكيم,MAN HOT RAX WAX CK,,,,81٫82,0,0,,1,---,99999,,22,,,,,,,,,,2022/09/29,,-1,,,,,رصيد اول المده,,,,0,45,22,2021/08/26,,22,لا,40,35,30,25,0
2234,الكيم MARAGUJA CREAM MASK,0,0,0,0,35,0,30,0,20,0,16,0,,,,,,,,,,,,,,,,012026,,0,,0,الكيم,MARAGUJA CREAM MASK,,,,,0,0,منتجات العنايه الشخصيه,1,نواقص,99999,\us\134\pid\347\f132551041890192762133.png,0,,2021/07/14,,,,,,,,,,-9,2021/04/01,10,#ROYALELCHIM ,"MASK,CREAM,MARAGUJA,شعر,حمام كريم,ماسك,عنايه",,,,,0,,0,,MARAGUJA CREAM MASK,0,لا,35,30,20,16,3
2235,الكيم MARVEL MAX,0,0,18٫21,0,35,0,30,0,25,0,20,0,2024/05/01,,,,,,,,,,,,,,,012088,,0,,0,الكيم,MARVEL MAX,,,,92٫21,0,0,,1,نواقص,99999,,18,,2022/05/17,,,,,,,,2024/05/01,,-1,,,,,معرض الوكيل للتجاره,,,,0,47٫97,18٫21,2021/09/13,,18٫21,لا,35,30,25,20,0
2236,الكيم Marvel Wax,0,0,18,0,35,0,30,0,25,0,20,0,2022/04/06,,,,,,,,,,,,,,,012202,,0,,0,الكيم,Marvel Wax,,,,94٫44,0,0,,1,---,99999,,18,,,,,,,,,,2022/04/06,,-1,,,,,رويال/ادره المخازن,,,,0,48٫57,18,2022/01/16,,18,لا,35,30,25,20,0
2237,الكيم MAS CAVIAR PLUS مجموعه بروتين,0,0,542٫7,0,850,0,750,0,675,0,600,0,2024/12/20,,,,,,,,,,,,,,,012268,مجموعه بروتين,0,,0,الكيم,MAS CAVIAR PLUS,,,,56٫63,0,0,,1,نواقص,99999,,525,,2023/10/13,,,,,,,,2023/01/05,,-1,,,,,,,,,0,36٫15,561,2022/12/22,,542٫7,لا,850,750,675,600,0
2238,الكيم Matrix Wax جديد,0,0,28٫15,0,50,0,45,0,40,0,35,0,2024/04/15,,,,,,,,,,,,,,,012367,جديد,0,,0,الكيم,Matrix Wax,,,,77٫63,0,0,,1,نواقص,99999,,27,,2024/04/15,,,,,,,,2024/04/15,,-1,,,,,معرض الوكيل للتجاره,,,,0,43٫7,27,2024/01/21,,28٫15,لا,50,45,40,35,0
2239,الكيم Milk Soap,0,0,17٫5,0,35,0,30,0,25,0,20,0,2024/12/20,,,,,,,,,,,,,,,6956135903232,,0,,0,الكيم,Milk Soap,,,,100,0,0,,1,---,99999,,17٫5,,,,,,,,,,2021/12/18,,-1,,,,,محل فرحه,,,,0,50,17٫5,2021/12/14,,17٫5,لا,35,30,25,20,0
2240,الكيم New Magest,0,0,11٫25,0,18,0,16,0,15,0,12٫5,0,2024/12/20,,,,,,,,,,,,,,,012246,,0,,0,الكيم,New Magest,,,,60٫04,0,0,,1,نواقص,99999,,11,,2023/10/13,,,,,,,,2023/04/15,,-1,,,,,معرض الوكيل للتجاره,,,,0,37٫52,11٫25,2022/07/26,,11٫25,لا,18,16,15,12٫5,0
2241,الكيم ONLY تلميع,0,0,18,0,30,0,25,0,22,0,20,0,2024/12/20,,,,,,,,,,,,,,,012212,تلميع,0,,0,الكيم,ONLY,,,,66٫67,0,0,,1,نواقص,99999,,18,,2022/11/23,,,,,,,,2023/11/21,,-1,,,,,معرض الوكيل للتجاره,,,,0,40,18,2022/02/22,,18,لا,30,25,22,20,0
2242,الكيم Opal,0,0,13٫29,0,20,0,18,0,16,0,15,0,2024/12/20,,,,,,,,,,,,,,,012247,,0,,0,الكيم,Opal,,,,50٫46,0,0,,1,نواقص,99999,,13,,2023/10/13,,,,,,,,2023/03/14,,-1,,,,,معرض الوكيل للتجاره,,,,0,33٫54,13٫29,2022/07/26,,13٫29,لا,20,18,16,15,0
2243,الكيم ORGANIA WAX SHORT & NEAT,0,0,18,0,38,0,35,0,30,0,22,0,2024/12/20,,,,,,,,,,,,,,,6224008035565,,0,,0,الكيم,ORGANIA WAX SHORT & NEAT,,,,111٫11,0,0,منتجات العناية الشخصية,1,نواقص,99999,\us\134\pid\334\f132546541446554586009.png,18,,2021/07/14,,,,,,,,2022/03/30,,3,,20,#ROYALELCHIM ,"WAX,CAREM,ORGANIA,كريم,شعر,تصفيف,عنايةشخصية",رصيد اول المده,,,,0,52٫63,18,2021/08/26,ORGANIA WAX SHORT NEAT,18,لا,38,35,30,22,3
2244,الكيم ORGANIA WAX WAVE & GROOM,0,0,20,0,38,0,35,0,30,0,23,0,2024/12/20,,,,,,,,,,,,,,,6224008035640,,0,,0,الكيم,ORGANIA WAX WAVE & GROOM,,,,90,0,0,منتجات العنايه الشخصيه,1,نواقص,99999,\us\134\pid\333\f132546530926633128043.png,20,,2024/01/15,,,,,,,,2024/01/14,,-4,,20,#ROYALELCHIM ,"ORGANIA,WAX,WAV,GROOM,HAIR,",معرض الوكيل للتجاره,,,,0,47٫37,20,2022/08/02,ORGANIA WAX WAV-GROOM,20,لا,38,35,30,23,4
2245,الكيم PANSSEE SKIN CREAM 175gm,0,0,8,0,15,0,13,0,11,0,10,0,2024/12/20,,,,,,,,,,,,,,,6224007477168,,0,,0,الكيم,PANSSEE SKIN CREAM 175gm,,,,87٫5,0,0,منتجات العنايه الشخصيه,1,---,99999,\us\134\pid\538\f132557022987505542385.png,8,,,,,,,,,,2022/03/10,,-10,2021/01/30,20,#ROYALELCHIM ,"PANSSEE,SKIN,CREAM,SKIN,CARE,يمنح,البشره,نعومه,",رويال/ادره المخازن,,,,0,46٫67,8,2022/02/09,PANSSEE SKIN CREAM 175 GM,8,لا,15,13,11,10,4
2246,الكيم Power Fresh,0,0,9٫2,0,15,0,13,0,12,0,10,0,2024/12/20,,,,,,,,,,,,,,,012245,,0,,0,الكيم,Power Fresh,,,,63,0,0,,1,نواقص,99999,,9,,2023/10/13,,,,,,,,2023/05/03,,-1,,,,,معرض الوكيل للتجاره,,,,0,38٫65,9٫2,2022/07/26,,9٫2,لا,15,13,12,10,0
2247,الكيم POWER YOU 500,0,0,0,0,15,0,12,0,10,0,9,0,,,,,,,,,,,,,,,,012033,,0,,0,الكيم,POWER YOU 500,,,,,0,0,منتجات العنايه الشخصيه,1,نواقص,99999,\us\134\pid\447\f132580515148825590283.png,0,,2021/07/14,,,,,,,,,,-5,2021/04/01,10,#ROYALELCHIM ,"العنايه,بالشعر,POWER,YOU,500",,,,,0,,0,,POWER YOU 500,0,لا,15,12,10,9,2
2248,الكيم POWER YOU CONDITIONER 1000 ML WITH ALOE & OLIVE,0,0,21,0,35,0,30,0,27,0,23٫5,0,2024/12/20,,,,,,,,,,,,,,,012051,WITH ALOE & OLIVE,0,,0,الكيم,POWER YOU CONDITIONER 1000 ML,,,,66٫67,0,0,منتجات العنايه الشخصيه,1,نواقص,99999,\us\134\pid\604\f132580492267005118100.png,21,,2023/10/13,,,,,,,,2023/10/14,,-3,2020/04/01,10,#ROYALELCHIM ,",O WER,YOU,CONDITIONER,1000M,WITH,ALOEالنايه ,بالشعر",معرض الوكيل للتجاره,,,,0,40,21,2023/07/13,POWER YOU CONDITIONER 1000ML,21,لا,35,30,27,23٫5,2
2249,الكيم POWER YOU CONDITIONER 1000 ML WITH SNAKE OIL,0,0,0,0,25,0,20,0,15,0,12,0,,,,,,,,,,,,,,,,012050,WITH SNAKE OIL,0,,0,الكيم,POWER YOU CONDITIONER 1000 ML,,,,,0,0,,1,---,99999,,0,,,,,,,,,,,,-1,,,,,,,,,0,,0,,,0,لا,25,20,15,12,0
2250,الكيم PRO ACTIVE BALSAM,0,0,40٫31,0,85,0,75,0,60,0,50,0,2024/12/20,,,,,,,,,,,,,,,012162,BALSAM,0,,0,الكيم,PRO ACTIVE,,,,110٫87,0,0,,1,نواقص,99999,,40,,2023/10/13,,,,,,,,2023/07/21,,-1,,,,,رويال/ادره المخازن,,,,0,52٫58,40,2022/02/09,,40٫31,لا,85,75,60,50,0
2251,الكيم PRO ACTIVE SHAMPO,0,0,40٫31,0,85,0,75,0,60,0,50,0,2024/12/20,,,,,,,,,,,,,,,012161,SHAMPO,0,,0,الكيم,PRO ACTIVE,,,,110٫87,0,0,,1,نواقص,99999,,40,,2023/10/13,,,,,,,,2023/10/27,,-1,,,,,رويال/ادره المخازن,,,,0,52٫58,40,2022/02/09,,40٫31,لا,85,75,60,50,0
2252,الكيم PRO ACTIVE COCDITIONER 1000 ML,0,0,25٫53,0,50,0,40,0,35,0,30,0,2024/12/20,,,,,,,,,,,,,,,012153,1000 ML,0,,0,الكيم,PRO ACTIVE COCDITIONER,,,,95٫85,0,0,,1,نواقص,99999,,25,,2023/10/13,,,,,,,,2023/11/02,,-1,,,,,رويال/ادره المخازن,,,,0,48٫94,25,2022/02/09,,25٫53,لا,50,40,35,30,0
2253,الكيم PRO ACTIVE SERUM,0,0,40٫41,0,90,0,70,0,60,0,45,0,2024/12/20,,,,,,,,,,,,,,,6224007708156,,0,,0,الكيم,PRO ACTIVE SERUM,,,,122٫74,0,0,منتجات العنايه الشخصيه,1,نواقص,99999,\us\134\pid\1493\f132819757776426128188.png,40,,2022/06/06,,,,,,,,2022/05/17,,0,,,#ROYALELCHIM ,"ماسك,للشعر,تنعيم.ترطيب,تطويل,تغزير,,HAIR,لمعان,سيروم",رويال/ادره المخازن,,,,0,55٫1,40,2022/02/09,PRO ACTIVE SERUM,40٫41,لا,90,70,60,45,3
2254,الكيم Pro Dax,0,0,18,0,30,0,25,0,22,0,20,0,2024/12/20,,,,,,,,,,,,,,,012252,,0,,0,الكيم,Pro Dax,,,,66٫67,0,0,,1,نواقص,99999,,18,,2023/10/13,,,,,,,,2023/01/14,,-1,,,,,معرض الوكيل للتجاره,,,,0,40,18,2022/08/02,,18,لا,30,25,22,20,0
2255,الكيم PRO PLUS PROTEIN,0,0,1139٫69,0,2000,0,1850,0,1700,0,1500,0,2024/12/20,,,,,,,,,,,,,,,012166,,0,,0,الكيم,PRO PLUS PROTEIN,,,,75٫49,0,0,منتجات العنايه الشخصيه,1,نواقص,99999,\us\134\pid\1658\f132850144120235927001.png,1250,,2023/10/13,,,,,,,,2023/11/18,Online,0,2023/07/30,10,#ROYALELCHIM ,"HAIR,PROTEN,PRO,PLUS,شعر,فرد,علاج,مجعد,تساقط",معرض الوكيل للتجاره,,,,0,43٫02,1250,2023/01/25,PRO PLUS PROTEIN,1139٫69,لا,2000,1850,1700,1500,4
2256,الكيم RAX SOFT WAX FORMULA,0,0,0,0,40,0,35,0,30,0,25,0,,,,,,,,,,,,,,,,6224009618057,,0,,0,الكيم,RAX SOFT WAX FORMULA,,,,,0,0,,1,---,99999,,0,,,,,,,,,,,,-1,,,,,,,,,0,,0,,,0,لا,40,35,30,25,0
2257,الكيم RAX SOT WAX,0,0,0,0,40,0,35,0,25,0,22,0,,,,,,,,,,,,,,,,012021,,0,,0,الكيم,RAX SOT WAX,,,,,0,0,,1,نواقص,99999,,0,,2021/07/14,,,,,,,,,,-1,,,,,,,,,0,,0,,,0,لا,40,35,25,22,0
2258,الكيم REINA SHOWE 24 EXTRA ORDINARY,0,0,30٫35,0,60,0,50,0,40,0,35,0,2021/12/22,,,,,,,,,,,,,,,225000455726,24 EXTRA ORDINARY,0,,0,الكيم,REINA SHOWE,,,,97٫71,0,0,,1,نواقص,99999,,30,,2021/12/01,,,,,,,,2021/12/22,,-1,,,,,معرض الوكيل للتجاره,,,,0,49٫42,30٫35,2021/09/13,,30٫35,لا,60,50,40,35,0
2259,الكيم REINA SHOWER 12 SHINY GLOW,0,0,30٫19,0,60,0,50,0,40,0,35,0,2024/12/20,,,,,,,,,,,,,,,225000455719,12 SHINY GLOW,0,,0,الكيم,REINA SHOWER,,,,98٫71,0,0,,1,نواقص,99999,,30,,2023/10/13,,,,,,,,2023/01/18,,-1,,,,,رويال/ادره المخازن,,,,0,49٫68,30,2022/02/09,,30٫19,لا,60,50,40,35,0
2260,الكيم REINA SHOWER 36 LUCKYSPIRIT,0,0,30٫19,0,60,0,50,0,40,0,35,0,2024/12/20,,,,,,,,,,,,,,,225000455764,36 LUCKYSPIRIT,0,,0,الكيم,REINA SHOWER,,,,98٫71,0,0,,1,نواقص,99999,,30,,2023/10/13,,,,,,,,2023/05/03,,-1,,,,,رويال/ادره المخازن,,,,0,49٫68,30,2022/02/09,,30٫19,لا,60,50,40,35,0
2261,الكيم REINA SHOWER 55 SENSUAL FREEDOM,0,0,30٫17,0,60,0,50,0,40,0,35,0,2024/12/20,,,,,,,,,,,,,,,225000455733,55 SENSUAL FREEDOM,0,,0,الكيم,REINA SHOWER,,,,98٫89,0,0,,1,نواقص,99999,,30,,2022/08/26,,,,,,,,2022/08/25,,-1,,,,,رويال/ادره المخازن,,,,0,49٫72,30,2022/02/09,,30٫17,لا,60,50,40,35,0
2262,الكيم REINA SHOWER 84 PASSION TE LOVE,0,0,30٫23,0,60,0,50,0,40,0,35,0,2024/12/20,,,,,,,,,,,,,,,225000455757,84 PASSION TE LOVE,0,,0,الكيم,REINA SHOWER,,,,98٫48,0,0,,1,نواقص,99999,,30,,2023/10/13,,,,,,,,2023/01/18,,-1,,,,,معرض الوكيل للتجاره,,,,0,49٫62,30٫23,2021/12/11,,30٫23,لا,60,50,40,35,0
2263,الكيم REXONA MEN,0,0,21,0,30,0,28,0,26,0,25,0,2024/12/20,,,,,,,,,,,,,,,59080091,MEN,0,,0,الكيم,REXONA,,,,42٫86,0,0,,1,نواقص,99999,,21,,2022/06/18,,,,,,,,2022/05/23,,-1,,,,,رويال / اداره المخازن الاقصر,,,,0,30,21,2022/02/24,,21,لا,30,28,26,25,0
2264,الكيم ROSE WATER تمر حنه,0,0,9٫5,0,20,0,17,0,15,0,12٫5,0,2024/12/20,,,,,,,,,,,,,,,012264,تمر حنه,0,,0,الكيم,ROSE WATER,,,,110٫53,0,0,,1,نواقص,99999,,9٫5,,2024/02/11,,,,,,,,2024/02/11,,-1,,,,,معرض الوكيل للتجاره,,,,0,52٫5,9٫5,2022/10/08,,9٫5,لا,20,17,15,12٫5,0
2265,الكيم ROSE WATER قطر الندي,0,0,8٫06,0,15,0,13,0,10,0,9٫25,0,2024/12/20,,,,,,,,,,,,,,,012158,قطر الندي,0,,0,الكيم,ROSE WATER,,,,86٫2,0,0,,1,نواقص,99999,,8,,2023/10/13,,,,,,,,2022/08/09,,-1,,,,,رويال/ادره المخازن,,,,0,46٫3,8,2022/02/09,,8٫06,لا,15,13,10,9٫25,0
2266,الكيم ROSETTA صنفرة الخوخ,0,0,17,0,32,0,27,0,22,0,19,0,2021/12/30,,,,,,,,,,,,,,,012040,,0,,0,الكيم,ROSETTA صنفرة الخوخ,,,,88٫24,0,0,منتجات العنايه الشخصيه,1,---,99999,\us\134\pid\526\f132581369170790694969.png,17,,,,,,,,,,2021/12/30,,2,,10,#ROYALELCHIM ,"لعنايه بالبشره, ROSETtA ,صنفره الخوخ,",رصيد اول المده,,,,0,46٫88,17,2021/08/28,ROSETTAصنفره الخوخ,17,لا,32,27,22,19,2
2267,الكيم ROSETTA صنفرة الصبار &الخيار,0,0,16٫09,0,32,0,27,0,22,0,19,0,2024/12/20,,,,,,,,,,,,,,,012037,,0,,0,الكيم,ROSETTA صنفرة الصبار &الخيار,,,,98٫85,0,0,منتجات العنايه الشخصيه,1,نواقص,1383,\us\134\pid\523\f132581359885024059707.png,16,,2022/06/18,,,,,,,,2022/08/25,Online,1,,10,#ROYALELCHIM ,"ROSETTA,صنفره,الصبار,الخيار",رويال/ادره المخازن,,,,0,49٫71,16,2022/01/16,ROSETTA صنفره الصبار الخيار,16٫09,لا,32,27,22,19,2
2268,الكيم ROSETTA صنفرة الكافيار,0,0,17٫77,0,32,0,25,0,23,0,21,0,2024/12/20,,,,,,,,,,,,,,,012203,,0,,0,الكيم,ROSETTA صنفرة الكافيار,,,,80٫04,0,0,,1,نواقص,1383,,18,,2023/01/25,,,,,,,,2023/10/15,,-1,,,,,معرض الوكيل للتجاره,,,,0,44٫46,18,2023/01/25,,17٫77,لا,32,25,23,21,0
2269,الكيم ROSETTA صنفرة اللوز والعسل,0,0,16٫13,0,32,0,27,0,22,0,18,0,2022/08/16,,,,,,,,,,,,,,,012038,,0,,0,الكيم,ROSETTA صنفرة اللوز والعسل,,,,98٫39,0,0,منتجات العنايه الشخصيه,1,نواقص,99999,\us\134\pid\524\f132581366182876281855.png,16,,2022/08/16,,,,,,,,2022/08/16,,-1,2020/04/01,10,#ROYALELCHIM ,"العناي, بالبشر,ROSETT,صنفره,اللوز,والعسل",رويال/ادره المخازن,,,,0,49٫59,16,2022/01/16,ROSETTA صنفره اللوز والعسل,16٫13,لا,32,27,22,18,2
2270,الكيم ROSETTA صنفرة خوخ,0,0,17,0,32,0,25,0,20,0,19,0,2024/12/20,,,,,,,,,,,,,,,012205,,0,,0,الكيم,ROSETTA صنفرة خوخ,,,,88٫24,0,0,,1,نواقص,1383,,17,,2022/11/02,,,,,,,,2023/03/01,,-1,,,,,معرض الوكيل للتجاره,,,,0,46٫88,17,2022/02/22,,17,لا,32,25,20,19,0
2271,الكيم ROSETTA صنفره دهب,0,0,16٫13,0,32,0,27,0,22,0,19,0,2024/12/20,,,,,,,,,,,,,,,012118,,0,,0,الكيم,ROSETTA صنفره دهب,,,,98٫43,0,0,,1,نواقص,1383,,16,,2023/10/13,,,,,,,,2023/05/28,,-1,,,,,رويال/ادره المخازن,,,,0,49٫61,16,2022/01/16,,16٫13,لا,32,27,22,19,0
2272,الكيم ROSETTA صنفرة قهوة,0,0,17,0,32,0,27,0,22,0,19,0,2024/12/20,,,,,,,,,,,,,,,012039,,0,,0,الكيم,ROSETTA صنفرة قهوة,,,,88٫24,0,0,منتجات العنايه الشخصيه,1,نواقص,1383,\us\134\pid\525\f132581371449810399985.png,17,,2022/08/29,,,,,,,,2023/05/24,,-1,2020/04/01,10,#RoyALELcHIM ,"العنايه,بالبشرهROSET,صنفره ,بالبشره",معرض الوكيل للتجاره,,,,0,46٫88,17,2022/02/22,RosETTAصنفره قهوه,17,لا,32,27,22,19,2
2273,الكيم ROSETTA كولاجين,0,0,18٫13,0,36,0,30,0,25,0,22٫5,0,2024/12/20,,,,,,,,,,,,,,,012262,,0,,0,الكيم,ROSETTA كولاجين,,,,98٫52,0,0,,1,نواقص,99999,,18,,2023/10/13,,,,,,,,2023/05/28,,-1,,,,,معرض الوكيل للتجاره,,,,0,49٫63,18,2023/01/25,,18٫13,لا,36,30,25,22٫5,0
2274,الكيم ROYAL BALSAM,0,0,40٫31,0,75,0,65,0,55,0,45,0,2024/12/20,,,,,,,,,,,,,,,012133,,0,,0,الكيم,ROYAL BALSAM,,,,86٫06,0,0,,1,نواقص,99999,,40,,2023/10/13,,,,,,,,2021/10/17,,-1,,,,,رويال/ادره المخازن,,,,0,46٫25,40,2022/02/09,,40٫31,لا,75,65,55,45,0
2275,الكيم ROYAL POWER BALSAM,0,0,40٫39,0,75,0,65,0,55,0,45,0,2024/12/20,,,,,,,,,,,,,,,012135,BALSAM,0,,0,الكيم,ROYAL POWER,,,,85٫71,0,0,,1,نواقص,99999,,40,,2022/06/18,,,,,,,,2022/09/05,,-1,,,,,رويال/ادره المخازن,,,,0,46٫15,40,2022/02/09,,40٫39,لا,75,65,55,45,0
2276,الكيم ROYAL POWER CNDITIONER,0,0,25٫19,0,50,0,45,0,35,0,30,0,2024/12/20,,,,,,,,,,,,,,,012163,CNDITIONER,0,,0,الكيم,ROYAL POWER,,,,98٫47,0,0,,1,نواقص,99999,,25,,2023/10/13,,,,,,,,2022/10/04,,-1,,,,,رويال/ادره المخازن,,,,0,49٫61,25,2022/02/09,,25٫19,لا,50,45,35,30,0
2277,الكيم ROYAL POWER SHAMPO,0,0,40٫37,0,75,0,65,0,55,0,45,0,2024/12/20,,,,,,,,,,,,,,,012134,SHAMPO,0,,0,الكيم,ROYAL POWER,,,,85٫78,0,0,,1,نواقص,99999,,40,,2022/06/18,,,,,,,,2022/09/05,,-1,,,,,رويال/ادره المخازن,,,,0,46٫17,40,2022/02/09,,40٫37,لا,75,65,55,45,0
2278,الكيم ROYAL POWER / BEST CONDITIONER,0,0,25٫18,0,50,0,40,0,35,0,30,0,2024/12/20,,,,,,,,,,,,,,,012165,CONDITIONER,0,,0,الكيم,ROYAL POWER / BEST,,,,98٫58,0,0,,1,نواقص,99999,,25,,2023/10/13,,,,,,,,2023/10/25,,-1,,,,,رويال/ادره المخازن,,,,0,49٫64,25,2022/02/09,,25٫18,لا,50,40,35,30,0
2279,الكيم SENOR BODY SCRUB MANGO,0,0,12٫43,0,25,0,20,0,18,0,14,0,2023/11/21,,,,,,,,,,,,,,,6224008077329,BODY SCRUB,0,,0,الكيم,SENOR,MANGO,,,101٫15,0,0,,1,نواقص,99999,,12,,2023/10/13,,,,,,,,2023/11/21,,-1,,,,,رويال/ادره المخازن,,,,0,50٫29,12,2021/11/06,,12٫43,لا,25,20,18,14,0
2280,الكيم SENOR BODY SCRUB MINT,0,0,12٫55,0,25,0,20,0,17٫5,0,14,0,2024/12/20,,,,,,,,,,,,,,,012144,BODY SCRUB,0,,0,الكيم,SENOR,MINT,,,99٫27,0,0,,1,نواقص,99999,,12,,2023/10/13,,,,,,,,2023/03/16,,-1,,,,,رويال/ادره المخازن,,,,0,49٫82,12,2021/11/06,,12٫55,لا,25,20,17٫5,14,0
2281,الكيم SENOR GEL 250ML,0,0,12٫55,0,25,0,20,0,18,0,15,0,2025/05/27,,,,,,,,,,,,,,,6224008077121,GEL,0,,0,الكيم,SENOR,250ML,,,99٫26,0,0,,1,نواقص,99999,,13,,2025/05/28,,,,,,,,2025/05/27,,-1,,,,,معرض الوكيل للتجاره,,,,0,49٫81,13,2022/02/22,,12٫55,لا,25,20,18,15,0
2282,الكيم SENOR GEL 250ML,0,0,12٫09,0,25,0,20,0,17,0,14,0,2024/12/20,,,,,,,,,,,,,,,6224008077107,GEL,0,,0,الكيم,SENOR,250ML,BLUE,,106٫81,0,0,,1,نواقص,99999,,12,,2022/06/18,,,,,,,,2023/03/29,,-1,,,,,رويال/ادره المخازن,,,,0,51٫65,12,2022/02/09,,12٫09,لا,25,20,17,14,0
2283,الكيم SENOR GEL CREAM اخضر,0,0,15,0,30,0,25,0,20,0,17,0,2024/12/20,,,,,,,,,,,,,,,012216,GEL CREAM,0,,0,الكيم,SENOR,اخضر,,,100,0,0,,1,نواقص,99999,,15,,2023/03/26,,,,,,,,2023/09/26,,-1,,,,,معرض الوكيل للتجاره,,,,0,50,15,2022/02/22,,15,لا,30,25,20,17,0
2284,الكيم SENOR GEL CREAM بنفسجي,0,0,15,0,30,0,25,0,20,0,17,0,2024/12/20,,,,,,,,,,,,,,,012215,GEL CREAM,0,,0,الكيم,SENOR,بنفسجي,,,100,0,0,,1,نواقص,99999,,15,,2023/10/13,,,,,,,,2023/09/26,,-1,,,,,معرض الوكيل للتجاره,,,,0,50,15,2022/02/22,,15,لا,30,25,20,17,0
2285,الكيم SENOR GEL CREAM 2*1 بالبانينول,0,0,13,0,30,0,25,0,20,0,15,0,2024/12/20,,,,,,,,,,,,,,,6224008077244,GEL CREAM 2*1,0,,0,الكيم,SENOR,بالبانينول,,,130٫77,0,0,,1,نواقص,99999,,13,,2024/02/09,,,,,,,,2024/02/09,,-1,,,,,معرض الوكيل للتجاره,,,,0,56٫67,13,2022/02/22,,13,لا,30,25,20,15,0
2286,الكيم SENOR GEL CREAM 2*1 بعسل النحل,0,0,13,0,30,0,25,0,20,0,15,0,2024/12/20,,,,,,,,,,,,,,,6224008077220,GEL CREAM 2*1,0,,0,الكيم,SENOR,بعسل النحل,,,130٫77,0,0,,1,---,99999,,13,,,,,,,,,,2023/02/03,,-1,,,,,معرض الوكيل للتجاره,,,,0,56٫67,13,2022/02/22,,13,لا,30,25,20,15,0
2287,الكيم SENOR SHEA BUTTER 225GM,0,0,14٫08,0,25,0,20,0,18,0,16,0,2024/12/20,,,,,,,,,,,,,,,6224008077367,SHEA BUTTER,0,,0,الكيم,SENOR,225GM,,,77٫54,0,0,,1,نواقص,99999,,14,,2022/02/09,,,,,,,,2022/08/31,,-1,,,,,رويال/ادره المخازن,,,,0,43٫68,14,2022/02/09,,14٫08,لا,25,20,18,16,0
2288,الكيم SENOR تصفيف شعر جوز هند,0,0,11٫58,0,20,0,17,0,15,0,12٫5,0,2024/12/20,,,,,,,,,,,,,,,6224008077046,تصفيف شعر,0,,0,الكيم,SENOR,جوز هند,,,72٫71,0,0,,1,نواقص,99999,,11٫5,,2023/10/13,,,,,,,,2023/03/10,,-1,,,,,رويال/ادره المخازن,,,,0,42٫1,11٫5,2022/02/09,,11٫58,لا,20,17,15,12٫5,0
2289,الكيم SENOR تصفيف شعر زيت جرجير,0,0,12٫29,0,30,0,25,0,20,0,15,0,2024/12/20,,,,,,,,,,,,,,,6224008077022,تصفيف شعر,0,,0,الكيم,SENOR,زيت جرجير,,,144٫14,0,0,,1,نواقص,99999,,13,,2023/10/13,,,,,,,,2023/04/04,,-1,,,,,معرض الوكيل للتجاره,,,,0,59٫04,13,2022/02/22,,12٫29,لا,30,25,20,15,0
2290,الكيم SENOR تصفيف شعر زيتون,0,0,11٫54,0,20,0,18,0,15,0,12٫5,0,2022/11/24,,,,,,,,,,,,,,,6224008077015,تصفيف شعر,0,,0,الكيم,SENOR,زيتون,,,73٫24,0,0,,1,نواقص,99999,,11٫5,,2022/11/24,,,,,,,,2022/11/24,,-1,,,,,رويال/ادره المخازن,,,,0,42٫28,11٫5,2022/02/09,,11٫54,لا,20,18,15,12٫5,0
2291,الكيم SENOR تصفيف شعر عسل,0,0,12٫18,0,30,0,25,0,20,0,15,0,2024/12/20,,,,,,,,,,,,,,,6224008077039,تصفيف شعر,0,,0,الكيم,SENOR,عسل,,,146٫29,0,0,,1,نواقص,99999,,13,,2023/10/13,,,,,,,,2023/07/01,,-1,,,,,معرض الوكيل للتجاره,,,,0,59٫4,13,2022/02/22,,12٫18,لا,30,25,20,15,0
2292,الكيم SENOR WAX HARD WAX,0,0,21٫2,0,40,0,35,0,30,0,25,0,2024/12/20,,,,,,,,,,,,,,,6224008077473,HARD WAX,0,,0,الكيم,SENOR WAX,,,,88٫69,0,0,,1,نواقص,99999,,21,,2022/06/18,,,,,,,,2022/07/10,,-1,,,,,رويال/ادره المخازن,,,,0,47,21,2021/12/16,,21٫2,لا,40,35,30,25,0
2293,الكيم SENOR WAX HONEY WAX,0,0,21٫96,0,40,0,35,0,30,0,25,0,2024/12/20,,,,,,,,,,,,,,,6224008077442,HONEY WAX,0,,0,الكيم,SENOR WAX,,,,82٫14,0,0,,1,نواقص,99999,,22٫5,,2022/06/18,,,,,,,,2022/05/19,,-1,,,,,معرض الوكيل للتجاره,,,,0,45٫1,22٫5,2022/02/22,,21٫96,لا,40,35,30,25,0
2294,الكيم SENORITA SCRUB ARGAN,0,0,20٫99,0,45,0,35,0,30,0,25,0,2024/12/20,,,,,,,,,,,,,,,012115,ARGAN,0,,0,الكيم,SENORITA SCRUB,,,,114٫41,0,0,,1,---,99999,,21,,2022/06/18,,,,,,,,2022/08/23,,-1,,,,,معرض الوكيل للتجاره,,,,0,53٫36,21,2022/08/12,,20٫99,لا,45,35,30,25,0
2295,الكيم SENORITA SCRUB CAVIAR,0,0,23٫15,0,45,0,35,0,30,0,27,0,2024/12/20,,,,,,,,,,,,,,,012109,CAVIAR,0,,0,الكيم,SENORITA SCRUB,,,,94٫4,0,0,,1,نواقص,99999,,23,,2023/11/24,,,,,,,,2023/11/23,,-1,,,,,معرض الوكيل للتجاره,,,,0,48٫56,23,2023/07/13,,23٫15,لا,45,35,30,27,0
2296,الكيم SENORITA SCRUB COFFE,0,0,21٫01,0,45,0,35,0,30,0,25,0,2024/12/20,,,,,,,,,,,,,,,012112,COFFE,0,,0,الكيم,SENORITA SCRUB,,,,114٫14,0,0,,1,نواقص,99999,,21,,2023/10/13,,,,,,,,2023/03/26,,-1,,,,,معرض الوكيل للتجاره,,,,0,53٫3,21,2022/08/12,,21٫01,لا,45,35,30,25,0
2297,الكيم SENORITA SCRUB FRUIT ACIDS,0,0,22٫78,0,45,0,35,0,30,0,27,0,2025/05/21,,,,,,,,,,,,,,,012114,FRUIT ACIDS,0,,0,الكيم,SENORITA SCRUB,,,,97٫56,0,0,,1,نواقص,99999,,23,,2025/05/21,,,,,,,,2025/05/21,,-1,,,,,معرض الوكيل للتجاره,,,,0,49٫38,23,2023/07/13,,22٫78,لا,45,35,30,27,0
2298,الكيم SENORITA SCRUB KIWI,0,0,23٫06,0,45,0,35,0,30,0,27,0,2024/12/20,,,,,,,,,,,,,,,012113,KIWI,0,,0,الكيم,SENORITA SCRUB,,,,95٫18,0,0,,1,نواقص,99999,,23,,2023/10/13,,,,,,,,2023/09/19,,-1,,,,,معرض الوكيل للتجاره,,,,0,48٫77,23,2023/03/01,,23٫06,لا,45,35,30,27,0
2299,الكيم SENORITA SCRUB NILE BLUE,0,0,23٫05,0,45,0,35,0,30,0,27,0,2024/12/20,,,,,,,,,,,,,,,012111,NILE BLUE,0,,0,الكيم,SENORITA SCRUB,,,,95٫24,0,0,,1,نواقص,99999,,23,,2023/10/13,,,,,,,,2023/04/22,,-1,,,,,معرض الوكيل للتجاره,,,,0,48٫78,23,2023/03/01,,23٫05,لا,45,35,30,27,0
2300,الكيم SENORITA SCRUB PAPAYA,0,0,20٫68,0,45,0,35,0,30,0,25,0,2024/12/20,,,,,,,,,,,,,,,012116,PAPAYA,0,,0,الكيم,SENORITA SCRUB,,,,117٫6,0,0,,1,نواقص,99999,,20,,2022/06/18,,,,,,,,2022/08/01,,-1,,,,,رويال/ادره المخازن,,,,0,54٫04,20,2022/02/04,,20٫68,لا,45,35,30,25,0
2301,الكيم SOLITAIRE HOT OIL TREATMENT SNAKE OIL,0,0,0,0,20,0,15,0,12٫5,0,10,0,,,,,,,,,,,,,,,,012054,SNAKE OIL,0,,0,الكيم,SOLITAIRE HOT OIL TREATMENT,,,,,0,0,منتجات العنايه الشخصيه,1,---,99999,\us\134\pid\607\f132578904449794777009.png,0,,,,,,,,,,,,-4,2020/04/01,10,#ROYALELCHIM ,"العنايه,بالشعر,SOLITAIRE,HOT,OIL,TREATMENT,SNAKE,OIL",,,,,0,,0,,SOLITAIRE HOT OIL TREATMENT,0,لا,20,15,12٫5,10,2
2302,الكيم SOLITAIRE HOT OIL TREATMENT 1000ML SHEA BUTTER,0,0,0,0,20,0,15,0,12٫5,0,10,0,,,,,,,,,,,,,,,,012053,SHEA BUTTER,0,,0,الكيم,SOLITAIRE HOT OIL TREATMENT 1000ML,,,,,0,0,منتجات العنايه الشخصيه,1,---,99999,\us\134\pid\606\f132578904037479088007.png,0,,,,,,,,,,,,-4,2020/04/01,10,#ROYALELCHIM ,"SOLITAORE,HOT,OIL,TREATMENT,1000ML,SHIEA",,,,,0,,0,,SOLITAORE HOT OIL TREATMENT 1000ML,0,لا,20,15,12٫5,10,2
2303,الكيم SORAL THERABY 4*1,0,0,1172٫73,0,2100,0,1800,0,1650,0,1400,0,2023/06/11,,,,,,,,,,,,,,,012167,,0,,0,الكيم,SORAL THERABY 4*1,,,,79٫07,0,0,,1,نواقص,99999,,1200,,2023/01/28,,,,,,,,2023/06/11,,-1,,,,,معرض الوكيل للتجاره,,,,0,44٫16,1200,2023/01/25,,1172٫73,لا,2100,1800,1650,1400,0
2304,الكيم SORALI CONDITIONING CREAM,0,0,0,0,35,0,30,0,20,0,16,0,,,,,,,,,,,,,,,,012024,,0,,0,الكيم,SORALI CONDITIONING CREAM,,,,,0,0,منتجات العنايه الشخصيه,1,نواقص,99999,\us\134\pid\345\f132551081856712881147.png,0,,2021/07/14,,,,,,,,,,-5,2020/04/01,10,#ROYALELCHIM ,"HAIR,MASK,SORALI,شعر,ماسك,حمام كريم,ترطيب",,,,,0,,0,,SORALI CONITIONING CREAM,0,لا,35,30,20,16,2
2305,الكيم SUPER DAX,0,0,17٫87,0,35,0,30,0,25,0,20,0,2024/12/20,,,,,,,,,,,,,,,012090,,0,,0,الكيم,SUPER DAX,,,,95٫83,0,0,,1,نواقص,99999,,18,,2022/12/20,,,,,,,,2023/02/12,,-1,,,,,معرض الوكيل للتجاره,,,,0,48٫94,18,2022/08/02,,17٫87,لا,35,30,25,20,0
2306,الكيم SWAG 1000 ML ENEREGY BOOST,0,0,73٫79,0,125,0,110,0,100,0,85,0,2024/12/20,,,,,,,,,,,,,,,5285001954957,ENEREGY BOOST,0,,0,الكيم,SWAG 1000 ML,,,,69٫39,0,0,,1,نواقص,99999,,70,,2023/01/26,,,,,,,,2023/01/25,,-1,,,,,رويال/ادره المخازن,,,,0,40٫96,70,2022/02/02,,73٫79,لا,125,110,100,85,0
2307,الكيم SWAG 500 ML CAMOUFLAGE,0,0,45٫42,0,80,0,70,0,60,0,50,0,2024/12/20,,,,,,,,,,,,,,,5285001958825,CAMOUFLAGE,0,,0,الكيم,SWAG 500 ML,,,,76٫14,0,0,,1,نواقص,99999,,45,,2022/08/05,,,,,,,,2022/11/03,,-1,,,,,رويال/ادره المخازن,,,,0,43٫23,45,2021/11/06,,45٫42,لا,80,70,60,50,0
2308,الكيم SWAG 500 ML ENERGY BOOST,0,0,45٫35,0,80,0,65,0,55,0,50,0,2022/10/08,,,,,,,,,,,,,,,5285001958818,ENERGY BOOST,0,,0,الكيم,SWAG 500 ML,,,,76٫41,0,0,,1,نواقص,99999,,45,,2022/10/08,,,,,,,,2022/10/08,,-1,,,,,رويال/ادره المخازن,,,,0,43٫32,45,2022/02/02,,45٫35,لا,80,65,55,50,0
2309,الكيم TORNADO AF7700,0,0,455٫11,0,800,0,700,0,600,0,525,0,2022/12/21,,,,,,,,,,,,,,,012157,,0,,0,الكيم,TORNADO AF7700,,,,75٫78,0,0,,1,نواقص,99999,,455,,2022/12/22,,,,,,,,2022/12/21,,-1,,,,,,,,,0,43٫11,455,2022/07/06,,455٫11,لا,800,700,600,525,0
2310,الكيم TRICHUP SERUM,0,0,60٫52,0,125,0,110,0,80,0,70,0,2024/12/20,,,,,,,,,,,,,,,6224008311966,SERUM,0,,0,الكيم,TRICHUP,,,,106٫54,0,0,,1,نواقص,99999,,60,,2023/10/13,,,,,,,,2022/07/14,,-1,,,,,رويال/ادره المخازن,,,,0,51٫58,60,2022/02/09,,60٫52,لا,125,110,80,70,0
2311,الكيم TRICHUP SERUM FRIZZ CONTROL,0,0,60٫46,0,125,0,110,0,80,0,70,0,2024/06/14,,,,,,,,,,,,,,,6224008311805,SERUM,0,,0,الكيم,TRICHUP,FRIZZ CONTROL,,,106٫73,0,0,,1,نواقص,99999,,60,,2024/06/14,,,,,,,,2024/06/14,,-1,,,,,رويال/ادره المخازن,,,,0,51٫63,60,2022/02/09,,60٫46,لا,125,110,80,70,0
2312,الكيم TRICHUP SERUM THERMAL OROTECTION,0,0,60٫52,0,125,0,110,0,80,0,70,0,2024/12/20,,,,,,,,,,,,,,,6224008311959,SERUM,0,,0,الكيم,TRICHUP,THERMAL OROTECTION,,,106٫54,0,0,منتجات العنايه الشخصيه,1,نواقص,99999,\us\134\pid\1556\f132819723170500654181.png,60,,2022/11/25,,,,,,,,2022/11/25,,1,,20,#ROYALELCHIM ,"ماسك,للشعر,تنعيم.ترطيب,تطويل,تغزير,,HAIR,لمعان,سيروم",رويال/ادره المخازن,,,,0,51٫58,60,2022/02/09,TRICHUP SERUM THERMAL PROTECTION,60٫52,لا,125,110,80,70,3
2313,الكيم TRIHOLD GEL جردل,0,0,11٫38,0,25,0,22,0,16,0,14,0,2024/12/20,,,,,,,,,,,,,,,6773535162010,جردل,0,,0,الكيم,TRIHOLD GEL,,,,119٫6,0,0,,1,نواقص,99999,,11,,2023/10/13,,,,,,,,2023/10/27,,-1,,,,,معرض الوكيل للتجاره,,,,0,54٫46,11,2023/03/01,,11٫38,لا,25,22,16,14,0
2314,الكيم W GEL WAX WAKBACK,0,0,10٫07,0,25,0,20,0,15,0,12٫5,0,2024/12/20,,,,,,,,,,,,,,,012091,,0,,0,الكيم,W GEL WAX WAKBACK,,,,148٫21,0,0,,1,نواقص,99999,,10,,2022/06/18,,,,,,,,2022/06/06,,-1,,,,,رويال/ادره المخازن,,,,0,59٫71,10,2022/02/09,,10٫07,لا,25,20,15,12٫5,0
2315,الكيم Wax خرز كيس,0,0,65,0,90,0,85,0,80,0,70,0,2022/06/14,,,,,,,,,,,,,,,012235,خرز كيس,0,,0,الكيم,Wax,,,,38٫46,0,0,,1,---,99999,,65,,,,,,,,,,2022/06/14,,-1,,,,,ماركو ميكب,,,,0,27٫78,65,2022/06/14,,65,لا,90,85,80,70,0
2316,الكيم Wax Italy,0,0,17٫75,0,25,0,23,0,22,0,20,0,2024/12/20,,,,,,,,,,,,,,,012172,,0,,0,الكيم,Wax Italy,,,,40٫85,0,0,,1,نواقص,99999,,17٫75,,2022/06/18,,,,,,,,,,-1,,,,,رويال / اداره المخازن الاقصر,,,,0,29,17٫75,2021/05/13,,17٫75,لا,25,23,22,20,0
2317,الكيم WAX WITH NO STRIPS مستورد,0,0,101٫16,0,150,0,140,0,125,0,115,0,2022/09/11,,,,,,,,,,,,,,,012156,مستورد,0,,0,الكيم,WAX WITH NO STRIPS,,,,48٫28,0,0,,1,نواقص,99999,,100,,2022/09/09,,,,,,,,2022/09/11,,-1,,,,,معرض الوكيل للتجاره,,,,0,32٫56,101٫16,2021/09/13,,101٫16,لا,150,140,125,115,0
2318,الكيم WEFA MAX WAX SPIDER,0,0,25,0,50,0,40,0,35,0,30,0,2022/02/28,,,,,,,,,,,,,,,012022,,0,,0,الكيم,WEFA MAX WAX SPIDER,,,,100,0,0,منتجات العنايه الشخصيه,1,نواقص,99999,\us\134\pid\336\f132551127167379945231.png,25,,2021/07/14,,,,,,,,2022/02/28,,-5,2021/01/30,15,#ROYALELCHIM ,"WEFA,WAX,HAIR,شعر,واكس,ترطيب,تلميع,عنايه",رويال/ادره المخازن,,,,0,50,25,2022/02/09,WEFA MAX WAX SPIDER,25,لا,50,40,35,30,5
2319,الكيم WEFA MAX WAX SPIDER ARGAN,0,0,20,0,50,0,40,0,30,0,25,0,2021/10/17,,,,,,,,,,,,,,,012043,,0,,0,الكيم,WEFA MAX WAX SPIDER ARGAN,,,,150,0,0,,1,---,99999,,20,,,,,,,,,,2021/10/17,,-1,,,,,رصيد اول المده,,,,0,60,20,2021/08/26,,20,لا,50,40,30,25,0
2320,الكيم WEFA MAX WAX SPIDER PROTEIN,0,0,20,0,50,0,40,0,30,0,25,0,2023/05/03,,,,,,,,,,,,,,,012041,,0,,0,الكيم,WEFA MAX WAX SPIDER PROTEIN,,,,150,0,0,,1,---,99999,,20,,,,,,,,,,2023/05/03,,-1,,,,,رصيد اول المده,,,,0,60,20,2021/08/26,,20,لا,50,40,30,25,0
2321,الكيم White 2 حليب,0,0,5,0,10,0,8٫5,0,7٫5,0,6,0,2024/12/20,,,,,,,,,,,,,,,012077,,0,,0,الكيم,White 2 حليب,,,,100,0,0,,1,نواقص,99999,,5,,2021/07/14,,,,,,,,2022/04/02,,-1,,,,,رويال/ادره المخازن,,,,0,50,5,2021/11/06,,5,لا,10,8٫5,7٫5,6,0
2322,الكيم WHITENING ANTI-WRINKLE,0,0,60٫35,0,125,0,100,0,85,0,75,0,2024/12/20,,,,,,,,,,,,,,,012085,,0,,0,الكيم,WHITENING ANTI-WRINKLE,,,,107٫13,0,0,,1,نواقص,99999,,60,,2022/06/18,,,,,,,,2022/07/04,,-1,,,,,رويال/ادره المخازن,,,,0,51٫72,60,2022/02/09,,60٫35,لا,125,100,85,75,0
2323,الكيم WHITENING ANTI-WRINKLE GREEN TEA,0,0,60٫35,0,125,0,100,0,85,0,75,0,2023/10/06,,,,,,,,,,,,,,,012087,GREEN TEA,0,,0,الكيم,WHITENING ANTI-WRINKLE,,,,107٫13,0,0,,1,نواقص,99999,,60,,2023/10/06,,,,,,,,2023/10/06,,-1,,,,,رويال/ادره المخازن,,,,0,51٫72,60,2022/02/09,,60٫35,لا,125,100,85,75,0
2324,الكيم WHITENING ANTI-WRINKLE NUTS,0,0,60٫7,0,125,0,100,0,85,0,75,0,2022/11/21,,,,,,,,,,,,,,,012086,NUTS,0,,0,الكيم,WHITENING ANTI-WRINKLE,,,,105٫94,0,0,,1,نواقص,99999,,60,,2022/11/21,,,,,,,,2022/11/21,,-1,,,,,معرض الوكيل للتجاره,,,,0,51٫44,60٫7,2021/09/13,,60٫7,لا,125,100,85,75,0
2325,الكيم WHY FIAR الوان,0,0,26٫38,0,45,0,40,0,35,0,30,0,2024/12/20,,,,,,,,,,,,,,,012211,الوان,0,,0,الكيم,WHY FIAR,,,,70٫6,0,0,,1,نواقص,99999,,26٫67,,2022/11/23,,,,,,,,2023/08/02,,-1,,,,,معرض الوكيل للتجاره,,,,0,41٫38,26٫67,2023/03/01,,26٫38,لا,45,40,35,30,0
2326,الكيم YOU POWER CONDITIONER,0,0,16٫35,0,40,0,35,0,30,0,25,0,2024/12/20,,,,,,,,,,,,,,,012099,CONDITIONER,0,,0,الكيم,YOU POWER,,,,144٫71,0,0,,1,نواقص,99999,,20,,2023/10/13,,,,,,,,2023/10/09,,-1,,,,,معرض الوكيل للتجاره,,,,0,59٫14,20,2023/07/13,,16٫35,لا,40,35,30,25,0
2327,الكيم YOU POWER SHAMPO,0,0,15٫03,0,40,0,35,0,30,0,25,0,2024/12/20,,,,,,,,,,,,,,,012100,SHAMPO,0,,0,الكيم,YOU POWER,,,,166٫05,0,0,,1,نواقص,99999,,20,,2023/07/13,,,,,,,,2023/08/01,,-1,,,,,معرض الوكيل للتجاره,,,,0,62٫41,20,2023/07/13,,15٫03,لا,40,35,30,25,0
2328,الكيم YOU POWER زيتون,0,0,9٫2,0,15,0,13,0,12,0,10,0,2024/12/20,,,,,,,,,,,,,,,012248,زيتون,0,,0,الكيم,YOU POWER,,,,63,0,0,,1,---,99999,,9,,,,,,,,,,2024/01/15,,-1,,,,,معرض الوكيل للتجاره,,,,0,38٫65,9٫2,2022/07/26,,9٫2,لا,15,13,12,10,0
2329,الكيم Zoya Spray Strong Fixing 500ml,0,0,34٫5,0,60,0,55,0,50,0,45,0,2024/12/20,,,,,,,,,,,,,,,6222001305920,Strong Fixing,0,,0,الكيم,Zoya Spray,500ml,,,73٫89,0,0,,1,نواقص,99999,,35,,2021/12/25,,,,,,,,2022/04/01,,-1,,,,,سعيد سالم,,,,0,42٫49,34٫53,2021/12/11,,34٫5,لا,60,55,50,45,0
2330,الكيم اسبراى التفتيح Maruel,0,0,35,0,70,0,60,0,50,0,40,0,2023/08/13,,,,,,,,,,,,,,,012325,,0,,0,الكيم,اسبراى التفتيح Maruel,,,,100,0,0,,1,نواقص,99999,,35,,2023/08/14,,,,,,,,,,-1,,,,,ميخائيل نجع حمادي,,,,0,50,35,2023/08/08,,35,لا,70,60,50,40,0
2331,الكيم اظافر 100 قطعه,0,0,9,0,20,0,18,0,15,0,12,0,2024/12/20,,,,,,,,,,,,,,,012187,,0,,0,الكيم,اظافر 100 قطعه,,,,122٫22,0,0,,1,نواقص,99999,,9,,2022/06/18,,,,,,,,2022/03/11,,-1,,,,,ميخائيل نجع حمادي,,,,0,55,9,2021/12/11,,9,لا,20,18,15,12,0
2332,الكيم اوبال شاور جيل الوان,0,0,33,0,45,0,40,0,38,0,35,0,2025/10/13,,,,,,,,,,,,,,,6223006661585,,0,,0,الكيم,اوبال شاور جيل الوان,,,,36٫36,0,0,,1,نواقص,99999,,33,,2025/10/14,,,,,,,,2025/10/13,,-1,,,,,كيرمينا,,,,0,26٫67,33,2023/06/26,,33,لا,45,40,38,35,0
2333,الكيم بريانك تفتيح,0,0,26,0,50,0,45,0,40,0,35,0,2024/12/20,,,,,,,,,,,,,,,012301,,0,,0,الكيم,بريانك تفتيح,,,,92٫31,0,0,,1,نواقص,99999,,26,,2023/10/13,,,,,,,,,,-1,,,,,ميخائيل نجع حمادي,,,,0,48,26,2023/04/11,,26,لا,50,45,40,35,0
2334,الكيم بريانك كريم تفتيح VC,0,0,45,0,65,0,60,0,55,0,50,0,2024/03/06,,,,,,,,,,,,,,,6030842940916,,0,,0,الكيم,بريانك كريم تفتيح VC,,,,44٫44,0,0,,1,نواقص,99999,,45,,2024/03/06,,,,,,,,2024/03/06,,-1,,,,,ميخائيل نجع حمادي,,,,0,30٫77,45,2023/07/18,,45,لا,65,60,55,50,0
2335,الكيم بشره جولي,0,0,0,0,15,0,13,0,11,0,10,0,,,,,,,,,,,,,,,,012017,,0,,0,الكيم,بشره جولي,,,,,0,0,,1,نواقص,99999,,0,,2021/07/14,,,,,,,,,,-1,,,,,,,,,0,,0,,,0,لا,15,13,11,10,0
2336,الكيم بورة نمل اكياس,0,0,3,0,5,0,4,0,3٫5,0,3,0,2024/12/20,,,,,,,,,,,,,,,6932271700881,,0,,0,الكيم,بورة نمل اكياس,,,,66٫67,0,0,,1,نواقص,99999,,3,,2023/10/13,,,,,,,,,,-1,,,,,كيرمينا,,,,0,40,3,2023/06/26,,3,لا,5,4,3٫5,3,0
2337,الكيم بومباستيك 200 ML ايس,0,0,11٫19,0,20,0,17,0,14,0,12٫5,0,2022/11/30,,,,,,,,,,,,,,,6224008311980,200 ML,0,,0,الكيم,بومباستيك,ايس,,,78٫66,0,0,,1,نواقص,99999,,11٫25,,2022/11/30,,,,,,,,2022/11/30,,-1,,,,,رويال/ادره المخازن,,,,0,44٫03,11٫25,2022/01/31,,11٫19,لا,20,17,14,12٫5,0
2338,الكيم بومباستيك 200 ML جنجل,0,0,11٫17,0,20,0,18,0,14,0,12٫5,0,2024/12/20,,,,,,,,,,,,,,,6224008311744,200 ML,0,,0,الكيم,بومباستيك,جنجل,,,79٫04,0,0,,1,نواقص,99999,,11٫25,,2022/06/02,,,,,,,,2023/05/10,,-1,,,,,رويال/ادره المخازن,,,,0,44٫15,11٫25,2022/01/31,,11٫17,لا,20,18,14,12٫5,0
2339,الكيم بومباستيك 400 ML,0,0,17٫09,0,30,0,27,0,22,0,20,0,2024/12/20,,,,,,,,,,,,,,,6224008311676,400 ML,0,,0,الكيم,بومباستيك,,,,75٫51,0,0,,1,نواقص,99999,,17,,2022/06/18,,,,,,,,2022/10/24,,-1,,,,,رويال/ادره المخازن,,,,0,43٫02,17,2022/02/09,,17٫09,لا,30,27,22,20,0
2340,الكيم تاتو Ysorno,0,0,18٫33,0,45,0,40,0,35,0,30,0,2024/12/20,,,,,,,,,,,,,,,012314,,0,,0,الكيم,تاتو Ysorno,,,,145٫45,0,0,,1,نواقص,99999,,18٫33,,2023/10/13,,,,,,,,2023/08/10,,-1,,,,,ميخائيل نجع حمادي,,,,0,59٫26,18٫33,2023/06/25,,18٫33,لا,45,40,35,30,0
2341,الكيم تاتو الوان,0,0,15,0,35,0,30,0,25,0,20,0,2025/12/16,,,,,,,,,,,,,,,012396,,0,,0,الكيم,تاتو الوان,,,,133٫33,0,0,,1,نواقص,99999,,15,,2025/12/16,,,,,,,,2025/12/16,,-1,,,,,ميخائيل نجع حمادي,,,,0,57٫14,15,2025/08/05,,15,لا,35,30,25,20,0
2342,الكيم جل Eternal الاحمر,0,0,7,0,15,0,12,0,10,0,8٫5,0,2024/12/20,,,,,,,,,,,,,,,6222001404364,الاحمر,0,,0,الكيم,جل Eternal,,,,114٫29,0,0,,1,نواقص,99999,,7,,2023/10/13,,,,,,,,2023/08/13,,-1,,,,,كيرمينا,,,,0,53٫33,7,2023/01/30,,7,لا,15,12,10,8٫5,0
2343,الكيم جل Eternal الاصفر,0,0,7,0,15,0,12,0,10,0,8٫5,0,2023/12/11,,,,,,,,,,,,,,,6222001404357,الاصفر,0,,0,الكيم,جل Eternal,,,,114٫29,0,0,,1,نواقص,99999,,7,,2023/04/05,,,,,,,,2023/12/11,,-1,,,,,كيرمينا,,,,0,53٫33,7,2023/01/30,,7,لا,15,12,10,8٫5,0
2344,الكيم جل بالبلسم هيردوو,0,0,10٫12,0,20,0,17,0,15,0,12٫5,0,2024/12/20,,,,,,,,,,,,,,,6222019604930,هيردوو,0,,0,الكيم,جل بالبلسم,,,,97٫7,0,0,,1,نواقص,99999,,10٫5,,2023/10/13,,,,,,,,2023/04/13,,-1,,,,,عاجور,,,,0,49٫42,10٫5,2022/10/28,,10٫12,لا,20,17,15,12٫5,0
2345,الكيم جل جيمي 500g,0,0,8٫5,0,20,0,15,0,12,0,10,0,2024/12/20,,,,,,,,,,,,,,,012207,500g,0,,0,الكيم,جل جيمي,,,,135٫29,0,0,,1,نواقص,99999,,8٫5,,2024/04/26,,,,,,,,2024/04/26,,-1,,,,,معرض الوكيل للتجاره,,,,0,57٫5,8٫5,2022/02/22,,8٫5,لا,20,15,12,10,0
2346,الكيم جل صبار AVONA,0,0,17,0,35,0,30,0,25,0,20,0,2025/10/18,,,,,,,,,,,,,,,012326,AVONA,0,,0,الكيم,جل صبار,,,,105٫88,0,0,,1,نواقص,99999,,17,,2025/09/10,,,,,,,,2025/10/18,,-1,,,,,ميخائيل نجع حمادي,,,,0,51٫43,17,2025/06/24,,17,لا,35,30,25,20,0
2347,الكيم جل صبار زجاج,0,0,11,0,25,0,23,0,20,0,15,0,2022/02/17,,,,,,,,,,,,,,,6224009609291,زجاج,0,,0,الكيم,جل صبار,,,,127٫27,0,0,,1,نواقص,99999,,11,,2022/02/18,,,,,,,,2022/02/17,,-1,,,,,رويال / اداره المخازن الاقصر,,,,0,56,11,2021/05/13,,11,لا,25,23,20,15,0
2348,الكيم جنتل مان مشكل,0,0,19٫59,0,35,0,30,0,25,0,22,0,2024/12/20,,,,,,,,,,,,,,,012210,مشكل,0,,0,الكيم,جنتل مان,,,,78٫64,0,0,,1,نواقص,99999,,20,,2023/10/13,,,,,,,,2023/07/17,,-1,,,,,معرض الوكيل للتجاره,,,,0,44٫02,20,2022/12/17,,19٫59,لا,35,30,25,22,0
2349,الكيم جيل 7 Star,0,0,8,0,15,0,12٫5,0,11,0,10,0,2025/11/11,,,,,,,,,,,,,,,012030,,0,,0,الكيم,جيل 7 Star,,,,87٫5,0,0,منتجات العنايه الشخصيه,1,نواقص,99999,\us\134\pid\444\f132580503085569365278.png,8,,2023/06/26,,,,,,,,2023/10/15,Online,3,2024/02/01,,#ROYALELCHIM ,"العنايه,بالشعر,star 7,جيل",معرض الوكيل للتجاره,,,,0,46٫67,8,2022/08/12,star 7 جيل,8,لا,15,12٫5,11,10,2
2350,الكيم جيل الانف الكوري,0,0,13,0,20,0,18,0,16,0,15,0,2024/12/20,,,,,,,,,,,,,,,012174,,0,,0,الكيم,جيل الانف الكوري,,,,53٫85,0,0,,1,نواقص,99999,,13,,2022/06/18,,,,,,,,2022/01/03,,-1,,,,,ميخائيل نجع حمادي,,,,0,35,13,2021/05/13,,13,لا,20,18,16,15,0
2351,الكيم جيل بعلبك جديد,0,0,11٫55,0,20,0,18,0,15,0,13٫5,0,2024/12/20,,,,,,,,,,,,,,,012292,جديد,0,,0,الكيم,جيل بعلبك,,,,73٫12,0,0,,1,---,99999,,11,,,,,,,,,,2023/11/11,,-1,,,,,معرض الوكيل للتجاره,,,,0,42٫24,11,2023/03/01,,11٫55,لا,20,18,15,13٫5,0
2352,الكيم جيل حلاقه لتر,0,0,21,0,30,0,28,0,25,0,22,0,2022/09/28,,,,,,,,,,,,,,,012259,لتر,0,,0,الكيم,جيل حلاقه,,,,42٫86,0,0,,1,---,99999,,21,,,,,,,,,,2022/09/28,,-1,,,,,Fady مسن,,,,0,30,21,2022/09/28,,21,لا,30,28,25,22,0
2353,الكيم جيل لبات الدكر,0,0,23,0,40,0,35,0,30,0,25,0,2023/07/31,,,,,,,,,,,,,,,012307,,0,,0,الكيم,جيل لبات الدكر,,,,73٫91,0,0,,1,نواقص,99999,,23,,2023/07/31,,,,,,,,2023/07/31,,-1,,,,,ميخائيل نجع حمادي,,,,0,42٫5,23,2023/05/16,,23,لا,40,35,30,25,0
2354,الكيم حمام 4U كيلو,0,0,12٫57,0,25,0,20,0,18,0,15,0,2024/12/20,,,,,,,,,,,,,,,012010,,0,,0,الكيم,حمام 4U كيلو,,,,98٫86,0,0,,1,نواقص,99999,,13,,2022/10/20,,,,,,,,2023/08/10,,-1,,,,,معرض الوكيل للتجاره,,,,0,49٫71,13,2022/05/09,,12٫57,لا,25,20,18,15,0
2355,الكيم حمام HAIRBEST 1.5 KG,0,0,32٫2,0,50,0,45,0,40,0,38,0,2024/12/20,,,,,,,,,,,,,,,012011,,0,,0,الكيم,حمام HAIRBEST 1.5 KG,,,,55٫3,0,0,,1,نواقص,99999,,33,,2024/03/13,,,,,,,,2024/03/15,,-1,,,,,معرض الوكيل للتجاره,,,,0,35٫61,33,2023/12/28,,32٫2,لا,50,45,40,38,0
2356,الكيم حمام HAIRBEST GOLD 1KG,0,0,20,0,40,0,35,0,27,0,22,0,2024/08/20,,,,,,,,,,,,,,,012018,,0,,0,الكيم,حمام HAIRBEST GOLD 1KG,,,,100,0,0,منتجات العنايه الشخصيه,1,نواقص,99999,\us\134\pid\326\f132555393233769476011.png,20,,2021/07/14,,,,,,,,2021/09/14,Online,0,2024/02/01,5,#ROYALELCHIM ,"حمام,كريم,ترطيب,نعومه,لمعان,شعر,HAIR,BEST",رصيد اول المده,,,,0,50,20,2021/08/03,HAIRBEST GOLD 1KG,20,لا,40,35,27,22,4
2357,الكيم حمام W 1 1000 ML,0,0,11٫68,0,20,0,18,0,16٫5,0,12٫5,0,2024/12/20,,,,,,,,,,,,,,,012107,1000 ML,0,,0,الكيم,حمام W 1,,,,71٫17,0,0,,1,نواقص,99999,,12,,2022/06/18,,,,,,,,2022/11/15,,-1,,,,,معرض الوكيل للتجاره,,,,0,41٫58,12٫29,2022/03/23,,11٫68,لا,20,18,16٫5,12٫5,0
2358,الكيم حمام باور كيلو,0,0,15,0,25,0,22,0,20,0,18,0,2022/09/01,,,,,,,,,,,,,,,012009,,0,,0,الكيم,حمام باور كيلو,,,,66٫67,0,0,,1,نواقص,99999,,15,,2022/08/29,,,,,,,,2022/09/01,,-1,,,,,معرض الوكيل للتجاره,,,,0,40,15,2022/08/02,,15,لا,25,22,20,18,0
2359,الكيم حمام جودي,0,0,16٫34,0,30,0,25,0,22,0,19,0,2024/12/20,,,,,,,,,,,,,,,012228,,0,,0,الكيم,حمام جودي,,,,83٫6,0,0,,1,نواقص,99999,,16٫5,,2023/04/06,,,,,,,,2023/08/10,,-1,,,,,معرض الوكيل للتجاره,,,,0,45٫53,16٫5,2022/12/09,,16٫34,لا,30,25,22,19,0
2360,الكيم حمام سولتير كيلو,0,0,12٫88,0,25,0,20,0,18,0,15,0,2024/12/20,,,,,,,,,,,,,,,012013,,0,,0,الكيم,حمام سولتير كيلو,,,,94٫1,0,0,,1,نواقص,99999,,13,,2022/06/18,,,,,,,,2023/09/03,,-1,,,,,معرض الوكيل للتجاره,,,,0,48٫48,13,2022/05/09,,12٫88,لا,25,20,18,15,0
2361,الكيم حمام كريم Done كيلو,0,0,16٫5,0,30,0,25,0,22,0,19,0,2024/12/20,,,,,,,,,,,,,,,012269,كيلو,0,,0,الكيم,حمام كريم Done,,,,81٫82,0,0,,1,نواقص,99999,,16٫5,,2023/10/08,,,,,,,,2023/10/07,,-1,,,,,معرض الوكيل للتجاره,,,,0,45,16٫5,2022/12/09,,16٫5,لا,30,25,22,19,0
2362,الكيم حمام كيراتين,0,0,25,0,40,0,38,0,35,0,30,0,2024/12/20,,,,,,,,,,,,,,,012285,,0,,0,الكيم,حمام كيراتين,,,,60,0,0,,1,نواقص,99999,,25,,2023/05/20,,,,,,,,2023/05/19,,-1,,,,,محارب صبرى,,,,0,37٫5,25,2023/01/27,,25,لا,40,38,35,30,0
2363,الكيم حمام كيلو كريستال,0,0,13,0,25,0,20,0,18,0,15,0,2024/12/20,,,,,,,,,,,,,,,012169,,0,,0,الكيم,حمام كيلو كريستال,,,,92٫31,0,0,,1,نواقص,99999,,13,,2022/06/18,,,,,,,,2023/04/04,,-1,,,,,معرض الوكيل للتجاره,,,,0,48,13,2022/05/09,,13,لا,25,20,18,15,0
2364,الكيم حمام لوتس,0,0,12٫44,0,25,0,20,0,18,0,15,0,2024/12/20,,,,,,,,,,,,,,,012170,,0,,0,الكيم,حمام لوتس,,,,100٫91,0,0,,1,نواقص,99999,,12٫5,,2022/08/20,,,,,,,,2023/05/14,,-1,,,,,معرض الوكيل للتجاره,,,,0,50٫23,12٫5,2022/05/09,,12٫44,لا,25,20,18,15,0
2365,الكيم حمام لوزان 1.5 KG,0,0,18,0,36,0,30,0,25,0,22,0,2024/12/20,,,,,,,,,,,,,,,012014,,0,,0,الكيم,حمام لوزان 1.5 KG,,,,100,0,0,منتجات العنايه الشخصيه,1,نواقص,99999,,18,,2022/11/02,,,,,,,,2022/11/02,,-12,2021/01/30,25,#ROYALELCHIM ,"حمام,كريم,شعر,نعومه,لمعان,SERUM,OIL,LOZAN",رويال/ادره المخازن,,,,0,50,18,2022/02/02,حمام كريم LOZAN,18,لا,36,30,25,22,0
2366,الكيم حمام لوزان 1KG,0,0,14٫27,0,30,0,25,0,20,0,18,0,2022/11/11,,,,,,,,,,,,,,,012015,,0,,0,الكيم,حمام لوزان 1KG,,,,110٫19,0,0,منتجات العنايه الشخصيه,1,نواقص,99999,\us\134\pid\318\f132550965190503227061.png,14,,2022/11/11,,,,,,,,2022/11/11,,-12,2021/01/30,25,#ROYALELCHIM ,"حمام,كريم,شعر,ترطيب,غسول,نعومه,لمعان,حرير",رويال/ادره المخازن,,,,0,52٫42,14,2022/02/02,حمام كريم LOZAN 1KG,14٫27,لا,30,25,20,18,11
2367,الكيم خميره البيره لشهر,0,0,28٫5,0,40,0,35,0,33,0,30,0,2024/12/20,,,,,,,,,,,,,,,012337,,0,,0,الكيم,خميره البيره لشهر,,,,40٫35,0,0,,1,نواقص,99999,,171,,2023/10/13,,,,,,,,2024/03/05,,-1,,,,,ميخائيل نجع حمادي,,,,0,28٫75,171,2023/09/26,,28٫5,لا,40,35,33,30,0
2368,الكيم زبده شيا طبيعي,0,0,20,0,40,0,35,0,30,0,25,0,2024/05/02,,,,,,,,,,,,,,,012327,,0,,0,الكيم,زبده شيا طبيعي,,,,100,0,0,,1,نواقص,99999,,20,,2024/05/02,,,,,,,,2024/05/02,,-1,,,,,مايكل ثروت / مايت سينما,,,,0,50,20,2023/08/10,,20,لا,40,35,30,25,0
2369,الكيم زيت الفيصل لتطويل الشعر,0,0,0,0,70,0,60,0,50,0,40,0,,,,,,,,,,,,,,,,745125006017,,0,,0,الكيم,زيت الفيصل لتطويل الشعر,,,,,0,0,,1,نواقص,99999,,0,,2021/07/14,,,,,,,,,,-1,,,,,,,,,0,,0,,,0,لا,70,60,50,40,0
2370,الكيم زيت الملكه ارجان,0,0,5,0,15,0,13,0,12,0,10,0,2023/10/21,,,,,,,,,,,,,,,012332,,0,,0,الكيم,زيت الملكه ارجان,,,,200,0,0,,1,نواقص,99999,,5,,2023/10/21,,,,,,,,2023/10/21,,-1,,,,,مايكل ثروت / مايت سينما,,,,0,66٫67,5,2023/08/10,,5,لا,15,13,12,10,0
2371,الكيم سبايدر كريم الوان ازرق,0,0,20٫8,0,50,0,40,0,30,0,25,0,2024/04/26,,,,,,,,,,,,,,,012096,,0,,0,الكيم,سبايدر كريم الوان ازرق,,,,140٫4,0,0,,1,نواقص,99999,,20,,2024/04/26,,,,,,,,2024/04/26,,-1,,,,,رويال/ادره المخازن,,,,0,58٫4,20,2022/02/09,,20٫8,لا,50,40,30,25,0
2372,الكيم سنفره روزيتا,0,0,0,0,32,0,25,0,20,0,18,0,,,,,,,,,,,,,,,,012004,,0,,0,الكيم,سنفره روزيتا,,,,,0,0,منتجات العنايه الشخصيه,1,نواقص,99999,\us\134\pid\307\f132545796893435566043.jpg,0,,2021/07/14,,,,,,,,,,-8,2021/01/30,25,#ROYALELCHIM ,"سنفره,تقشير,تنظيف,للبشره,لمعان,ترطيب",,,,,0,,0,,سنفره روزيتا,0,لا,32,25,20,18,4
2373,الكيم سوبريم معجون حنا قرطاس,0,0,15٫11,0,25,0,22,0,20,0,17٫5,0,2024/12/20,,,,,,,,,,,,,,,6225000387812,,0,,0,الكيم,سوبريم معجون حنا قرطاس,,,,65٫5,0,0,,1,نواقص,99999,,15,,2023/10/13,,,,,,,,2023/07/02,,-1,,,,,رويال/ادره المخازن,,,,0,39٫58,15,2022/02/14,,15٫11,لا,25,22,20,17٫5,0
2374,الكيم سويت يوستينا 45 جم,0,0,1٫5,0,3,0,2٫5,0,2٫25,0,2,0,2024/12/20,,,,,,,,,,,,,,,012230,45 جم,0,,0,الكيم,سويت يوستينا,,,,100,0,0,,1,---,99999,,1٫5,,,,,,,,,,2023/08/10,,-1,,,,,SINA COSMETICS,,,,0,50,1٫5,2022/05/25,,1٫5,لا,3,2٫5,2٫25,2,0
2375,الكيم شاور فيوليت 1.5,0,0,17٫5,0,25,0,23,0,20,0,18,0,2024/12/20,,,,,,,,,,,,,,,6229415020036,,0,,0,الكيم,شاور فيوليت 1.5,,,,42٫86,0,0,,1,نواقص,99999,,17٫5,,2022/08/08,,,,,,,,2022/08/06,,-1,,,,,رويال / اداره المخازن الاقصر,,,,0,30,17٫5,2021/10/20,,17٫5,لا,25,23,20,18,0
2376,الكيم شمع العسل الملكي,0,0,61٫84,0,85,0,80,0,75,0,70,0,2024/12/20,,,,,,,,,,,,,,,30306806,,0,,0,الكيم,شمع العسل الملكي,,,,37٫46,0,0,,1,نواقص,99999,,65,,2023/06/21,,,,,,,,2023/06/22,,-1,,,,,هاني مسن,,,,0,27٫25,65,2023/04/05,,61٫84,لا,85,80,75,70,0
2377,الكيم شمع ملكي,0,0,65,0,85,0,80,0,75,0,70,0,2023/06/16,,,,,,,,,,,,,,,012273,,0,,0,الكيم,شمع ملكي,,,,30٫77,0,0,,1,---,99999,,65,,,,,,,,,,2023/06/16,,-1,,,,,هاني مسن,,,,0,23٫53,65,2023/06/16,,65,لا,85,80,75,70,0
2378,الكيم صابون مغربي,0,0,260,0,320,0,310,0,300,0,290,0,2026/05/26,,,,,,,,,,,,,,,5285003146619,,0,,0,الكيم,صابون مغربي,,,,23٫08,0,0,,1,نواقص,99999,,260,,2026/05/26,,,,,,,,2026/05/26,,-1,,,,,ميخائيل نجع حمادي,,,,0,18٫75,260,2026/05/05,,260,لا,320,310,300,290,0
2379,الكيم صابون مغربي بالتوت البري,0,0,55,0,100,0,90,0,80,0,70,0,2025/10/23,,,,,,,,,,,,,,,012392,بالتوت البري,0,,0,الكيم,صابون مغربي,,,,81٫82,0,0,,1,نواقص,99999,,55,,2025/10/25,,,,,,,,2025/10/23,,-1,,,,,ميخائيل نجع حمادي,,,,0,45,55,2025/04/23,,55,لا,100,90,80,70,0
2380,الكيم صابون مغربي بالفحم,0,0,29,0,70,0,65,0,55,0,45,0,2024/12/20,,,,,,,,,,,,,,,012231,بالفحم,0,,0,الكيم,صابون مغربي,,,,141٫38,0,0,,1,نواقص,99999,,29,,2023/10/13,,,,,,,,2022/08/03,,-1,,,,,ميخائيل نجع حمادي,,,,0,58٫57,29,2022/06/07,,29,لا,70,65,55,45,0
2381,الكيم صابون مغربي بزيت الزيتون,0,0,98,0,150,0,140,0,130,0,125,0,2023/01/10,,,,,,,,,,,,,,,012223,بزيت الزيتون,0,,0,الكيم,صابون مغربي,,,,53٫06,0,0,,1,نواقص,99999,,98,,2023/01/10,,,,,,,,2023/01/10,,-1,,,,,ميخائيل نجع حمادي,,,,0,34٫67,98,2022/06/07,,98,لا,150,140,130,125,0
2382,الكيم صابون مغربي + لوفه,0,0,120,0,200,0,180,0,160,0,150,0,2024/01/10,,,,,,,,,,,,,,,5285003146466,,0,,0,الكيم,صابون مغربي + لوفه,,,,66٫67,0,0,,1,نواقص,99999,,120,,2024/01/10,,,,,,,,2024/01/10,,-1,,,,,مايكل ثروت / مايت سينما,,,,0,40,120,2023/08/10,,120,لا,200,180,160,150,0
2383,الكيم صابونه Dudu Osun,0,0,15,0,30,0,25,0,23,0,20,0,2024/12/20,,,,,,,,,,,,,,,6156000043708,,0,,0,الكيم,صابونه Dudu Osun,,,,100,0,0,,1,نواقص,99999,,15,,2022/10/23,,,,,,,,2022/10/22,,-1,,,,,رويال/ادره المخازن,,,,0,50,15,2022/02/09,,15,لا,30,25,23,20,0
2384,الكيم صابونه الكركم بياري,0,0,15٫5,0,25,0,23,0,22,0,20,0,2024/12/20,,,,,,,,,,,,,,,8908000105010,بياري,0,,0,الكيم,صابونه الكركم,,,,61٫29,0,0,,1,نواقص,99999,,15٫5,,2023/03/29,,,,,,,,2023/03/28,,-1,,,,,ميخائيل نجع حمادي,,,,0,38,15٫5,2021/10/27,,15٫5,لا,25,23,22,20,0
2385,الكيم صابونه بروبلس النحل,0,0,15,0,25,0,23,0,22,0,20,0,2024/12/20,,,,,,,,,,,,,,,6224008025917,,0,,0,الكيم,صابونه بروبلس النحل,,,,66٫67,0,0,,1,نواقص,99999,,15,,2023/10/13,,,,,,,,2022/02/14,,-1,,,,,رويال/ادره المخازن,,,,0,40,15,2022/02/09,,15,لا,25,23,22,20,0
2386,الكيم صبغه X,0,0,35,0,70,0,65,0,60,0,57,0,2023/06/24,,,,,,,,,,,,,,,012255,,0,,0,الكيم,صبغه X,,,,100,0,0,,1,---,99999,,35,,,,,,,,,,2023/06/24,,-1,,,,,محارب صبرى,,,,0,50,35,2023/06/21,,35,لا,70,65,60,57,0
2387,الكيم صبغه X New,0,0,42٫5,0,70,0,65,0,60,0,55,0,2023/02/23,,,,,,,,,,,,,,,012288,New,0,,0,الكيم,صبغه X,,,,64٫71,0,0,,1,---,99999,,42٫5,,,,,,,,,,2023/02/23,,-1,,,,,محارب صبرى,,,,0,39٫29,42٫5,2023/02/23,,42٫5,لا,70,65,60,55,0
2388,الكيم صبغه اسود اكتافيتا,0,0,62٫5,0,75,0,70,0,65,0,60,0,2024/12/20,,,,,,,,,,,,,,,012338,اكتافيتا,0,,0,الكيم,صبغه اسود,,,,20,0,0,,1,---,99999,,70,,,,,,,,,,2023/10/25,,-1,,,,,هاني سمير,,,,0,16٫67,70,2023/10/24,,62٫5,لا,75,70,65,60,0
2389,الكيم صبغه اسود جديد,0,0,48,0,60,0,57,0,55,0,52,0,2022/09/28,,,,,,,,,,,,,,,012260,جديد,0,,0,الكيم,صبغه اسود,,,,25,0,0,,1,---,99999,,48,,,,,,,,,,2022/09/28,,-1,,,,,نقدي متنوع,,,,0,20,48,2022/09/28,,48,لا,60,57,55,52,0
2390,الكيم صبغه اسود سامبا,0,0,47٫26,0,75,0,70,0,65,0,55,0,2023/03/26,,,,,,,,,,,,,,,6773505140628,سامبا,0,,0,الكيم,صبغه اسود,,,,58٫7,0,0,,1,---,99999,,45,,,,,,,,,,2023/03/26,,-1,,,,,معرض الوكيل للتجاره,,,,0,36٫99,45,2023/03/01,,47٫26,لا,75,70,65,55,0
2391,الكيم صبغه تانشو,0,0,24٫58,0,35,0,32,0,30,0,28,0,2024/12/20,,,,,,,,,,,,,,,4902806001945,,0,,0,الكيم,صبغه تانشو,,,,42٫37,0,0,,1,نواقص,99999,,24٫58,,2022/06/18,,,,,,,,2022/08/18,,-1,,,,,ميخائيل نجع حمادي,,,,0,29٫76,24٫58,2021/10/27,,24٫58,لا,35,32,30,28,0
2392,الكيم طمي فانسي,0,0,9٫21,0,20,0,17,0,13,0,,0,2024/12/20,,,,,,,,,,,,,,,012220,,0,,0,الكيم,طمي فانسي,,,,117٫05,0,0,,1,---,99999,,9,,,,,,,,,,2022/10/04,,-1,,,,,معرض الوكيل للتجاره,,,,0,53٫93,9٫21,2022/03/23,,9٫21,لا,20,17,13,,0
2393,الكيم طمي لوزان,0,0,6٫57,0,13,0,11,0,9,0,8,0,2024/12/20,,,,,,,,,,,,,,,6224000644970,,0,,0,الكيم,طمي لوزان,,,,97٫83,0,0,,1,نواقص,99999,,6٫5,,2022/06/18,,,,,,,,2022/10/15,,-1,,,,,رويال/ادره المخازن,,,,0,49٫45,6٫5,2021/11/12,,6٫57,لا,13,11,9,8,0
2394,الكيم فاشكول حمام كيلو,0,0,0,0,35,0,30,0,25,0,20,0,,,,,,,,,,,,,,,,012005,,0,,0,الكيم,فاشكول حمام كيلو,,,,,0,0,منتجات العنايه الشخصيه,1,نواقص,99999,\us\134\pid\308\f132543246973527786014.jpeg,0,,2021/07/14,,,,,,,,,,-1,2021/01/10,10,#ROYALELCHIM ,"الكيم,حمام.كريم,فاشكول.تنعيم,تطويل,فرد",,,,,0,,0,,الكيم فاشكول حمام كريم,0,لا,35,30,25,20,2
2395,الكيم فرد شعر برايت,0,0,14٫8,0,25,0,22,0,20,0,18,0,2024/12/21,,,,,,,,,,,,,,,012206,برايت,0,,0,الكيم,فرد شعر,,,,68٫96,0,0,,1,نواقص,99999,,15,,2024/07/05,,,,,,,,2024/07/05,,-1,,,,,معرض الوكيل للتجاره,,,,0,40٫81,15,2023/03/01,,14٫8,لا,25,22,20,18,0
2396,الكيم فرد شعر هيردوو,0,0,12,0,30,0,25,0,20,0,17,0,2024/12/21,,,,,,,,,,,,,,,6222019603032,هيردوو,0,,0,الكيم,فرد شعر,,,,150,0,0,,1,نواقص,99999,,12,,2023/10/13,,,,,,,,2022/12/03,,-1,,,,,برستيج الاقصر,,,,0,60,12,2021/12/13,,12,لا,30,25,20,17,0
2397,الكيم قناع الذهب والكولاجين,0,0,0,0,15,0,13,0,10,0,9,0,,,,,,,,,,,,,,,,005081,,0,,0,الكيم,قناع الذهب والكولاجين,,,,,0,0,,1,نواقص,99999,,0,,2021/07/14,,,,,,,,,,-1,,,,,,,,,0,,0,,,0,لا,15,13,10,9,0
2398,الكيم قناع ستاركي جديد,0,0,7,0,15,0,12,0,10,0,9,0,2022/03/09,,,,,,,,,,,,,,,012003,,0,,0,الكيم,قناع ستاركي جديد,,,,114٫29,0,0,منتجات العنايه الشخصيه,1,نواقص,99999,\us\134\pid\306\f132543266218104687012.jpg,7,,2021/03/04,,,,,,,,2022/03/09,,-1,,,#ROYALELCHIM ,"ماسك,تفتيح,العنايه.بالبشره,تقشير,يزيل.الرؤس.السوده",رويال/ادره المخازن,,,,0,53٫33,7,2022/02/09,الكيم قناع ستاركى جديد,7,لا,15,12,10,9,5
2399,الكيم كافيار ذهبي,0,0,30,0,55,0,50,0,45,0,40,0,2023/09/06,,,,,,,,,,,,,,,6220213378985,,0,,0,الكيم,كافيار ذهبي,,,,83٫33,0,0,,1,نواقص,99999,,30,,2023/09/06,,,,,,,,2023/09/06,,-1,,,,,مايكل ثروت / مايت سينما,,,,0,45٫45,30,2023/08/10,,30,لا,55,50,45,40,0
2400,الكيم كبسولات YOUTH SHOW,0,0,1٫1,0,2,0,1٫75,0,1٫5,0,1٫25,0,2022/04/12,,,,,,,,,,,,,,,6971204780064,,0,,0,الكيم,كبسولات YOUTH SHOW,,,,81٫82,0,0,,1,نواقص,99999,,1٫1,,2022/04/16,,,,,,,,2022/04/12,,-1,,,,,ميخائيل نجع حمادي,,,,0,45,1٫1,2021/05/13,,1٫1,لا,2,1٫75,1٫5,1٫25,0
2401,الكيم كبسولات بشره,0,0,40,0,70,0,65,0,55,0,45,0,2023/02/07,,,,,,,,,,,,,,,012286,,0,,0,الكيم,كبسولات بشره,,,,75,0,0,,1,---,99999,,40,,,,,,,,,,2023/02/07,,-1,,,,,محارب صبرى,,,,0,42٫86,40,2023/02/03,,40,لا,70,65,55,45,0
2402,الكيم كحل بودر,0,0,7٫5,0,15,0,13,0,12,0,10,0,2024/12/20,,,,,,,,,,,,,,,012175,,0,,0,الكيم,كحل بودر,,,,100,0,0,,1,نواقص,99999,,7٫5,,2023/12/05,,,,,,,,2023/12/04,,-1,,,,,ميخائيل نجع حمادي,,,,0,50,7٫5,2021/05/13,,7٫5,لا,15,13,12,10,0
2403,الكيم كحول 100 جم,0,0,0,0,20,0,18,0,17,0,15,0,,,,,,,,,,,,,,,,005101,,0,,0,الكيم,كحول 100 جم,,,,,0,0,,1,نواقص,99999,,0,,2021/07/14,,,,,,,,,,-1,,,,,,,,,0,,0,,,0,لا,20,18,17,15,0
2404,الكيم كحول 500مل,0,0,42,0,75,0,65,0,55,0,45,0,2022/03/02,,,,,,,,,,,,,,,6223004115653,,0,,0,الكيم,كحول 500مل,,,,78٫57,0,0,,1,نواقص,99999,,42,,2021/07/14,,,,,,,,2022/03/02,,-1,,,,,رويال/ادره المخازن,,,,0,44,42,2022/02/09,,42,لا,75,65,55,45,0
2405,الكيم كريم Carotone,0,0,55٫97,0,95,0,90,0,85,0,80,0,2023/11/18,,,,,,,,,,,,,,,6182000100486,,0,,0,الكيم,كريم Carotone,,,,69٫75,0,0,,1,نواقص,99999,,75,,2023/10/13,,,,,,,,2023/01/06,,-1,,,,,جميل ساويروس,,,,0,41٫09,75,2023/01/30,,55٫97,لا,95,90,85,80,0
2406,الكيم كريم One البشره عاديه,0,0,9,0,12,0,11٫5,0,11,0,10٫5,0,2024/12/21,,,,,,,,,,,,,,,6223001384762,البشره عاديه,0,,0,الكيم,كريم One,,,,33٫33,0,0,,1,نواقص,99999,,9,,2023/10/13,,,,,,,,2023/06/14,,-1,,,,,رويال/ادره المخازن,,,,0,25,9,2022/02/09,,9,لا,12,11٫5,11,10٫5,0
2407,الكيم كريم One بشره الجافه,0,0,9,0,12,0,11٫5,0,11,0,10٫5,0,2024/09/17,,,,,,,,,,,,,,,6223001385394,بشره الجافه,0,,0,الكيم,كريم One,,,,33٫33,0,0,,1,نواقص,99999,,9,,2024/09/17,,,,,,,,2024/09/17,,-1,,,,,رويال/ادره المخازن,,,,0,25,9,2022/02/09,,9,لا,12,11٫5,11,10٫5,0
2408,الكيم كريم One بشره حساسه,0,0,10,0,13,0,12,0,12٫5,0,11,0,2024/12/21,,,,,,,,,,,,,,,6223001384793,بشره حساسه,0,,0,الكيم,كريم One,,,,30,0,0,,1,نواقص,99999,,10,,2022/06/18,,,,,,,,2022/01/03,,-1,,,,,رويال/ادره المخازن,,,,0,23٫08,10,2022/02/09,,10,لا,13,12,12٫5,11,0
2409,الكيم كريم بشره فيانسيه ك,0,0,8,0,15,0,13,0,12,0,9,0,2024/12/20,,,,,,,,,,,,,,,012016,,0,,0,الكيم,كريم بشره فيانسيه ك,,,,87٫5,0,0,,1,نواقص,99999,,8,,2021/07/14,,,,,,,,2021/12/27,,-1,,,,,رصيد اول المده,,,,0,46٫67,8,2021/08/28,,8,لا,15,13,12,9,0
2410,الكيم كريم تفتيح مناطق حساسه Nature,0,0,15,0,65,0,55,0,45,0,35,0,2023/11/10,,,,,,,,,,,,,,,6220213377896,Nature,0,,0,الكيم,كريم تفتيح مناطق حساسه,,,,333٫33,0,0,,1,نواقص,99999,,15,,2023/11/10,,,,,,,,2023/11/10,,-1,,,,,مايكل ثروت / مايت سينما,,,,0,76٫92,15,2023/08/10,,15,لا,65,55,45,35,0
2411,الكيم كريم جولي رمان وخوخ و زيت زيتون,0,0,8٫5,0,15,0,13,0,11,0,10,0,2024/12/20,,,,,,,,,,,,,,,012046,,0,,0,الكيم,كريم جولي رمان وخوخ و زيت زيتون,,,,76٫47,0,0,منتجات العنايه الشخصيه,1,---,99999,\us\134\pid\536\f132557030305902613402.png,8٫5,,,,,,,,,,2022/03/30,,-5,2021/01/30,20,#ROYALELCHIM ,"JOOLY,SKIN,EMOLLIENT,CREAM,تفتيح,اضائه,غني,فيتامين,ه",رويال/ادره المخازن,,,,0,43٫33,8٫5,2022/02/09,JOLLY SKIN EMOLLIENT CREAM,8٫5,لا,15,13,11,10,3
2412,الكيم كريم جولي شيكولاته,0,0,8٫5,0,15,0,13,0,11,0,10,0,2023/10/02,,,,,,,,,,,,,,,012045,,0,,0,الكيم,كريم جولي شيكولاته,,,,76٫47,0,0,منتجات العنايه الشخصيه,1,---,99999,\us\134\pid\535\f132557041246481500433.png,8٫5,,,,,,,,,,2023/10/02,,-6,2021/01/30,20,#ROYALELCHIM ,"SKIN,EMOLLIENT,CREAM, CHOCOLATE,سكين,تغتيح,ترطيب.نعومه",رويال/ادره المخازن,,,,0,43٫33,8٫5,2022/02/09,JOLLY SKIN EMOLLIENT CREAM CHOCOLATE,8٫5,لا,15,13,11,10,3
2413,الكيم كريم جولي كولاجين,0,0,8٫5,0,15,0,13,0,11,0,10,0,2024/12/20,,,,,,,,,,,,,,,012044,,0,,0,الكيم,كريم جولي كولاجين,,,,76٫47,0,0,منتجات العنايه الشخصيه,1,---,99999,\us\134\pid\534\f132557045089761861441.png,8٫5,,,,,,,,,,2023/08/04,Online,-6,2024/01/01,20,#ROYALELCHIM ,"كريم,تفتيح,ترطيب,للبشره,نعومه,JOLLY,SKIN.CREAM,COLLAJEN",رويال/ادره المخازن,,,,0,43٫33,8٫5,2022/02/09,JOLLY SKIN EMOLLIENT CREAM COLLAGEN,8٫5,لا,15,13,11,10,3
2414,الكيم كريم جيل بانسيه متنوع,0,0,7٫5,0,15,0,12٫5,0,10,0,9,0,2022/06/14,,,,,,,,,,,,,,,012233,متنوع,0,,0,الكيم,كريم جيل بانسيه,,,,100,0,0,,1,---,99999,,7٫5,,,,,,,,,,2022/06/14,,-1,,,,,ماركو ميكب,,,,0,50,7٫5,2022/06/14,,7٫5,لا,15,12٫5,10,9,0
2415,الكيم كريم حلاقه Lord,0,0,6٫5,0,8,0,7٫5,0,7,0,6٫75,0,2022/09/28,,,,,,,,,,,,,,,012258,,0,,0,الكيم,كريم حلاقه Lord,,,,23٫08,0,0,,1,---,99999,,6٫5,,,,,,,,,,2022/09/28,,-1,,,,,نقدي متنوع,,,,0,18٫75,6٫5,2022/09/28,,6٫5,لا,8,7٫5,7,6٫75,0
2416,الكيم كريم كولاجين,0,0,22٫5,0,35,0,32,0,30,0,28,0,2024/12/20,,,,,,,,,,,,,,,071661009749,,0,,0,الكيم,كريم كولاجين,,,,55٫56,0,0,,1,نواقص,99999,,22٫5,,2022/06/18,,,,,,,,2022/03/21,,-1,,,,,ميخائيل نجع حمادي,,,,0,35٫71,22٫5,2021/11/09,,22٫5,لا,35,32,30,28,0
2417,الكيم كريم كيرلي ايكو,0,0,50,0,75,0,70,0,65,0,60,0,2024/11/30,,,,,,,,,,,,,,,012356,,0,,0,الكيم,كريم كيرلي ايكو,,,,50,0,0,,1,نواقص,99999,,50,,2024/03/25,,,,,,,,2024/04/04,,-1,,,,,معرض الوكيل للتجاره,,,,0,33٫33,50,2023/12/28,,50,لا,75,70,65,60,0
2418,الكيم كريم مبيض Milk Extract,0,0,11,0,18,0,16,0,15,0,13,0,2024/12/20,,,,,,,,,,,,,,,8853976004488,,0,,0,الكيم,كريم مبيض Milk Extract,,,,63٫64,0,0,,1,نواقص,99999,,11,,2022/06/18,,,,,,,,2022/03/02,,-1,,,,,رويال/ادره المخازن,,,,0,38٫89,11,2022/02/09,,11,لا,18,16,15,13,0
2419,الكيم كريمات عنايه Wax Plus,0,0,0,0,15,0,13,0,10,0,9,0,,,,,,,,,,,,,,,,012080,,0,,0,الكيم,كريمات عنايه Wax Plus,,,,,0,0,,1,نواقص,99999,,0,,2021/07/14,,,,,,,,,,-1,,,,,,,,,0,,0,,,0,لا,15,13,10,9,0
2420,الكيم كعب روعه,0,0,10٫24,0,20,0,17,0,14,0,12,0,2022/03/23,,,,,,,,,,,,,,,012218,,0,,0,الكيم,كعب روعه,,,,95٫34,0,0,,1,---,99999,,10,,,,,,,,,,2022/03/23,,-1,,,,,معرض الوكيل للتجاره,,,,0,48٫81,10٫24,2022/03/23,,10٫24,لا,20,17,14,12,0
2421,الكيم كعب غزال كوين,0,0,0٫5,0,20,0,18,0,15,0,14,0,2023/08/17,,,,,,,,,,,,,,,012331,,0,,0,الكيم,كعب غزال كوين,,,,3900,0,0,,1,نواقص,99999,,0٫5,,2023/08/18,,,,,,,,2023/08/17,,-1,,,,,مايكل ثروت / مايت سينما,,,,0,97٫5,0٫5,2023/08/10,,0٫5,لا,20,18,15,14,0
2422,الكيم كعب غزال وجه القمر,0,0,7٫5,0,15,0,12,0,10,0,9,0,2023/03/14,,,,,,,,,,,,,,,012299,,0,,0,الكيم,كعب غزال وجه القمر,,,,100,0,0,,1,---,99999,,7٫5,,,,,,,,,,2023/03/14,,-1,,,,,,,,,0,50,7٫5,2023/03/14,,7٫5,لا,15,12,10,9,0
2423,الكيم كولونبا ليمون,0,0,7,0,14,0,12,0,10,0,8٫5,0,2024/12/20,,,,,,,,,,,,,,,012234,,0,,0,الكيم,كولونبا ليمون,,,,100,0,0,,1,---,99999,,7,,,,,,,,,,2022/07/05,,-1,,,,,ماركو ميكب,,,,0,50,7,2022/06/14,,7,لا,14,12,10,8٫5,0
2424,الكيم كولونيا,0,0,0,0,15,0,12,0,10,0,10,0,,,,,,,,,,,,,,,,012028,,0,,0,الكيم,كولونيا,,,,,0,0,,1,نواقص,99999,,0,,2021/07/14,,,,,,,,,,-1,,,,,,,,,0,,0,,,0,لا,15,12,10,10,0
2425,الكيم كولونيا 1 لتر,0,0,18٫09,0,35,0,30,0,25,0,20,0,2024/12/21,,,,,,,,,,,,,,,012194,1 لتر,0,,0,الكيم,كولونيا,,,,93٫5,0,0,,1,نواقص,99999,,18,,2023/04/11,,,,,,,,2023/04/11,,-1,,,,,رويال/ادره المخازن,,,,0,48٫32,18,2022/02/04,,18٫09,لا,35,30,25,20,0
2426,الكيم كولونيا 4u,0,0,7,0,15,0,13,0,12,0,10,0,2024/12/21,,,,,,,,,,,,,,,012318,4u,0,,0,الكيم,كولونيا,,,,114٫29,0,0,,1,نواقص,99999,,7,,2023/07/13,,,,,,,,2023/09/11,,-1,,,,,معرض الوكيل للتجاره,,,,0,53٫33,7,2023/07/13,,7,لا,15,13,12,10,0
2427,الكيم كولونيا 5 Star,0,0,5٫03,0,12,0,10,0,8,0,7,0,2024/12/21,,,,,,,,,,,,,,,012238,5 Star,0,,0,الكيم,كولونيا,,,,138٫78,0,0,,1,نواقص,99999,,5,,2022/10/16,,,,,,,,2023/08/23,,-1,,,,,معرض الوكيل للتجاره,,,,0,58٫12,5,2022/10/08,,5٫03,لا,12,10,8,7,0
2428,الكيم كولونيا راكس,0,0,6٫07,0,15,0,12,0,10,0,8,0,2024/12/21,,,,,,,,,,,,,,,012279,راكس,0,,0,الكيم,كولونيا,,,,147٫16,0,0,,1,نواقص,99999,,6,,2023/01/25,,,,,,,,2023/09/07,,-1,,,,,معرض الوكيل للتجاره,,,,0,59٫54,6,2023/01/25,,6٫07,لا,15,12,10,8,0
2429,الكيم كولونيا ويسكي,0,0,20٫2,0,35,0,30,0,25,0,22,0,2024/12/21,,,,,,,,,,,,,,,012274,ويسكي,0,,0,الكيم,كولونيا,,,,73٫27,0,0,,1,نواقص,99999,,20,,2023/10/13,,,,,,,,2023/06/30,,-1,,,,,معرض الوكيل للتجاره,,,,0,42٫29,20,2023/01/25,,20٫2,لا,35,30,25,22,0
2430,الكيم كولونيا Prime,0,0,20,0,25,0,24,0,23,0,20٫5,0,2022/09/28,,,,,,,,,,,,,,,012257,,0,,0,الكيم,كولونيا Prime,,,,25,0,0,,1,---,99999,,20,,,,,,,,,,2022/09/28,,-1,,,,,نقدي متنوع,,,,0,20,20,2022/09/28,,20,لا,25,24,23,20٫5,0
2431,الكيم كولونيا لتر الدوليه,0,0,25,0,45,0,40,0,35,0,30,0,2024/12/20,,,,,,,,,,,,,,,012320,الدوليه,0,,0,الكيم,كولونيا لتر,,,,80,0,0,,1,نواقص,99999,,25,,2023/07/31,,,,,,,,2023/10/25,,-1,,,,,معرض الوكيل للتجاره,,,,0,44٫44,25,2023/07/13,,25,لا,45,40,35,30,0
2432,الكيم كوين تفتيح,0,0,0٫5,0,20,0,18,0,16,0,15,0,2023/08/14,,,,,,,,,,,,,,,012330,,0,,0,الكيم,كوين تفتيح,,,,3900,0,0,,1,نواقص,99999,,0٫5,,2023/08/15,,,,,,,,2023/08/14,,-1,,,,,مايكل ثروت / مايت سينما,,,,0,97٫5,0٫5,2023/08/10,,0٫5,لا,20,18,16,15,0
2433,الكيم ماسك 2 White فراوله,0,0,5,0,10,0,8,0,7,0,6,0,2022/03/09,,,,,,,,,,,,,,,012183,فراوله,0,,0,الكيم,ماسك 2 White,,,,100,0,0,,1,---,99999,,5,,,,,,,,,,2022/03/09,,-1,,,,,رويال/ادره المخازن,,,,0,50,5,2021/12/16,,5,لا,10,8,7,6,0
2434,الكيم ماسك 2 White نعناع,0,0,5,0,10,0,8,0,7,0,6,0,2022/01/24,,,,,,,,,,,,,,,012182,نعناع,0,,0,الكيم,ماسك 2 White,,,,100,0,0,,1,---,99999,,5,,,,,,,,,,2022/01/24,,-1,,,,,رويال/ادره المخازن,,,,0,50,5,2021/12/16,,5,لا,10,8,7,6,0
2435,الكيم ماسك Beilnda,0,0,7,0,12,0,10,0,9,0,8,0,2022/08/26,,,,,,,,,,,,,,,012078,,0,,0,الكيم,ماسك Beilnda,,,,71٫43,0,0,,1,نواقص,99999,,7,,2022/08/27,,,,,,,,2022/08/26,,-1,,,,,رويال/ادره المخازن,,,,0,41٫67,7,2022/02/09,,7,لا,12,10,9,8,0
2436,الكيم ماسك Starky,0,0,0,0,15,0,13,0,10,0,9,0,,,,,,,,,,,,,,,,041001,,0,,0,الكيم,ماسك Starky,,,,,0,0,,1,نواقص,99999,,0,,2021/07/14,,,,,,,,,,-1,,,,,,,,,0,,0,,,0,لا,15,13,10,9,0
2437,الكيم ماسك Wax Plus,0,0,0,0,15,0,14٫5,0,12,0,10,0,,,,,,,,,,,,,,,,012079,,0,,0,الكيم,ماسك Wax Plus,,,,,0,0,,1,نواقص,99999,,0,,2021/07/14,,,,,,,,,,-1,,,,,,,,,0,,0,,,0,لا,15,14٫5,12,10,0
2438,الكيم ماسك You,0,0,0,0,10,0,8٫5,0,7٫5,0,5٫5,0,,,,,,,,,,,,,,,,5285002156947,,0,,0,الكيم,ماسك You,,,,,0,0,,1,نواقص,99999,,0,,2021/07/14,,,,,,,,,,-1,,,,,,,,,0,,0,,,0,لا,10,8٫5,7٫5,5٫5,0
2439,الكيم ماسك الذهب STARKY,0,0,0,0,20,0,18,0,15,0,11,0,,,,,,,,,,,,,,,,012036,,0,,0,الكيم,ماسك الذهب STARKY,,,,,0,0,منتجات العنايه الشخصيه,1,---,99999,\us\134\pid\522\f132581381371235669206.png,0,,,,,,,,,,,,-1,2020/04/01,10,#ROYALELCHIM ,STARKY ماسك الذهب العنايه بالبشره,,,,,0,,0,,STARKY ماسك الذهب,0,لا,20,18,15,11,2
2440,الكيم ماسك الكافيار الاخضر,0,0,0,0,15,0,13,0,10,0,9,0,,,,,,,,,,,,,,,,005082,,0,,0,الكيم,ماسك الكافيار الاخضر,,,,,0,0,,1,نواقص,99999,,0,,2021/07/14,,,,,,,,,,-1,,,,,,,,,0,,0,,,0,لا,15,13,10,9,0
2441,الكيم ماسك تفتيح NATURAL,0,0,15,0,40,0,35,0,25,0,20,0,2023/08/14,,,,,,,,,,,,,,,6220215566915,,0,,0,الكيم,ماسك تفتيح NATURAL,,,,166٫67,0,0,,1,---,1087,,15,,2023/05/17,,,,,,,,2023/08/14,,-1,,,,,مايكل ثروت / مايت سينما,,,,0,62٫5,15,2023/08/10,,15,لا,40,35,25,20,0
2442,الكيم ماسك حليب,0,0,15,0,30,0,25,0,22,0,20,0,2025/06/07,,,,,,,,,,,,,,,012388,,0,,0,الكيم,ماسك حليب,,,,100,0,0,,1,نواقص,99999,,15,,2025/06/09,,,,,,,,2025/06/07,,-1,,,,,,,,,0,50,15,2025/02/08,,15,لا,30,25,22,20,0
2443,الكيم ماسك قناع W.p,0,0,10,0,20,0,18,0,15,0,13٫5,0,2024/12/20,,,,,,,,,,,,,,,6551234567004,,0,,0,الكيم,ماسك قناع W.p,,,,100,0,0,,1,نواقص,99999,,10,,2023/02/10,,,,,,,,2023/02/12,,-1,,,,,معرض الوكيل للتجاره,,,,0,50,10,2022/10/08,,10,لا,20,18,15,13٫5,0
2444,الكيم ماسك ناتشورال تفتيح,0,0,15,0,45,0,40,0,35,0,30,0,2023/10/25,,,,,,,,,,,,,,,012341,,0,,0,الكيم,ماسك ناتشورال تفتيح,,,,200,0,0,,1,---,99999,,15,,,,,,,,,,2023/10/25,,-1,,,,,,,,,0,66٫67,15,2023/10/25,,15,لا,45,40,35,30,0
2445,الكيم مجموعه حمام مغربي,0,0,105,0,160,0,150,0,140,0,130,0,2026/04/23,,,,,,,,,,,,,,,012399,,0,,0,الكيم,مجموعه حمام مغربي,,,,52٫38,0,0,,1,نواقص,99999,,105,,2026/04/24,,,,,,,,2026/04/23,,-1,,,,,ميخائيل نجع حمادي,,,,0,34٫38,105,2026/02/17,,105,لا,160,150,140,130,0
2446,الكيم مخمريه الايمي,0,0,9,0,18,0,16,0,15,0,12,0,2024/12/20,,,,,,,,,,,,,,,012171,,0,,0,الكيم,مخمريه الايمي,,,,100,0,0,,1,نواقص,99999,,9,,2023/01/25,,,,,,,,2023/05/16,,-1,,,,,رويال / اداره المخازن الاقصر,,,,0,50,9,2022/02/24,,9,لا,18,16,15,12,0
2447,الكيم مخمريه الملكه,0,0,18٫33,0,35,0,30,0,25,0,22,0,2024/12/21,,,,,,,,,,,,,,,012339,,0,,0,الكيم,مخمريه الملكه,,,,90٫91,0,0,,1,نواقص,99999,,18٫33,,2024/10/31,,,,,,,,2024/10/30,,-1,,,,,ميخائيل نجع حمادي,,,,0,47٫62,18٫33,2023/10/18,,18٫33,لا,35,30,25,22,0
2448,الكيم مسك هاي لايف تفتيح,0,0,11,0,20,0,18,0,15,0,13,0,2024/12/20,,,,,,,,,,,,,,,012225,,0,,0,الكيم,مسك هاي لايف تفتيح,,,,81٫82,0,0,,1,نواقص,99999,,11,,2023/04/16,,,,,,,,2023/04/16,,-1,,,,,معرض الوكيل للتجاره,,,,0,45,11,2022/10/08,,11,لا,20,18,15,13,0
2449,الكيم مسك هاي لايف طمي,0,0,12٫68,0,25,0,22,0,20,0,17,0,2024/12/20,,,,,,,,,,,,,,,012226,,0,,0,الكيم,مسك هاي لايف طمي,,,,97٫15,0,0,,1,نواقص,99999,,13,,2023/10/13,,,,,,,,2023/11/13,,-1,,,,,معرض الوكيل للتجاره,,,,0,49٫28,13,2023/03/01,,12٫68,لا,25,22,20,17,0
2450,الكيم معجون حلاقة سفارى,0,0,9٫29,0,15,0,14,0,13,0,12,0,2024/12/20,,,,,,,,,,,,,,,012195,,0,,0,الكيم,معجون حلاقة سفارى,,,,61٫44,0,0,,1,نواقص,99999,,10,,2023/04/19,,,,,,,,2024/01/26,,-1,,,,,هاني سمير,,,,0,38٫06,10,2023/11/10,,9٫29,لا,15,14,13,12,0
2451,الكيم معط جو جميله,0,0,22,0,30,0,28,0,25,0,23,0,2024/12/20,,,,,,,,,,,,,,,012261,,0,,0,الكيم,معط جو جميله,,,,36٫36,0,0,,1,---,99999,,22,,,,,,,,,,,,-1,,,,,نقدي متنوع,,,,0,26٫67,22,2022/09/28,,22,لا,30,28,25,23,0
2452,الكيم مقشر النيله الزرقا المغربي,0,0,15,0,30,0,27,0,25,0,20,0,2022/05/06,,,,,,,,,,,,,,,7252727307068,المغربي,0,,0,الكيم,مقشر النيله الزرقا,,,,100,0,0,,1,نواقص,99999,,15,,2022/05/08,,,,,,,,2022/05/06,,-1,,,,,رويال / اداره المخازن الاقصر,,,,0,50,15,2021/12/29,,15,لا,30,27,25,20,0
2453,الكيم مورد خدود وشفاه,0,0,0٫5,0,25,0,20,0,18,0,15,0,2023/11/30,,,,,,,,,,,,,,,012329,,0,,0,الكيم,مورد خدود وشفاه,,,,4900,0,0,,1,نواقص,99999,,0٫5,,2023/11/30,,,,,,,,2023/11/30,,-1,,,,,مايكل ثروت / مايت سينما,,,,0,98,0٫5,2023/08/10,,0٫5,لا,25,20,18,15,0
2454,الكيم وجه القمر مورد,0,0,4٫61,0,10,0,7,0,5٫5,0,5,0,2022/03/23,,,,,,,,,,,,,,,012219,,0,,0,الكيم,وجه القمر مورد,,,,117٫05,0,0,,1,---,99999,,4٫5,,,,,,,,,,2022/03/23,,-1,,,,,معرض الوكيل للتجاره,,,,0,53٫93,4٫61,2022/03/23,,4٫61,لا,10,7,5٫5,5,0
297,إجمالي -   الكيم,0,0,0,0,0,0,0,0,0,0,0,0,,0,0,0,0,0,0,0,0,0,0,0,0,0,0,,,0,0,0,,,,,,0,0,,,,,,,0,,,,,0,0,0,0,0,,,,,,,,,,,,,,0,,,0,,0,0,0,0,
,,,,,,,,,,,,,,,,,,,,,,,,,,,,,,,,,,,,,,,,,,,,,,,,,,,,,,,,,,,,,,,,,,,,,,,,,,,,,,,
,خردوات,,,,,,,,,,,,,,,,,,,,,,,,,,,,,,,,,خردوات,,,,,,,,,,,,,,,,,,,,,,,,,,,,,,,,,,,,,,,,,,,,,
2455,خردوات 5*1 فرش,0,0,20٫05,0,45,0,40,0,35,0,30,0,2024/02/19,,,,,,,,,,,,,,,009427,,0,,0,خردوات,5*1 فرش,,,,124٫42,0,0,,1,---,99999,,20,,,,,,,,,,2024/02/19,,-1,,,,,ميخائيل,,,,0,55٫44,20٫05,2024/02/18,,20٫05,لا,45,40,35,30,0
2456,خردوات 7D EYELASH SIGMA,0,0,0,0,30,0,25,0,20,0,17,0,,,,,,,,,,,,,,,,009127,,0,,0,خردوات,7D EYELASH SIGMA,,,,,0,0,,1,---,99999,,0,,,,,,,,,,,,-1,,,,,,,,,0,,0,,,0,لا,30,25,20,17,0
2457,خردوات 8in1 Pedicuretool 147ay/213,0,0,55,0,100,0,90,0,80,0,70,0,2024/01/31,,,,,,,,,,,,,,,009247,147ay/213,0,,0,خردوات,8in1 Pedicuretool,,,,81٫82,0,0,,1,---,99999,,55,,2022/09/14,,,,,,,,2023/04/16,,-1,,,,,Abou Yousef,,,,0,45,55,2022/02/24,,55,لا,100,90,80,70,0
2458,خردوات Abou Yousef Style 154ay/11c,0,0,30,0,65,0,60,0,55,0,40,0,2024/01/31,,,,,,,,,,,,,,,009249,154ay/11c,0,,0,خردوات,Abou Yousef Style,,,,116٫67,0,0,,1,نواقص,99999,,30,,2023/04/06,,,,,,,,2023/09/05,,-1,,,,,Abou Yousef,,,,0,53٫85,30,2022/02/24,,30,لا,65,60,55,40,0
2459,خردوات Abou Yousf Style 154ay/10c,0,0,19,0,55,0,45,0,40,0,35,0,2024/01/31,,,,,,,,,,,,,,,009248,154ay/10c,0,,0,خردوات,Abou Yousf Style,,,,189٫47,0,0,,1,نواقص,99999,,19,,2022/11/08,,,,,,,,2022/11/11,,-1,,,,,Abou Yousef,,,,0,65٫45,19,2022/02/24,,19,لا,55,45,40,35,0
2460,خردوات Clean Spong,0,0,18,0,30,0,27,0,25,0,22,0,2024/01/31,,,,,,,,,,,,,,,6926641003382,,0,,0,خردوات,Clean Spong,,,,66٫67,0,0,,1,---,99999,,18,,,,,,,,,,2023/08/10,,-1,,,,,محارب صبرى,,,,0,40,18,2023/01/27,,18,لا,30,27,25,22,0
2461,خردوات Cleaning Pad,0,0,3,0,7,0,6٫5,0,6,0,5,0,2023/05/10,,,,,,,,,,,,,,,6959587365757,,0,,0,خردوات,Cleaning Pad,,,,133٫33,0,0,,1,نواقص,99999,,3,,2022/12/28,,,,,,,,2022/12/28,,-1,,,,,رويال/ادره المخازن,,,,0,57٫14,3,2022/02/02,,3,لا,7,6٫5,6,5,0
2462,خردوات COTTON PAD 80 NOVETTE,0,0,9,0,18,0,16,0,14,0,11,0,2024/01/31,,,,,,,,,,,,,,,8032573647407,NOVETTE,0,,0,خردوات,COTTON PAD 80,,,,100,0,0,,1,نواقص,99999,,9,,2022/06/18,,,,,,,,2022/05/28,,-1,,,,,محمود السقاري,,,,0,50,9,2021/12/14,,9,لا,18,16,14,11,0
2463,خردوات Elegant Touch,0,0,5٫5,0,12,0,10,0,8,0,7,0,2025/10/10,,,,,,,,,,,,,,,8955155815219,,0,,0,خردوات,Elegant Touch,,,,118٫18,0,0,,1,نواقص,99999,,5٫5,,2025/02/04,,,,,,,,2023/11/02,,-1,,,,,رويال/ادره المخازن,,,,0,54٫17,5٫5,2022/02/02,,5٫5,لا,12,10,8,7,0
2464,خردوات Eye Liner Glue,0,0,0,0,20,0,17,0,13,0,10,0,,,,,,,,,,,,,,,,009458,,0,,0,خردوات,Eye Liner Glue,,,,,0,0,,1,---,99999,,0,,,,,,,,,,,,-1,,,,,,,,,0,,0,,,0,لا,20,17,13,10,0
2465,خردوات Gloria Pins,0,0,3,0,6,0,5,0,4,0,3٫5,0,2024/01/31,,,,,,,,,,,,,,,009095,,0,,0,خردوات,Gloria Pins,,,,100,0,0,خردوات,1,---,99999,\us\134\pid\191\f132548517259258827119.png,3,,,,,,,,,,2022/03/07,,-9,,,#TOOLS ,"HAIR,GLORIA,PINS,TOOLS,شعر,بنس,فورمة",رصيد اول المده,,,,0,50,3,2021/08/29,GLORIA PINS,3,لا,6,5,4,3٫5,2
2466,خردوات Hudabeauty 4D BRUSH,0,0,20٫5,0,40,0,35,0,30,0,25,0,2024/01/31,,,,,,,,,,,,,,,6926641000770,,0,,0,خردوات,Hudabeauty 4D BRUSH,,,,95٫12,0,0,,1,نواقص,99999,,20٫5,,2022/09/30,,,,,,,,2022/09/30,,-1,,,,,رويال / اداره المخازن الاقصر,,,,0,48٫75,20٫5,2022/02/24,,20٫5,لا,40,35,30,25,0
2467,خردوات MAC BRUSH شعر طبيعي,0,0,33٫09,0,65,0,60,0,55,0,50,0,2024/08/01,,,,,,,,,,,,,,,8691344055478,,0,,0,خردوات,MAC BRUSH شعر طبيعي,,,,96٫46,0,0,,1,نواقص,99999,,40,,2024/08/04,,,,,,,,2024/08/01,,-1,,,,,ميخائيل نجع حمادي,,,,0,49٫1,40,2023/05/08,,33٫09,لا,65,60,55,50,0
2468,خردوات MAKE UP SPONGE,0,0,4,0,8,0,6,0,7,0,5,0,2024/01/31,,,,,,,,,,,,,,,009152,,0,,0,خردوات,MAKE UP SPONGE,,,,100,0,0,,1,---,99999,,4,,,,,,,,,,2023/01/16,,-1,,,,,رصيد اول المده,,,,0,50,4,2021/09/02,,4,لا,8,6,7,5,0
2469,خردوات MAKEUP SPONG 3*1,0,0,0,0,25,0,22,0,20,0,18,0,,,,,,,,,,,,,,,,6958412896589,,0,,0,خردوات,MAKEUP SPONG 3*1,,,,,0,0,,1,نواقص,99999,,0,,2021/07/14,,,,,,,,,,-1,,,,,,,,,0,,0,,,0,لا,25,22,20,18,0
2470,خردوات Manicure Protector,0,0,20,0,35,0,30,0,25,0,22٫5,0,2024/01/31,,,,,,,,,,,,,,,8955155820206,,0,,0,خردوات,Manicure Protector,,,,75,0,0,,1,نواقص,99999,,20,,2023/10/13,,,,,,,,2023/07/08,,-1,,,,,رويال/ادره المخازن,,,,0,42٫86,20,2022/02/02,,20,لا,35,30,25,22٫5,0
2471,خردوات Nail Clippers,0,0,90,0,150,0,140,0,130,0,120,0,2025/03/20,,,,,,,,,,,,,,,8432168055226,,0,,0,خردوات,Nail Clippers,,,,66٫67,0,0,,1,نواقص,99999,,90,,2025/03/20,,,,,,,,2025/03/20,,-1,,,,,عماد جابر,,,,0,40,90,2025/03/20,,90,لا,150,140,130,120,0
2472,خردوات New Wimpy Metalic Nail,0,0,6,0,13,0,11,0,9,0,7٫5,0,2024/01/06,,,,,,,,,,,,,,,6911266991114,Metalic Nail,0,,0,خردوات,New Wimpy,,,,116٫67,0,0,,1,نواقص,99999,,6,,2024/01/06,,,,,,,,2024/01/06,,-1,,,,,حسين عبد العال,,,,0,53٫85,6,2021/12/16,,6,لا,13,11,9,7٫5,0
2473,خردوات Pratico Stick صباع دمغ مستورد,0,0,4٫5,0,10,0,7٫5,0,6,0,5,0,2024/01/31,,,,,,,,,,,,,,,009144,صباع دمغ مستورد,0,,0,خردوات,Pratico Stick,,,,122٫22,0,0,,1,---,99999,,4٫5,,,,,,,,,,2022/12/28,,-1,,,,,رصيد اول المده,,,,0,55,4٫5,2021/08/29,,4٫5,لا,10,7٫5,6,5,0
2474,خردوات Pre Glued Nail,0,0,5٫5,0,12,0,10,0,8,0,6٫5,0,2024/01/31,,,,,,,,,,,,,,,6958644521303,,0,,0,خردوات,Pre Glued Nail,,,,118٫18,0,0,,1,نواقص,99999,,5٫5,,2023/10/13,,,,,,,,2022/10/08,,-1,,,,,حسين عبد العال,,,,0,54٫17,5٫5,2021/12/16,,5٫5,لا,12,10,8,6٫5,0
2475,خردوات Professional Pedicure 147ay/215,0,0,40,0,80,0,70,0,60,0,50,0,2023/12/09,,,,,,,,,,,,,,,009246,147ay/215,0,,0,خردوات,Professional Pedicure,,,,100,0,0,,1,نواقص,99999,,40,,2023/12/09,,,,,,,,2023/12/09,,-1,,,,,Abou Yousef,,,,0,50,40,2022/02/24,,40,لا,80,70,60,50,0
2476,خردوات Sigma Nails,0,0,35,0,50,0,45,0,40,0,38,0,2025/03/30,,,,,,,,,,,,,,,6985423680050,,0,,0,خردوات,Sigma Nails,,,,42٫86,0,0,,1,نواقص,99999,,35,,2025/03/30,,,,,,,,2025/03/30,,-1,,,,,رويال/ادره المخازن,,,,0,30,35,2022/02/02,,35,لا,50,45,40,38,0
2477,خردوات TATOO 4298-14,0,0,4٫5,0,10,0,8,0,6,0,5,0,2024/01/31,,,,,,,,,,,,,,,009112,,0,,0,خردوات,TATOO 4298-14,,,,122٫22,0,0,,1,نواقص,1371,,4٫5,,2023/05/25,,,,,,,,2023/05/25,,-1,,,,,رصيد اول المده,,,,0,55,4٫5,2021/08/29,,4٫5,لا,10,8,6,5,0
2478,خردوات TATTO ST-31/32,0,0,0,0,12,0,10,0,8,0,6٫5,0,2022/08/25,,,,,,,,,,,,,,,009106,,0,,0,خردوات,TATTO ST-31/32,,,,,0,0,,1,نواقص,1383,,0,,2021/07/14,,,,,,,,2022/08/25,,-1,,,,,,,,,0,,0,,,0,لا,12,10,8,6٫5,0
2479,خردوات VENUS,0,0,180,0,275,0,250,0,230,0,210,0,2023/10/05,,,,,,,,,,,,,,,7702018334919,,0,,0,خردوات,VENUS,,,,52٫78,0,0,,1,نواقص,99999,,180,,2023/10/05,,,,,,,,2023/10/05,,-1,,,,,مايكل ثروت / مايت سينما,,,,0,34٫55,180,2023/08/10,,180,لا,275,250,230,210,0
2480,خردوات ابره دهون علي كارت,0,0,4٫38,0,10,0,8,0,6,0,5,0,2022/09/28,,,,,,,,,,,,,,,009118,,0,,0,خردوات,ابره دهون علي كارت,,,,128٫57,0,0,مستلزمات الكوافير,1,نواقص,99999,\us\134\pid\214\f132549147023766148023.png,4,,2021/12/03,,,,,,,,2022/09/28,,-5,2021/04/01,25,#TOOLS ,"ابره,بثور,بيضه,سوده,ازاله,دهون",رويال / اداره المخازن الاقصر,,,,0,56٫25,4,2021/10/17,اداة لازالة الرؤوس السوداء والبثور والحبوب,4٫38,لا,10,8,6,5,3
2481,خردوات اسفنج 12قطعه,0,0,15,0,30,0,25,0,22,0,20,0,2025/04/02,,,,,,,,,,,,,,,6926641003306,,0,,0,خردوات,اسفنج 12قطعه,,,,100,0,0,,1,نواقص,99999,,15,,2025/04/02,,,,,,,,2025/04/02,,-1,,,,,عماد جابر,,,,0,50,15,2025/03/20,,15,لا,30,25,22,20,0
2482,خردوات اسفنج استحمام اطفال الوان,0,0,7٫56,0,15,0,12,0,10,0,8٫5,0,2025/10/10,,,,,,,,,,,,,,,009074,,0,,0,خردوات,اسفنج استحمام اطفال الوان,,,,98٫34,0,0,خردوات,1,نواقص,851,\us\134\pid\165\f132550325450994409031.png,7٫5,,2025/02/04,,,,,,,,2024/09/14,,-23,2021/04/01,20,#ROYALELCHIM ,"اسبونج,شاور,استحمام,اطفال,بيبي,بانيو,سمكه,SPONGE,ARTICLES",رويال/ادره المخازن,,,,0,49٫58,7٫5,2022/02/02,SPONGE ARTICLES,7٫56,لا,15,12,10,8٫5,4
2483,خردوات اسفنج تلميع اظافر,0,0,4,0,8,0,7,0,6,0,5,0,2022/12/28,,,,,,,,,,,,,,,009190,,0,,0,خردوات,اسفنج تلميع اظافر,,,,100,0,0,,1,---,99999,,4,,,,,,,,,,2022/12/28,,-1,,,,,رصيد اول المده,,,,0,50,4,2021/09/02,,4,لا,8,7,6,5,0
2484,خردوات اسفنج كونتور 1*علبه,0,0,9,0,18,0,15,0,12,0,10,0,2024/01/31,,,,,,,,,,,,,,,009079,,0,,0,خردوات,اسفنج كونتور 1*علبه,,,,100,0,0,خردوات,1,نواقص,99999,\us\134\pid\170\f132548594186470188150.png,9,,2022/06/18,,,,,,,,2022/11/06,,-6,2021/04/01,10,#TOOLS ,"بيوتي,بلندر,بودر,ميك,اب,ادوات,LUKASI,TOOLS",رويال/ادره المخازن,,,,0,50,9,2022/02/02,"بيوتي بلندر,LUKASI",9,لا,18,15,12,10,3
2485,خردوات اسفنج كونتور ارانب,0,0,5٫26,0,10,0,8,0,7,0,6,0,2022/07/15,,,,,,,,,,,,,,,009080,,0,,0,خردوات,اسفنج كونتور ارانب,,,,90٫02,0,0,خردوات,1,نواقص,99999,\us\134\pid\171\f132548583158867600145.png,5٫5,,2021/12/17,,,,,,,,2022/07/15,,-12,2021/04/01,10,#TOOLS ,"بيوتي ,بلندر, بودر, ميك,اب,TOOLS ,BEAUTY ,MAKE-UP",رصيد اول المده,,,,0,47٫38,5٫5,2021/08/29,بيوتي بلندر BEAUTY,5٫26,لا,10,8,7,6,4
2486,خردوات اطافر SIGMA LALA عروسه,0,0,0,0,45,0,40,0,35,0,30,0,,,,,,,,,,,,,,,,009128,عروسه,0,,0,خردوات,اطافر SIGMA LALA,,,,,0,0,,1,---,99999,,0,,,,,,,,,,,,-1,,,,,,,,,0,,0,,,0,لا,45,40,35,30,0
2487,خردوات اطافر علي كارت LALA,0,0,6,0,15,0,10,0,8٫5,0,7,0,2024/01/31,,,,,,,,,,,,,,,009131,,0,,0,خردوات,اطافر علي كارت LALA,,,,150,0,0,خردوات,1,نواقص,1230,\us\134\pid\424\f132588371253278201047.png,6,,2022/12/08,,,,,,,,2023/08/05,,-9,2021/04/01,10,#ROYALELCHIM ,اظافر علي كارت LALA,رويال/ادره المخازن,,,,0,60,6,2022/02/02,اظافر علي كارت LALA,6,لا,15,10,8٫5,7,2
2488,خردوات اظافر 144 ق الوان,0,0,28,0,65,0,60,0,55,0,50,0,2025/04/02,,,,,,,,,,,,,,,009449,الوان,0,,0,خردوات,اظافر 144 ق,,,,132٫14,0,0,,1,نواقص,99999,,28,,2025/03/18,,,,,,,,2025/04/02,,-1,,,,,ميخائيل نجع حمادي,,,,0,56٫92,28,2025/02/03,,28,لا,65,60,55,50,0
2489,خردوات اظافر 8955155896966,0,0,0,0,,0,,0,,0,,0,,,,,,,,,,,,,,,,009446,,0,,0,خردوات,اظافر 8955155896966,,,,,0,0,,1,---,99999,,0,,,,,,,,,,,,-1,,,,,,,,,0,,0,,,0,لا,,,,,0
2490,خردوات اظافر Color Site,0,0,16٫5,0,35,0,30,0,25,0,20,0,2025/02/03,,,,,,,,,,,,,,,009447,,0,,0,خردوات,اظافر Color Site,,,,112٫12,0,0,,1,---,99999,,16٫5,,,,,,,,,,,,-1,,,,,ميخائيل نجع حمادي,,,,0,52٫86,16٫5,2025/01/28,,16٫5,لا,35,30,25,20,0
2491,خردوات اظافر Everbeauty Manicure,0,0,14٫04,0,30,0,25,0,22,0,18,0,2024/02/19,,,,,,,,,,,,,,,6953222129544,Manicure,0,,0,خردوات,اظافر Everbeauty,,,,113٫74,0,0,,1,---,99999,,14,,,,,,,,,,2024/02/19,,-1,,,,,ميخائيل,,,,0,53٫21,14٫04,2024/02/18,,14٫04,لا,30,25,22,18,0
2492,خردوات اظافر Premun,0,0,10,0,22,0,18,0,15,0,12٫5,0,2024/01/31,,,,,,,,,,,,,,,7908145622138,,0,,0,خردوات,اظافر Premun,,,,120,0,0,,1,نواقص,99999,,10,,2023/10/13,,,,,,,,2023/08/05,,-1,,,,,,,,,0,54٫55,10,2022/10/18,,10,لا,22,18,15,12٫5,0
2493,خردوات اظافر علي كارت B001,0,0,2٫5,0,5,0,4,0,3٫5,0,3,0,2024/01/31,,,,,,,,,,,,,,,690015154623,,0,,0,خردوات,اظافر علي كارت B001,,,,100,0,0,,1,نواقص,99999,,2٫5,,2023/10/13,,,,,,,,2023/10/10,,-1,,,,,رويال/ادره المخازن,,,,0,50,2٫5,2022/02/02,,2٫5,لا,5,4,3٫5,3,0
2494,خردوات اظافر مط ايه واي ستايل 166ay16,0,0,12,0,25,0,20,0,15,0,14,0,2024/01/31,,,,,,,,,,,,,,,6995212542889,166ay16,0,,0,خردوات,اظافر مط ايه واي ستايل,,,,108٫33,0,0,,1,نواقص,99999,,12,,2023/04/28,,,,,,,,2023/04/27,,-1,,,,,Abou Yousef,,,,0,52,12,2022/02/24,,12,لا,25,20,15,14,0
2495,خردوات بخاخه بلاستك,0,0,0,0,10,0,10,0,10,0,8٫5,0,,,,,,,,,,,,,,,,009145,,0,,0,خردوات,بخاخه بلاستك,,,,,0,0,,1,---,99999,,0,,,,,,,,,,,,-1,,,,,,,,,0,,0,,,0,لا,10,10,10,8٫5,0
2496,خردوات بخاخه بلاستيك ميتاليك,0,0,11,0,20,0,18,0,15,0,13,0,2024/01/31,,,,,,,,,,,,,,,009133,,0,,0,خردوات,بخاخه بلاستيك ميتاليك,,,,81٫82,0,0,,1,---,99999,,11,,,,,,,,,,,,-1,,,,,رصيد اول المده,,,,0,45,11,2021/08/29,,11,لا,20,18,15,13,0
2497,خردوات بداره 2*1 +فرش ايشادو,0,0,3٫49,0,7٫5,0,5,0,5,0,4٫25,0,2024/01/31,,,,,,,,,,,,,,,009078,,0,,0,خردوات,بداره 2*1 +فرش ايشادو,,,,115٫14,0,0,خردوات,1,نواقص,99999,\us\134\pid\169\f132548626858316011202.png,3,,2022/06/18,,,,,,,,2022/06/29,,-4,2021/04/01,,#TOOLS ,"بيوتي,بلندر,بداره,فرش,ايشادو,بودر,MAKE-UP,TOOLS",رويال / اداره المخازن الاقصر,,,,0,53٫52,3,2022/02/24,بداره2*1+فرش ايشادو,3٫49,لا,7٫5,5,5,4٫25,5
2498,خردوات بداره 2*1 اساس,0,0,6٫35,0,12,0,10,0,8,0,7,0,2024/01/31,,,,,,,,,,,,,,,009076,,0,,0,خردوات,بداره 2*1 اساس,,,,88٫98,0,0,خردوات,1,نواقص,99999,\us\134\pid\167\f132548644688641394214.png,6٫5,,2022/04/16,,,,,,,,2022/04/12,,-6,2021/04/01,10,#TOOLS ,"TOOLS,WOOOW,MAKE-UP,كريم,اساس,بودر,اسفنجه,دواره",رويال / اداره المخازن الاقصر,,,,0,47٫08,6٫5,2021/11/24,بداره اساس WOOOW,6٫35,لا,12,10,8,7,3
2499,خردوات براه الوان مخطط,0,0,0,0,7٫5,0,5٫5,0,4٫5,0,3٫5,0,,,,,,,,,,,,,,,,009185,,0,,0,خردوات,براه الوان مخطط,,,,,0,0,,1,نواقص,99999,,0,,2021/07/14,,,,,,,,,,-1,,,,,,,,,0,,0,,,0,لا,7٫5,5٫5,4٫5,3٫5,0
2500,خردوات براه سيلكون رفيع,0,0,0,0,7٫5,0,5,0,4٫5,0,3٫5,0,,,,,,,,,,,,,,,,009186,,0,,0,خردوات,براه سيلكون رفيع,,,,,0,0,,1,نواقص,99999,,0,,2021/07/14,,,,,,,,,,-1,,,,,,,,,0,,0,,,0,لا,7٫5,5,4٫5,3٫5,0
2501,خردوات برايه 5 فتحات 153ay9,0,0,15,0,25,0,22,0,20,0,18,0,2024/01/31,,,,,,,,,,,,,,,6952148874040,153ay9,0,,0,خردوات,برايه 5 فتحات,,,,66٫67,0,0,,1,نواقص,99999,,15,,2023/10/13,,,,,,,,2023/07/18,,-1,,,,,Abou Yousef,,,,0,40,15,2022/02/24,,15,لا,25,22,20,18,0
2502,خردوات برايه اوفال,0,0,6,0,10,0,9,0,8,0,7,0,2024/01/31,,,,,,,,,,,,,,,009263,,0,,0,خردوات,برايه اوفال,,,,66٫67,0,0,,1,نواقص,99999,,6,,2023/10/13,,,,,,,,2022/11/27,,-1,,,,,Abou Yousef,,,,0,40,6,2022/02/24,,6,لا,10,9,8,7,0
2503,خردوات برايه سحاب 162ay/9,0,0,6,0,12,0,10,0,8,0,,0,2023/01/29,,,,,,,,,,,,,,,6901030021246,162ay/9,0,,0,خردوات,برايه سحاب,,,,100,0,0,,1,نواقص,99999,,6,,2023/01/29,,,,,,,,2023/01/29,,-1,,,,,Abou Yousef,,,,0,50,6,2022/02/24,,6,لا,12,10,8,,0
2504,خردوات بنز اظافر ك COCO,0,0,41٫25,0,80,0,70,0,55,0,50,0,2025/09/08,,,,,,,,,,,,,,,009013,,0,,0,خردوات,بنز اظافر ك COCO,,,,93٫94,0,0,خردوات,1,نواقص,99999,\us\134\pid\101\f132588369667749007041.png,40,,2025/09/09,,,,,,,,2025/09/08,,-2,2021/04/01,10,#TOOLS ,"العنايه,بالشعر,بنز,اظافر,ك ,COCO",رصيد اول المده,,,,0,48٫44,40,2021/08/29,بنز اظافر ك COCO,41٫25,لا,80,70,55,50,2
2505,خردوات بنز اظافر وسط COCO,0,0,30,0,60,0,50,0,40,0,33,0,2022/09/23,,,,,,,,,,,,,,,009014,,0,,0,خردوات,بنز اظافر وسط COCO,,,,100,0,0,,1,نواقص,99999,,30,,2022/09/26,,,,,,,,2022/09/23,,-1,,,,,رويال/ادره المخازن,,,,0,50,30,2022/02/02,,30,لا,60,50,40,33,0
2506,خردوات بنز جلد ص Coco,0,0,32٫5,0,60,0,50,0,42,0,38,0,2022/06/06,,,,,,,,,,,,,,,009016,,0,,0,خردوات,بنز جلد ص Coco,,,,84٫62,0,0,,1,نواقص,99999,,30,,2022/04/29,,,,,,,,2022/06/06,,-1,,,,,رصيد اول المده,,,,0,45٫83,30,2021/08/29,,32٫5,لا,60,50,42,38,0
2507,خردوات بنز جلد وسط COCO,0,0,37٫5,0,70,0,60,0,50,0,45,0,2022/04/29,,,,,,,,,,,,,,,009015,,0,,0,خردوات,بنز جلد وسط COCO,,,,86٫67,0,0,خردوات,1,نواقص,99999,\us\134\pid\103\f132548372870996184048.png,35,,2022/04/29,,,,,,,,2022/04/29,,-2,2021/04/01,10,#TOOLS ,"بنز,جلد,قص,قصافه.تقليم,عناية,COCO,جلد زائد",رصيد اول المده,,,,0,46٫43,35,2021/08/29,بنز جلد وسط COCO,37٫5,لا,70,60,50,45,3
2508,خردوات بنس Beauty,0,0,4٫19,0,10,0,9,0,8,0,7,0,2025/10/04,,,,,,,,,,,,,,,009296,,0,,0,خردوات,بنس Beauty,,,,138٫67,0,0,,1,نواقص,99999,,4,,2025/10/06,,,,,,,,2025/10/04,,-1,,,,,حسين عبد العال,,,,0,58٫1,4,2023/03/01,,4٫19,لا,10,9,8,7,0
2509,خردوات بنس Medianos,0,0,6٫28,0,12,0,10,0,9,0,8,0,2025/10/10,,,,,,,,,,,,,,,009295,,0,,0,خردوات,بنس Medianos,,,,90٫93,0,0,,1,نواقص,99999,,6,,2025/02/04,,,,,,,,2023/11/02,,-1,,,,,حسين عبد العال,,,,0,47٫63,6,2023/03/01,,6٫28,لا,12,10,9,8,0
2510,خردوات بنس Pop 28 P,0,0,4٫5,0,15,0,12,0,11,0,10,0,2025/09/16,,,,,,,,,,,,,,,009086,,0,,0,خردوات,بنس Pop 28 P,,,,233٫33,0,0,خردوات,1,نواقص,99999,,4٫5,,2025/09/16,,,,,,,,2025/09/16,,-4,2021/04/01,,#TOOLS ,"العنايه,بالشعر,بنس,POP 28 P",ميخائيل نجع حمادي,,,,0,70,4٫5,2025/06/17,بنس POP 28 P,4٫5,لا,15,12,11,10,0
2511,خردوات بنس Style,0,0,4٫5,0,9,0,7,0,6,0,5,0,2024/01/31,,,,,,,,,,,,,,,009093,,0,,0,خردوات,بنس Style,,,,100,0,0,خردوات,1,---,99999,\us\134\pid\189\f132547517461337887071.png,4٫5,,,,,,,,,,2022/01/25,,-12,2021/04/01,10,#TOOLS ,"بنس ,شعر,صغيره,كبيره,متوسطه,اشكال, الوان",رصيد اول المده,,,,0,50,4٫5,2021/08/29,بنسSTYLE,4٫5,لا,9,7,6,5,6
2512,خردوات بنس Yina,0,0,2,0,5,0,4,0,3٫5,0,2٫5,0,2021/11/27,,,,,,,,,,,,,,,009094,,0,,0,خردوات,بنس Yina,,,,150,0,0,خردوات,1,---,99999,\us\134\pid\190\f132548506498688481115.png,2,,,,,,,,,,2021/11/27,,-9,2021/04/01,,#TOOLS ,"TOOLS,HAIR,شعر,بنس,عنايه,YINA,تجميل",رصيد اول المده,,,,0,60,2,2021/08/29,بنسYINA,2,لا,5,4,3٫5,2٫5,2
2513,خردوات بنس السلام,0,0,0٫85,0,2,0,1٫5,0,1٫25,0,1,0,2024/01/31,,,,,,,,,,,,,,,009096,,0,,0,خردوات,بنس السلام,,,,136٫02,0,0,خردوات,1,نواقص,99999,,1,,2023/10/13,,,,,,,,2023/04/05,,-24,2021/04/01,,#tools ,"بنس,شعر",رويال / اداره المخازن الاقصر,,,,0,57٫63,1,2021/12/05,بنس,0٫85,لا,2,1٫5,1٫25,1,0
2514,خردوات بوك ص,0,0,40,0,80,0,70,0,60,0,50,0,2024/01/31,,,,,,,,,,,,,,,009377,,0,,0,خردوات,بوك ص,,,,100,0,0,,1,نواقص,99999,,40,,2023/10/13,,,,,,,,,,-1,,,,,مايكل ثروت / مايت سينما,,,,0,50,40,2023/08/10,,40,لا,80,70,60,50,0
2515,خردوات بوك وسط,0,0,50,0,120,0,100,0,90,0,80,0,2024/01/10,,,,,,,,,,,,,,,009376,,0,,0,خردوات,بوك وسط,,,,140,0,0,,1,نواقص,99999,,50,,2024/01/10,,,,,,,,2024/01/10,,-1,,,,,مايكل ثروت / مايت سينما,,,,0,58٫33,50,2023/08/10,,50,لا,120,100,90,80,0
2516,خردوات بوكس ساعه + محفظه,0,0,220,0,350,0,330,0,310,0,290,0,2024/03/30,,,,,,,,,,,,,,,009423,,0,,0,خردوات,بوكس ساعه + محفظه,,,,59٫09,0,0,,1,نواقص,99999,,220,,2024/03/31,,,,,,,,2024/03/30,,-1,,,,,ميخائيل نجع حمادي,,,,0,37٫14,220,2024/02/13,,220,لا,350,330,310,290,0
2517,خردوات بوكس ساعه +حظاظه,0,0,170,0,250,0,240,0,230,0,220,0,2024/03/09,,,,,,,,,,,,,,,009424,,0,,0,خردوات,بوكس ساعه +حظاظه,,,,47٫06,0,0,,1,نواقص,99999,,170,,2024/03/09,,,,,,,,2024/03/09,,-1,,,,,ميخائيل نجع حمادي,,,,0,32,170,2024/02/13,,170,لا,250,240,230,220,0
2518,خردوات بونيه حمام علبه كرتون,0,0,7,0,15,0,12,0,10,0,8٫5,0,2024/01/31,,,,,,,,,,,,,,,009215,,0,,0,خردوات,بونيه حمام علبه كرتون,,,,114٫29,0,0,,1,---,99999,,7,,,,,,,,,,2022/05/17,,-1,,,,,محل فرحه,,,,0,53٫33,7,2021/12/14,,7,لا,15,12,10,8٫5,0
2519,خردوات بيوتي بلندر علبه 4ق,0,0,25,0,45,0,40,0,35,0,30,0,2024/01/31,,,,,,,,,,,,,,,009357,4ق,0,,0,خردوات,بيوتي بلندر علبه,,,,80,0,0,,1,نواقص,99999,,25,,2023/10/13,,,,,,,,,,-1,,,,,ميخائيل نجع حمادي,,,,0,44٫44,25,2023/03/06,,25,لا,45,40,35,30,0
2520,خردوات جل مطهر للايدي,0,0,0,0,18,0,17,0,15,0,13,0,,,,,,,,,,,,,,,,009154,,0,,0,خردوات,جل مطهر للايدي,,,,,0,0,,1,نواقص,99999,,0,,2021/07/14,,,,,,,,,,-1,,,,,,,,,0,,0,,,0,لا,18,17,15,13,0
2521,خردوات حجر خفاف Salvitas,0,0,6٫5,0,12,0,10,0,8,0,7,0,2025/10/10,,,,,,,,,,,,,,,005008,,0,,0,خردوات,حجر خفاف Salvitas,,,,84٫62,0,0,خردوات,1,نواقص,1311,\us\134\pid\137\f132588112171017669014.png,6٫5,,2025/02/04,,,,,,,,2024/05/28,,-6,2021/04/01,10,#ROYALELCHIM ,حجر جاف SALVITAS,رويال/ادره المخازن,,,,0,45٫83,6٫5,2022/02/14,حجر جاف SALVITAS,6٫5,لا,12,10,8,7,2
2522,خردوات حماله مخطط قلب,0,0,3٫21,0,7٫5,0,6,0,5,0,4,0,2025/10/10,,,,,,,,,,,,,,,009100,,0,,0,خردوات,حماله مخطط قلب,,,,133٫77,0,0,خردوات,1,نواقص,99999,,3,,2025/02/04,,,,,,,,2025/01/16,,-12,2021/04/01,,#TOOLS ,"العنايه,بالجسم,حماله,مخطط,قلب",رصيد اول المده,,,,0,57٫22,3,2021/08/29,حماله مخطط قلب,3٫21,لا,7٫5,6,5,4,0
2523,خردوات دبوس تحجيبه 50 ص,0,0,0٫88,0,2,0,1٫75,0,1٫5,0,1,0,2022/08/12,,,,,,,,,,,,,,,009221,50 ص,0,,0,خردوات,دبوس تحجيبه,,,,128٫57,0,0,,1,---,99999,,0٫88,,,,,,,,,,2022/08/12,,-1,,,,,حسين عبد العال,,,,0,56٫25,0٫88,2021/12/16,,0٫88,لا,2,1٫75,1٫5,1,0
2524,خردوات دبوس طرحه الماظ,0,0,8,0,20,0,18,0,15,0,12,0,2025/10/10,,,,,,,,,,,,,,,009426,الماظ,0,,0,خردوات,دبوس طرحه,,,,150,0,0,,1,نواقص,99999,,8,,2025/09/06,,,,,,,,2025/09/06,,-1,,,,,ميخائيل نجع حمادي,,,,0,60,8,2024/02/13,,8,لا,20,18,15,12,0
2525,خردوات رموش 7D Wow,0,0,19٫12,0,30,0,28,0,25,0,22,0,2024/01/31,,,,,,,,,,,,,,,6973286800227,Wow,0,,0,خردوات,رموش 7D,,,,56٫87,0,0,,1,نواقص,99999,,19,,2023/10/13,,,,,,,,2022/10/06,,-1,,,,,رويال/ادره المخازن,,,,0,36٫25,19,2022/02/02,,19٫12,لا,30,28,25,22,0
2526,خردوات رموش Anjieer,0,0,2٫56,0,10,0,8,0,5,0,3٫5,0,2024/01/31,,,,,,,,,,,,,,,009092,,0,,0,خردوات,رموش Anjieer,,,,290٫63,0,0,خردوات,1,نواقص,99999,\us\134\pid\188\f132587459961047097039.png,2٫5,,2023/10/13,,,,,,,,2022/11/06,,20,2021/04/01,10,#ROYALELCHIM ,",ANJIEER رموش",رويال/ادره المخازن,,,,0,74٫4,2٫5,2022/02/14,ANJIEER رموش,2٫56,لا,10,8,5,3٫5,1
2527,خردوات رموش Ardell 3d,0,0,12٫5,0,25,0,22,0,20,0,18,0,2024/01/31,,,,,,,,,,,,,,,6992325300139,,0,,0,خردوات,رموش Ardell 3d,,,,100,0,0,,1,نواقص,99999,,12٫5,,2023/10/13,,,,,,,,2023/09/05,,-1,,,,,ميخائيل نجع حمادي,,,,0,50,12٫5,2023/07/13,,12٫5,لا,25,22,20,18,0
2528,خردوات رموش Ardell 3d 4962911065768,0,0,0,0,,0,,0,,0,,0,,,,,,,,,,,,,,,,009437,4962911065768,0,,0,خردوات,رموش Ardell 3d,,,,,0,0,,1,---,99999,,0,,,,,,,,,,,,-1,,,,,,,,,0,,0,,,0,لا,,,,,0
2529,خردوات رموش Ardell 5d,0,0,15,0,30,0,28,0,25,0,22,0,2025/06/26,,,,,,,,,,,,,,,6952022103013,,0,,0,خردوات,رموش Ardell 5d,,,,100,0,0,,1,نواقص,99999,,15,,2025/06/26,,,,,,,,2025/06/26,,-1,,,,,ميخائيل نجع حمادي,,,,0,50,15,2025/05/06,,15,لا,30,28,25,22,0
2530,خردوات رموش Duofeier,0,0,1٫84,0,7,0,5,0,4,0,2٫5,0,2024/01/31,,,,,,,,,,,,,,,009222,,0,,0,خردوات,رموش Duofeier,,,,279٫53,0,0,,1,نواقص,99999,,2,,2022/08/29,,,,,,,,2023/09/03,,-1,,,,,رويال/ادره المخازن,,,,0,73٫65,2,2022/02/02,,1٫84,لا,7,5,4,2٫5,0
2531,خردوات رموش Huda Beauty,0,0,2٫7,0,8,0,5,0,4,0,3,0,2024/01/31,,,,,,,,,,,,,,,009091,,0,,0,خردوات,رموش Huda Beauty,,,,196٫3,0,0,خردوات,1,نواقص,99999,\us\134\pid\187\f132587469288054456044.png,2٫7,,2023/10/13,,,,,,,,2023/07/02,,-30,2021/04/01,10,#ROYALELCHIM ,رموش HUDA BEAUTY,رويال/ادره المخازن,,,,0,66٫25,2٫7,2022/02/14,رموش HUDA BEAUTY,2٫7,لا,8,5,4,3,2
2532,خردوات رموش Koko,0,0,12٫53,0,30,0,25,0,20,0,18,0,2024/02/19,,,,,,,,,,,,,,,2211011286521,,0,,0,خردوات,رموش Koko,,,,139٫38,0,0,,1,---,99999,,12٫5,,,,,,,,,,2024/02/19,,-1,,,,,ميخائيل,,,,0,58٫23,12٫53,2024/02/18,,12٫53,لا,30,25,20,18,0
2533,خردوات رموش MU.HAN 8 D,0,0,12٫13,0,25,0,20,0,15,0,13٫5,0,2024/01/31,,,,,,,,,,,,,,,6970608888703,8 D,0,,0,خردوات,رموش MU.HAN,,,,106٫17,0,0,,1,نواقص,99999,,12,,2023/02/20,,,,,,,,2023/02/20,,-1,,,,,JO /النزهه الجديده,,,,0,51٫5,12٫13,2021/09/11,,12٫13,لا,25,20,15,13٫5,0
2534,خردوات رموش Pestanas 8d,0,0,12٫5,0,25,0,20,0,18,0,15,0,2024/01/31,,,,,,,,,,,,,,,6852692861018,,0,,0,خردوات,رموش Pestanas 8d,,,,100,0,0,,1,نواقص,99999,,12٫5,,2023/10/13,,,,,,,,2023/08/10,,-1,,,,,ميخائيل نجع حمادي,,,,0,50,12٫5,2023/06/25,,12٫5,لا,25,20,18,15,0
2535,خردوات رموش ابو يوسف علي كارت,0,0,14٫15,0,25,0,20,0,18,0,15,0,2024/02/05,,,,,,,,,,,,,,,6982725508150,علي كارت,0,,0,خردوات,رموش ابو يوسف,,,,76٫72,0,0,,1,نواقص,99999,,14,,2023/10/13,,,,,,,,2023/06/21,,-1,,,,,JO /النزهه الجديده,,,,0,43٫41,14٫15,2021/09/11,,14٫15,لا,25,20,18,15,0
2536,خردوات رموش علي كارت,0,0,2٫4,0,8,0,7,0,6,0,5,0,2024/01/31,,,,,,,,,,,,,,,009204,,0,,0,خردوات,رموش علي كارت,,,,233٫33,0,0,,1,نواقص,1383,,2٫4,,2023/10/13,,,,,,,,2022/08/25,,-1,,,,,ميخائيل نجع حمادي,,,,0,70,2٫4,2021/10/27,,2٫4,لا,8,7,6,5,0
2537,خردوات رموش فانتستك 112ay13,0,0,12,0,25,0,20,0,15,0,14,0,2023/02/03,,,,,,,,,,,,,,,6942879152333,112ay13,0,,0,خردوات,رموش فانتستك,,,,108٫33,0,0,,1,نواقص,99999,,12,,2023/02/04,,,,,,,,2023/02/03,,-1,,,,,Abou Yousef,,,,0,52,12,2022/02/24,,12,لا,25,20,15,14,0
2538,خردوات رموش مينك دابل 163ay4,0,0,20,0,45,0,35,0,30,0,25,0,2024/01/31,,,,,,,,,,,,,,,009258,163ay4,0,,0,خردوات,رموش مينك دابل,,,,125,0,0,,1,نواقص,99999,,20,,2023/06/22,,,,,,,,2023/08/09,,-1,,,,,Abou Yousef,,,,0,55٫56,20,2022/02/24,,20,لا,45,35,30,25,0
2539,خردوات رموش3d Jiefeibeauty,0,0,11٫7,0,25,0,20,0,18,0,15,0,2024/10/09,,,,,,,,,,,,,,,6852692861612,,0,,0,خردوات,رموش3d Jiefeibeauty,,,,113٫68,0,0,,1,نواقص,99999,,11٫7,,2024/10/09,,,,,,,,2024/10/09,,-1,,,,,ميخائيل نجع حمادي,,,,0,53٫2,11٫7,2023/08/08,,11٫7,لا,25,20,18,15,0
2540,خردوات سنفره باول جراب كوكو,0,0,14٫65,0,28,0,25,0,20,0,18,0,2024/02/05,,,,,,,,,,,,,,,009008,,0,,0,خردوات,سنفره باول جراب كوكو,,,,91٫17,0,0,خردوات,1,نواقص,99999,\us\134\pid\96\f132549317575124257103.png,14٫5,,2022/06/18,,,,,,,,2023/04/22,,-1,2021/04/01,15,#TOOLS ,"صنفرة,قدم,تنعيم,برد,مبرد,تنظيف,صنفرة,باديكير,FOOT",رويال/ادره المخازن,,,,0,47٫69,14٫5,2022/02/02,صنفرة باول,14٫65,لا,28,25,20,18,2
2541,خردوات سنفره بلاستيك الوان 1,0,0,8٫39,0,14,0,13,0,11,0,10,0,2022/12/28,,,,,,,,,,,,,,,009003,,0,,0,خردوات,سنفره بلاستيك الوان 1,,,,66٫89,0,0,,1,نواقص,99999,,8٫5,,2022/08/06,,,,,,,,2022/12/28,,-1,,,,,رويال/ادره المخازن,,,,0,40٫08,8٫5,2022/02/02,,8٫39,لا,14,13,11,10,0
2542,خردوات سنفره بلاستيك الوان 2,0,0,7٫12,0,15,0,13٫5,0,12,0,10,0,2023/01/21,,,,,,,,,,,,,,,009004,,0,,0,خردوات,سنفره بلاستيك الوان 2,,,,110٫58,0,0,خردوات,1,نواقص,99999,\us\134\pid\92\f132549305714071919095.png,7,,2023/01/23,,,,,,,,2023/01/21,,-28,2021/04/01,10,#TOOLS ,"مبرد.جلد,ميت,سنفره,بلاستيك,مريحه,ناعمه,خردوات",رويال/ادره المخازن,,,,0,52٫51,7,2022/02/02,سنفره بلاستيك,7٫12,لا,15,13٫5,12,10,4
2543,خردوات سنفره بلاستيك الوان 3,0,0,9٫24,0,18,0,15,0,12,0,11,0,2024/01/31,,,,,,,,,,,,,,,009005,,0,,0,خردوات,سنفره بلاستيك الوان 3,,,,94٫81,0,0,,1,نواقص,99999,,9,,2022/10/23,,,,,,,,2022/10/24,,-1,,,,,رويال/ادره المخازن,,,,0,48٫67,9,2022/02/02,,9٫24,لا,18,15,12,11,0
2544,خردوات سنفره خشب COCO,0,0,14٫26,0,28,0,25,0,20,0,19,0,2024/01/31,,,,,,,,,,,,,,,009002,,0,,0,خردوات,سنفره خشب COCO,,,,96٫39,0,0,خردوات,1,نواقص,99999,\us\134\pid\90\f132589976900375676127.png,14,,2023/11/21,,,,,,,,2023/11/21,,-6,2021/04/01,10,#TOOLS ,"العنايه,بالجسم,سنفره,خشب,COCO",رويال/ادره المخازن,,,,0,49٫08,14,2022/02/02,سنفره خشب COCO,14٫26,لا,28,25,20,19,2
2545,خردوات سنفره قدم Dr.jimmy 185ay_51,0,0,22٫84,0,45,0,40,0,35,0,30,0,2024/03/16,,,,,,,,,,,,,,,009386,185ay_51,0,,0,خردوات,سنفره قدم Dr.jimmy,,,,97٫04,0,0,,1,نواقص,99999,,22٫5,,2024/01/06,,,,,,,,2024/03/16,,-1,,,,,Abou Yousef,,,,0,49٫25,22٫84,2023/12/28,,22٫84,لا,45,40,35,30,0
2546,خردوات سنفره ليزر 186ay_24,0,0,55٫83,0,85,0,80,0,75,0,70,0,2025/03/21,,,,,,,,,,,,,,,6123450186248,186ay_24,0,,0,خردوات,سنفره ليزر,,,,52٫26,0,0,,1,نواقص,99999,,55,,2025/03/22,,,,,,,,2025/03/21,,-1,,,,,Abou Yousef,,,,0,34٫32,55٫83,2023/12/28,,55٫83,لا,85,80,75,70,0
2547,خردوات سوسيه علبه,0,0,18,0,36,0,30,0,25,0,20,0,2024/02/05,,,,,,,,,,,,,,,009050,,0,,0,خردوات,سوسيه علبه,,,,100,0,0,خردوات,1,نواقص,99999,\us\134\pid\141\f132547436667742399030.png,18,,2022/06/18,,,,,,,,2022/09/08,Online,2,2021/04/01,,#TOOLS ,"بكر,شعر,سوسيه,كيرلي, لف,رول",رصيد اول المده,,,,0,50,18,2021/09/02,سوسيه,18,لا,36,30,25,20,4
2548,خردوات شفرات Blue Plus,0,0,22٫5,0,30,0,28,0,26,0,25,0,2022/03/31,,,,,,,,,,,,,,,7702018844791,,0,,0,خردوات,شفرات Blue Plus,,,,33٫33,0,0,,1,نواقص,99999,,22٫5,,2022/03/31,,,,,,,,2022/03/31,,-1,,,,,ميخائيل نجع حمادي,,,,0,25,22٫5,2021/11/30,,22٫5,لا,30,28,26,25,0
2549,خردوات شفرات للجسم Abou Yousef,0,0,7٫5,0,15,0,12,0,10,0,9,0,2024/01/31,,,,,,,,,,,,,,,009254,Abou Yousef,0,,0,خردوات,شفرات للجسم,,,,100,0,0,,1,نواقص,99999,,7٫5,,2023/10/13,,,,,,,,2023/06/19,,-1,,,,,Abou Yousef,,,,0,50,7٫5,2022/02/24,,7٫5,لا,15,12,10,9,0
2550,خردوات شفرات للجسم Wetell,0,0,5,0,10,0,10,0,10,0,10,0,2025/09/09,,,,,,,,,,,,,,,6744945377455,,0,,0,خردوات,شفرات للجسم Wetell,,,,100,0,0,,1,نواقص,99999,,5,,2025/09/09,,,,,,,,2023/05/19,,-1,,,,,رويال/ادره المخازن,,,,0,50,5,2022/02/02,,5,لا,10,10,10,10,0
2551,خردوات شفره باكستاني 3ق,0,0,29,0,45,0,40,0,35,0,32,0,2025/10/10,,,,,,,,,,,,,,,018043,,0,,0,خردوات,شفره باكستاني 3ق,,,,55٫17,0,0,مستلزمات الكوافير,1,نواقص,851,\us\134\pid\465\f132546724088241022104.png,29,,2025/02/04,,,,,,,,2022/07/19,,-4,2021/04/01,10,#تجهيز_كوافير ,"حلاقه,رجالي,شفره,موس,صالون,تحديد,تشذيب,MEN,MAN",رصيد اول المده,,,,0,35٫56,29,2021/08/29,شفره باكستاني 3ق,29,لا,45,40,35,32,7
2552,خردوات شفره باكستاني Magic,0,0,20,0,35,0,32,0,27,0,25,0,2022/11/23,,,,,,,,,,,,,,,018155,,0,,0,خردوات,شفره باكستاني Magic,,,,75,0,0,مستلزمات الكوافير,1,---,99999,\us\134\pid\463\f132546730580086945110.png,20,,,,,,,,,,2022/11/23,,-2,2021/04/01,15,#تجهيز_كوافير ,"حلاقه,ذقن,رجالي,حريمي,صالون,شفره,تحديد,MAN,WOMAN",رويال/ادره المخازن,,,,0,42٫86,20,2022/02/14,شفره MAGIC,20,لا,35,32,27,25,4
2553,خردوات شفره حواجب و بشره,0,0,7٫59,0,15,0,12,0,10,0,9,0,2024/01/31,,,,,,,,,,,,,,,6924271680515,,0,,0,خردوات,شفره حواجب و بشره,,,,97٫71,0,0,خردوات,1,---,99999,\us\134\pid\838\f132588383628962159065.png,7,,2022/11/05,,,,,,,,2023/03/20,,-21,2021/04/01,10,#TOOLS ,"العنايه,بالبشره,شفره,حواجب,وبشره",رويال/ادره المخازن,,,,0,49٫42,7,2022/02/02,شفره حواجب وبشره,7٫59,لا,15,12,10,9,2
2554,خردوات شلامه اذن,0,0,12,0,18,0,17,0,16,0,15,0,2024/01/31,,,,,,,,,,,,,,,009368,,0,,0,خردوات,شلامه اذن,,,,50,0,0,,1,---,99999,,12,,,,,,,,,,2023/08/03,,-1,,,,,,,,,0,33٫33,12,2023/08/03,,12,لا,18,17,16,15,0
2555,خردوات صبوحه الجميله Art Nail,0,0,6٫5,0,15,0,12٫5,0,10,0,8٫5,0,2024/01/31,,,,,,,,,,,,,,,8955155879013,Art Nail,0,,0,خردوات,صبوحه الجميله,,,,130٫77,0,0,,1,نواقص,99999,,6٫5,,2023/10/13,,,,,,,,2022/08/23,,-1,,,,,رويال/ادره المخازن,,,,0,56٫67,6٫5,2022/02/02,,6٫5,لا,15,12٫5,10,8٫5,0
2556,خردوات طقم 15 ق فضي Abou Yousef,0,0,30,0,60,0,50,0,40,0,35,0,2024/01/31,,,,,,,,,,,,,,,009257,Abou Yousef,0,,0,خردوات,طقم 15 ق فضي,,,,100,0,0,,1,نواقص,99999,,30,,2023/10/13,,,,,,,,2022/09/23,,-1,,,,,Abou Yousef,,,,0,50,30,2022/02/24,,30,لا,60,50,40,35,0
2557,خردوات طقم 3*1 فرشه ص6,0,0,0,0,26,0,22,0,18,0,15,0,,,,,,,,,,,,,,,,009056,,0,,0,خردوات,طقم 3*1 فرشه ص6,,,,,0,0,خردوات,1,نواقص,99999,\us\134\pid\147\f132549368551474385114.png,0,,2021/07/14,,,,,,,,,,-3,2021/04/01,10,#TOOLS ,"فرش,حواجب,ميك,اب,SIGMA,MAKE.UP,TOOLS",,,,,0,,0,,طقم SIGMA  3*1,0,لا,26,22,18,15,5
2558,خردوات طقم 6 فرشه + 12 بداره,0,0,15,0,25,0,22,0,20,0,17٫5,0,2023/05/10,,,,,,,,,,,,,,,009261,,0,,0,خردوات,طقم 6 فرشه + 12 بداره,,,,66٫67,0,0,,1,نواقص,99999,,15,,2023/02/11,,,,,,,,2023/02/10,,-1,,,,,Abou Yousef,,,,0,40,15,2022/02/24,,15,لا,25,22,20,17٫5,0
2559,خردوات طقم ايشادو 3 ق,0,0,10٫52,0,20,0,17,0,14,0,12٫5,0,2024/01/31,,,,,,,,,,,,,,,009068,,0,,0,خردوات,طقم ايشادو 3 ق,,,,90٫14,0,0,خردوات,1,نواقص,99999,\us\134\pid\159\f132589940870989562063.png,10,,2022/11/11,,,,,,,,2023/09/23,,-6,2021/04/01,10,#TOOLS ,"العنايه,بالبشره,طقم,ايشادو ,3ق",رويال / اداره المخازن الاقصر,,,,0,47٫41,10,2022/02/24,طقم ايشادو 3ق,10٫52,لا,20,17,14,12٫5,1
2560,خردوات طقم باديكير محفظه ك,0,0,56,0,75,0,65,0,62٫5,0,60,0,2024/10/11,,,,,,,,,,,,,,,009083,,0,,0,خردوات,طقم باديكير محفظه ك,,,,33٫93,0,0,MAKE-UP,1,نواقص,99999,\us\134\pid\174\f132587426742188077135.png,56,,2024/10/11,,,,,,,,2024/10/11,,-3,2021/04/01,10,#ROYALELCHIM ,طقم باديكير محفظه ك,رويال/ادره المخازن,,,,0,25٫33,56,2022/02/14,طقم باديكير محفظه ك,56,لا,75,65,62٫5,60,3
2561,خردوات طقم تاتو,0,0,58,0,85,0,80,0,75,0,65,0,2024/01/05,,,,,,,,,,,,,,,009277,,0,,0,خردوات,طقم تاتو,,,,46٫55,0,0,,1,نواقص,99999,,58,,2024/01/05,,,,,,,,2024/01/05,,-1,,,,,ميخائيل نجع حمادي,,,,0,31٫76,58,2022/06/07,,58,لا,85,80,75,65,0
2562,خردوات طقم فرش HUXIA,0,0,60٫15,0,125,0,110,0,100,0,85,0,2024/02/19,,,,,,,,,,,,,,,6926641009193,,0,,0,خردوات,طقم فرش HUXIA,,,,107٫8,0,0,,1,---,99999,,60,,,,,,,,,,2024/02/19,,-1,,,,,ميخائيل,,,,0,51٫88,60٫15,2024/02/18,,60٫15,لا,125,110,100,85,0
2563,خردوات طقم فرش Kylie,0,0,66٫11,0,120,0,100,0,90,0,85,0,2024/05/05,,,,,,,,,,,,,,,6908002034754,,0,,0,خردوات,طقم فرش Kylie,,,,81٫52,0,0,,1,نواقص,99999,,70,,2024/05/07,,,,,,,,2024/05/05,,-1,,,,,ميخائيل,,,,0,44٫91,70٫18,2024/02/18,,66٫11,لا,120,100,90,85,0
2564,خردوات طقم فرش LTS,0,0,45,0,100,0,80,0,65,0,50,0,2023/08/17,,,,,,,,,,,,,,,009124,,0,,0,خردوات,طقم فرش LTS,,,,122٫22,0,0,خردوات,1,نواقص,99999,\us\134\pid\417\f132589928291622812049.png,45,,2023/08/18,,,,,,,,2023/08/17,,-3,2021/04/01,10,#TOOLS ,"العنايه,بالبشره,طقم,فرش,LTS",رصيد اول المده,,,,0,55,45,2021/08/29,طقم فرش LTS,45,لا,100,80,65,50,1
2565,خردوات طقم فرش Mac S,0,0,35,0,75,0,70,0,65,0,60,0,2025/02/05,,,,,,,,,,,,,,,009276,S,0,,0,خردوات,طقم فرش Mac,,,,114٫29,0,0,,1,نواقص,99999,,35,,2024/08/26,,,,,,,,2025/02/05,,-1,,,,,,,,,0,53٫33,35,2025/01/26,,35,لا,75,70,65,60,0
2566,خردوات طقم فرش NOOR,0,0,35٫09,0,65,0,55,0,50,0,45,0,2024/02/19,,,,,,,,,,,,,,,6926641002767,,0,,0,خردوات,طقم فرش NOOR,,,,85٫24,0,0,,1,---,99999,,35,,,,,,,,,,2024/02/19,,-1,,,,,ميخائيل,,,,0,46٫02,35٫09,2024/02/18,,35٫09,لا,65,55,50,45,0
2567,خردوات طقم فرش NOTE,0,0,20,0,40,0,35,0,30,0,25,0,2023/08/29,,,,,,,,,,,,,,,009374,,0,,0,خردوات,طقم فرش NOTE,,,,100,0,0,,1,نواقص,99999,,20,,2023/08/29,,,,,,,,2023/08/29,,-1,,,,,مايكل ثروت / مايت سينما,,,,0,50,20,2023/08/10,,20,لا,40,35,30,25,0
2568,خردوات طقم فرش بلاشر 168ay/71,0,0,12٫5,0,25,0,20,0,15,0,14,0,2024/01/31,,,,,,,,,,,,,,,009256,168ay/71,0,,0,خردوات,طقم فرش بلاشر,,,,100,0,0,,1,نواقص,99999,,12٫5,,2022/12/15,,,,,,,,2022/12/13,,-1,,,,,Abou Yousef,,,,0,50,12٫5,2022/02/24,,12٫5,لا,25,20,15,14,0
2569,خردوات طقم فرش شعر طبيعي كيس دهب,0,0,50,0,100,0,80,0,70,0,65,0,2025/10/10,,,,,,,,,,,,,,,009274,كيس دهب,0,,0,خردوات,طقم فرش شعر طبيعي,,,,100,0,0,,1,نواقص,99999,,50,,2025/02/04,,,,,,,,2024/10/29,,-1,,,,,ميخائيل نجع حمادي,,,,0,50,50,2024/08/06,,50,لا,100,80,70,65,0
2570,خردوات طقم فرش شنطه جلد 24,0,0,75,0,150,0,125,0,110,0,90,0,2025/10/10,,,,,,,,,,,,,,,009123,,0,,0,خردوات,طقم فرش شنطه جلد 24,,,,100,0,0,خردوات,1,نواقص,851,\us\134\pid\416\f132544873802788535034.png,75,,2023/09/07,,,,,,,,2024/12/21,Online,1,2024/02/01,10,#TOOLS ,"TOOLS,MAKE-UP,BRUSH,NAKED3,NAKED,فرشاه,فرشه,شنطه,جلد,ميكب,",رصيد اول المده,,,,0,50,75,2021/08/28,طقم فرشاه شنطه جلد 24 NAKED3,75,لا,150,125,110,90,4
2571,خردوات طقم فرش مكب دهبي,0,0,55,0,100,0,95,0,90,0,80,0,2025/06/17,,,,,,,,,,,,,,,009125,,0,,0,خردوات,طقم فرش مكب دهبي,,,,81٫82,0,0,خردوات,1,نواقص,99999,\us\134\pid\418\f132548605887355640181.png,55,,2025/06/17,,,,,,,,2025/06/17,,-3,2021/04/01,15,#ROYALELCHIM ,"فرشه , فرشاه , ميكب , دهبي , طقم , MAKE-UP , BRUSH,TOOLS , ROYAL,ELCHIM,خردوات",ميخائيل نجع حمادي,,,,0,45,55,2025/04/15,طقم فرشاه ميكب دهبي,55,لا,100,95,90,80,5
2572,خردوات طقم فرش ميكب Abou Yousef,0,0,25,0,55,0,45,0,40,0,35,0,2024/01/31,,,,,,,,,,,,,,,009270,Abou Yousef,0,,0,خردوات,طقم فرش ميكب,,,,120,0,0,,1,نواقص,99999,,25,,2022/10/24,,,,,,,,2022/10/22,,-1,,,,,Abou Yousef,,,,0,54٫55,25,2022/02/24,,25,لا,55,45,40,35,0
2573,خردوات طقم فرش ميكب Hudalove,0,0,45٫52,0,75,0,65,0,57٫5,0,50,0,2023/06/19,,,,,,,,,,,,,,,6926641002316,Hudalove,0,,0,خردوات,طقم فرش ميكب,,,,64٫77,0,0,,1,نواقص,99999,,42٫5,,2023/03/20,,,,,,,,2023/06/19,,-1,,,,,محمود السقاري,,,,0,39٫31,42٫5,2023/03/01,,45٫52,لا,75,65,57٫5,50,0
2574,خردوات طقم فرش ميكب شنطه جلد 32,0,0,100,0,175,0,150,0,125,0,110,0,2024/03/14,,,,,,,,,,,,,,,009122,,0,,0,خردوات,طقم فرش ميكب شنطه جلد 32,,,,75,0,0,MAKE-UP,1,نواقص,851,\us\134\pid\415\f132587291867497076082.png,100,,2023/10/13,,,,,,,,2024/03/14,,-3,2021/04/01,10,#ROYALELCHIM ,خردوات طقم فرش ميكب شنطه جلد 32,رصيد اول المده,,,,0,42٫86,100,2021/08/28,خردوات طقم فرش ميكب شنطه جلد 32,100,لا,175,150,125,110,2
2575,خردوات طقم فرشه VS,0,0,64٫26,0,100,0,90,0,80,0,75,0,2023/08/13,,,,,,,,,,,,,,,6926641002330,,0,,0,خردوات,طقم فرشه VS,,,,55٫62,0,0,,1,نواقص,99999,,60,,2023/04/06,,,,,,,,2023/08/13,,-1,,,,,محمود السقاري,,,,0,35٫74,60,2023/03/01,,64٫26,لا,100,90,80,75,0
2576,خردوات طقم فوارغ لوكس,0,0,47٫11,0,80,0,75,0,65,0,55,0,2023/09/22,,,,,,,,,,,,,,,009291,,0,,0,خردوات,طقم فوارغ لوكس,,,,69٫8,0,0,,1,---,99999,,45,,,,,,,,,,2023/09/22,,-1,,,,,TOTA STYLE,,,,0,41٫11,47٫11,2023/02/24,,47٫11,لا,80,75,65,55,0
2577,خردوات طم رموش فاشونيستا 7*1,0,0,40٫21,0,75,0,60,0,50,0,45,0,2023/01/30,,,,,,,,,,,,,,,009193,,0,,0,خردوات,طم رموش فاشونيستا 7*1,,,,86٫52,0,0,,1,نواقص,99999,,40,,2023/01/30,,,,,,,,2023/01/30,,-1,,,,,رويال/ادره المخازن,,,,0,46٫39,40,2022/02/02,,40٫21,لا,75,60,50,45,0
2578,خردوات علبه اسفنج كونتور,0,0,10,0,20,0,18,0,15,0,12,0,2025/10/10,,,,,,,,,,,,,,,009371,,0,,0,خردوات,علبه اسفنج كونتور,,,,100,0,0,,1,نواقص,99999,,10,,2025/02/04,,,,,,,,2025/02/03,,-1,,,,,مايكل ثروت / مايت سينما,,,,0,50,10,2023/08/10,,10,لا,20,18,15,12,0
2579,خردوات فرش دمج Lala,0,0,10٫71,0,20,0,18,0,16,0,14,0,2025/09/26,,,,,,,,,,,,,,,009303,,0,,0,خردوات,فرش دمج Lala,,,,86٫74,0,0,,1,نواقص,99999,,10,,2023/08/29,,,,,,,,2025/09/26,,-1,,,,,محمود السقاري,,,,0,46٫45,10,2023/03/01,,10٫71,لا,20,18,16,14,0
2580,خردوات فرش شعر ايه واي ستايل 162ay32,0,0,25,0,45,0,40,0,35,0,30,0,2024/01/31,,,,,,,,,,,,,,,009268,162ay32,0,,0,خردوات,فرش شعر ايه واي ستايل,,,,80,0,0,,1,نواقص,99999,,25,,2023/08/03,,,,,,,,2023/08/03,,-1,,,,,Abou Yousef,,,,0,44٫44,25,2022/02/24,,25,لا,45,40,35,30,0
2581,خردوات فرشاة بلاشر ESSENCE,0,0,18,0,36,0,30,0,25,0,20,0,2022/11/11,,,,,,,,,,,,,,,009148,,0,,0,خردوات,فرشاة بلاشر ESSENCE,,,,100,0,0,خردوات,1,نواقص,99999,\us\134\pid\514\f132589980762846292136.png,18,,2022/11/07,,,,,,,,2022/11/11,,-2,2021/04/01,10,#TOOLLS ,"العنايه,بالبشره,فرشاه,بلاشر,ESSENCE",رصيد اول المده,,,,0,50,18,2021/08/29,فرشاه بلاشر ESSENCE,18,لا,36,30,25,20,1
2582,خردوات فرشاة كريم اساس ESSENCE,0,0,18,0,36,0,30,0,25,0,20,0,2024/02/05,,,,,,,,,,,,,,,009151,,0,,0,خردوات,فرشاة كريم اساس ESSENCE,,,,100,0,0,خردوات,1,نواقص,99999,\us\134\pid\517\f132589978524606386130.png,18,,2023/09/07,,,,,,,,2024/02/05,,-3,2021/04/01,10,#TOOLS ,"العنايه,بالبشره,فرشاه,كريم,اساس,ESSENCE",رصيد اول المده,,,,0,50,18,2021/08/29,فرشاه كريم اساس ESSENCE,18,لا,36,30,25,20,1
2583,خردوات فرشه Antistatic,0,0,8٫25,0,15,0,12,0,10,0,9,0,2024/01/31,,,,,,,,,,,,,,,009026,,0,,0,خردوات,فرشه Antistatic,,,,81٫82,0,0,خردوات,1,نواقص,99999,\us\134\pid\114\f132588387238064685011.png,8,,2023/10/13,,,,,,,,2021/09/01,,-5,2021/04/01,10,#TOOLS ,"العنايه,بالشعر,فرشه ,ANTISTATC",رويال/ادره المخازن,,,,0,45,8,2022/02/02,فرشه ANTISTATC,8٫25,لا,15,12,10,9,1
2584,خردوات فرشه اساس سيجما مشكل,0,0,14٫46,0,24,0,20,0,18,0,17,0,2023/09/23,,,,,,,,,,,,,,,009058,,0,,0,خردوات,فرشه اساس سيجما مشكل,,,,65٫95,0,0,خردوات,1,نواقص,99999,\us\134\pid\149\f132550161485631897349.png,14,,2022/12/07,,,,,,,,2023/09/23,,-6,2021/04/01,10,#TOOLS ,"BRUSH,SIGMA,TOOLS,MAKE UP,فرشه,اساس,",رويال / اداره المخازن الاقصر,,,,0,39٫74,14,2022/02/24,فرشه اساس SIGMA,14٫46,لا,24,20,18,17,2
2585,خردوات فرشه استحمام,0,0,15,0,30,0,25,0,22,0,20,0,2022/01/04,,,,,,,,,,,,,,,009235,,0,,0,خردوات,فرشه استحمام,,,,100,0,0,,1,---,99999,,15,,,,,,,,,,2022/01/04,,-1,,,,,رويال/ادره المخازن,,,,0,50,15,2022/01/04,,15,لا,30,25,22,20,0
2586,خردوات فرشه ايشادو 10*1,0,0,15,0,25,0,22,0,20,0,18,0,2025/10/10,,,,,,,,,,,,,,,009438,,0,,0,خردوات,فرشه ايشادو 10*1,,,,66٫67,0,0,,1,نواقص,99999,,15,,2025/02/04,,,,,,,,,,-1,,,,,ميخائيل نجع حمادي,,,,0,40,15,2024/07/23,,15,لا,25,22,20,18,0
2587,خردوات فرشه ايشادو 8*1 الوان كيس LALA,0,0,7٫94,0,10,0,9٫5,0,9,0,8٫5,0,2024/01/31,,,,,,,,,,,,,,,009071,,0,,0,خردوات,فرشه ايشادو 8*1 الوان كيس LALA,,,,25٫9,0,0,خردوات,1,نواقص,99999,,6,,2023/10/13,,,,,,,,2023/04/05,,-12,2021/04/01,10,#TOOLS ,"العنايه,بالبشره,فرشه,ايشادو,8*1,الوان,كيس,LALA",رويال/ادره المخازن,,,,0,20٫57,6,2022/02/02,فرشه ايشادو 8*1 الوان كيس LALA,7٫94,لا,10,9٫5,9,8٫5,0
2588,خردوات فرشه بلاشر بالغطاء,0,0,0,0,36,0,30,0,25,0,20,0,,,,,,,,,,,,,,,,009063,,0,,0,خردوات,فرشه بلاشر بالغطاء,,,,,0,0,خردوات,1,نواقص,99999,\us\134\pid\154\f132546645567846901055.png,0,,2021/07/14,,,,,,,,,,-1,2021/01/30,10,#TOOLS ,"BRUSH,MAKEUP,BLUSHER,فرشه,ميكب,بلاشير.ميكياج",,,,,0,,0,,فرشة بلاشر بالغطاء,0,لا,36,30,25,20,3
2589,خردوات فرشه بلاشر فراوله,0,0,20,0,40,0,35,0,25,0,22,0,2023/01/05,,,,,,,,,,,,,,,009064,,0,,0,خردوات,فرشه بلاشر فراوله,,,,100,0,0,خردوات,1,نواقص,99999,\us\134\pid\155\f132545305563673345093.png,20,,2023/01/05,,,,,,,,2023/01/05,,-3,2021/04/01,30,#TOOLS ,"TOOLS,BRUSH,BRUSHES,FASHION,MAKE-UP,ميكب,فرشه,فرشاه,احمر خد , روجاجو,ROYALELCHIM",رويال / اداره المخازن الاقصر,,,,0,50,20,2022/02/24,PERFECT BRUSH EXQUISITE FASHION,20,لا,40,35,25,22,5
2590,خردوات فرشه بلاشر مشكل 4EVER,0,0,16٫33,0,32,0,27,0,23,0,20,0,2022/10/24,,,,,,,,,,,,,,,009067,,0,,0,خردوات,فرشه بلاشر مشكل 4EVER,,,,95٫92,0,0,خردوات,1,نواقص,99999,\us\134\pid\158\f132546588914448792035.png,16,,2022/10/24,,,,,,,,2022/10/24,,-3,2021/04/01,10,#تجهيز_كوافير ,"فرشة,بلاشر,ميكب,رجاجو,مكياج,وجه,BRUSH,MAKEUP,4EVER",رويال / اداره المخازن الاقصر,,,,0,48٫96,16,2022/02/24,فرشة بلاشر 4EVER,16٫33,لا,32,27,23,20,2
2591,خردوات فرشه خشب تسريح Coco,0,0,14,0,25,0,20,0,18,0,15,0,2022/01/04,,,,,,,,,,,,,,,009233,Coco,0,,0,خردوات,فرشه خشب تسريح,,,,78٫57,0,0,,1,---,99999,,14,,,,,,,,,,2022/01/04,,-1,,,,,رويال/ادره المخازن,,,,0,44,14,2021/12/18,,14,لا,25,20,18,15,0
2592,خردوات فرشه خشب طبي,0,0,25٫5,0,50,0,40,0,35,0,27٫5,0,2023/03/28,,,,,,,,,,,,,,,009028,,0,,0,خردوات,فرشه خشب طبي,,,,96٫08,0,0,خردوات,1,نواقص,99999,\us\134\pid\116\f132546903045619737169.png,25٫5,,2023/03/29,,,,,,,,2023/03/28,Online,2,2024/02/01,10,#TOOLS ,"فرشه,مشط,خشب,شعر,COMB,BRUSH",رويال/ادره المخازن,,,,0,49,25٫5,2022/02/02,فرشه خشب طبي,25٫5,لا,50,40,35,27٫5,4
2593,خردوات فرشه رجاجو مشكل,0,0,27٫5,0,45,0,40,0,35,0,30,0,2023/06/01,,,,,,,,,,,,,,,009360,,0,,0,خردوات,فرشه رجاجو مشكل,,,,63٫64,0,0,,1,نواقص,99999,,27٫5,,2023/06/02,,,,,,,,2023/06/01,,-1,,,,,ميخائيل نجع حمادي,,,,0,38٫89,27٫5,2023/05/08,,27٫5,لا,45,40,35,30,0
2594,خردوات فرشه روجاجو Piove,0,0,27٫5,0,55,0,50,0,40,0,35,0,2024/06/11,,,,,,,,,,,,,,,692664100258,,0,,0,خردوات,فرشه روجاجو Piove,,,,100,0,0,,1,نواقص,99999,,27٫5,,2024/06/11,,,,,,,,2024/06/11,,-1,,,,,ميخائيل نجع حمادي,,,,0,50,27٫5,2023/05/24,,27٫5,لا,55,50,40,35,0
2595,خردوات فرشه روجاجو شعر طبيعي,0,0,20,0,36,0,32,0,28,0,25,0,2024/04/09,,,,,,,,,,,,,,,009199,,0,,0,خردوات,فرشه روجاجو شعر طبيعي,,,,80,0,0,,1,نواقص,99999,,20,,2024/04/11,,,,,,,,2024/04/09,,-1,,,,,مايكل ثروت / مايت سينما,,,,0,44٫44,20,2023/08/10,,20,لا,36,32,28,25,0
2596,خردوات فرشه روجاجو مصباح شفاف ك,0,0,16,0,25,0,22,0,20,0,18,0,2023/04/05,,,,,,,,,,,,,,,009155,,0,,0,خردوات,فرشه روجاجو مصباح شفاف ك,,,,56٫25,0,0,,1,نواقص,99999,,16,,2023/04/05,,,,,,,,2023/04/05,,-1,,,,,رويال / اداره المخازن الاقصر,,,,0,36,16,2022/02/24,,16,لا,25,22,20,18,0
2597,خردوات فرشه سشوار رقم 415,0,0,9٫5,0,18,0,15,0,13,0,12,0,2022/12/28,,,,,,,,,,,,,,,009029,,0,,0,خردوات,فرشه سشوار رقم 415,,,,89٫47,0,0,,1,نواقص,99999,,9,,2022/03/07,,,,,,,,2022/12/28,,-1,,,,,رويال/ادره المخازن,,,,0,47٫22,9,2022/01/16,,9٫5,لا,18,15,13,12,0
2598,خردوات فرشه شعر فضي / دهبي حلزوني مربع 160ay14,0,0,27٫5,0,45,0,40,0,35,0,32٫5,0,2024/05/17,,,,,,,,,,,,,,,009266,160ay14,0,,0,خردوات,فرشه شعر فضي / دهبي حلزوني مربع,,,,63٫64,0,0,,1,نواقص,851,,27٫5,,2023/10/25,,,,,,,,2024/05/17,,-1,,,,,Abou Yousef,,,,0,38٫89,27٫5,2022/02/24,,27٫5,لا,45,40,35,32٫5,0
2599,خردوات فرشه صيغه,0,0,2٫5,0,7٫5,0,5,0,4٫5,0,3٫5,0,2022/12/28,,,,,,,,,,,,,,,009285,,0,,0,خردوات,فرشه صيغه,,,,200,0,0,,1,---,99999,,2٫5,,,,,,,,,,2022/12/28,,-1,,,,,Fady مسن,,,,0,66٫67,2٫5,2022/12/28,,2٫5,لا,7٫5,5,4٫5,3٫5,0
2600,خردوات فرشه لوكس الوان بيضاوي,0,0,20,0,35,0,30,0,27,0,23,0,2023/08/09,,,,,,,,,,,,,,,6920911600769,,0,,0,خردوات,فرشه لوكس الوان بيضاوي,,,,75,0,0,,1,نواقص,99999,,20,,2023/08/09,,,,,,,,2023/08/09,,-1,,,,,رويال/ادره المخازن,,,,0,42٫86,20,2021/12/16,,20,لا,35,30,27,23,0
2601,خردوات فرشه ليس خشب,0,0,0,0,14,0,12,0,10,0,8٫5,0,,,,,,,,,,,,,,,,009027,,0,,0,خردوات,فرشه ليس خشب,,,,,0,0,خردوات,1,نواقص,99999,\us\134\pid\115\f132546896240338875163.png,0,,2021/07/14,,,,,,,,,Online,1,2024/02/01,10,#TOOLS ,"فرشه,مشط,ليس, شعر",,,,,0,,0,,فرشه ليس,0,لا,14,12,10,8٫5,3
2602,خردوات فرشه مصحح حواجب,0,0,7,0,11,0,10,0,9,0,8٫5,0,2022/10/24,,,,,,,,,,,,,,,009156,,0,,0,خردوات,فرشه مصحح حواجب,,,,57٫14,0,0,,1,نواقص,99999,,7,,2022/10/24,,,,,,,,2022/10/24,,-1,,,,,رويال / اداره المخازن الاقصر,,,,0,36٫36,7,2022/02/24,,7,لا,11,10,9,8٫5,0
2603,خردوات فوسفور 6 عين,0,0,51٫84,0,80,0,70,0,65,0,60,0,2026/02/26,,,,,,,,,,,,,,,009329,,0,,0,خردوات,فوسفور 6 عين,,,,54٫33,0,0,,1,نواقص,99999,,50,,2026/02/26,,,,,,,,2026/02/26,,-1,,,,,معرض صاصا,,,,0,35٫2,51٫84,2023/03/04,,51٫84,لا,80,70,65,60,0
2604,خردوات فوطة مايكرو فايبر,0,0,30,0,75,0,70,0,65,0,60,0,2023/11/21,,,,,,,,,,,,,,,009381,,0,,0,خردوات,فوطة مايكرو فايبر,,,,150,0,0,,1,نواقص,99999,,30,,2023/11/21,,,,,,,,2023/11/21,,-1,,,,,مايكل ثروت / مايت سينما,,,,0,60,30,2023/08/10,,30,لا,75,70,65,60,0
2605,خردوات فيتا بوكليت VETA 30,0,0,16,0,32,0,26,0,22,0,20,0,2022/10/06,,,,,,,,,,,,,,,009209,VETA 30,0,,0,خردوات,فيتا بوكليت,,,,100,0,0,,1,نواقص,99999,,16,,2022/10/07,,,,,,,,2022/10/06,,-1,,,,,سعيد سالم,,,,0,50,16,2021/10/26,,16,لا,32,26,22,20,0
2606,خردوات فيتا بوكليت VETA 35,0,0,17,0,34,0,30,0,25,0,21,0,2022/10/06,,,,,,,,,,,,,,,009208,VETA 35,0,,0,خردوات,فيتا بوكليت,,,,100,0,0,,1,نواقص,99999,,17,,2022/10/07,,,,,,,,2022/10/06,,-1,,,,,سعيد سالم,,,,0,50,17,2021/10/26,,17,لا,34,30,25,21,0
2607,خردوات قصافه +جيفت + ازاله,0,0,155٫51,0,200,0,190,0,180,0,170,0,2025/04/08,,,,,,,,,,,,,,,009321,,0,,0,خردوات,قصافه +جيفت + ازاله,,,,28٫61,0,0,,1,نواقص,99999,,150,,2025/04/08,,,,,,,,2025/04/08,,-1,,,,,معرض صاصا,,,,0,22٫24,155٫51,2023/03/04,,155٫51,لا,200,190,180,170,0
2608,خردوات قصافه بنز ص,0,0,22,0,40,0,35,0,30,0,25,0,2023/05/10,,,,,,,,,,,,,,,009174,,0,,0,خردوات,قصافه بنز ص,,,,81٫82,0,0,,1,نواقص,99999,,22,,2022/12/12,,,,,,,,2022/12/12,,-1,,,,,رويال/ادره المخازن,,,,0,45,22,2022/02/02,,22,لا,40,35,30,25,0
2609,خردوات قصافه جلد ايطالي ص,0,0,0,0,125,0,100,0,80,0,66,0,,,,,,,,,,,,,,,,009114,,0,,0,خردوات,قصافه جلد ايطالي ص,,,,,0,0,,1,نواقص,99999,,0,,2021/07/14,,,,,,,,,,-1,,,,,,,,,0,,0,,,0,لا,125,100,80,66,0
2610,خردوات قصافه ص Lala,0,0,6٫07,0,10,0,9,0,8,0,7٫5,0,2025/10/10,,,,,,,,,,,,,,,009035,,0,,0,خردوات,قصافه ص Lala,,,,64٫83,0,0,خردوات,1,نواقص,99999,\us\134\pid\123\f132547569747782077118.png,6,,2025/02/04,,,,,,,,2022/10/18,,5,2021/04/01,10,#TOOLS ,"قصافه,اظافر",رويال/ادره المخازن,,,,0,39٫33,6,2022/02/02,قصافه,6٫07,لا,10,9,8,7٫5,5
2611,خردوات كارت رموش 7 قطع JESSY MIYO,0,0,35٫37,0,60,0,5,0,45,0,40,0,2022/08/25,,,,,,,,,,,,,,,009192,JESSY MIYO,0,,0,خردوات,كارت رموش 7 قطع,,,,69٫65,0,0,,1,نواقص,99999,,35,,2022/08/25,,,,,,,,2022/08/25,,-1,,,,,JO /النزهه الجديده,,,,0,41٫06,35٫37,2021/09/11,,35٫37,لا,60,5,45,40,0
2612,خردوات كتاب رموش 10 ق ابو يوسف,0,0,80٫1,0,130,0,110,0,100,0,90,0,2023/07/14,,,,,,,,,,,,,,,6970608889366,,0,,0,خردوات,كتاب رموش 10 ق ابو يوسف,,,,62٫29,0,0,,1,نواقص,99999,,80,,2023/07/06,,,,,,,,2023/07/14,,-1,,,,,Abou Yousef,,,,0,38٫38,80,2022/02/24,,80٫1,لا,130,110,100,90,0
2613,خردوات كتاب رموش 16 جوز,0,0,171٫06,0,250,0,220,0,200,0,190,0,2023/08/05,,,,,,,,,,,,,,,009355,,0,,0,خردوات,كتاب رموش 16 جوز,,,,46٫14,0,0,,1,نواقص,99999,,165,,2023/04/27,,,,,,,,2023/08/05,,-1,,,,,معرض صاصا,,,,0,31٫57,171٫06,2023/03/04,,171٫06,لا,250,220,200,190,0
2614,خردوات كلبس الوان بالقطعه,0,0,0,0,5,0,4٫5,0,4,0,3٫5,0,,,,,,,,,,,,,,,,009162,,0,,0,خردوات,كلبس الوان بالقطعه,,,,,0,0,,1,نواقص,99999,,0,,2021/07/14,,,,,,,,,,-1,,,,,,,,,0,,0,,,0,لا,5,4٫5,4,3٫5,0
2615,خردوات كلبس ستانلس الوان,0,0,0,0,6,0,5,0,4٫5,0,4,0,,,,,,,,,,,,,,,,009163,,0,,0,خردوات,كلبس ستانلس الوان,,,,,0,0,,1,نواقص,99999,,0,,2021/07/14,,,,,,,,,,-1,,,,,,,,,0,,0,,,0,لا,6,5,4٫5,4,0
2616,خردوات لزق اظافر Huda,0,0,8٫82,0,25,0,22,0,20,0,18,0,2025/10/10,,,,,,,,,,,,,,,6997524678157,,0,,0,خردوات,لزق اظافر Huda,,,,183٫33,0,0,,1,نواقص,99999,,7٫5,,2025/05/07,,,,,,,,2025/05/07,,-1,,,,,ميخائيل نجع حمادي,,,,0,64٫71,7٫5,2024/11/19,,8٫82,لا,25,22,20,18,0
2617,خردوات لورو حديد ص,0,0,20,0,40,0,35,0,30,0,25,0,2025/03/18,,,,,,,,,,,,,,,009433,,0,,0,خردوات,لورو حديد ص,,,,100,0,0,,1,نواقص,99999,,20,,2025/03/18,,,,,,,,2025/03/18,,-1,,,,,,,,,0,50,20,2024/04/26,,20,لا,40,35,30,25,0
2618,خردوات لورو كوتش مقاس E-J25,0,0,6٫65,0,12,0,10,0,9,0,8,0,2023/07/28,,,,,,,,,,,,,,,009009,,0,,0,خردوات,لورو كوتش مقاس E-J25,,,,80٫45,0,0,خردوات,1,نواقص,99999,\us\134\pid\97\f132550363116144110024.png,6٫3,,2023/07/30,,,,,,,,2023/07/28,,-1,2021/01/30,20,#TOOLS ,"بكر,لورو,كوتش,خردوات,العنايه,بالشعر",رصيد اول المده,,,,0,44٫58,6٫3,2021/08/29,لورو كوتش,6٫65,لا,12,10,9,8,5
2619,خردوات لورو كوتش مقاس E-J36,0,0,8,0,16,0,13,0,11,0,9,0,2023/07/18,,,,,,,,,,,,,,,009011,,0,,0,خردوات,لورو كوتش مقاس E-J36,,,,100,0,0,,1,نواقص,99999,,8,,2023/07/19,,,,,,,,2023/07/18,,-1,,,,,رويال/ادره المخازن,,,,0,50,8,2022/02/02,,8,لا,16,13,11,9,0
2620,خردوات لوفه دهبي طويل,0,0,0,0,18,0,15,0,13,0,12,0,,,,,,,,,,,,,,,,009142,,0,,0,خردوات,لوفه دهبي طويل,,,,,0,0,خردوات,1,---,99999,\us\134\pid\471\f132589965767482229105.png,0,,,,,,,,,,,,-1,2021/04/01,10,#ROYALELCHIM ,"العنايه,بالجسم,لوفه,دهبي,طويله",,,,,0,,0,,لوفه دهبي طويله,0,لا,18,15,13,12,2
2621,خردوات لوفه ص كيس دبل,0,0,0,0,20,0,17,0,14,0,12,0,,,,,,,,,,,,,,,,009140,,0,,0,خردوات,لوفه ص كيس دبل,,,,,0,0,خردوات,1,---,99999,\us\134\pid\469\f132589963819875128101.png,0,,,,,,,,,,,,-1,2021/04/01,10,#ROYALELCHIM ,"العنايه,بالجسم,لوفه,ص,كيس,دبل",,,,,0,,0,,لوفه ص كيس دبل,0,لا,20,17,14,12,1
2622,خردوات ماكينه كريدو Gts,0,0,6,0,12٫5,0,10,0,8,0,7,0,2024/01/31,,,,,,,,,,,,,,,8426110000433,,0,,0,خردوات,ماكينه كريدو Gts,,,,108٫33,0,0,,1,نواقص,99999,,6,,2022/06/18,,,,,,,,,,-1,,,,,رويال / اداره المخازن الاقصر,,,,0,52,6,2021/03/16,,6,لا,12٫5,10,8,7,0
2623,خردوات مبرد LILAC,0,0,5,0,10,0,9,0,8,0,7,0,2024/01/31,,,,,,,,,,,,,,,6223002240944,,0,,0,خردوات,مبرد LILAC,,,,100,0,0,,1,نواقص,99999,,5,,2023/10/13,,,,,,,,,,-1,,,,,,,,,0,50,5,2022/07/26,,5,لا,10,9,8,7,0
2624,خردوات مبرد LILAC Mfe06,0,0,5,0,15,0,12,0,10,0,8,0,2024/11/20,,,,,,,,,,,,,,,6223002240968,Mfe06,0,,0,خردوات,مبرد LILAC,,,,200,0,0,,1,نواقص,99999,,5,,2024/11/20,,,,,,,,2024/11/20,,-1,,,,,رويال / اداره المخازن الاقصر,,,,0,66٫67,5,2022/04/12,,5,لا,15,12,10,8,0
2625,خردوات مبرد زقاقه 2*1 ك Coco,0,0,0,0,12,0,10,0,8,0,7,0,,,,,,,,,,,,,,,,009039,,0,,0,خردوات,مبرد زقاقه 2*1 ك Coco,,,,,0,0,,1,نواقص,99999,,0,,2021/07/14,,,,,,,,,,-1,,,,,,,,,0,,0,,,0,لا,12,10,8,7,0
2626,خردوات مبرد زقاقه 2*1 وسط Coco,0,0,5,0,10,0,9,0,8,0,5٫5,0,2024/01/31,,,,,,,,,,,,,,,009040,,0,,0,خردوات,مبرد زقاقه 2*1 وسط Coco,,,,100,0,0,خردوات,1,نواقص,99999,\us\134\pid\128\f132547561780414249111.png,5,,2021/07/14,,,,,,,,2023/01/17,,-5,2021/04/01,10,#TOOLS ,"مبرد,اظافر,تحديد,شكل,",رصيد اول المده,,,,0,50,5,2021/08/29,مبردCOCO,5,لا,10,9,8,5٫5,3
2627,خردوات مبرد كرتون 153ay/11,0,0,2٫5,0,7٫5,0,6,0,5,0,4,0,2024/02/09,,,,,,,,,,,,,,,009252,153ay/11,0,,0,خردوات,مبرد كرتون,,,,200,0,0,,1,نواقص,99999,,2٫5,,2024/02/09,,,,,,,,2024/02/09,,-1,,,,,Abou Yousef,,,,0,66٫67,2٫5,2022/02/24,,2٫5,لا,7٫5,6,5,4,0
2628,خردوات مبشره باول جراب Baol,0,0,18٫5,0,32,0,25,0,20,0,19,0,2024/01/31,,,,,,,,,,,,,,,009007,,0,,0,خردوات,مبشره باول جراب Baol,,,,72٫97,0,0,خردوات,1,نواقص,99999,\us\134\pid\95\f132589973080042498120.png,18٫5,,2022/06/18,,,,,,,,2021/11/11,,-2,2021/04/01,10,#TOOLS ,"العنايه,بالجسم,مبشره,باول,جراب,BAOL",رويال / اداره المخازن الاقصر,,,,0,42٫19,18٫5,2021/03/16,مبشره باول جراب BAOL,18٫5,لا,32,25,20,19,1
2629,خردوات مرايه Blue,0,0,35٫53,0,55,0,50,0,45,0,40,0,2026/03/29,,,,,,,,,,,,,,,8718964137633,Blue,0,,0,خردوات,مرايه,,,,54٫82,0,0,,1,نواقص,99999,,35,,2026/03/29,,,,,,,,2026/03/29,,-1,,,,,Abou Yousef,,,,0,35٫41,35٫53,2023/12/28,,35٫53,لا,55,50,45,40,0
2630,خردوات مشط بلاستك مستورد,0,0,7,0,12,0,10,0,9,0,8,0,2022/01/28,,,,,,,,,,,,,,,009171,,0,,0,خردوات,مشط بلاستك مستورد,,,,71٫43,0,0,,1,نواقص,99999,,7,,2022/01/29,,,,,,,,2022/01/28,,-1,,,,,رويال / اداره المخازن الاقصر,,,,0,41٫67,7,2021/03/16,,7,لا,12,10,9,8,0
2631,خردوات مشط بونطه 73839,0,0,11,0,22,0,18,0,15,0,12٫5,0,2022/11/28,,,,,,,,,,,,,,,6954086773836,,0,,0,خردوات,مشط بونطه 73839,,,,100,0,0,خردوات,1,نواقص,99999,\us\134\pid\87\f132546850977073812137.png,11,,2022/11/28,,,,,,,,2022/11/28,,-2,2021/04/01,10,#تجهيز_كوافير ,"مشط.بنطه,شعر,حديد,سهوله,التسريح,شعر,جاف,خشن,ناعم,فرق",رويال/ادره المخازن,,,,0,50,11,2022/02/02,مشط بنطه,11,لا,22,18,15,12٫5,4
2632,خردوات مشط بونطه عريض,0,0,2٫4,0,5,0,4,0,3,0,3,0,2023/06/25,,,,,,,,,,,,,,,009165,,0,,0,خردوات,مشط بونطه عريض,,,,108٫11,0,0,,1,نواقص,99999,,2٫5,,2023/06/26,,,,,,,,2023/06/25,,-1,,,,,رويال/ادره المخازن,,,,0,51٫95,2٫5,2022/02/02,,2٫4,لا,5,4,3,3,0
2633,خردوات مشط تدريج 6*1,0,0,2٫5,0,5,0,4,0,3٫5,0,3,0,2022/09/28,,,,,,,,,,,,,,,018131,,0,,0,خردوات,مشط تدريج 6*1,,,,100,0,0,,1,---,99999,,2٫5,,,,,,,,,,2022/09/28,,-1,,,,,رويال/ادره المخازن,,,,0,50,2٫5,2022/02/02,,2٫5,لا,5,4,3٫5,3,0
2634,خردوات مشط ربع لفه,0,0,2٫5,0,5,0,4,0,3,0,2٫5,0,2023/05/10,,,,,,,,,,,,,,,009170,,0,,0,خردوات,مشط ربع لفه,,,,100,0,0,,1,نواقص,99999,,2٫5,,2022/12/17,,,,,,,,2022/12/17,,-1,,,,,رويال/ادره المخازن,,,,0,50,2٫5,2022/02/02,,2٫5,لا,5,4,3,2٫5,0
2635,خردوات مشط عسلي,0,0,4٫5,0,10,0,8,0,7,0,5,0,2022/06/10,,,,,,,,,,,,,,,009172,,0,,0,خردوات,مشط عسلي,,,,122٫22,0,0,,1,نواقص,99999,,4٫5,,2022/06/10,,,,,,,,2022/06/10,,-1,,,,,رويال / اداره المخازن الاقصر,,,,0,55,4٫5,2022/02/24,,4٫5,لا,10,8,7,5,0
2636,خردوات مفص باكستاني مشكل,0,0,40,0,80,0,70,0,60,0,45,0,2024/01/31,,,,,,,,,,,,,,,009116,,0,,0,خردوات,مفص باكستاني مشكل,,,,100,0,0,مستلزمات الكوافير,1,نواقص,99999,\us\134\pid\212\f132875293606195086197.png,40,,2021/07/14,,,,,,,,,,-3,2022/03/01,15,#تجهيز_كوافير ,"شعر,قص,باكستاني,كوافير,صالون,TIGER,HAIR,CUT",رصيد اول المده,,,,0,50,40,2021/08/29,مقص باكستاني TIGER,40,لا,80,70,60,45,5
2637,خردوات مقشرة قدم + امواس,0,0,15,0,35,0,30,0,25,0,20,0,2024/01/31,,,,,,,,,,,,,,,7898955214558,,0,,0,خردوات,مقشرة قدم + امواس,,,,133٫33,0,0,,1,نواقص,99999,,15,,2023/10/13,,,,,,,,,,-1,,,,,ميخائيل نجع حمادي,,,,0,57٫14,15,2023/06/13,,15,لا,35,30,25,20,0
2638,خردوات مقص BORDAR SURPASS,0,0,12٫5,0,23,0,20,0,17,0,15,0,2024/01/31,,,,,,,,,,,,,,,009160,,0,,0,خردوات,مقص BORDAR SURPASS,,,,84,0,0,,1,نواقص,99999,,13,,2023/12/28,,,,,,,,2023/12/26,,-1,,,,,رويال/ادره المخازن,,,,0,45٫65,13,2022/02/02,,12٫5,لا,23,20,17,15,0
2639,خردوات مقص F-125,0,0,6٫5,0,15,0,13,0,10,0,8,0,2022/07/03,,,,,,,,,,,,,,,009159,,0,,0,خردوات,مقص F-125,,,,130٫77,0,0,,1,نواقص,99999,,6,,2022/06/18,,,,,,,,2022/07/03,,-1,,,,,رويال/ادره المخازن,,,,0,56٫67,6,2022/02/02,,6٫5,لا,15,13,10,8,0
2640,خردوات مقص JAGUAR,0,0,0,0,120,0,100,0,80,0,70,0,,,,,,,,,,,,,,,,009117,,0,,0,خردوات,مقص JAGUAR,,,,,0,0,,1,نواقص,99999,,0,,2021/07/14,,,,,,,,,,-1,,,,,,,,,0,,0,,,0,لا,120,100,80,70,0
2641,خردوات مقص ابطالي معدن,0,0,0,0,140,0,130,0,125,0,110,0,,,,,,,,,,,,,,,,009177,,0,,0,خردوات,مقص ابطالي معدن,,,,,0,0,,1,نواقص,99999,,0,,2021/07/14,,,,,,,,,,-1,,,,,,,,,0,,0,,,0,لا,140,130,125,110,0
2642,خردوات مقص ايطالي KIEPE,0,0,74٫2,0,125,0,110,0,100,0,90,0,2024/01/31,,,,,,,,,,,,,,,009242,KIEPE,0,,0,خردوات,مقص ايطالي,,,,68٫47,0,0,,1,نواقص,99999,,75,,2023/10/13,,,,,,,,2022/08/19,,-1,,,,,علي عبد الشافي,,,,0,40٫64,74٫2,2022/02/22,,74٫2,لا,125,110,100,90,0
2643,خردوات مقص باكستاني PMI,0,0,45,0,70,0,60,0,55,0,50,0,2024/01/31,,,,,,,,,,,,,,,018328,,0,,0,خردوات,مقص باكستاني PMI,,,,55٫56,0,0,الادوات,1,---,99999,\us\134\pid\458\f132545906725537049017.png,45,,,,,,,,,,,Online,0,,10,#ROYALELCHIM ,"قص,شعر,صالون,حلاقه,كوافير,سيدات",رصيد اول المده,,,,0,35٫71,45,2021/08/29,,45,لا,70,60,55,50,6
2644,خردوات مقص باكستاني حديد,0,0,45,0,75,0,65,0,60,0,50,0,2024/01/31,,,,,,,,,,,,,,,009175,,0,,0,خردوات,مقص باكستاني حديد,,,,66٫67,0,0,,1,نواقص,99999,,45,,2021/07/14,,,,,,,,2022/10/04,,-1,,,,,رويال/ادره المخازن,,,,0,40,45,2022/02/02,,45,لا,75,65,60,50,0
2645,خردوات مقص بكستاني بودن,0,0,0,0,100,0,85,0,80,0,75,0,,,,,,,,,,,,,,,,009176,,0,,0,خردوات,مقص بكستاني بودن,,,,,0,0,,1,نواقص,99999,,0,,2021/07/14,,,,,,,,,,-1,,,,,,,,,0,,0,,,0,لا,100,85,80,75,0
2646,خردوات مقص بمشط الوان,0,0,7٫1,0,14,0,12,0,10,0,8,0,2024/01/31,,,,,,,,,,,,,,,009019,,0,,0,خردوات,مقص بمشط الوان,,,,97٫18,0,0,خردوات,1,نواقص,99999,\us\134\pid\107\f132588249710494538080.png,7,,2023/10/13,,,,,,,,2023/10/16,,-6,2021/04/01,10,#TOOLS ,مقص بمشط الوان,رويال/ادره المخازن,,,,0,49٫29,7,2022/02/02,مقص بمشط الوان,7٫1,لا,14,12,10,8,1
2647,خردوات مقص حواجب سوسته,0,0,30,0,55,0,50,0,45,0,40,0,2025/01/28,,,,,,,,,,,,,,,6920190001035,,0,,0,خردوات,مقص حواجب سوسته,,,,83٫33,0,0,,1,---,99999,,30,,,,,,,,,,,,-1,,,,,ميخائيل نجع حمادي,,,,0,45٫45,30,2025/01/12,,30,لا,55,50,45,40,0
2648,خردوات مقص فلاش ناحيه واحده,0,0,40,0,85,0,65,0,50,0,45,0,2024/01/31,,,,,,,,,,,,,,,009119,,0,,0,خردوات,مقص فلاش ناحيه واحده,,,,112٫5,0,0,مستلزمات الكوافير,1,نواقص,99999,\us\134\pid\215\f132875314973397327244.png,40,,2021/07/14,,,,,,,,,,-1,2022/03/01,10,#ROYALELCHIM ,"مقص,شعر,صالون,تجميل,رجالي,كوافير,سيدات",رصيد اول المده,,,,0,52٫94,40,2021/08/29,مقص فلاش,40,لا,85,65,50,45,6
2649,خردوات مقص كوكو ص,0,0,0,0,20,0,15,0,13,0,11,0,,,,,,,,,,,,,,,,009018,,0,,0,خردوات,مقص كوكو ص,,,,,0,0,خردوات,1,نواقص,99999,\us\134\pid\106\f132547536574713347090.png,0,,2021/07/14,,,,,,,,,,-3,,,#TOOLS ,"مقص,اظافر,حواجب,",,,,,0,,0,,مقص حواجب صغير COCO,0,لا,20,15,13,11,5
2650,خردوات مقص كوكو ك,0,0,19٫28,0,32,0,25,0,23,0,22,0,2024/01/31,,,,,,,,,,,,,,,009017,,0,,0,خردوات,مقص كوكو ك,,,,65٫95,0,0,خردوات,1,نواقص,99999,,20,,2023/07/20,,,,,,,,2023/07/19,,-2,2021/04/01,10,#STYLS ,مقص كوكو ك,رويال/ادره المخازن,,,,0,39٫74,20,2022/02/02,مقص كوكو ك,19٫28,لا,32,25,23,22,0
2651,خردوات ملقاط 162ay12,0,0,4٫5,0,10,0,8,0,7,0,6,0,2024/01/31,,,,,,,,,,,,,,,009262,162ay12,0,,0,خردوات,ملقاط,,,,122٫22,0,0,,1,نواقص,99999,,4٫5,,2022/10/24,,,,,,,,2023/09/23,,-1,,,,,Abou Yousef,,,,0,55,4٫5,2022/02/24,,4٫5,لا,10,8,7,6,0
2652,خردوات ملقاط استالس كارت,0,0,4٫95,0,10,0,8,0,7,0,6٫5,0,2024/01/31,,,,,,,,,,,,,,,009241,,0,,0,خردوات,ملقاط استالس كارت,,,,102٫16,0,0,,1,نواقص,99999,,5,,2023/10/13,,,,,,,,2023/02/03,,-1,,,,,علي عبد الشافي,,,,0,50٫54,4٫95,2022/02/22,,4٫95,لا,10,8,7,6٫5,0
2653,خردوات ملقاط اسود Coco,0,0,10٫41,0,20,0,18,0,15,0,11,0,2024/01/31,,,,,,,,,,,,,,,009044,,0,,0,خردوات,ملقاط اسود Coco,,,,92٫18,0,0,خردوات,1,نواقص,99999,\us\134\pid\132\f132588372881671446050.png,10٫5,,2023/10/13,,,,,,,,2023/04/04,,-11,2021/04/01,10,#TOOLS ,"العنايه,بالشعر,ملقاط,اسود ,COCO",رويال/ادره المخازن,,,,0,47٫97,10٫5,2022/02/02,ملقاط اسود COCO,10٫41,لا,20,18,15,11,1
2654,خردوات ملقاط ايطالي,0,0,17٫33,0,35,0,30,0,25,0,19,0,2024/01/31,,,,,,,,,,,,,,,009113,,0,,0,خردوات,ملقاط ايطالي,,,,101٫92,0,0,,1,نواقص,99999,,18,,2022/08/29,,,,,,,,2022/08/28,,-1,,,,,رويال / اداره المخازن الاقصر,,,,0,50٫48,18,2021/11/24,,17٫33,لا,35,30,25,19,0
2655,خردوات ملقاط بصمه LALA,0,0,9٫64,0,18,0,16,0,14,0,12,0,2024/01/31,,,,,,,,,,,,,,,6971383638187,,0,,0,خردوات,ملقاط بصمه LALA,,,,86٫74,0,0,,1,نواقص,99999,,9,,2023/10/13,,,,,,,,2023/05/05,,-1,,,,,محمود السقاري,,,,0,46٫45,9٫64,2023/03/01,,9٫64,لا,18,16,14,12,0
2656,خردوات ملقاط ذهبي Coco,0,0,13٫58,0,26,0,20,0,18,0,15,0,2024/01/31,,,,,,,,,,,,,,,009043,,0,,0,خردوات,ملقاط ذهبي Coco,,,,91٫4,0,0,خردوات,1,نواقص,99999,\us\134\pid\131\f132588362086140724030.png,13٫5,,2023/10/13,,,,,,,,2023/01/06,,-31,2021/04/01,10,#TOOLS ,"العنايه,بالشعر,ملقاط,ذهبي, COCO",رويال / اداره المخازن الاقصر,,,,0,47٫75,13٫5,2022/02/24,ملقاط ذهبي COCO,13٫58,لا,26,20,18,15,2
2657,خردوات ملقاط فرعوني 170ay7,0,0,11,0,20,0,17,0,15,0,13,0,2024/01/31,,,,,,,,,,,,,,,6958417415198,170ay7,0,,0,خردوات,ملقاط فرعوني,,,,81٫82,0,0,,1,نواقص,99999,,11,,2023/10/13,,,,,,,,2023/04/04,,-1,,,,,Abou Yousef,,,,0,45,11,2022/02/24,,11,لا,20,17,15,13,0
2658,خردوات ملقاط معجوج سيليكون,0,0,10٫71,0,20,0,18,0,16,0,14,0,2024/04/04,,,,,,,,,,,,,,,009312,,0,,0,خردوات,ملقاط معجوج سيليكون,,,,86٫74,0,0,,1,نواقص,99999,,10,,2024/04/04,,,,,,,,2024/04/04,,-1,,,,,محمود السقاري,,,,0,46٫45,10٫71,2023/03/01,,10٫71,لا,20,18,16,14,0
2659,خردوات ملمع اظافر بيد,0,0,5,0,10,0,8,0,7,0,6,0,2024/01/31,,,,,,,,,,,,,,,009240,,0,,0,خردوات,ملمع اظافر بيد,,,,100,0,0,,1,نواقص,99999,,5,,2023/10/13,,,,,,,,,,-1,,,,,رويال/ادره المخازن,,,,0,50,5,2022/02/02,,5,لا,10,8,7,6,0
2660,خردوات مناديل ازاله مكياج ك,0,0,11,0,22,0,18,0,15,0,13,0,2025/04/22,,,,,,,,,,,,,,,6958417468910,ك,0,,0,خردوات,مناديل ازاله مكياج,,,,100,0,0,,1,نواقص,99999,,11,,2025/04/09,,,,,,,,2025/04/22,,-1,,,,,Abou Yousef,,,,0,50,11,2022/02/24,,11,لا,22,18,15,13,0
2661,خردوات منظم اكليريك 6drawer,0,0,133٫88,0,200,0,180,0,160,0,140,0,2024/08/30,,,,,,,,,,,,,,,009293,6drawer,0,,0,خردوات,منظم اكليريك,,,,49٫39,0,0,,1,نواقص,99999,,125,,2024/08/30,,,,,,,,2024/08/30,,-1,,,,,محمود السقاري,,,,0,33٫06,125,2023/03/01,,133٫88,لا,200,180,160,140,0
2662,خردوات منظم ميكب,0,0,100,0,185,0,160,0,135,0,120,0,2022/02/27,,,,,,,,,,,,,,,8698576525427,,0,,0,خردوات,منظم ميكب,,,,85,0,0,,1,نواقص,99999,,100,,2022/03/03,,,,,,,,2022/02/27,,-1,,,,,رويال / اداره المخازن الاقصر,,,,0,45٫95,100,2021/05/09,,100,لا,185,160,135,120,0
2663,خردوات ورق الومنيوم 5M,0,0,0,0,12,0,11,0,10,0,8,0,,,,,,,,,,,,,,,,009188,5M,0,,0,خردوات,ورق الومنيوم,,,,,0,0,,1,نواقص,99999,,0,,2021/07/14,,,,,,,,,,-1,,,,,,,,,0,,0,,,0,لا,12,11,10,8,0
2664,خردوات ورق حنه S,0,0,1,0,2,0,1٫75,0,1٫5,0,1٫25,0,2024/01/31,,,,,,,,,,,,,,,009153,,0,,0,خردوات,ورق حنه S,,,,100,0,0,,1,---,99999,,1,,,,,,,,,,2022/06/20,,-1,,,,,رصيد اول المده,,,,0,50,1,2021/08/29,,1,لا,2,1٫75,1٫5,1٫25,0
2665,خردوات ورق شمع 5star,0,0,11٫5,0,25,0,22,0,20,0,15,0,2021/11/26,,,,,,,,,,,,,,,009132,5star,0,,0,خردوات,ورق شمع,,,,117٫39,0,0,,1,نواقص,99999,,11٫5,,2021/07/14,,,,,,,,2021/11/26,,-1,,,,,رصيد اول المده,,,,0,54,11٫5,2021/08/28,,11٫5,لا,25,22,20,15,0
2666,خردوات 8955155110475,0,0,0,0,,0,,0,,0,,0,,,,,,,,,,,,,,,,009282,,0,,0,خردوات,8955155110475,,,,,0,0,,1,---,99999,,0,,,,,,,,,,,,-1,,,,,,,,,0,,0,,,0,لا,,,,,0
212,إجمالي -   خردوات,0,0,0,0,0,0,0,0,0,0,0,0,,0,0,0,0,0,0,0,0,0,0,0,0,0,0,,,0,0,0,,,,,,0,0,,,,,,,0,,,,,0,0,0,0,0,,,,,,,,,,,,,,0,,,0,,0,0,0,0,
,,,,,,,,,,,,,,,,,,,,,,,,,,,,,,,,,,,,,,,,,,,,,,,,,,,,,,,,,,,,,,,,,,,,,,,,,,,,,,,
,د/ الشبراويشي,,,,,,,,,,,,,,,,,,,,,,,,,,,,,,,,,د/ الشبراويشي,,,,,,,,,,,,,,,,,,,,,,,,,,,,,,,,,,,,,,,,,,,,,
2667,د/ الشبراويشي حمام كريم Mink,0,0,0,0,18,0,17,0,15,0,13,0,,,,,,,,,,,,,,,,040001,,0,,0,د/ الشبراويشي,حمام كريم Mink,,,,,0,0,,1,نواقص,99999,,0,,2021/07/15,,,,,,,,,,-1,,,,,,,,,0,,0,,,0,لا,18,17,15,13,0
1,إجمالي -   د/ الشبراويشي,0,0,0,0,0,0,0,0,0,0,0,0,,0,0,0,0,0,0,0,0,0,0,0,0,0,0,,,0,0,0,,,,,,0,0,,,,,,,0,,,,,0,0,0,0,0,,,,,,,,,,,,,,0,,,0,,0,0,0,0,
,,,,,,,,,,,,,,,,,,,,,,,,,,,,,,,,,,,,,,,,,,,,,,,,,,,,,,,,,,,,,,,,,,,,,,,,,,,,,,,
,زجاج,,,,,,,,,,,,,,,,,,,,,,,,,,,,,,,,,زجاج,,,,,,,,,,,,,,,,,,,,,,,,,,,,,,,,,,,,,,,,,,,,,
2668,زجاج شفاف 50 مللي 40مللي,0,0,30٫15,0,45,0,42,0,38,0,35,0,2026/04/23,,,,,,,,,,,,,,,138022,40مللي,0,,0,زجاج,شفاف 50 مللي,,,,49٫25,0,0,,1,---,99999,,30,,,,,,,,,,2026/04/23,,-1,,,,,نسر البريه,,,,0,33,30٫15,2026/04/16,,30٫15,لا,45,42,38,35,0
1,إجمالي -   زجاج,0,0,0,0,0,0,0,0,0,0,0,0,,0,0,0,0,0,0,0,0,0,0,0,0,0,0,,,0,0,0,,,,,,0,0,,,,,,,0,,,,,0,0,0,0,0,,,,,,,,,,,,,,0,,,0,,0,0,0,0,
,,,,,,,,,,,,,,,,,,,,,,,,,,,,,,,,,,,,,,,,,,,,,,,,,,,,,,,,,,,,,,,,,,,,,,,,,,,,,,,
,سعيد سالم,,,,,,,,,,,,,,,,,,,,,,,,,,,,,,,,,سعيد سالم,,,,,,,,,,,,,,,,,,,,,,,,,,,,,,,,,,,,,,,,,,,,,
2669,سعيد سالم Foam Kr 60222,0,0,15,0,30,0,25,0,22,0,20,0,2023/01/20,,,,,,,,,,,,,,,4890140429016,,0,,0,سعيد سالم,Foam Kr 60222,,,,100,0,0,,1,نواقص,99999,,15,,2023/01/20,,,,,,,,2023/01/20,,-1,,,,,رويال/ادره المخازن,,,,0,50,15,2022/02/02,,15,لا,30,25,22,20,0
2670,سعيد سالم KR KRISTAZ شفره جاهزه علبه 25,0,0,20,0,35,0,32,0,30,0,25,0,2023/10/16,,,,,,,,,,,,,,,4893013040110,شفره جاهزه,0,,0,سعيد سالم,KR KRISTAZ,علبه 25,,,75,0,0,,1,نواقص,99999,,20,,2023/10/13,,,,,,,,2023/10/16,,-1,,,,,سعيد سالم,,,,0,42٫86,20,2021/10/26,,20,لا,35,32,30,25,0
2671,سعيد سالم KR TRIM & GO,0,0,29٫6,0,60,0,50,0,45,0,40,0,2022/07/15,,,,,,,,,,,,,,,5400107856121,,0,,0,سعيد سالم,KR TRIM & GO,,,,102٫72,0,0,,1,---,99999,,30,,,,,,,,,,2022/07/15,,-1,,,,,سعيد سالم,,,,0,50٫67,29٫6,2021/12/11,,29٫6,لا,60,50,45,40,0
2672,سعيد سالم MARCO POLO 9500,0,0,665٫95,0,1100,0,900,0,800,0,750,0,2022/02/15,,,,,,,,,,,,,,,8080201679733,,0,,0,سعيد سالم,MARCO POLO 9500,,,,65٫18,0,0,,1,---,99999,,675,,,,,,,,,,2022/02/15,,-1,,,,,سعيد سالم,,,,0,39٫46,665٫95,2021/12/11,,665٫95,لا,1100,900,800,750,0
2673,سعيد سالم باكستاني مقص بيد بلاستيك 2905 Art,0,0,31٫5,0,90,0,80,0,70,0,65,0,2025/10/11,,,,,,,,,,,,,,,002003,,0,,0,سعيد سالم,باكستاني مقص بيد بلاستيك 2905 Art,,,,185٫71,0,0,الادوات,1,نواقص,99999,\us\134\pid\20\f132875236015934030128.png,31٫5,,2025/10/11,,,,,,,,2025/10/11,,-1,,10,#ROYALELCHIM ,,رصيد اول المده,,,,0,65,31٫5,2021/08/29,مقص باكستاني 6.5 بوصة,31٫5,لا,90,80,70,65,3
2674,سعيد سالم خطاف تركيب شعر,0,0,0,0,15,0,13,0,11,0,9,0,,,,,,,,,,,,,,,,4890131206022,,0,,0,سعيد سالم,خطاف تركيب شعر,,,,,0,0,,1,نواقص,99999,,0,,2021/07/15,,,,,,,,,,-1,,,,,,,,,0,,0,,,0,لا,15,13,11,9,0
2675,سعيد سالم سشوار ELCHIM 3900,0,0,1335,0,2450,0,2000,0,1750,0,1550,0,2025/10/10,,,,,,,,,,,,,,,8009031490400,,0,,0,سعيد سالم,سشوار ELCHIM 3900,,,,83٫52,0,0,اجهزه والكترونيات,1,نواقص,99999,\us\134\pid\44\f132559593315648524038.png,1335,,2025/02/03,,,,,,,,2023/11/09,,1,,30,#ITALY ,"HAIRDRAYER,SAID SALEM,مجفف شعر , ايطالي ,سشوار .",رصيد اول المده,,,,0,45٫51,1335,2021/08/01,ELCHIM 3900 HEALTHY IONIC,1335,لا,2450,2000,1750,1550,5
2676,سعيد سالم سشوار GI&GI POWERFULL HURRICANE,0,0,641٫29,0,1350,0,1100,0,900,0,750,0,2022/04/07,,,,,,,,,,,,,,,8880201679760,,0,,0,سعيد سالم,سشوار GI&GI POWERFULL HURRICANE,,,,110٫51,0,0,اجهزه والكترونيات,1,نواقص,99999,\us\134\pid\43\f132577079272152873261.png,650,,2021/07/15,,,,,,,,2022/04/07,,-1,2021/04/01,20,#تجهيز_كوافير ,"SAID,SALEM,GIGI,POWERFULL,HURRICANE",سعيد سالم,,,,0,52٫5,641٫29,2021/12/11,GIGI POWERFULL HURRICANE,641٫29,لا,1350,1100,900,750,3
2677,سعيد سالم سشوار GI&GI SOFTHAIR,0,0,700,0,1350,0,1100,0,950,0,750,0,2022/05/26,,,,,,,,,,,,,,,634438637325,,0,,0,سعيد سالم,سشوار GI&GI SOFTHAIR,,,,92٫86,0,0,اجهزه والكترونيات,1,نواقص,99999,\us\134\pid\46\f132577125442689403009.png,700,,2022/05/27,,,,,,,,2022/05/26,,-1,2021/04/01,20,#تجهيز_كوافير ,"SAID,SALEM,GIGI,SOFTHAIR",رصيد اول المده,,,,0,48٫15,700,2021/08/01,GIGI SOFTHAIR,700,لا,1350,1100,950,750,3
2678,سعيد سالم سشوار GI&GI SUPERTURBO 8500,0,0,641٫29,0,1350,0,1100,0,950,0,750,0,2025/03/18,,,,,,,,,,,,,,,634438598633,,0,,0,سعيد سالم,سشوار GI&GI SUPERTURBO 8500,,,,110٫51,0,0,اجهزه والكترونيات,1,نواقص,99999,\us\134\pid\45\f132541631143048903052.jpg,650,,2025/03/18,,,,,,,,2025/03/18,,-1,2021/04/01,20,#تجهيز_كوافير ,"تجهيز , لوازم , كوافير , مستلزمات , سعيد , سالم , GI&GI , SUPER , TURBO , 8500 , SAID , SALEM",سعيد سالم,,,,0,52٫5,641٫29,2021/12/11,GI&GI SUPER TURBO 8500,641٫29,لا,1350,1100,950,750,4
2679,سعيد سالم طقم مقص Ss,0,0,450,0,600,0,550,0,500,0,475,0,2022/09/28,,,,,,,,,,,,,,,002018,,0,,0,سعيد سالم,طقم مقص Ss,,,,33٫33,0,0,,1,---,99999,,450,,,,,,,,,,2022/09/28,,-1,,,,,Fady مسن,,,,0,25,450,2022/09/28,,450,لا,600,550,500,475,0
2680,سعيد سالم فرشه K2 250 C,0,0,30,0,60,0,55,0,50,0,45,0,2023/03/12,,,,,,,,,,,,,,,4890140610025,,0,,0,سعيد سالم,فرشه K2 250 C,,,,100,0,0,,1,نواقص,99999,,30,,2023/03/12,,,,,,,,2023/03/12,,-1,,,,,رويال / اداره المخازن الاقصر,,,,0,50,30,2021/03/16,,30,لا,60,55,50,45,0
2681,سعيد سالم كي ار جهاز تاتو 5 سرعه معدن 03 فضي P,0,0,1500,0,2500,0,2200,0,1850,0,1600,0,2022/04/15,,,,,,,,,,,,,,,002008,,0,,0,سعيد سالم,كي ار جهاز تاتو 5 سرعه معدن 03 فضي P,,,,66٫67,0,0,,1,نواقص,99999,,1500,,2022/04/16,,,,,,,,2022/04/15,,-1,,,,,رويال / اداره المخازن الاقصر,,,,0,40,1500,2021/05/09,,1500,لا,2500,2200,1850,1600,0
2682,سعيد سالم كي ار جهاز واكس 10*1-B10,0,0,190,0,375,0,300,0,250,0,210,0,2023/02/28,,,,,,,,,,,,,,,4890160523060,,0,,0,سعيد سالم,كي ار جهاز واكس 10*1-B10,,,,97٫37,0,0,,1,نواقص,99999,,190,,2023/02/28,,,,,,,,2023/02/28,,-1,,,,,رويال/ادره المخازن,,,,0,49٫33,190,2022/02/05,,190,لا,375,300,250,210,0
2683,سعيد سالم كي ار جهاز واكس 7*1 G7,0,0,175,0,345,0,300,0,250,0,200,0,2024/01/18,,,,,,,,,,,,,,,4890160515027,,0,,0,سعيد سالم,كي ار جهاز واكس 7*1 G7,,,,97٫14,0,0,اجهزه والكترونيات,1,نواقص,99999,\us\134\pid\40\f132541655202584608061.jpg,175,,2024/01/19,,,,,,,,2024/01/18,,-1,2021/10/01,30,#KR_BLISSI ,"KR , BLISSI , G7 , SAID , SALEM , اجهزه , الكترونيات , واكس , شمع",رويال/ادره المخازن,,,,0,49٫28,175,2021/11/06,KR BLISSI G7 7*1,175,لا,345,300,250,200,2
2684,سعيد سالم كي ار جهاز واكس 8*1-B8,0,0,180,0,350,0,285,0,235,0,200,0,2022/05/06,,,,,,,,,,,,,,,4890160523053,,0,,0,سعيد سالم,كي ار جهاز واكس 8*1-B8,,,,94٫44,0,0,اجهزه والكترونيات,1,نواقص,99999,\us\134\pid\41\f132541652673075914059.jpg,175,,2022/01/05,,,,,,,,2022/05/06,,-1,2021/10/01,30,#KR_BLISSI ,"KR , BLISSI , WAX , SAID , SALEM , 8*1 , سعيد , سالم , اجهزه , الكترونيات , سعيد , شمع",رصيد اول المده,,,,0,48٫57,175,2021/08/26,KR B 8*1,180,لا,350,285,235,200,3
2685,سعيد سالم كي ار سشوار 3600,0,0,455٫5,0,750,0,675,0,600,0,550,0,2024/03/03,,,,,,,,,,,,,,,002009,,0,,0,سعيد سالم,كي ار سشوار 3600,,,,64٫65,0,0,اجهزه والكترونيات,1,نواقص,99999,\us\134\pid\51\f132808460809823485021.png,455,,2023/09/08,,,,,,,,2024/03/03,,0,,10,#SAIDSALEM ,"مجفف,سشوار ,3600,شعر,تسريحة,ناعم,2200",رويال/ادره المخازن,,,,0,39٫27,455,2022/02/09,سيشوار KR 3600,455٫5,لا,750,675,600,550,4
2686,سعيد سالم كي ار سشوار 5600,0,0,495٫63,0,800,0,700,0,600,0,550,0,2023/06/22,,,,,,,,,,,,,,,4890151010029,,0,,0,سعيد سالم,كي ار سشوار 5600,,,,61٫41,0,0,اجهزه والكترونيات,1,نواقص,99999,\us\134\pid\50\f132808454771233487013.png,500,,2022/12/16,,,,,,,,2023/01/04,,0,,10,#SAIDSALEM ,"SAID,SALEM,كي,ار,سشوار 5600,مجفف,سشوار ,شعر,تسريحة,ناعم",رويال/ادره المخازن,,,,0,38٫05,500,2022/02/09,سيشوار KR 5600,495٫63,لا,800,700,600,550,4
2687,سعيد سالم كى ار سيروم حيه 50 مل,0,0,65,0,115,0,90,0,80,0,75,0,2023/02/04,,,,,,,,,,,,,,,717226623493,50 مل,0,,0,سعيد سالم,كى ار سيروم حيه,,,,76٫92,0,0,,1,نواقص,99999,,65,,2022/03/22,,,,,,,,2022/12/21,,-1,,,,,رصيد اول المده,,,,0,43٫48,65,2021/08/01,,65,لا,115,90,80,75,0
2688,سعيد سالم كي ار سيروم حيه 100 ML,0,0,80,0,150,0,120,0,100,0,85,0,2023/12/15,,,,,,,,,,,,,,,717226623523,,0,,0,سعيد سالم,كي ار سيروم حيه 100 ML,,,,87٫5,0,0,منتجات العنايه الشخصيه,1,نواقص,99999,\us\134\pid\55\f132581403038713736412.png,80,,2023/12/15,,,,,,,,2023/12/15,,0,,20,#SAIDSALEM ,"SAID,SALEM,سيروم,حيه, 100ML ,HAIR,HAIR TREATMENT",رويال/ادره المخازن,,,,0,46٫67,80,2022/02/09,SNAKE OIL SERUM 100 ML,80,لا,150,120,100,85,2
2689,سعيد سالم كي ار مشط عسلي 1270,0,0,7,0,15,0,12,0,10,0,9,0,2025/10/10,,,,,,,,,,,,,,,4890140507066,,0,,0,سعيد سالم,كي ار مشط عسلي 1270,,,,114٫29,0,0,,1,نواقص,851,,7,,2025/02/03,,,,,,,,2024/05/24,,-1,,,,,رويال/ادره المخازن,,,,0,53٫33,7,2022/02/02,,7,لا,15,12,10,9,0
2690,سعيد سالم كى ار مقص حواجب KR-E01,0,0,12,0,25,0,22,0,18,0,13٫5,0,2022/03/04,,,,,,,,,,,,,,,4890140915014,,0,,0,سعيد سالم,كى ار مقص حواجب KR-E01,,,,108٫33,0,0,خردوات,1,نواقص,99999,\us\134\pid\23\f132588157093779751071.png,12,,2021/07/15,,,,,,,,2022/03/04,,-2,2021/04/01,10,#TOOLS ,كي ار مقص حواجب,رصيد اول المده,,,,0,52,12,2021/10/26,كي ار مقص حواجب,12,لا,25,22,18,13٫5,1
2691,سعيد سالم مشط كى ار عسلى 1267,0,0,5,0,15,0,12,0,10,0,7,0,2025/04/01,,,,,,,,,,,,,,,4890140507028,,0,,0,سعيد سالم,مشط كى ار عسلى 1267,,,,200,0,0,,1,نواقص,851,,5,,2025/04/01,,,,,,,,2025/04/01,,-1,,,,,رويال/ادره المخازن,,,,0,66٫67,5,2022/02/02,,5,لا,15,12,10,7,0
2692,"سعيد سالم مقص 6.5"" يد بلاستيك",0,0,45,0,75,0,70,0,65,0,60,0,2022/11/23,,,,,,,,,,,,,,,002015,,0,,0,سعيد سالم,"مقص 6.5"" يد بلاستيك",,,,66٫67,0,0,,1,---,99999,,45,,,,,,,,,,2022/11/23,,-1,,,,,رويال/ادره المخازن,,,,0,40,45,2021/11/06,,45,لا,75,70,65,60,0
2693,"سعيد سالم مقص 6"" يد بلاستيك",0,0,50,0,80,0,75,0,70,0,65,0,2023/01/09,,,,,,,,,,,,,,,002014,,0,,0,سعيد سالم,"مقص 6"" يد بلاستيك",,,,60,0,0,,1,---,99999,,50,,,,,,,,,,2023/01/09,,-1,,,,,رويال/ادره المخازن,,,,0,37٫5,50,2022/02/02,,50,لا,80,75,70,65,0
2694,سعيد سالم مقص SS 3915,0,0,32٫4,0,65,0,57,0,48,0,36,0,2024/02/26,,,,,,,,,,,,,,,9252458603915,,0,,0,سعيد سالم,مقص SS 3915,,,,100٫62,0,0,الادوات,1,نواقص,99999,\us\134\pid\19\f132545882823982921028.png,32٫4,,2024/02/26,,,,,,,,2024/02/26,,1,,10,#ROYALELCHIM ,"مقص,شعر,صالون,حلاقه,رجالي,كوافير,حريمي",رصيد اول المده,,,,0,50٫15,32٫4,2021/08/29,SAID SALEM SCISSORS 6.0,32٫4,لا,65,57,48,36,5
26,إجمالي -   سعيد سالم,0,0,0,0,0,0,0,0,0,0,0,0,,0,0,0,0,0,0,0,0,0,0,0,0,0,0,,,0,0,0,,,,,,0,0,,,,,,,0,,,,,0,0,0,0,0,,,,,,,,,,,,,,0,,,0,,0,0,0,0,
,,,,,,,,,,,,,,,,,,,,,,,,,,,,,,,,,,,,,,,,,,,,,,,,,,,,,,,,,,,,,,,,,,,,,,,,,,,,,,,
,شركه WILLY,,,,,,,,,,,,,,,,,,,,,,,,,,,,,,,,,شركه WILLY,,,,,,,,,,,,,,,,,,,,,,,,,,,,,,,,,,,,,,,,,,,,,
2695,شركه WILLY MALIZIA BONBON CHERRY KISS,0,0,60,0,85,0,80,0,75,0,70,0,2025/05/31,,,,,,,,,,,,,,,80759294,CHERRY KISS,0,,0,شركه WILLY,MALIZIA BONBON,,,,41٫67,0,0,,1,نواقص,99999,,60,,2025/05/31,,,,,,,,2025/05/31,,-1,,,,,اسحق انور,,,,0,29٫41,60,2024/04/15,,60,لا,85,80,75,70,0
2696,شركه WILLY MALIZIA BONBON LUCKY U,0,0,60,0,85,0,80,0,75,0,65,0,2024/05/21,,,,,,,,,,,,,,,80483656,LUCKY U,0,,0,شركه WILLY,MALIZIA BONBON,,,,41٫67,0,0,,1,نواقص,99999,,60,,2024/05/21,,,,,,,,2024/05/21,,-1,,,,,اسحق انور,,,,0,29٫41,60,2024/04/15,,60,لا,85,80,75,65,0
2697,شركه WILLY MALIZIA BONBON MIAMI PER,0,0,60,0,85,0,75,0,70,0,65,0,2025/07/19,,,,,,,,,,,,,,,80483663,MIAMI PER,0,,0,شركه WILLY,MALIZIA BONBON,,,,41٫67,0,0,,1,نواقص,99999,,60,,2025/07/19,,,,,,,,2025/07/19,,-1,,,,,اسحق انور,,,,0,29٫41,60,2024/04/15,,60,لا,85,75,70,65,0
2698,شركه WILLY MALIZIA BONBON MIRTY LOVE,0,0,60,0,85,0,75,0,70,0,65,0,2024/06/23,,,,,,,,,,,,,,,80759300,MIRTY LOVE,0,,0,شركه WILLY,MALIZIA BONBON,,,,41٫67,0,0,,1,نواقص,99999,,60,,2024/06/23,,,,,,,,2024/06/23,,-1,,,,,اسحق انور,,,,0,29٫41,60,2024/04/15,,60,لا,85,75,70,65,0
2699,شركه WILLY MALIZIA BONBON SWEET CANDY,0,0,60,0,85,0,75,0,70,0,65,0,2025/06/02,,,,,,,,,,,,,,,80670346,SWEET CANDY,0,,0,شركه WILLY,MALIZIA BONBON,,,,41٫67,0,0,,1,نواقص,99999,,60,,2025/06/02,,,,,,,,2025/06/02,,-1,,,,,اسحق انور,,,,0,29٫41,60,2024/04/15,,60,لا,85,75,70,65,0
5,إجمالي -   شركه WILLY,0,0,0,0,0,0,0,0,0,0,0,0,,0,0,0,0,0,0,0,0,0,0,0,0,0,0,,,0,0,0,,,,,,0,0,,,,,,,0,,,,,0,0,0,0,0,,,,,,,,,,,,,,0,,,0,,0,0,0,0,
,,,,,,,,,,,,,,,,,,,,,,,,,,,,,,,,,,,,,,,,,,,,,,,,,,,,,,,,,,,,,,,,,,,,,,,,,,,,,,,
,شركه XL,,,,,,,,,,,,,,,,,,,,,,,,,,,,,,,,,شركه XL,,,,,,,,,,,,,,,,,,,,,,,,,,,,,,,,,,,,,,,,,,,,,
2700,شركه XL AZZURA L'HOMME,0,0,27,0,40,0,35,0,33,0,30,0,2022/09/08,,,,,,,,,,,,,,,5023716666006,,0,,0,شركه XL,AZZURA L'HOMME,,,,48٫15,0,0,عطور,1,---,99999,\us\134\pid\510\f132797203322516962003.png,27,,,,,,,,,,2022/09/08,Online,3,,20,#SPRAY ,"AZZURA,XL,سبراى,رجالى,مزيل,عرق",رصيد اول المده,,,,0,32٫5,27,2021/08/03,XL AZZURA,27,لا,40,35,33,30,2
2701,شركه XL XL 1 BILLION MASCULINE,0,0,27,0,40,0,35,0,33,0,30,0,2022/10/10,,,,,,,,,,,,,,,5023716100357,,0,,0,شركه XL,XL 1 BILLION MASCULINE,,,,48٫15,0,0,عطور,1,نواقص,99999,\us\134\pid\507\f132583096756292508164.png,27,,2022/10/11,,,,,,,,2022/10/10,Online,2,2024/07/01,10,#SPRAY ,"XL,XL 1,RILLION,MASCULIN,EMPER",رصيد اول المده,,,,0,32٫5,27,2021/08/03,XL XL 1 RILLION MASCULINE,27,لا,40,35,33,30,2
2,إجمالي -   شركه XL,0,0,0,0,0,0,0,0,0,0,0,0,,0,0,0,0,0,0,0,0,0,0,0,0,0,0,,,0,0,0,,,,,,0,0,,,,,,,0,,,,,0,0,0,0,0,,,,,,,,,,,,,,0,,,0,,0,0,0,0,
,,,,,,,,,,,,,,,,,,,,,,,,,,,,,,,,,,,,,,,,,,,,,,,,,,,,,,,,,,,,,,,,,,,,,,,,,,,,,,,
,شركه فرست,,,,,,,,,,,,,,,,,,,,,,,,,,,,,,,,,شركه فرست,,,,,,,,,,,,,,,,,,,,,,,,,,,,,,,,,,,,,,,,,,,,,
2702,شركه فرست Blob Anti Frizz Serum 50 Ml,0,0,45,0,75,0,60,0,50,0,45,0,2022/06/04,,,,,,,,,,,,,,,036000291452,50 Ml,0,,0,شركه فرست,Blob Anti Frizz Serum,,,,66٫67,0,0,,1,---,99999,,45,,,,,,,,,,2022/06/04,,-1,,,,,رصيد اول المده,,,,0,40,45,2021/08/29,,45,لا,75,60,50,45,0
2703,شركه فرست Blob Gel Blue,0,0,19٫19,0,35,0,30,0,25,0,22٫5,0,2023/05/19,,,,,,,,,,,,,,,6223003501679,Blue,0,,0,شركه فرست,Blob Gel,,,,82٫41,0,0,,1,نواقص,99999,,20,,2021/12/11,,,,,,,,2022/12/15,,-1,,,,,First Cosemtics/ محمد مختار,,,,0,45٫18,19,2021/11/27,,19٫19,لا,35,30,25,22٫5,0
2704,شركه فرست Blob Gel Violet,0,0,19٫19,0,35,0,30,0,25,0,22٫5,0,2023/05/19,,,,,,,,,,,,,,,6223003501662,Violet,0,,0,شركه فرست,Blob Gel,,,,82٫41,0,0,,1,نواقص,99999,,20,,2022/06/18,,,,,,,,2022/12/15,,-1,,,,,First Cosemtics/ محمد مختار,,,,0,45٫18,19,2021/11/27,,19٫19,لا,35,30,25,22٫5,0
2705,شركه فرست Blob Hair Oil Argan Oil,0,0,38,0,60,0,55,0,50,0,45,0,2025/03/18,,,,,,,,,,,,,,,6223003507015,Argan Oil,0,,0,شركه فرست,Blob Hair Oil,,,,57٫89,0,0,,1,نواقص,99999,,38,,2025/03/18,,,,,,,,2025/03/18,,-1,,,,,First Cosemtics / محمد مختار,,,,0,36٫67,38,2024/06/11,,38,لا,60,55,50,45,0
2706,شركه فرست Blob Scrub Cream حليب,0,0,0,0,20,0,17,0,12٫5,0,11,0,,,,,,,,,,,,,,,,6223003501600,حليب,0,,0,شركه فرست,Blob Scrub Cream,,,,,0,0,منتجات العنايه الشخصيه,1,نواقص,99999,\us\134\pid\738\f132573688566347405132.png,0,,2021/07/15,,0٫475,,,,,,,,-12,2020/04/01,10,#ROYALELCHIM ,"FIRST,COSMETICS,BLOB,SCRUB,CREAMحليب",,,,,0,,0,,BLOB SCRUB CREAM,0,لا,20,17,12٫5,11,2
2707,شركه فرست Blob Scrub Cream فحم,0,0,9٫03,0,20,0,17,0,12٫5,0,11,0,2022/08/23,,,,,,,,,,,,,,,6223003501624,فحم,0,,0,شركه فرست,Blob Scrub Cream,,,,121٫61,0,0,منتجات العناىه الشخصىه,1,نواقص,99999,\us\134\pid\739\f132574462504437562013.png,9٫03,,2022/08/23,,0٫475,,,,,,2022/08/23,,0,2020/04/01,10,#ROYALELCHIM ,"FIRST,COSMETICS,BIOB,SCRUB,CREAM ,فحم",رصيد اول المده,,,,0,54٫88,9٫03,2021/08/26,BIOB SCRUB CREAM,9٫03,لا,20,17,12٫5,11,3
2708,شركه فرست Blob Scrub Cream قهوه,0,0,10٫53,0,20,0,15,0,12٫5,0,11,0,2022/12/03,,,,,,,,,,,,,,,6223003501501,قهوه,0,,0,شركه فرست,Blob Scrub Cream,,,,90٫02,0,0,منتجات العنايه الشخصيه,1,نواقص,99999,\us\134\pid\741\f132574457404497366010.png,15٫53,,2022/12/03,,0٫475,,,,,,2022/12/03,,0,2020/04/01,10,#ROYALELCHIM ,"FIRST,COSMETICS,BIOB,SCRUB,CREAMقهوه",رويال/ادره المخازن,,,,0,47٫38,15٫53,2021/11/06,BIOB SCRUB CREAMقهوه,10٫53,لا,20,15,12٫5,11,3
2709,شركه فرست Blob Scrub Cream كافيار,0,0,9٫98,0,20,0,15,0,12٫5,0,11,0,2023/06/01,,,,,,,,,,,,,,,6223003501617,كافيار,0,,0,شركه فرست,Blob Scrub Cream,,,,100٫5,0,0,منتجات العنايه الشخصيه,1,نواقص,99999,\us\134\pid\742\f132574480241734512017.png,9٫53,,2023/06/02,,0٫475,,,,,,2023/06/01,,0,2020/04/01,10,#ROYALELCHIM ,"FIRST,COSMETICS,BLOB,SCRUB,CREAM كافيار",رويال/ادره المخازن,,,,0,50٫13,9٫53,2022/02/09,BLOB SCRUB CREAM,9٫98,لا,20,15,12٫5,11,4
2710,شركه فرست Blob Wax With Argan Oil 170 Ml,0,0,9,0,12٫5,0,11,0,10,0,9٫5,0,2022/11/24,,,,,,,,,,,,,,,6223003501280,With Argan Oil,0,,0,شركه فرست,Blob Wax,170 Ml,,,38٫89,0,0,,1,---,99999,,9,,,,,,,,,,2022/11/24,,-1,,,,,رويال/ادره المخازن,,,,0,28,9,2022/02/09,,9,لا,12٫5,11,10,9٫5,0
2711,شركه فرست Blob Wax With Beeswax& Coconut 150ml,0,0,5,0,10,0,8,0,7,0,6٫5,0,2023/05/21,,,,,,,,,,,,,,,011049,With Beeswax& Coconut,0,,0,شركه فرست,Blob Wax,150ml,,,100,0,0,,1,---,99999,,5,,,,,,,,,,2023/05/21,,-1,,,,,رويال/ادره المخازن,,,,0,50,5,2022/02/09,,5,لا,10,8,7,6٫5,0
2712,شركه فرست Body Splash Body Way MERMAID,0,0,58,0,95,0,90,0,85,0,80,0,2025/06/28,,,,,,,,,,,,,,,6223003502270,Body Way,0,,0,شركه فرست,Body Splash,MERMAID,,,63٫79,0,0,,1,نواقص,99999,,58,,2025/02/04,,,,,,,,2024/10/29,,-1,,,,,First Cosemtics / محمد مختار,,,,0,38٫95,58,2024/07/18,,58,لا,95,90,85,80,0
2713,شركه فرست DEPI WAX Coal 250gm,0,0,35,0,65,0,55,0,50,0,45,0,2024/04/04,,,,,,,,,,,,,,,011060,Coal,0,,0,شركه فرست,DEPI WAX,250gm,,,85٫71,0,0,,1,نواقص,99999,,35,,2024/03/02,,,,,,,,2024/04/04,,-1,,,,,First Cosemtics / محمد مختار,,,,0,46٫15,35,2023/12/08,,35,لا,65,55,50,45,0
2714,شركه فرست DEPI WAX Coal 500gm,0,0,65,0,90,0,85,0,80,0,75,0,2024/03/03,,,,,,,,,,,,,,,011061,Coal,0,,0,شركه فرست,DEPI WAX,500gm,,,38٫46,0,0,,1,نواقص,99999,,65,,2024/03/02,,,,,,,,2024/03/03,,-1,,,,,First Cosemtics / محمد مختار,,,,0,27٫78,65,2023/12/08,,65,لا,90,85,80,75,0
2715,شركه فرست DEPI WAX WAXING MASK,0,0,66٫08,0,90,0,85,0,80,0,75,0,2025/06/28,,,,,,,,,,,,,,,6223003507169,WAXING MASK,0,,0,شركه فرست,DEPI WAX,,,,36٫2,0,0,,1,نواقص,99999,,65,,2025/02/04,,,,,,,,2024/02/18,,-1,,,,,First Cosemtics / محمد مختار,,,,0,26٫58,65,2023/12/08,,66٫08,لا,90,85,80,75,0
2716,شركه فرست DEPI WAX WAXING MASK 250gm,0,0,35,0,65,0,55,0,50,0,45,0,2024/11/30,,,,,,,,,,,,,,,011059   6223003507152,WAXING MASK,0,,0,شركه فرست,DEPI WAX,250gm,,,85٫71,0,0,,1,نواقص,99999,,35,,2024/03/02,,,,,,,,2024/02/18,,-1,,,,,First Cosemtics / محمد مختار,,,,0,46٫15,35,2023/12/08,,35,لا,65,55,50,45,0
2717,شركه فرست Headway Scrub Cream خوخ,0,0,6٫25,0,10,0,9,0,8,0,7,0,2023/07/02,,,,,,,,,,,,,,,6223003501105,خوخ,0,,0,شركه فرست,Headway Scrub Cream,,,,59٫99,0,0,,1,نواقص,99999,,6٫5,,2022/11/02,,,,,,,,2023/07/02,,-1,,,,,رويال/ادره المخازن,,,,0,37٫5,6٫5,2022/02/06,,6٫25,لا,10,9,8,7,0
2718,شركه فرست Headway Scrub Cream طمي,0,0,5٫1,0,10,0,9,0,8,0,7,0,2023/07/09,,,,,,,,,,,,,,,6223003501112,طمي,0,,0,شركه فرست,Headway Scrub Cream,,,,96٫1,0,0,,1,نواقص,99999,,5,,2022/08/16,,,,,,,,2023/07/09,,-1,,,,,رويال/ادره المخازن,,,,0,49٫01,5,2022/02/06,,5٫1,لا,10,9,8,7,0
2719,شركه فرست Headway Scrub Cream لوز,0,0,6٫25,0,10,0,9,0,8,0,7,0,2023/05/10,,,,,,,,,,,,,,,6223003501082,لوز,0,,0,شركه فرست,Headway Scrub Cream,,,,60,0,0,,1,نواقص,99999,,6٫5,,2023/02/04,,,,,,,,2023/04/15,,-1,,,,,رويال/ادره المخازن,,,,0,37٫5,6٫5,2022/02/06,,6٫25,لا,10,9,8,7,0
2720,شركه فرست Keratin Shampo 4 L Morrow,0,0,38٫4,0,65,0,60,0,55,0,50,0,2023/02/06,,,,,,,,,,,,,,,011012,Morrow,0,,0,شركه فرست,Keratin Shampo 4 L,,,,69٫27,0,0,منتجات العنايه الشخصيه,1,---,99999,,38,,,,2,,,,,,2022/07/06,,0,2021/04/01,10,#ROYALELCHIM ,"FIRST,COSMETICS,KERATIN,SHAMPO,4 L,MORROW",رصيد اول المده,,,,0,40٫92,38,2021/09/02,KERATIN SHAMPO 4 L MORROW,38٫4,لا,65,60,55,50,0
2721,شركه فرست Makhmaria Orange,0,0,42,0,55,0,50,0,48,0,45,0,2026/03/29,,,,,,,,,,,,,,,6223003501358,Orange,0,,0,شركه فرست,Makhmaria,,,,30٫95,0,0,منتجات العنايه الشخصيه,1,نواقص,99999,\us\134\pid\728\f132573621966162713130.png,42,,2026/04/02,,0٫925,,,,,,2026/03/29,,0,2021/04/01,10,#ROYALELCHIM ,"FIRST,COSMETICS,MAKHMARIA,ORANGE",First Cosemtics / محمد مختار,,,,0,23٫64,42,2025/12/01,MAKHMARIA ORANGE,42,لا,55,50,48,45,3
2722,شركه فرست Makhmaria بيلا اورنج,0,0,19,0,30,0,27,0,25,0,21,0,2022/03/04,,,,,,,,,,,,,,,011032,بيلا,0,,0,شركه فرست,Makhmaria,اورنج,,,57٫88,0,0,,1,نواقص,99999,,20,,2022/03/03,,,,,,,,2022/03/04,,-1,,,,,First Cosemtics/ محمد مختار,,,,0,36٫66,19,2021/09/14,,19,لا,30,27,25,21,0
2723,شركه فرست اكسجين بلوب 9% 1.5 لتر,0,0,0,0,30,0,28,0,25,0,23٫5,0,,,,,,,,,,,,,,,,111,1.5 لتر,0,,0,شركه فرست,اكسجين بلوب 9%,,,,,0,0,,1,نواقص,99999,,21٫95,,2021/07/15,,1٫125,,,,,,,,-1,,,,,First Cosemtics / محمد مختار,,,,0,,20٫86,2021/09/14,,0,لا,30,28,25,23٫5,0
2724,شركه فرست اكسجين هيرواي سوبر 9%,0,0,14٫16,0,20,0,18,0,17,0,16٫5,0,2023/08/05,,,,,,,,,,,,,,,6223003509194,,0,,0,شركه فرست,اكسجين هيرواي سوبر 9%,,,,41٫21,0,0,,1,نواقص,99999,,13٫23,,2023/04/18,,0٫775,,,,,,2023/08/05,,-1,,,,,رويال/ادره المخازن,,,,0,29٫18,13٫23,2022/02/09,,14٫16,لا,20,18,17,16٫5,0
2725,شركه فرست بلوب واكس 150 ML,0,0,6٫5,0,10,0,9,0,8,0,7٫5,0,2022/06/02,,,,,,,,,,,,,,,6223003500009,,0,,0,شركه فرست,بلوب واكس 150 ML,,,,53٫85,0,0,منتجات العنايه الشخصيه,1,نواقص,99999,\us\134\pid\324\f132571889181234959119.png,6٫5,,2021/07/15,,,,,,,,2022/06/02,,-22,2021/04/01,10,#ROYALELCHIM ,"BLOB,WAX,FIRST,COSMETICS,منتجات,العنايه ,الشخصيه,كريم,تلميع,واكس,بلوب",رويال/ادره المخازن,,,,0,35,6٫5,2022/02/09,BLOB WAX 150 ML,6٫5,لا,10,9,8,7٫5,2
2726,شركه فرست بلوب واكس 170 ML,0,0,0,0,12٫5,0,10,0,9,0,8,0,,,,,,,,,,,,,,,,011007,,0,,0,شركه فرست,بلوب واكس 170 ML,,,,,0,0,منتجات العنايه الشخصيه,1,نواقص,99999,\us\134\pid\325\f132581445302977171946.png,0,,2021/07/15,,,,,,,,,,-23,2021/04/01,10,#ROYALELCHIM ,"FIRST,COSMETICS,BLOB,WAX 170 ML",,,,,0,,0,,BLOB WAX 170 ML,0,لا,12٫5,10,9,8,2
2727,شركه فرست بودره تفتيح 200 جم BLOB ابيض,0,0,27٫03,0,38,0,35,0,33,0,30,0,2023/04/08,,,,,,,,,,,,,,,011037,BLOB,0,,0,شركه فرست,بودره تفتيح 200 جم,ابيض,,,40٫59,0,0,,1,نواقص,99999,,27,,2022/06/18,,,,,,,,2022/04/30,,-1,,,,,رويال/ادره المخازن,,,,0,28٫87,27,2022/02/05,,27٫03,لا,38,35,33,30,0
2728,شركه فرست شاور بلوب جاردينيا,0,0,17٫5,0,35,0,30,0,27,0,25,0,2022/02/22,,,,,,,,,,,,,,,6223003506421,,0,,0,شركه فرست,شاور بلوب جاردينيا,,,,100,0,0,,1,نواقص,99999,,17٫5,,2022/02/23,,1,,,,,,2022/02/22,,-1,,,,,رويال / اداره المخازن الاقصر,,,,0,50,17٫5,2021/10/20,,17٫5,لا,35,30,27,25,0
2729,شركه فرست شاور بلوب كاندي 1500,0,0,17٫5,0,35,0,30,0,25,0,22,0,2021/12/15,,,,,,,,,,,,,,,6223003506391,1500,0,,0,شركه فرست,شاور بلوب كاندي,,,,100,0,0,منتجات العنايه الشخصيه,1,نواقص,99999,\us\134\pid\884\f132575386736882719007.png,17٫5,,2021/12/15,,1,,,,,,2021/12/15,,-6,2021/04/01,10,#ROYALELCHIM ,"FORST,COSMETICS,شاور,بلوب,كاندي,1500مل",رويال / اداره المخازن الاقصر,,,,0,50,17٫5,2021/10/20,شاور بلوب كاندي 1500مل,17٫5,لا,35,30,25,22,2
2730,شركه فرست شاور بلوب كريزي لوف 1500مل,0,0,18٫6,0,35,0,30,0,25,0,22,0,2022/05/23,,,,,,,,,,,,,,,6223003506414,1500مل,0,,0,شركه فرست,شاور بلوب كريزي لوف,,,,88٫17,0,0,منتجات العنايه الشخصيه,1,نواقص,99999,\us\134\pid\883\f132576185083387096010.png,19,,2022/05/25,,1,,,,,,2022/05/23,,-6,2021/04/01,10,#ROYALELCHIM ,FIRST COSMETICSشاور بلوب كريزي لوف 1500مل,رصيد اول المده,,,,0,46٫86,19,2021/11/03,شاور بلوب كريزي لوف,18٫6,لا,35,30,25,22,2
2731,شركه فرست شره Hedway 200 Gm,0,0,0,0,15,0,14,0,13,0,11,0,,,,,,,,,,,,,,,,011009,,0,,0,شركه فرست,شره Hedway 200 Gm,,,,,0,0,منتجات العنايه الشخصيه,1,نواقص,99999,\us\134\pid\328\f132582335702942835258.png,0,,2021/07/15,,,,,,,,,,-17,2021/04/01,10,#ROYALELCHIM ,"FIRST,COSMETICS,HEDWAY 200GM",,,,,0,,0,,HEDWAY 200GM,0,لا,15,14,13,11,2
2732,شركه فرست صبغه Personal Color,0,0,53٫8,0,80,0,75,0,70,0,65,0,2022/12/21,,,,,,,,,,,,,,,011045,,0,,0,شركه فرست,صبغه Personal Color,,,,48٫71,0,0,,1,نواقص,99999,,54,,2022/12/03,,,,,,,,2022/12/21,,-1,,,,,First Cosemtics / محمد مختار,,,,0,32٫75,54,2022/11/03,,53٫8,لا,80,75,70,65,0
2733,شركه فرست فرد بلوب 500,0,0,19٫5,0,30,0,27,0,25,0,22,0,2023/01/14,,,,,,,,,,,,,,,6223003500603,500,0,,0,شركه فرست,فرد بلوب,,,,53٫85,0,0,,1,نواقص,99999,,19٫5,,2023/01/04,,,,,,,,2023/01/14,,-1,,,,,جميل ساويروس,,,,0,35,19٫5,2022/12/07,,19٫5,لا,30,27,25,22,0
2734,شركه فرست فرد هيرواي ص,0,0,15٫36,0,25,0,22,0,20,0,17,0,2022/07/04,,,,,,,,,,,,,,,011010,,0,,0,شركه فرست,فرد هيرواي ص,,,,62٫71,0,0,منتجات العنايه الشخصيه,1,نواقص,99999,\us\134\pid\348\f132572788817063807005.png,15,,2022/06/18,,,,,,,,2022/07/04,,23,2021/04/01,10,#ROYALELCHIM ,"كريم,فرد,تنعيم,تطويل,هيرواي,",رويال/ادره المخازن,,,,0,38٫54,15,2021/12/16,فرد هيرواي500,15٫36,لا,25,22,20,17,4
2735,شركه فرست فرش285,0,0,90,0,160,0,140,0,120,0,100,0,2025/08/21,,,,,,,,,,,,,,,011019,,0,,0,شركه فرست,فرش285,,,,77٫78,0,0,منتجات العنايه الشخصيه,1,نواقص,99999,\us\134\pid\889\f132576267323634666044.png,90,,2025/08/23,,,,,,,,2025/08/21,,-3,2021/04/01,20,#ROYALELCHIM ,"FIRST,COSMETICS,فرش 285",رصيد اول المده,,,,0,43٫75,90,2021/08/29,فرش 285,90,لا,160,140,120,100,3
2736,شركه فرست فرشه 164,0,0,83٫06,0,155,0,135,0,115,0,95,0,2023/11/02,,,,,,,,,,,,,,,011016,,0,,0,شركه فرست,فرشه 164,,,,86٫61,0,0,منتجات العنايه الشخصيه,1,نواقص,99999,\us\134\pid\886\f132576236996169252030.png,81٫46,,2023/02/13,,1٫54,,,,,,2023/11/02,,-3,2021/04/01,20,#ROYALELCHIM ,"FIRST,COSMETICS,فرش 164",رويال/ادره المخازن,,,,0,46٫41,81٫46,2022/02/02,فرش 164,83٫06,لا,155,135,115,95,3
2737,شركه فرست فرشه 167,0,0,88٫36,0,165,0,145,0,125,0,100,0,2023/03/10,,,,,,,,,,,,,,,011021,,0,,0,شركه فرست,فرشه 167,,,,86٫74,0,0,,1,نواقص,99999,,88٫36,,2023/03/03,,1٫64,,,,,,2023/03/10,,-1,,,,,رويال/ادره المخازن,,,,0,46٫45,88٫36,2021/12/18,,88٫36,لا,165,145,125,100,0
2738,شركه فرست فرشه 180,0,0,97٫24,0,170,0,150,0,130,0,110,0,2023/03/09,,,,,,,,,,,,,,,011024,,0,,0,شركه فرست,فرشه 180,,,,74٫83,0,0,,1,نواقص,99999,,96٫24,,2022/12/15,,1٫76,,,,,,2023/03/09,,-1,,,,,رويال/ادره المخازن,,,,0,42٫8,96٫24,2021/12/18,,97٫24,لا,170,150,130,110,0
2739,شركه فرست فرشه 190,0,0,105,0,180,0,150,0,130,0,115,0,2023/05/10,,,,,,,,,,,,,,,011018,,0,,0,شركه فرست,فرشه 190,,,,71٫43,0,0,منتجات العنايه الشخصيه,1,---,99999,\us\134\pid\888\f132576263844026554041.png,105,,,,1٫795,,,,,,2023/02/05,,-3,2021/04/01,20,#ROYALELCHIM ,"FIRST,COSMETICS,فرش 190",رصيد اول المده,,,,0,41٫67,105,2021/08/29,فرش 190,105,لا,180,150,130,115,3
2740,شركه فرست كريستاله Italy Serum,0,0,0,0,150,0,135,0,120,0,100,0,,,,,,,,,,,,,,,,011003,,0,,0,شركه فرست,كريستاله Italy Serum,,,,,0,0,منتجات العنايه الشخصيه,1,نواقص,99999,,0,,2021/07/15,,,,,,,,,,0,2021/04/01,20,#ROYALELCHIM ,"FIRST,COSMETICS,ITALY SERUM",,,,,0,,0,,ITALY SERUM,0,لا,150,135,120,100,0
2741,شركه فرست ماء ورد بلوب,0,0,0,0,35,0,30,0,27٫5,0,25,0,,,,,,,,,,,,,,,,011008,,0,,0,شركه فرست,ماء ورد بلوب,,,,,0,0,منتجات العنايه الشخصيه,1,نواقص,99999,\us\134\pid\327\f132571967853931087133.png,0,,2021/07/15,,,,,,,,,,-2,2021/04/01,10,#ROYALELCHIM ,"FIRST,COSMETICS,ماء,ورد,بلوب",,,,,0,,0,,ماء ورد بلوب,0,لا,35,30,27٫5,25,2
2742,شركه فرست مكواه HAIR WAY ITALY,0,0,0,0,1500,0,1400,0,1300,0,1200,0,,,,,,,,,,,,,,,,8021660005756,,0,,0,شركه فرست,مكواه HAIR WAY ITALY,,,,,0,0,منتجات العنايه الشخصيه,1,نواقص,99999,\us\134\pid\235\f132572798118773244006.png,0,,2021/07/15,,,,,,,,,,-2,2021/04/01,30,#ROYALELCHIM ,"FIRST,COSMETICS,HAIR WAY ITALY",,,,,0,,0,,HAIR WAY ITALY,0,لا,1500,1400,1300,1200,1
2743,شركه فرست 6223003501358,0,0,0,0,,0,,0,,0,,0,,,,,,,,,,,,,,,,011063,,0,,0,شركه فرست,6223003501358,,,,,0,0,,1,---,99999,,0,,,,,,,,,,,,-1,,,,,,,,,0,,0,,,0,لا,,,,,0
2744,شركه فرست 6223003506384,0,0,0,0,,0,,0,,0,,0,,,,,,,,,,,,,,,,011058,,0,,0,شركه فرست,6223003506384,,,,,0,0,,1,---,99999,,0,,,,,,,,,,,,-1,,,,,,,,,0,,0,,,0,لا,,,,,0
2745,شركه فرست 6223003507985,0,0,0,0,,0,,0,,0,,0,,,,,,,,,,,,,,,,011053,,0,,0,شركه فرست,6223003507985,,,,,0,0,,1,---,99999,,0,,,,,,,,,,,,-1,,,,,,,,,0,,0,,,0,لا,,,,,0
44,إجمالي -   شركه فرست,0,0,0,0,0,0,0,0,0,0,0,0,,0,0,0,0,0,0,0,0,0,0,0,0,0,0,,,0,0,0,,,,,,0,0,,,,,,,0,,,,,0,0,0,0,0,,,,,,,,,,,,,,0,,,0,,0,0,0,0,
,,,,,,,,,,,,,,,,,,,,,,,,,,,,,,,,,,,,,,,,,,,,,,,,,,,,,,,,,,,,,,,,,,,,,,,,,,,,,,,
,شركه ميدسكا جروب,,,,,,,,,,,,,,,,,,,,,,,,,,,,,,,,,شركه ميدسكا جروب,,,,,,,,,,,,,,,,,,,,,,,,,,,,,,,,,,,,,,,,,,,,,
2746,شركه ميدسكا جروب بطوط شاور جل,0,0,0,0,25,0,23,0,20,0,18,0,,,,,,,,,,,,,,,,6224008912163,,0,,0,شركه ميدسكا جروب,بطوط شاور جل,,,,,0,0,,1,نواقص,99999,,0,,2021/07/15,,,,,,,,,,-1,,,,,,,,,0,,0,,,0,لا,25,23,20,18,0
2747,شركه ميدسكا جروب كيندا شاور جل,0,0,0,0,20,0,18,0,15,0,12,0,,,,,,,,,,,,,,,,6224008912248,,0,,0,شركه ميدسكا جروب,كيندا شاور جل,,,,,0,0,,1,نواقص,99999,,0,,2021/07/15,,,,,,,,,,-1,,,,,,,,,0,,0,,,0,لا,20,18,15,12,0
2,إجمالي -   شركه ميدسكا جروب,0,0,0,0,0,0,0,0,0,0,0,0,,0,0,0,0,0,0,0,0,0,0,0,0,0,0,,,0,0,0,,,,,,0,0,,,,,,,0,,,,,0,0,0,0,0,,,,,,,,,,,,,,0,,,0,,0,0,0,0,
,,,,,,,,,,,,,,,,,,,,,,,,,,,,,,,,,,,,,,,,,,,,,,,,,,,,,,,,,,,,,,,,,,,,,,,,,,,,,,,
,شعر صناعي,,,,,,,,,,,,,,,,,,,,,,,,,,,,,,,,,شعر صناعي,,,,,,,,,,,,,,,,,,,,,,,,,,,,,,,,,,,,,,,,,,,,,
2748,شعر صناعي الفرسان باروكه كاريه قصير,0,0,0,0,300,0,250,0,200,0,175,0,,,,,,,,,,,,,,,,013011,,0,,0,شعر صناعي,الفرسان باروكه كاريه قصير,,,,,0,0,,1,نواقص,99999,,0,,2021/07/15,,,,,,,,,,-1,,,,,,,,,0,,0,,,0,لا,300,250,200,175,0
2749,شعر صناعي الفرسان لون واحد متر,0,0,250,0,500,0,450,0,350,0,275,0,2025/05/24,,,,,,,,,,,,,,,013009,,0,,0,شعر صناعي,الفرسان لون واحد متر,,,,100,0,0,,1,نواقص,99999,,250,,2025/05/24,,,,,,,,2025/05/24,,-1,,,,,رصيد اول المده,,,,0,50,250,2021/08/28,,250,لا,500,450,350,275,0
2750,شعر صناعي خصل شعر,0,0,10٫51,0,22,0,20,0,18,0,15,0,2024/10/12,,,,,,,,,,,,,,,037003,,0,,0,شعر صناعي,خصل شعر,,,,109٫36,0,0,,1,نواقص,99999,,10,,2024/10/12,,,,,,,,2024/10/12,,-1,,,,,نقدي متنوع,,,,0,52٫24,10,2023/03/03,,10٫51,لا,22,20,18,15,0
2751,شعر صناعي شاتوره شعر طويل,0,0,0,0,,0,,0,,0,,0,,,,,,,,,,,,,,,,037007,,0,,0,شعر صناعي,شاتوره شعر طويل,,,,,0,0,,1,---,99999,,0,,,,,,,,,,,,-1,,,,,,,,,0,,0,,,0,لا,,,,,0
2752,شعر صناعي شاتوره طويل رباط,0,0,78٫81,0,150,0,135,0,120,0,100,0,2023/09/24,,,,,,,,,,,,,,,037010,,0,,0,شعر صناعي,شاتوره طويل رباط,,,,90٫33,0,0,,1,نواقص,99999,,75,,2023/09/24,,,,,,,,2023/09/24,,-1,,,,,نقدي متنوع,,,,0,47٫46,75,2023/03/03,,78٫81,لا,150,135,120,100,0
5,إجمالي -   شعر صناعي,0,0,0,0,0,0,0,0,0,0,0,0,,0,0,0,0,0,0,0,0,0,0,0,0,0,0,,,0,0,0,,,,,,0,0,,,,,,,0,,,,,0,0,0,0,0,,,,,,,,,,,,,,0,,,0,,0,0,0,0,
,,,,,,,,,,,,,,,,,,,,,,,,,,,,,,,,,,,,,,,,,,,,,,,,,,,,,,,,,,,,,,,,,,,,,,,,,,,,,,,
,شنطه,,,,,,,,,,,,,,,,,,,,,,,,,,,,,,,,,شنطه,,,,,,,,,,,,,,,,,,,,,,,,,,,,,,,,,,,,,,,,,,,,,
2753,شنطه خيش كتان وسط,0,0,16,0,22,0,21,0,20,0,18,0,2026/02/05,,,,,,,,,,,,,,,139001,وسط,0,,0,شنطه,خيش كتان,,,,37٫5,0,0,,1,---,99999,,16,,,,,,,,,,2026/02/05,,-1,,,,,كاش,,,,0,27٫27,16,2026/01/09,,16,لا,22,21,20,18,0
1,إجمالي -   شنطه,0,0,0,0,0,0,0,0,0,0,0,0,,0,0,0,0,0,0,0,0,0,0,0,0,0,0,,,0,0,0,,,,,,0,0,,,,,,,0,,,,,0,0,0,0,0,,,,,,,,,,,,,,0,,,0,,0,0,0,0,
,,,,,,,,,,,,,,,,,,,,,,,,,,,,,,,,,,,,,,,,,,,,,,,,,,,,,,,,,,,,,,,,,,,,,,,,,,,,,,,
,عدسات مستورده,,,,,,,,,,,,,,,,,,,,,,,,,,,,,,,,,عدسات مستورده,,,,,,,,,,,,,,,,,,,,,,,,,,,,,,,,,,,,,,,,,,,,,
2754,عدسات مستورده Bio True,0,0,60,0,85,0,80,0,75,0,70,0,2024/01/12,,,,,,,,,,,,,,,7391899296838,,0,,0,عدسات مستورده,Bio True,,,,41٫67,0,0,,1,نواقص,99999,,60,,2023/11/03,,,,,,,,2023/11/03,,-1,,,,,رامي / عادل يسري عدسات,,,,0,29٫41,60,2023/01/27,,60,لا,85,80,75,70,0
2755,عدسات مستورده Dahab Gray,0,0,30,0,50,0,45,0,40,0,35,0,2024/01/12,,,,,,,,,,,,,,,060004,Gray,0,,0,عدسات مستورده,Dahab,,,,66٫67,0,0,,1,نواقص,99999,,30,,2023/07/14,,,,,,,,2023/07/13,,-1,,,,,,,,,0,40,30,2022/07/26,,30,لا,50,45,40,35,0
2756,عدسات مستورده Dahab Honey,0,0,30,0,50,0,45,0,40,0,35,0,2022/11/27,,,,,,,,,,,,,,,362502562548,Honey,0,,0,عدسات مستورده,Dahab,,,,66٫67,0,0,,1,نواقص,99999,,30,,2022/09/22,,,,,,,,2022/11/27,,-1,,,,,رامي / عادل يسري عدسات,,,,0,40,30,2022/07/26,,30,لا,50,45,40,35,0
2757,عدسات مستورده Dahab Comfort,0,0,45,0,70,0,65,0,60,0,55,0,2024/01/12,,,,,,,,,,,,,,,060007,,0,,0,عدسات مستورده,Dahab Comfort,,,,55٫56,0,0,,1,نواقص,99999,,45,,2023/10/13,,,,,,,,2023/10/21,,-1,,,,,رامي / عادل يسري عدسات,,,,0,35٫71,45,2022/12/20,,45,لا,70,65,60,55,0
2758,عدسات مستورده DELICIOUS HONUY,0,0,76٫02,0,190,0,180,0,170,0,160,0,2024/01/12,,,,,,,,,,,,,,,8057003004360,,0,,0,عدسات مستورده,DELICIOUS HONUY,,,,149٫94,0,0,,1,نواقص,99999,,150,,2023/07/10,,,,,,,,2023/07/10,,-1,,,,,محارب صبرى,,,,0,59٫99,150,2023/07/08,,76٫02,لا,190,180,170,160,0
2759,عدسات مستورده Desio Precious Grey,0,0,180,0,275,0,260,0,245,0,220,0,2025/08/21,,,,,,,,,,,,,,,8057003036804,Precious Grey,0,,0,عدسات مستورده,Desio,,,,52٫78,0,0,,1,---,99999,,180,,,,,,,,,,2025/08/21,,-1,,,,,,,,,0,34٫55,180,2025/01/29,,180,لا,275,260,245,220,0
2760,عدسات مستورده Fiesta Green,0,0,37,0,65,0,60,0,55,0,50,0,2023/05/15,,,,,,,,,,,,,,,8807581000137,Green,0,,0,عدسات مستورده,Fiesta,,,,75٫68,0,0,,1,نواقص,99999,,37,,2023/05/15,,,,,,,,2023/05/15,,-1,,,,,رامي / عادل يسري عدسات,,,,0,43٫08,37,2023/01/27,,37,لا,65,60,55,50,0
2761,عدسات مستورده Fresh Look Blue,0,0,32,0,45,0,42,0,40,0,35,0,2025/07/27,,,,,,,,,,,,,,,846566791743,Blue,0,,0,عدسات مستورده,Fresh Look,,,,40٫63,0,0,,1,نواقص,99999,,32,,2023/07/08,,,,,,,,2022/08/20,,-1,,,,,رامي\عدسات,,,,0,28٫89,32,2022/02/11,,32,لا,45,42,40,35,0
2762,عدسات مستورده FRESH LOOK BLUE,0,0,31,0,40,0,38,0,35,0,33٫5,0,2024/01/12,,,,,,,,,,,,,,,060003   630175449948,,0,,0,عدسات مستورده,FRESH LOOK BLUE,,,,29٫03,0,0,,1,نواقص,99999,,31,,2022/06/18,,,,,,,,2022/05/06,,-1,,,,,رويال / اداره المخازن الاقصر,,,,0,22٫5,31,2021/12/05,,31,لا,40,38,35,33٫5,0
2763,عدسات مستورده FRESH LOOK GRAY,0,0,90,0,150,0,140,0,130,0,120,0,2025/05/31,,,,,,,,,,,,,,,846566791774   630175464941,,0,,0,عدسات مستورده,FRESH LOOK GRAY,,,,66٫67,0,0,,1,نواقص,99999,,90,,2025/05/31,,,,,,,,2025/05/31,,-1,,,,,رامي / عادل يسري عدسات,,,,0,40,90,2024/11/07,,90,لا,150,140,130,120,0
2764,عدسات مستورده FRESH LOOK PURE HAZL,0,0,90,0,150,0,140,0,130,0,120,0,2025/07/01,,,,,,,,,,,,,,,846566791767   630175450968,,0,,0,عدسات مستورده,FRESH LOOK PURE HAZL,,,,66٫67,0,0,,1,نواقص,99999,,90,,2025/07/01,,,,,,,,2025/07/01,,-1,,,,,رامي / عادل يسري عدسات,,,,0,40,90,2024/11/07,,90,لا,150,140,130,120,0
2765,عدسات مستورده Freshkon Daily,0,0,35,0,55,0,50,0,45,0,40,0,2024/01/12,,,,,,,,,,,,,,,060002,Daily,0,,0,عدسات مستورده,Freshkon,,,,57٫14,0,0,,1,---,99999,,35,,,,,,,,,,2023/01/18,,-1,,,,,رصيد اول المده,,,,0,36٫36,35,2021/08/29,,35,لا,55,50,45,40,0
2766,عدسات مستورده Freshlady Lenc,0,0,66,0,85,0,80,0,75,0,70,0,2024/01/12,,,,,,,,,,,,,,,060010,,0,,0,عدسات مستورده,Freshlady Lenc,,,,28٫79,0,0,,1,---,99999,,66,,,,,,,,,,2023/10/15,,-1,,,,,رامي\عدسات,,,,0,22٫35,66,2023/04/19,,66,لا,85,80,75,70,0
2767,عدسات مستورده Hollywood Marble Hazel,0,0,32,0,55,0,50,0,45,0,40,0,2024/01/12,,,,,,,,,,,,,,,8801793827919,Marble Hazel,0,,0,عدسات مستورده,Hollywood,,,,71٫88,0,0,,1,نواقص,99999,,32,,2023/10/13,,,,,,,,2023/05/07,,-1,,,,,ميخائيل نجع حمادي,,,,0,41٫82,32,2022/11/11,,32,لا,55,50,45,40,0
2768,عدسات مستورده I Lux Honey,0,0,37٫5,0,65,0,60,0,55,0,50,0,2024/01/12,,,,,,,,,,,,,,,4710700049945,Honey,0,,0,عدسات مستورده,I Lux,,,,73٫33,0,0,,1,نواقص,99999,,37٫5,,2023/12/16,,,,,,,,2023/12/16,,-1,,,,,رامي / عادل يسري عدسات,,,,0,42٫31,37٫5,2023/01/27,,37٫5,لا,65,60,55,50,0
2769,عدسات مستورده Lady,0,0,80,0,130,0,120,0,110,0,100,0,2026/03/19,,,,,,,,,,,,,,,060018,,0,,0,عدسات مستورده,Lady,,,,62٫5,0,0,,1,نواقص,99999,,80,,2026/03/19,,,,,,,,2026/03/19,,-1,,,,,رامي / عادل يسري عدسات,,,,0,38٫46,80,2026/02/12,,80,لا,130,120,110,100,0
2770,عدسات مستورده ROMANTIC BLUE,0,0,90٫71,0,300,0,280,0,250,0,225,0,2025/06/28,,,,,,,,,,,,,,,8057003003127,,0,,0,عدسات مستورده,ROMANTIC BLUE,,,,230٫72,0,0,,1,نواقص,99999,,180,,2025/02/03,,,,,,,,2023/03/05,,-1,,,,,JO /النزهه الجديده,,,,0,69٫76,180,2023/12/28,,90٫71,لا,300,280,250,225,0
2771,عدسات مستورده See Color Gray3,0,0,44٫17,0,70,0,65,0,60,0,55,0,2023/10/19,,,,,,,,,,,,,,,200727,Gray3,0,,0,عدسات مستورده,See Color,,,,58٫49,0,0,,1,نواقص,99999,,44٫17,,2023/10/13,,,,,,,,2023/10/19,,-1,,,,,رامي / عادل يسري عدسات,,,,0,36٫9,44٫17,2023/01/27,,44٫17,لا,70,65,60,55,0
2772,عدسات مستورده See Color Honey3,0,0,40,0,60,0,55,0,50,0,45,0,2023/11/09,,,,,,,,,,,,,,,8809051937462,Honey3,0,,0,عدسات مستورده,See Color,,,,50,0,0,,1,نواقص,99999,,40,,2023/10/13,,,,,,,,2023/11/09,,-1,,,,,رامي / عادل يسري عدسات,,,,0,33٫33,40,2022/11/11,,40,لا,60,55,50,45,0
2773,عدسات مستورده TENDER HAZEL,0,0,182٫7,0,300,0,280,0,250,0,225,0,2025/06/14,,,,,,,,,,,,,,,8057003038662,,0,,0,عدسات مستورده,TENDER HAZEL,,,,64٫2,0,0,,1,نواقص,99999,,180,,2025/06/14,,,,,,,,2025/06/14,,-1,,,,,JO /النزهه الجديده,,,,0,39٫1,180,2023/12/28,,182٫7,لا,300,280,250,225,0
2774,عدسات مستورده WILD GREEN,0,0,115,0,175,0,155,0,145,0,135,0,2023/04/17,,,,,,,,,,,,,,,8057003003745,,0,,0,عدسات مستورده,WILD GREEN,,,,52٫17,0,0,,1,نواقص,99999,,115,,2023/04/18,,,,,,,,2023/04/17,,-1,,,,,رامي / عادل يسري عدسات,,,,0,34٫29,115,2023/01/27,,115,لا,175,155,145,135,0
2775,عدسات مستورده دسيو عسلي 2,0,0,0,0,80,0,75,0,70,0,65,0,,,,,,,,,,,,,,,,060000,,0,,0,عدسات مستورده,دسيو عسلي 2,,,,,0,0,,1,نواقص,99999,,0,,2021/07/15,,,,,,,,,,-1,,,,,,,,,0,,0,,,0,لا,80,75,70,65,0
2776,عدسات مستورده ديسيو,0,0,151٫93,0,300,0,280,0,250,0,225,0,2024/06/02,,,,,,,,,,,,,,,060008   8057003037429,,0,,0,عدسات مستورده,ديسيو,,,,97٫47,0,0,,1,نواقص,99999,,180,,2024/06/02,,,,,,,,2024/06/02,,-1,,,,,JO /النزهه الجديده,,,,0,49٫36,180,2023/12/28,,151٫93,لا,300,280,250,225,0
2777,عدسات مستورده فريش لوك,0,0,54,0,75,0,70,0,65,0,60,0,2024/01/12,,,,,,,,,,,,,,,060011,,0,,0,عدسات مستورده,فريش لوك,,,,38٫89,0,0,,1,نواقص,99999,,54,,2023/10/13,,,,,,,,2023/07/08,,-1,,,,,محارب صبرى,,,,0,28,54,2023/07/08,,54,لا,75,70,65,60,0
2778,عدسات مستورده محلول Desio 100 Ml,0,0,165,0,225,0,210,0,200,0,180,0,2024/08/23,,,,,,,,,,,,,,,060017,100 Ml,0,,0,عدسات مستورده,محلول Desio,,,,36٫36,0,0,,1,نواقص,99999,,165,,2024/08/24,,,,,,,,2024/08/23,,-1,,,,,رامي / عادل يسري عدسات,,,,0,26٫67,165,2024/08/23,,165,لا,225,210,200,180,0
2779,عدسات مستورده محلول Orion,0,0,45,0,65,0,60,0,55,0,50,0,2022/10/29,,,,,,,,,,,,,,,8015658001462,,0,,0,عدسات مستورده,محلول Orion,,,,44٫44,0,0,,1,نواقص,99999,,45,,2022/10/29,,,,,,,,2022/10/29,,-1,,,,,رويال / اداره المخازن الاقصر,,,,0,30٫77,45,2022/02/24,,45,لا,65,60,55,50,0
2780,عدسات مستورده محلول Solo,0,0,15,0,25,0,22,0,20,0,18,0,2022/10/20,,,,,,,,,,,,,,,3574661093864,,0,,0,عدسات مستورده,محلول Solo,,,,66٫67,0,0,,1,نواقص,99999,,15,,2022/10/22,,,,,,,,2022/10/20,,-1,,,,,رامي / عادل يسري عدسات,,,,0,40,15,2022/07/26,,15,لا,25,22,20,18,0
27,إجمالي -   عدسات مستورده,0,0,0,0,0,0,0,0,0,0,0,0,,0,0,0,0,0,0,0,0,0,0,0,0,0,0,,,0,0,0,,,,,,0,0,,,,,,,0,,,,,0,0,0,0,0,,,,,,,,,,,,,,0,,,0,,0,0,0,0,
,,,,,,,,,,,,,,,,,,,,,,,,,,,,,,,,,,,,,,,,,,,,,,,,,,,,,,,,,,,,,,,,,,,,,,,,,,,,,,,
,لوازم كوافير,,,,,,,,,,,,,,,,,,,,,,,,,,,,,,,,,لوازم كوافير,,,,,,,,,,,,,,,,,,,,,,,,,,,,,,,,,,,,,,,,,,,,,
2781,لوازم كوافير Alcoso Ekal Stainless Steel مقص بكستاني 2,0,0,45,0,90,0,75,0,65,0,55,0,2026/03/29,,,,,,,,,,,,,,,8961101517694,مقص بكستاني,0,,0,لوازم كوافير,Alcoso Ekal Stainless Steel,2,,,100,0,0,الادوات,1,نواقص,458,\us\134\pid\2559\f132875256015300316150.png,45,,2026/04/02,,,,,,,,2026/03/29,,-1,,10,#ROYALELCHIM ,,شريف محمود / مستورد,,,,0,50,45,2021/10/26,Alcoso Ekal Stailess,45,لا,90,75,65,55,2
2782,لوازم كوافير Alcoso Ekal Stainless Steel مقص بكستاني 3,0,0,45,0,90,0,75,0,65,0,55,0,2023/03/04,,,,,,,,,,,,,,,8961101517663,مقص بكستاني,0,,0,لوازم كوافير,Alcoso Ekal Stainless Steel,3,,,100,0,0,الادوات,1,نواقص,99999,\us\134\pid\2560\f132875248945776157141.png,45,,2023/03/04,,,,,,,,2023/03/04,,-1,,10,#ROYALELCHIM ,,شريف محمود / مستورد,,,,0,50,45,2021/10/26,Alcoso Ekal Stailess Steel,45,لا,90,75,65,55,2
2783,لوازم كوافير Alexander Style مقص الماني,0,0,90,0,150,0,130,0,125,0,115,0,2024/01/09,,,,,,,,,,,,,,,7192050009799,مقص الماني,0,,0,لوازم كوافير,Alexander Style,,,,66٫67,0,0,الادوات,1,نواقص,99999,\us\134\pid\2124\f132875317497880021248.png,90,,2022/12/03,,,,,,,,2023/01/16,,-1,,10,#ROYALELCHIM ,,رويال/ادره المخازن,,,,0,40,90,2022/02/02,,90,لا,150,130,125,115,2
2784,لوازم كوافير BARBER RAZOR SCISSOR STAINLESS STEEE 1001,0,0,165,0,300,0,275,0,250,0,220,0,2022/12/03,,,,,,,,,,,,,,,2753216532756,STAINLESS STEEE,0,,0,لوازم كوافير,BARBER RAZOR SCISSOR,1001,"7""",,81٫82,0,0,الادوات,1,نواقص,99999,\us\134\pid\2069\f132875284118182028181.png,165,,2022/07/05,,,,,,,,2022/12/03,,-1,,10,#ROYALELCHIM ,,سعيد سالم,,,,0,45,165,2021/10/26,مقص باكستانى,165,لا,300,275,250,220,4
2785,لوازم كوافير BARBER RAZOR SCISSOR STAINLESS STEEE 1043,0,0,165,0,260,0,230,0,210,0,185,0,2024/01/12,,,,,,,,,,,,,,,004083,STAINLESS STEEE,0,,0,لوازم كوافير,BARBER RAZOR SCISSOR,1043,فلاش,,57٫58,0,0,,1,نواقص,1368,,165,,2022/07/05,,,,,,,,2022/03/19,,-1,,,,,سعيد سالم,,,,0,36٫54,165,2021/10/26,,165,لا,260,230,210,185,0
2786,لوازم كوافير BARBER RAZOR SCISSOR STAINLESS STEEE 1070,0,0,165,0,260,0,230,0,210,0,185,0,2024/01/12,,,,,,,,,,,,,,,1641216412745,STAINLESS STEEE,0,,0,لوازم كوافير,BARBER RAZOR SCISSOR,1070,,,57٫58,0,0,الادوات,1,نواقص,1368,\us\134\pid\2056\f132875281604908930177.png,165,,2022/11/04,,,,,,,,2022/12/19,,-1,,10,#ROYALELCHIM ,,سعيد سالم,,,,0,36٫54,165,2021/10/26,مقص باكستانى,165,لا,260,230,210,185,4
2787,لوازم كوافير BLACK DIAMOND PROTEN,0,0,1410٫83,0,2200,0,2000,0,1800,0,1650,0,2024/01/09,,,,,,,,,,,,,,,83895932279,PROTEN,0,,0,لوازم كوافير,BLACK DIAMOND,,,,55٫94,0,0,,1,---,99999,,1430,,,,,,,,,,2022/04/15,,-1,,,,,سعيد سالم,,,,0,35٫87,1410٫83,2021/12/11,,1410٫83,لا,2200,2000,1800,1650,0
2788,لوازم كوافير Brush Stand,0,0,38,0,90,0,80,0,60,0,50,0,2022/04/13,,,,,,,,,,,,,,,004142,,0,,0,لوازم كوافير,Brush Stand,,,,136٫84,0,0,,1,نواقص,99999,,38,,2022/04/16,,,,,,,,2022/04/13,,-1,,,,,,,,,0,57٫78,38,2022/03/29,,38,لا,90,80,60,50,0
2789,لوازم كوافير CERAMIC DIFFUSER,0,0,91٫75,0,150,0,135,0,125,0,110,0,2022/03/25,,,,,,,,,,,,,,,8681049012920,,0,,0,لوازم كوافير,CERAMIC DIFFUSER,,,,63٫48,0,0,,1,---,99999,,93,,,,,,,,,,2022/03/25,,-1,,,,,سعيد سالم,,,,0,38٫83,91٫75,2021/12/11,,91٫75,لا,150,135,125,110,0
2790,لوازم كوافير Dual Heads Massager 6in1,0,0,187٫45,0,450,0,400,0,350,0,300,0,2024/01/09,,,,,,,,,,,,,,,4580130523304,6in1,0,,0,لوازم كوافير,Dual Heads Massager,,,,140٫06,0,0,,1,نواقص,99999,,190,,2022/06/18,,,,,,,,2022/01/03,,-1,,,,,سعيد سالم,,,,0,58٫34,187٫45,2021/12/11,,187٫45,لا,450,400,350,300,0
2791,لوازم كوافير Facial Steam Hot & Cold,0,0,1600,0,2000,0,1850,0,1800,0,1700,0,2022/12/27,,,,,,,,,,,,,,,004178,Hot & Cold,0,,0,لوازم كوافير,Facial Steam,,,,25,0,0,,1,---,99999,,1600,,,,,,,,,,2022/12/27,,-1,,,,,هاني ميكب,,,,0,20,1600,2023/01/01,,1600,لا,2000,1850,1800,1700,0
2792,لوازم كوافير KR WAX PAPER 100 M,0,0,69٫06,0,120,0,110,0,90,0,80,0,2023/05/10,,,,,,,,,,,,,,,004123,100 M,0,,0,لوازم كوافير,KR WAX PAPER,,,,73٫76,0,0,,1,---,99999,,70,,,,,,,,,,2022/07/06,,-1,,,,,سعيد سالم,,,,0,42٫45,69٫06,2021/12/11,,69٫06,لا,120,110,90,80,0
2793,لوازم كوافير Long Press Misty Sprayer Big,0,0,75٫06,0,135,0,115,0,100,0,95,0,2025/06/28,,,,,,,,,,,,,,,004108,Misty Sprayer,0,,0,لوازم كوافير,Long Press,Big,,,79٫86,0,0,,1,نواقص,99999,,70,,2023/10/06,,,,,,,,2023/05/04,,-1,,,,,معرض صاصا,,,,0,44٫4,72٫57,2023/03/04,,75٫06,لا,135,115,100,95,0
2794,لوازم كوافير Long Press Misty Sprayer Smal,0,0,54٫55,0,100,0,90,0,80,0,75,0,2024/01/12,,,,,,,,,,,,,,,004109,Misty Sprayer,0,,0,لوازم كوافير,Long Press,Smal,,,83٫31,0,0,,1,نواقص,99999,,50,,2022/06/18,,,,,,,,2022/03/30,,-1,,,,,سعيد سالم,,,,0,45٫45,49٫33,2021/12/11,,54٫55,لا,100,90,80,75,0
2795,لوازم كوافير Mafia Spray,0,0,66,0,110,0,100,0,90,0,80,0,2024/01/09,,,,,,,,,,,,,,,004197,,0,,0,لوازم كوافير,Mafia Spray,,,,66٫67,0,0,,1,نواقص,99999,,70,,2023/09/20,,,,,,,,2023/10/18,,-1,,,,,هاني سمير,,,,0,40,70,2023/10/07,,66,لا,110,100,90,80,0
2796,لوازم كوافير MIRROR FASHION PROFESSIONAH,0,0,72,0,150,0,130,0,110,0,90,0,2025/06/14,,,,,,,,,,,,,,,004071,,0,,0,لوازم كوافير,MIRROR FASHION PROFESSIONAH,,,,108٫33,0,0,,1,نواقص,99999,,72,,2025/06/14,,,,,,,,2025/06/14,,-1,,,,,سعيد سالم,,,,0,52,72,2021/10/26,,72,لا,150,130,110,90,0
2797,لوازم كوافير ORGANIZER EZZ,0,0,261٫74,0,450,0,400,0,350,0,300,0,2024/04/24,,,,,,,,,,,,,,,6988009221005,,0,,0,لوازم كوافير,ORGANIZER EZZ,,,,71٫93,0,0,,1,نواقص,99999,,250,,2024/04/24,,,,,,,,2024/04/24,,-1,,,,,TOTA STYLE,,,,0,41٫84,261٫74,2023/02/24,,261٫74,لا,450,400,350,300,0
2798,لوازم كوافير Royal New & impoved شفره ستايل ايطالي,0,0,8,0,15,0,13,0,12,0,10,0,2024/01/09,,,,,,,,,,,,,,,5245860582920,شفره ستايل ايطالي,0,,0,لوازم كوافير,Royal New & impoved,,,,87٫5,0,0,,1,نواقص,99999,,8,,2023/01/14,,,,,,,,2022/12/21,,-1,,,,,شريف محمود / مستورد,,,,0,46٫67,8,2021/10/26,,8,لا,15,13,12,10,0
2799,لوازم كوافير SAMYE DIFFUSOR,0,0,39٫46,0,75,0,65,0,55,0,50,0,2024/01/09,,,,,,,,,,,,,,,004122,,0,,0,لوازم كوافير,SAMYE DIFFUSOR,,,,90٫05,0,0,,1,---,99999,,40,,,,,,,,,,2022/03/09,,-1,,,,,سعيد سالم,,,,0,47٫38,39٫46,2021/12/11,,39٫46,لا,75,65,55,50,0
2800,لوازم كوافير Signature Series Forged شفره شريف,0,0,84,0,15,0,13,0,11,0,9,0,2024/01/09,,,,,,,,,,,,,,,004112,شفره شريف,0,,0,لوازم كوافير,Signature Series Forged,,,,-82٫14,0,0,,1,نواقص,99999,,84,,2022/06/18,,,,,,,,2022/06/14,,-1,,,,,شريف محمود / مستورد,,,,0,-460,84,2021/10/26,,84,لا,15,13,11,9,0
2801,لوازم كوافير STYLE CHIC COLORING CREAM 100ML,0,0,35,0,55,0,50,0,45,0,40,0,2024/01/09,,,,,,,,,,,,,,,004064,COLORING CREAM,0,,0,لوازم كوافير,STYLE CHIC,100ML,,,57٫14,0,0,,1,نواقص,99999,,35,,2023/10/13,,,,,,,,2022/04/29,,-1,,,,,رويال / اداره المخازن الاقصر,,,,0,36٫36,35,2021/10/17,,35,لا,55,50,45,40,0
2802,لوازم كوافير THERAPY LISS,0,0,1023٫83,0,2200,0,1800,0,1600,0,1400,0,2024/01/09,,,,,,,,,,,,,,,004141,,0,,0,لوازم كوافير,THERAPY LISS,,,,114٫88,0,0,,1,---,99999,,1000,,,,,,,,,,,,-1,,,,,معرض الوكيل للتجاره,,,,0,53٫46,1023٫83,2022/03/23,,1023٫83,لا,2200,1800,1600,1400,0
2803,لوازم كوافير TOPPIK BLACK,0,0,138٫15,0,250,0,220,0,190,0,185,0,2024/01/09,,,,,,,,,,,,,,,667820011014,BLACK,0,,0,لوازم كوافير,TOPPIK,,,,80٫96,0,0,,1,نواقص,99999,,150,,2023/10/13,,,,,,,,2023/10/27,,-1,,,,,معرض الوكيل للتجاره,,,,0,44٫74,150,2022/05/09,,138٫15,لا,250,220,190,185,0
2804,لوازم كوافير TURKY DRYER BRUSH 1122,0,0,29٫6,0,60,0,50,0,40,0,35,0,2023/05/10,,,,,,,,,,,,,,,8697406740092,1122,0,,0,لوازم كوافير,TURKY DRYER BRUSH,,,,102٫72,0,0,,1,نواقص,99999,,30,,2022/10/15,,,,,,,,2022/12/28,,-1,,,,,سعيد سالم,,,,0,50٫67,29٫6,2021/12/11,,29٫6,لا,60,50,40,35,0
2805,لوازم كوافير TURKY DRYER BRUSH 1124,0,0,29٫6,0,60,0,50,0,40,0,35,0,2024/01/12,,,,,,,,,,,,,,,8697406740139,1124,0,,0,لوازم كوافير,TURKY DRYER BRUSH,,,,102٫72,0,0,,1,نواقص,99999,,30,,2022/06/18,,,,,,,,2022/09/28,,-1,,,,,سعيد سالم,,,,0,50٫67,29٫6,2021/12/11,,29٫6,لا,60,50,40,35,0
2806,لوازم كوافير TURKY DRYER BRUSH 1126,0,0,29٫79,0,60,0,50,0,40,0,35,0,2024/01/12,,,,,,,,,,,,,,,8697406740108,1126,0,,0,لوازم كوافير,TURKY DRYER BRUSH,,,,101٫44,0,0,,1,نواقص,99999,,30,,2022/06/18,,,,,,,,2022/07/19,,-1,,,,,رويال / اداره المخازن الاقصر,,,,0,50٫36,30,2022/02/24,,29٫79,لا,60,50,40,35,0
2807,لوازم كوافير TURKY DRYER BRUSH 5star 01,0,0,30,0,55,0,50,0,45,0,40,0,2023/01/09,,,,,,,,,,,,,,,004159,01,0,,0,لوازم كوافير,TURKY DRYER BRUSH 5star,,,,83٫33,0,0,,1,نواقص,99999,,30,,2022/10/16,,,,,,,,2023/01/09,,-1,,,,,معرض الوكيل للتجاره,,,,0,45٫45,30,2022/10/08,,30,لا,55,50,45,40,0
2808,لوازم كوافير TURKY DRYER BRUSH 5star 03,0,0,30,0,60,0,55,0,50,0,45,0,2024/01/12,,,,,,,,,,,,,,,004160,03,0,,0,لوازم كوافير,TURKY DRYER BRUSH 5star,,,,100,0,0,,1,نواقص,99999,,30,,2023/02/13,,,,,,,,2023/02/13,,-1,,,,,معرض الوكيل للتجاره,,,,0,50,30,2022/10/08,,30,لا,60,55,50,45,0
2809,لوازم كوافير TURKY DRYER BRUSH 5star 05,0,0,30,0,70,0,65,0,60,0,45,0,2022/12/28,,,,,,,,,,,,,,,004161,05,0,,0,لوازم كوافير,TURKY DRYER BRUSH 5star,,,,133٫33,0,0,,1,نواقص,99999,,30,,2022/10/16,,,,,,,,2022/12/28,,-1,,,,,معرض الوكيل للتجاره,,,,0,57٫14,30,2022/10/08,,30,لا,70,65,60,45,0
2810,لوازم كوافير TURKY DRYER BRUSH 5star 07,0,0,30,0,45,0,40,0,37,0,35,0,2022/12/28,,,,,,,,,,,,,,,004157,07,0,,0,لوازم كوافير,TURKY DRYER BRUSH 5star,,,,50,0,0,,1,نواقص,99999,,30,,2022/10/16,,,,,,,,2022/12/28,,-1,,,,,معرض الوكيل للتجاره,,,,0,33٫33,30,2022/10/08,,30,لا,45,40,37,35,0
2811,لوازم كوافير TWIST ص,0,0,10٫2,0,20,0,18,0,15,0,13,0,2024/01/12,,,,,,,,,,,,,,,004034,ص,0,,0,لوازم كوافير,TWIST,,,,96٫17,0,0,,1,نواقص,99999,,10,,2023/10/13,,,,,,,,2023/06/11,,-1,,,,,معرض الوكيل للتجاره,,,,0,49٫02,10,2023/03/01,,10٫2,لا,20,18,15,13,0
2812,لوازم كوافير VIRONA WAX PAPER,0,0,18,0,30,0,27,0,25,0,22,0,2022/12/12,,,,,,,,,,,,,,,6224010787780,,0,,0,لوازم كوافير,VIRONA WAX PAPER,,,,66٫67,0,0,,1,نواقص,99999,,18,,2022/12/12,,,,,,,,2022/12/12,,-1,,,,,كيرمينا,,,,0,40,18,2022/12/06,,18,لا,30,27,25,22,0
2813,لوازم كوافير Wax Beans في برطمان,0,0,45,0,80,0,70,0,60,0,55,0,2022/02/11,,,,,,,,,,,,,,,004014,,0,,0,لوازم كوافير,Wax Beans في برطمان,,,,77٫78,0,0,منتجات العنايه الشخصيه,1,نواقص,99999,\us\134\pid\279\f132585566020810954414.png,45,,2021/07/15,,,,,,,,2022/02/11,,0,2021/04/01,10,#ROYALELCHIM ,"في برطمان WAX,Beans",رصيد اول المده,,,,0,43٫75,45,2021/08/28,في برطمان WAX Beans,45,لا,80,70,60,55,2
2814,لوازم كوافير Wax Beans في علبه,0,0,0,0,100,0,80,0,70,0,60,0,,,,,,,,,,,,,,,,004015,,0,,0,لوازم كوافير,Wax Beans في علبه,,,,,0,0,منتجات العنايه الشخصيه,1,نواقص,99999,\us\134\pid\280\f132585567127537937429.png,0,,2021/07/15,,,,,,,,,,0,2021/04/01,10,#ROYALELCHIM ,"في علبه WAX,Beans,العنايه,بالجسم",,,,,0,,0,,في علبه WAX Beans,0,لا,100,80,70,60,3
2815,لوازم كوافير اسبراي 500 مل,0,0,65,0,100,0,90,0,80,0,75,0,2023/11/30,,,,,,,,,,,,,,,004194,500 مل,0,,0,لوازم كوافير,اسبراي,,,,53٫85,0,0,,1,---,99999,,65,,,,,,,,,,2023/11/13,,-1,,,,,هاني سمير,,,,0,35,65,2023/10/27,,65,لا,100,90,80,75,0
2816,لوازم كوافير اسبري مثبت سوري 4,0,0,90٫71,0,145,0,140,0,130,0,120,0,2024/01/12,,,,,,,,,,,,,,,6224007778104,4,0,,0,لوازم كوافير,اسبري مثبت سوري,,,,59٫85,0,0,,1,نواقص,99999,,90,,2023/10/02,,,,,,,,2023/10/02,,-1,,,,,معرض الوكيل للتجاره,,,,0,37٫44,90,2023/07/13,,90٫71,لا,145,140,130,120,0
2817,لوازم كوافير استيكه,0,0,10,0,15,0,14,0,13,0,12,0,2022/09/28,,,,,,,,,,,,,,,004155,,0,,0,لوازم كوافير,استيكه,,,,50,0,0,,1,---,99999,,10,,,,,,,,,,2022/09/28,,-1,,,,,Fady مسن,,,,0,33٫33,10,2022/09/28,,10,لا,15,14,13,12,0
2818,لوازم كوافير استيكه جلد,0,0,5,0,12٫5,0,10,0,8,0,7,0,2024/02/19,,,,,,,,,,,,,,,004143,,0,,0,لوازم كوافير,استيكه جلد,,,,150,0,0,,1,نواقص,1368,,5,,2024/02/19,,,,,,,,2024/02/19,,-1,,,,,رويال / اداره المخازن الاقصر,,,,0,60,5,2022/04/12,,5,لا,12٫5,10,8,7,0
2819,لوازم كوافير اسفنج 2*1,0,0,0,0,20,0,18,0,15,0,13٫5,0,,,,,,,,,,,,,,,,004019,,0,,0,لوازم كوافير,اسفنج 2*1,,,,,0,0,,1,نواقص,99999,,0,,2021/07/15,,,,,,,,,,-1,,,,,,,,,0,,0,,,0,لا,20,18,15,13٫5,0
2820,لوازم كوافير بدار بلاستيك,0,0,15,0,25,0,22,0,20,0,18,0,2024/01/09,,,,,,,,,,,,,,,004172,,0,,0,لوازم كوافير,بدار بلاستيك,,,,66٫67,0,0,,1,---,99999,,15,,,,,,,,,,,,-1,,,,,هاني مسن,,,,0,40,15,2022/12/07,,15,لا,25,22,20,18,0
2821,لوازم كوافير بنس امريكان صغيره,0,0,25,0,50,0,45,0,40,0,35,0,2024/01/09,,,,,,,,,,,,,,,004073,,0,,0,لوازم كوافير,بنس امريكان صغيره,,,,100,0,0,,1,نواقص,1323,,25,,2022/09/01,,,,,,,,2022/10/24,,-1,,,,,سعيد سالم,,,,0,50,25,2021/10/26,,25,لا,50,45,40,35,0
2822,لوازم كوافير بنس نص كيلو,0,0,25٫27,0,45,0,40,0,35,0,30,0,2024/01/09,,,,,,,,,,,,,,,004042,,0,,0,لوازم كوافير,بنس نص كيلو,,,,78٫07,0,0,,1,نواقص,99999,,25,,2023/10/13,,,,,,,,2023/02/24,,-1,,,,,رويال/ادره المخازن,,,,0,43٫84,25,2022/02/26,,25٫27,لا,45,40,35,30,0
2823,لوازم كوافير بنس نص كيلو KR SAIS SALEM,0,0,39,0,65,0,60,0,55,0,50,0,2024/09/11,,,,,,,,,,,,,,,8426118754673,KR SAIS SALEM,0,,0,لوازم كوافير,بنس نص كيلو,,,,66٫67,0,0,,1,نواقص,99999,,39,,2024/09/11,,,,,,,,2024/09/11,,-1,,,,,سعيد سالم,,,,0,40,39,2021/10/26,,39,لا,65,60,55,50,0
2824,لوازم كوافير بودره تفتيح Rainbow زيتوني 100ml,0,0,40,0,75,0,60,0,55,0,45,0,2024/04/27,,,,,,,,,,,,,,,004030,زيتوني,0,,0,لوازم كوافير,بودره تفتيح Rainbow,100ml,,,87٫5,0,0,,1,نواقص,99999,,40,,2024/04/27,,,,,,,,,,-1,,,,,رصيد اول المده,,,,0,46٫67,40,2021/08/29,,40,لا,75,60,55,45,0
2825,لوازم كوافير بودره زيتوني,0,0,0,0,100,0,80,0,70,0,60,0,,,,,,,,,,,,,,,,004007,,0,,0,لوازم كوافير,بودره زيتوني,,,,,0,0,,1,نواقص,99999,,0,,2021/07/15,,,,,,,,,,-1,,,,,,,,,0,,0,,,0,لا,100,80,70,60,0
2826,لوازم كوافير بونيه ميش لوكس,0,0,25,0,50,0,45,0,40,0,32,0,2021/09/14,,,,,,,,,,,,,,,004023,,0,,0,لوازم كوافير,بونيه ميش لوكس,,,,100,0,0,,1,نواقص,99999,,25,,2021/07/15,,,,,,,,2021/09/14,,-1,,,,,رصيد اول المده,,,,0,50,25,2021/08/29,,25,لا,50,45,40,32,0
2827,لوازم كوافير هير اسبراي اخضر,0,0,30,0,65,0,55,0,45,0,40,0,2024/01/12,,,,,,,,,,,,,,,004081,اخضر,0,,0,لوازم كوافير,هير اسبراي,,,,116٫67,0,0,,1,نواقص,99999,,30,,2022/06/18,,,,,,,,2022/04/30,,-1,,,,,رويال/ادره المخازن,,,,0,53٫85,30,2021/12/16,,30,لا,65,55,45,40,0
2828,لوازم كوافير هير اسبراي دهبي,0,0,30,0,65,0,55,0,45,0,40,0,2024/01/12,,,,,,,,,,,,,,,004080,دهبي,0,,0,لوازم كوافير,هير اسبراي,,,,116٫67,0,0,,1,نواقص,99999,,30,,2022/06/18,,,,,,,,2022/10/04,,-1,,,,,رويال/ادره المخازن,,,,0,53٫85,30,2021/12/18,,30,لا,65,55,45,40,0
2829,لوازم كوافير هير اسبراي موف,0,0,30,0,65,0,55,0,45,0,40,0,2024/01/12,,,,,,,,,,,,,,,004079,موف,0,,0,لوازم كوافير,هير اسبراي,,,,116٫67,0,0,,1,نواقص,99999,,30,,2022/06/18,,,,,,,,2022/10/04,,-1,,,,,رويال/ادره المخازن,,,,0,53٫85,30,2021/12/16,,30,لا,65,55,45,40,0
2830,لوازم كوافير ترولي عربيه,0,0,833٫33,0,1200,0,1100,0,1050,0,1000,0,2023/03/04,,,,,,,,,,,,,,,004057,,0,,0,لوازم كوافير,ترولي عربيه,,,,44,0,0,,1,نواقص,99999,,950,,2021/10/20,,,,,,,,2023/03/04,,-1,,,,,معرض الوكيل للتجاره,,,,0,30٫56,950,2022/12/28,,833٫33,لا,1200,1100,1050,1000,0
2831,لوازم كوافير ترولي عربيه جديد,0,0,900,0,1200,0,1150,0,1100,0,1000,0,2022/12/27,,,,,,,,,,,,,,,004177,جديد,0,,0,لوازم كوافير,ترولي عربيه,,,,33٫33,0,0,,1,---,99999,,900,,,,,,,,,,2022/12/27,,-1,,,,,هاني ميكب,,,,0,25,900,2023/01/01,,900,لا,1200,1150,1100,1000,0
2832,لوازم كوافير جهاز باديكير,0,0,403٫02,0,800,0,700,0,600,0,500,0,2022/02/09,,,,,,,,,,,,,,,004128,,0,,0,لوازم كوافير,جهاز باديكير,,,,98٫5,0,0,,1,---,99999,,400,,,,,,,,,,2022/02/09,,-1,,,,,معرض الوكيل للتجاره,,,,0,49٫62,403٫02,2021/12/11,,403٫02,لا,800,700,600,500,0
2833,لوازم كوافير جهاز بخار دراعين,0,0,927٫06,0,1400,0,1250,0,1150,0,1050,0,2024/01/09,,,,,,,,,,,,,,,004059,,0,,0,لوازم كوافير,جهاز بخار دراعين,,,,51٫01,0,0,,1,نواقص,99999,,950,,2021/10/20,,,,,,,,2021/10/17,,-1,,,,,محارب صبرى,,,,0,33٫78,947٫33,2022/04/24,,927٫06,لا,1400,1250,1150,1050,0
2834,لوازم كوافير جهاز بخار دراعين TOUCH,0,0,1350,0,2000,0,1800,0,1600,0,1450,0,2022/04/30,,,,,,,,,,,,,,,004127,TOUCH,0,,0,لوازم كوافير,جهاز بخار دراعين,,,,48٫15,0,0,,1,نواقص,99999,,1350,,2022/05/01,,,,,,,,2022/04/30,,-1,,,,,معرض الوكيل للتجاره,,,,0,32٫5,1350,2022/04/24,,1350,لا,2000,1800,1600,1450,0
2835,لوازم كوافير جهاز بندويل,0,0,1650,0,2100,0,1900,0,1850,0,1750,0,2022/12/27,,,,,,,,,,,,,,,004058,,0,,0,لوازم كوافير,جهاز بندويل,,,,27٫27,0,0,,1,نواقص,99999,,1650,,2021/10/20,,,,,,,,2022/12/27,,-1,,,,,معرض الوكيل للتجاره,,,,0,21٫43,1650,2022/12/28,,1650,لا,2100,1900,1850,1750,0
2836,لوازم كوافير جوانتي جلد علبه زرقاء رويال,0,0,45,0,75,0,65,0,55,0,50,0,2024/01/12,,,,,,,,,,,,,,,004070,رويال,0,,0,لوازم كوافير,جوانتي جلد علبه زرقاء,,,,66٫67,0,0,,1,نواقص,99999,,45,,2023/10/13,,,,,,,,2023/01/06,,-1,,,,,سعيد سالم,,,,0,40,45,2021/10/26,,45,لا,75,65,55,50,0
2837,لوازم كوافير جيفت حديد,0,0,0,0,200,0,180,0,175,0,160,0,,,,,,,,,,,,,,,,004005,,0,,0,لوازم كوافير,جيفت حديد,,,,,0,0,,1,نواقص,99999,,0,,2021/07/15,,,,,,,,,,-1,,,,,,,,,0,,0,,,0,لا,200,180,175,160,0
2838,لوازم كوافير حامل سشوار استانلس,0,0,46٫79,0,70,0,65,0,60,0,55,0,2023/02/16,,,,,,,,,,,,,,,004038,,0,,0,لوازم كوافير,حامل سشوار استانلس,,,,49٫62,0,0,,1,نواقص,99999,,45,,2022/01/27,,,,,,,,2023/02/16,,-1,,,,,Fady مسن,,,,0,33٫16,45,2022/12/28,,46٫79,لا,70,65,60,55,0
2839,لوازم كوافير حامل سشوار بلاستيك,0,0,35,0,50,0,45,0,40,0,37,0,2022/09/28,,,,,,,,,,,,,,,004006,,0,,0,لوازم كوافير,حامل سشوار بلاستيك,,,,42٫86,0,0,,1,نواقص,99999,,35,,2021/02/04,,,,,,,,2022/09/28,,-1,,,,,Fady مسن,,,,0,30,35,2022/09/28,,35,لا,50,45,40,37,0
2840,لوازم كوافير حامل سشوار ستاند طبق,0,0,350,0,650,0,500,0,450,0,400,0,2025/09/25,,,,,,,,,,,,,,,004004,,0,,0,لوازم كوافير,حامل سشوار ستاند طبق,,,,85٫71,0,0,,1,---,99999,,350,,,,,,,,,,2025/09/25,,-1,,,,,رصيد اول المده,,,,0,46٫15,350,2021/09/02,,350,لا,650,500,450,400,0
2841,لوازم كوافير حامل مقص 1*1,0,0,50٫01,0,100,0,80,0,75,0,60,0,2022/09/30,,,,,,,,,,,,,,,004039,,0,,0,لوازم كوافير,حامل مقص 1*1,,,,99٫96,0,0,,1,نواقص,99999,,40,,2022/07/20,,,,,,,,2022/09/28,,-1,,,,,سعيد سالم,,,,0,49٫99,39٫46,2021/12/11,,50٫01,لا,100,80,75,60,0
2842,لوازم كوافير حامل مكن ستانلس,0,0,55,0,80,0,70,0,65,0,60,0,2023/05/04,,,,,,,,,,,,,,,004193,ستانلس,0,,0,لوازم كوافير,حامل مكن,,,,45٫45,0,0,,1,---,99999,,55,,,,,,,,,,2023/05/04,,-1,,,,,هاني مسن,,,,0,31٫25,55,2023/05/04,,55,لا,80,70,65,60,0
2843,لوازم كوافير حصيره LORD,0,0,8٫25,0,10,0,9٫5,0,9,0,8٫75,0,2024/01/12,,,,,,,,,,,,,,,004200,,0,,0,لوازم كوافير,حصيره LORD,,,,21٫21,0,0,,1,---,99999,,8٫25,,,,,,,,,,2023/09/30,,-1,,,,,محارب صبرى,,,,0,17٫5,8٫25,2023/08/27,,8٫25,لا,10,9٫5,9,8٫75,0
2844,لوازم كوافير حوض غسيل بلاستيك ستاند,0,0,325,0,650,0,550,0,450,0,375,0,2025/06/28,,,,,,,,,,,,,,,004099,ستاند,0,,0,لوازم كوافير,حوض غسيل بلاستيك,,,,100,0,0,,1,نواقص,959,,325,,2022/08/18,,,,,,,,2022/08/19,,-1,,,,,شريف محمود / مستورد,,,,0,50,325,2021/10/26,,325,لا,650,550,450,375,0
2845,لوازم كوافير درج 1.5,0,0,45,0,70,0,65,0,60,0,55,0,2022/12/13,,,,,,,,,,,,,,,004174,1.5,0,,0,لوازم كوافير,درج,,,,55٫56,0,0,,1,---,99999,,45,,,,,,,,,,2022/12/13,,-1,,,,,هاني مسن,,,,0,35٫71,45,2022/12/07,,45,لا,70,65,60,55,0
2846,لوازم كوافير رول رقيه SOFT,0,0,35٫41,0,50,0,45,0,40,0,38,0,2023/03/08,,,,,,,,,,,,,,,004049,SOFT,0,,0,لوازم كوافير,رول رقيه,,,,41٫22,0,0,,1,---,99999,,35,,,,,,,,,,2023/03/08,,-1,,,,,معرض الوكيل للتجاره,,,,0,29٫19,35٫41,2021/09/13,,35٫41,لا,50,45,40,38,0
2847,لوازم كوافير شامبو صبغه اسود AUSSIE,0,0,50٫31,0,100,0,85,0,75,0,65,0,2024/01/31,,,,,,,,,,,,,,,004033,AUSSIE,0,,0,لوازم كوافير,شامبو صبغه اسود,,,,98٫76,0,0,,1,نواقص,99999,,50,,2022/06/18,,,,,,,,2022/03/01,,-1,,,,,رويال/ادره المخازن,,,,0,49٫69,50,2021/12/16,,50٫31,لا,100,85,75,65,0
2848,لوازم كوافير شامبو صبغه موف AUSSIE,0,0,50,0,100,0,80,0,75,0,65,0,2023/10/25,,,,,,,,,,,,,,,6224008001003,,0,,0,لوازم كوافير,شامبو صبغه موف AUSSIE,,,,100,0,0,,1,نواقص,99999,,50,,2023/10/13,,,,,,,,2023/10/25,,-1,,,,,رويال/ادره المخازن,,,,0,50,50,2022/02/09,,50,لا,100,80,75,65,0
2849,لوازم كوافير شفرات الاسطورة,0,0,15٫64,0,30,0,25,0,22,0,20,0,2025/06/28,,,,,,,,,,,,,,,004203,,0,,0,لوازم كوافير,شفرات الاسطورة,,,,91٫84,0,0,,1,---,99999,,15,,,,,,,,,,2024/03/21,,-1,,,,,معرض الوكيل للتجاره,,,,0,47٫87,15,2024/01/21,,15٫64,لا,30,25,22,20,0
2850,لوازم كوافير شفره استخدام مره Aman,0,0,85,0,125,0,120,0,115,0,100,0,2024/05/27,,,,,,,,,,,,,,,004196,Aman,0,,0,لوازم كوافير,شفره استخدام مره,,,,47٫06,0,0,,1,نواقص,99999,,85,,2023/09/16,,,,,,,,2024/05/27,,-1,,,,,معرض الوكيل للتجاره,,,,0,32,85,2023/07/13,,85,لا,125,120,115,100,0
2851,لوازم كوافير شفره استخدام مره سوفت,0,0,70,0,90,0,80,0,75,0,70,0,2023/06/24,,,,,,,,,,,,,,,004152,سوفت,0,,0,لوازم كوافير,شفره استخدام مره,,,,28٫57,0,0,,1,---,99999,,70,,,,,,,,,,2023/06/24,,-1,,,,,محارب صبرى,,,,0,22٫22,70,2023/06/21,,70,لا,90,80,75,70,0
2852,لوازم كوافير شفرة الريس,0,0,7٫06,0,15,0,12,0,10,0,8,0,2025/03/19,,,,,,,,,,,,,,,004129,,0,,0,لوازم كوافير,شفرة الريس,,,,112٫49,0,0,,1,نواقص,99999,,7,,2023/11/11,,,,,,,,2025/03/19,,-1,,,,,معرض الوكيل للتجاره,,,,0,52٫94,7٫17,2022/03/23,,7٫06,لا,15,12,10,8,0
2853,لوازم كوافير شفره موس كبس,0,0,30,0,45,0,40,0,35,0,30,0,2023/09/02,,,,,,,,,,,,,,,004183,,0,,0,لوازم كوافير,شفره موس كبس,,,,50,0,0,,1,---,99999,,25,,,,,,,,,,2023/09/02,,-1,,,,,ابو هاني,,,,0,33٫33,25,2023/02/08,,30,لا,45,40,35,30,0
2854,لوازم كوافير شمع ملكي,0,0,55,0,80,0,75,0,70,0,65,0,2022/12/15,,,,,,,,,,,,,,,004170,,0,,0,لوازم كوافير,شمع ملكي,,,,45٫45,0,0,,1,---,99999,,55,,,,,,,,,,2022/12/15,,-1,,,,,هاني مسن,,,,0,31٫25,55,2022/12/07,,55,لا,80,75,70,65,0
2855,لوازم كوافير صبانه فضي,0,0,15٫65,0,25,0,22,0,20,0,18,0,2025/06/28,,,,,,,,,,,,,,,004150,,0,,0,لوازم كوافير,صبانه فضي,,,,59٫79,0,0,,1,نواقص,99999,,15,,2023/10/06,,,,,,,,2023/10/14,,-1,,,,,معرض الوكيل للتجاره,,,,0,37٫42,15,2023/03/01,,15٫65,لا,25,22,20,18,0
2856,لوازم كوافير طقم مشط 5*1,0,0,15,0,35,0,30,0,25,0,20,0,2023/09/23,,,,,,,,,,,,,,,004185,,0,,0,لوازم كوافير,طقم مشط 5*1,,,,133٫33,0,0,,1,---,99999,,15,,,,,,,,,,2023/09/23,,-1,,,,,محارب صبرى,,,,0,57٫14,15,2023/02/03,,15,لا,35,30,25,20,0
2857,لوازم كوافير طقم مقص +شفره SS,0,0,400,0,600,0,550,0,500,0,450,0,2023/04/12,,,,,,,,,,,,,,,004076,,0,,0,لوازم كوافير,طقم مقص +شفره SS,,,,50,0,0,,1,نواقص,99999,,400,,2022/04/16,,,,,,,,2023/04/12,,-1,,,,,سعيد سالم,,,,0,33٫33,400,2021/10/26,,400,لا,600,550,500,450,0
2858,لوازم كوافير علبه امواس نص تركي,0,0,35,0,40,0,39,0,38,0,37,0,2022/12/15,,,,,,,,,,,,,,,004168,تركي,0,,0,لوازم كوافير,علبه امواس نص,,,,14٫29,0,0,,1,---,99999,,35,,,,,,,,,,2022/12/15,,-1,,,,,هاني مسن,,,,0,12٫5,35,2022/12/07,,35,لا,40,39,38,37,0
2859,لوازم كوافير علبه شفره 50,0,0,110,0,120,0,118,0,115,0,112,0,2024/03/03,,,,,,,,,,,,,,,004205,,0,,0,لوازم كوافير,علبه شفره 50,,,,9٫09,0,0,,1,---,99999,,110,,,,,,,,,,2024/03/03,,-1,,,,,محارب صبرى,,,,0,8٫33,110,2024/03/03,,110,لا,120,118,115,112,0
2860,لوازم كوافير فراشين ص,0,0,10٫12,0,20,0,18,0,15,0,13,0,2023/05/10,,,,,,,,,,,,,,,004043,,0,,0,لوازم كوافير,فراشين ص,,,,97٫71,0,0,,1,نواقص,99999,,10,,2022/12/26,,,,,,,,2022/12/24,,-1,,,,,معرض الوكيل للتجاره,,,,0,49٫42,10٫12,2021/09/13,,10٫12,لا,20,18,15,13,0
2861,لوازم كوافير فرشه الفا اسود,0,0,35,0,60,0,55,0,45,0,40,0,2022/11/15,,,,,,,,,,,,,,,004167,اسود,0,,0,لوازم كوافير,فرشه الفا,,,,71٫43,0,0,,1,---,99999,,35,,,,,,,,,,2022/11/15,,-1,,,,,هاني مسن,,,,0,41٫67,35,2022/11/12,,35,لا,60,55,45,40,0
2862,لوازم كوافير فرشه تنفيض بداره جديد,0,0,70,0,90,0,85,0,80,0,75,0,2022/12/18,,,,,,,,,,,,,,,004173,جديد,0,,0,لوازم كوافير,فرشه تنفيض بداره,,,,28٫57,0,0,,1,---,99999,,70,,,,,,,,,,2022/12/18,,-1,,,,,هاني مسن,,,,0,22٫22,70,2022/12/07,,70,لا,90,85,80,75,0
2863,لوازم كوافير فرشه تنفيض مركب,0,0,10٫72,0,18,0,15,0,13,0,11٫5,0,2024/02/19,,,,,,,,,,,,,,,004016,,0,,0,لوازم كوافير,فرشه تنفيض مركب,,,,67٫88,0,0,مستزمات الكوافير,1,نواقص,99999,,10٫5,,2024/02/19,,,,,,,,2024/02/19,,-6,2021/04/01,10,#TOOLS ,"لوازم,كوافير,فرشه,تنفيض,مركب",رويال/ادره المخازن,,,,0,40٫43,10٫5,2022/01/16,فرشه تنفيض مركب,10٫72,لا,18,15,13,11٫5,0
2864,لوازم كوافير فرشه تنفيض مستورده,0,0,70,0,80,0,77,0,75,0,72,0,2023/05/10,,,,,,,,,,,,,,,004021,,0,,0,لوازم كوافير,فرشه تنفيض مستورده,,,,14٫29,0,0,,1,نواقص,99999,,70,,2021/07/15,,,,,,,,2022/12/28,,-1,,,,,Fady مسن,,,,0,12٫5,70,2022/12/28,,70,لا,80,77,75,72,0
2865,لوازم كوافير فرشه تنفيض مستورده خشب شعر طبيعي,0,0,50,0,70,0,65,0,60,0,55,0,2022/09/28,,,,,,,,,,,,,,,004151,خشب,0,,0,لوازم كوافير,فرشه تنفيض مستورده,شعر طبيعي,2,,40,0,0,,1,---,99999,,50,,,,,,,,,,2022/09/28,,-1,,,,,Fady مسن,,,,0,28٫57,50,2022/09/28,,50,لا,70,65,60,55,0
2866,لوازم كوافير فرشه تنفيض مستورده لوكي,0,0,70,0,120,0,100,0,90,0,80,0,2023/01/16,,,,,,,,,,,,,,,004182,لوكي,0,,0,لوازم كوافير,فرشه تنفيض مستورده,,,,71٫43,0,0,,1,---,99999,,70,,,,,,,,,,2023/01/14,,-1,,,,,محارب صبرى,,,,0,41٫67,70,2023/01/14,,70,لا,120,100,90,80,0
2867,لوازم كوافير فرشه حلاقه ايطالي ص,0,0,50,0,80,0,70,0,60,0,55,0,2026/02/19,,,,,,,,,,,,,,,8001673100778,ايطالي,0,,0,لوازم كوافير,فرشه حلاقه,ص,,,60,0,0,,1,نواقص,99999,,50,,2026/02/20,,,,,,,,2026/02/19,,-1,,,,,رويال/ادره المخازن,,,,0,37٫5,50,2022/02/11,,50,لا,80,70,60,55,0
2868,لوازم كوافير فرشه حلاقه مصري Amigo,0,0,12,0,20,0,18,0,15,0,14,0,2023/10/04,,,,,,,,,,,,,,,9614000055246,Amigo,0,,0,لوازم كوافير,فرشه حلاقه مصري,,,,66٫67,0,0,,1,نواقص,99999,,12,,2023/10/04,,,,,,,,2023/10/04,,-1,,,,,رويال/ادره المخازن,,,,0,40,12,2022/02/09,,12,لا,20,18,15,14,0
2869,لوازم كوافير فرشه عسلي,0,0,0,0,14,0,12,0,10,0,8٫5,0,,,,,,,,,,,,,,,,004027,,0,,0,لوازم كوافير,فرشه عسلي,,,,,0,0,خردوات,1,---,99999,\us\134\pid\454\f132546895617363898156.png,0,,,,,,,,,,,,0,,,#TOOLS ,"فرشه,مشط,شعر,BRUSH,COMB,العنايه,",,,,,0,,0,,فرشه عسلي,0,لا,14,12,10,8٫5,3
2870,لوازم كوافير فرشه نيفا,0,0,45,0,70,0,65,0,60,0,55,0,2023/05/10,,,,,,,,,,,,,,,004169,,0,,0,لوازم كوافير,فرشه نيفا,,,,55٫56,0,0,,1,---,99999,,45,,,,,,,,,,,,-1,,,,,هاني مسن,,,,0,35٫71,45,2022/12/07,,45,لا,70,65,60,55,0
2871,لوازم كوافير فوارغ زيت,0,0,35,0,65,0,55,0,50,0,45,0,2025/06/28,,,,,,,,,,,,,,,004204,,0,,0,لوازم كوافير,فوارغ زيت,,,,85٫71,0,0,,1,نواقص,99999,,35,,2025/02/04,,,,,,,,,,-1,,,,,ميخائيل نجع حمادي,,,,0,46٫15,35,2024/02/26,,35,لا,65,55,50,45,0
2872,لوازم كوافير فوطه قص مشط ومقص,0,0,18,0,30,0,25,0,23,0,20,0,2023/05/10,,,,,,,,,,,,,,,004121,مشط ومقص,0,,0,لوازم كوافير,فوطه قص,,,,66٫67,0,0,,1,نواقص,99999,,18,,2022/07/05,,,,,,,,2023/03/08,,-1,,,,,رويال/ادره المخازن,,,,0,40,18,2021/12/16,,18,لا,30,25,23,20,0
2873,لوازم كوافير فوطه قص ساده BSTYLE,0,0,40,0,65,0,60,0,55,0,50,0,2023/05/10,,,,,,,,,,,,,,,004068,BSTYLE,0,,0,لوازم كوافير,فوطه قص ساده,,,,62٫5,0,0,,1,نواقص,99999,,40,,2022/11/02,,,,,,,,2022/11/02,,-1,,,,,سعيد سالم,,,,0,38٫46,40,2021/10/26,,40,لا,65,60,55,50,0
2874,لوازم كوافير فوطه قص لوكس,0,0,45,0,70,0,65,0,60,0,55,0,2023/05/10,,,,,,,,,,,,,,,004171,,0,,0,لوازم كوافير,فوطه قص لوكس,,,,55٫56,0,0,,1,---,99999,,45,,,,,,,,,,2022/12/13,,-1,,,,,هاني مسن,,,,0,35٫71,45,2022/12/07,,45,لا,70,65,60,55,0
2875,لوازم كوافير فوطه قص لوكس صوره الوان,0,0,22٫38,0,50,0,45,0,40,0,30,0,2024/01/12,,,,,,,,,,,,,,,004065,صوره الوان,0,,0,لوازم كوافير,فوطه قص لوكس,,,,123٫4,0,0,,1,---,99999,,30,,2022/07/05,,,,,,,,2023/03/14,,-1,,,,,رويال/ادره المخازن,,,,0,55٫24,30,2022/01/16,,22٫38,لا,50,45,40,30,0
2876,لوازم كوافير فوطه قص لوكس كلبس,0,0,45,0,70,0,60,0,55,0,50,0,2023/05/10,,,,,,,,,,,,,,,004175,كلبس,0,,0,لوازم كوافير,فوطه قص لوكس,,,,55٫56,0,0,,1,---,99999,,45,,,,,,,,,,2023/04/12,,-1,,,,,معرض الوكيل للتجاره,,,,0,35٫71,45,2022/12/17,,45,لا,70,60,55,50,0
2877,لوازم كوافير قناع برشام,0,0,0٫75,0,100,0,90,0,80,0,70,0,2022/04/15,,,,,,,,,,,,,,,6939374218091,,0,,0,لوازم كوافير,قناع برشام,,,,13233٫33,0,0,,1,نواقص,99999,,0٫75,,2022/04/16,,,,,,,,2022/04/12,,-1,,,,,رويال/ادره المخازن,,,,0,99٫25,0٫75,2021/12/16,,0٫75,لا,100,90,80,70,0
2878,لوازم كوافير كرسي طياره,0,0,5843٫6,0,6500,0,6400,0,6300,0,6200,0,2022/11/15,,,,,,,,,,,,,,,004165,,0,,0,لوازم كوافير,كرسي طياره,,,,11٫23,0,0,,1,---,99999,,5700,,,,,,,,,,2022/11/15,,-1,,,,,معرض الوكيل للتجاره,,,,0,10٫1,5843٫6,2022/11/06,,5843٫6,لا,6500,6400,6300,6200,0
2879,لوازم كوافير كرسي غسيل حوض صيني,0,0,4583٫79,0,5200,0,5100,0,5000,0,4900,0,2022/12/27,,,,,,,,,,,,,,,004166,حوض صيني,0,,0,لوازم كوافير,كرسي غسيل,,,,13٫44,0,0,,1,---,99999,,4500,,,,,,,,,,2022/12/27,,-1,,,,,معرض الوكيل للتجاره,,,,0,11٫85,4583٫79,2022/12/27,,4583٫79,لا,5200,5100,5000,4900,0
2880,لوازم كوافير كرسي غسيل صيني مستورد,0,0,5200,0,6500,0,6000,0,5500,0,5400,0,2024/01/12,,,,,,,,,,,,,,,004188,مستورد,0,,0,لوازم كوافير,كرسي غسيل صيني,,,,25,0,0,,1,نواقص,99999,,4900,,2023/10/13,,,,,,,,,,-1,,,,,معرض الوكيل للتجاره,,,,0,20,5200,2023/02/24,,5200,لا,6500,6000,5500,5400,0
2881,لوازم كوافير كرسي لوكس مستعمل,0,0,1000,0,1250,0,1200,0,1100,0,1050,0,2023/02/09,,,,,,,,,,,,,,,004187,مستعمل,0,,0,لوازم كوافير,كرسي لوكس,,,,25,0,0,,1,---,99999,,1000,,,,,,,,,,2023/02/09,,-1,,,,,,,,,0,20,1000,2023/02/09,,1000,لا,1250,1200,1100,1050,0
2882,لوازم كوافير كرسي لوكس مصري,0,0,1930,0,2500,0,2300,0,2100,0,2000,0,2023/02/23,,,,,,,,,,,,,,,004186,مصري,0,,0,لوازم كوافير,كرسي لوكس,,,,29٫53,0,0,,1,نواقص,99999,,1800,,2023/02/24,,,,,,,,2023/02/23,,-1,,,,,معرض الوكيل للتجاره,,,,0,22٫8,1930,2023/02/14,,1930,لا,2500,2300,2100,2000,0
2883,لوازم كوافير كرسي مستورد 5005,0,0,5093٫1,0,7000,0,6000,0,5500,0,5200,0,2022/12/27,,,,,,,,,,,,,,,004176,5005,0,,0,لوازم كوافير,كرسي مستورد,,,,37٫44,0,0,,1,---,99999,,5000,,,,,,,,,,2022/12/27,,-1,,,,,معرض الوكيل للتجاره,,,,0,27٫24,5093٫1,2022/12/27,,5093٫1,لا,7000,6000,5500,5200,0
2884,لوازم كوافير كيس فوطه,0,0,12,0,15,0,14,0,13٫75,0,12٫5,0,2023/05/03,,,,,,,,,,,,,,,004191,,0,,0,لوازم كوافير,كيس فوطه,,,,25,0,0,,1,---,99999,,12,,,,,,,,,,2023/05/03,,-1,,,,,هاني سمير,,,,0,20,12,2023/05/03,,12,لا,15,14,13٫75,12٫5,0
2885,لوازم كوافير مرايا \ 5,0,0,9,0,20,0,15,0,13,0,10,0,2025/05/20,,,,,,,,,,,,,,,111272063,,0,,0,لوازم كوافير,مرايا \ 5,,,,122٫22,0,0,,1,نواقص,99999,,9,,2023/11/27,,,,,,,,2025/05/20,,-1,,,,,رويال/ادره المخازن,,,,0,55,9,2022/02/14,,9,لا,20,15,13,10,0
2886,لوازم كوافير مرايا \ 8,0,0,22٫5,0,40,0,35,0,30,0,25,0,2024/01/12,,,,,,,,,,,,,,,6951763841789,,0,,0,لوازم كوافير,مرايا \ 8,,,,77٫78,0,0,,1,نواقص,99999,,22٫5,,2022/05/06,,,,,,,,2022/05/06,,-1,,,,,رويال/ادره المخازن,,,,0,43٫75,22٫5,2022/02/14,,22٫5,لا,40,35,30,25,0
2887,لوازم كوافير مرايا مربعه,0,0,33,0,65,0,55,0,45,0,40,0,2025/06/28,,,,,,,,,,,,,,,004072,,0,,0,لوازم كوافير,مرايا مربعه,,,,96٫97,0,0,,1,نواقص,99999,,33,,2025/02/04,,,,,,,,2022/12/27,,-1,,,,,سعيد سالم,,,,0,49٫23,33,2021/10/26,,33,لا,65,55,45,40,0
2888,لوازم كوافير مريله الوان,0,0,73٫53,0,100,0,95,0,90,0,85,0,2023/05/10,,,,,,,,,,,,,,,004130,الوان,0,,0,لوازم كوافير,مريله,,,,36,0,0,,1,---,99999,,75,,,,,,,,,,2022/09/28,,-1,,,,,معرض الوكيل للتجاره,,,,0,26٫47,73٫53,2021/12/15,,73٫53,لا,100,95,90,85,0
2889,لوازم كوافير مريله جديده,0,0,31٫9,0,65,0,55,0,45,0,40,0,2023/04/09,,,,,,,,,,,,,,,004048,,0,,0,لوازم كوافير,مريله جديده,,,,103٫77,0,0,,1,نواقص,99999,,35,,2022/11/02,,,,,,,,2023/04/09,,-1,,,,,رويال/ادره المخازن,,,,0,50٫93,35,2021/12/16,,31٫9,لا,65,55,45,40,0
2890,لوازم كوافير مشط Tone,0,0,6,0,10,0,9,0,8,0,7,0,2022/09/28,,,,,,,,,,,,,,,004154,,0,,0,لوازم كوافير,مشط Tone,,,,66٫67,0,0,,1,---,99999,,6,,,,,,,,,,2022/09/28,,-1,,,,,Fady مسن,,,,0,40,6,2022/09/28,,6,لا,10,9,8,7,0
2891,لوازم كوافير مشط تدريج دسته,0,0,3٫25,0,7,0,6,0,5,0,4,0,2024/01/12,,,,,,,,,,,,,,,004133,دسته,0,,0,لوازم كوافير,مشط تدريج,,,,115٫38,0,0,,1,---,99999,,3٫25,,,,,,,,,,2023/04/04,,-1,,,,,رويال/ادره المخازن,,,,0,53٫57,3٫25,2022/01/16,,3٫25,لا,7,6,5,4,0
2892,لوازم كوافير مشط تدريج اسود باكت 12,0,0,1٫5,0,5,0,4,0,3٫5,0,3,0,2024/01/12,,,,,,,,,,,,,,,004061,,0,,0,لوازم كوافير,مشط تدريج اسود باكت 12,,,,233٫33,0,0,,1,نواقص,99999,,1٫5,,2023/10/13,,,,,,,,2023/08/02,,-1,,,,,رويال / اداره المخازن الاقصر,,,,0,70,1٫5,2021/05/09,,1٫5,لا,5,4,3٫5,3,0
2893,لوازم كوافير مشط ماكينه HTC,0,0,22٫71,0,65,0,60,0,55,0,50,0,2024/01/12,,,,,,,,,,,,,,,5400107856152,,0,,0,لوازم كوافير,مشط ماكينه HTC,,,,186٫16,0,0,,1,نواقص,99999,,45,,2022/12/23,,,,,,,,2023/08/02,,-1,,,,,هاني سمير,,,,0,65٫05,45,2023/10/24,,22٫71,لا,65,60,55,50,0
2894,لوازم كوافير مشط ماكينه Kr,0,0,65,0,100,0,90,0,85,0,75,0,2023/01/16,,,,,,,,,,,,,,,004179,,0,,0,لوازم كوافير,مشط ماكينه Kr,,,,53٫85,0,0,,1,---,99999,,65,,,,,,,,,,,,-1,,,,,محارب صبرى,,,,0,35,65,2023/01/14,,65,لا,100,90,85,75,0
2895,لوازم كوافير مشط ماكينه امريكي اصلي,0,0,225,0,300,0,285,0,255,0,240,0,2023/02/23,,,,,,,,,,,,,,,004180,اصلي,0,,0,لوازم كوافير,مشط ماكينه امريكي,,,,33٫33,0,0,,1,---,99999,,225,,,,,,,,,,2023/02/23,,-1,,,,,محارب صبرى,,,,0,25,225,2023/02/23,,225,لا,300,285,255,240,0
2896,لوازم كوافير مشط ماكينه علي كارت 2*1 مستورد,0,0,60٫7,0,100,0,90,0,75,0,67٫5,0,2022/08/17,,,,,,,,,,,,,,,6954086732659,مستورد,0,,0,لوازم كوافير,مشط ماكينه علي كارت 2*1,,,,64٫76,0,0,,1,نواقص,99999,,60,,2022/03/11,,,,,,,,2022/08/17,,-1,,,,,معرض الوكيل للتجاره,,,,0,39٫3,60٫7,2021/09/13,,60٫7,لا,100,90,75,67٫5,0
2897,لوازم كوافير مصري فوطه قص عاديه الوان,0,0,0,0,35,0,30,0,27٫5,0,24,0,,,,,,,,,,,,,,,,004001,,0,,0,لوازم كوافير,مصري فوطه قص عاديه الوان,,,,,0,0,,1,نواقص,99999,,0,,2021/07/15,,,,,,,,,,-1,,,,,,,,,0,,0,,,0,لا,35,30,27٫5,24,0
2898,لوازم كوافير معجون حلاقه Starkr,0,0,12٫5,0,8,0,7,0,6٫5,0,6,0,2024/03/15,,,,,,,,,,,,,,,6223002820917,Starkr,0,,0,لوازم كوافير,معجون حلاقه,,,,-36,0,0,,1,نواقص,99999,,12٫5,,2023/07/13,,,,,,,,2024/03/15,,-1,,,,,هاني مسن,,,,0,-56٫25,12٫5,2024/03/15,,12٫5,لا,8,7,6٫5,6,0
2899,لوازم كوافير مقص Alexander Pakistan,0,0,35,0,75,0,65,0,50,0,45,0,2024/01/12,,,,,,,,,,,,,,,7192050009782,Pakistan,0,,0,لوازم كوافير,مقص Alexander,,,,114٫29,0,0,الادوات,1,نواقص,99999,\us\134\pid\2123\f132875306780511071219.png,35,,2023/10/13,,,,,,,,2023/05/04,,-1,,10,#ROYALELCHIM ,,رويال/ادره المخازن,,,,0,53٫33,35,2022/02/02,,35,لا,75,65,50,45,3
2900,لوازم كوافير مقص SS 6.5 INCH,0,0,80,0,150,0,135,0,120,0,100,0,2026/05/25,,,,,,,,,,,,,,,9252458601080,6.5 INCH,0,,0,لوازم كوافير,مقص SS,,,,87٫5,0,0,الادوات,1,نواقص,99999,\us\134\pid\2070\f132875309981967019227.png,80,,2026/05/25,,,,,,,,2026/05/25,,-1,,10,#ROYALELCHIM ,,سعيد سالم,,,,0,46٫67,80,2021/10/26,,80,لا,150,135,120,100,3
2901,لوازم كوافير مقص ايطالي معدن المضرب,0,0,85,0,140,0,125,0,100,0,90,0,2022/03/16,,,,,,,,,,,,,,,018326,المضرب,0,,0,لوازم كوافير,مقص ايطالي معدن,,,,64٫71,0,0,مستلزمات الكوافير,1,نواقص,99999,\us\134\pid\456\f132545871537750937011.png,85,,2021/07/15,,,,,,,,2022/03/16,,-2,2021/01/30,15,#ITALY ,"مقص,كوافير.حلاقه.رجال.معدن.6.5"",سيدات",رويال/ادره المخازن,,,,0,39٫29,85,2021/11/06,"مقص ايطالي معدن 6.5""",85,لا,140,125,100,90,4
2902,لوازم كوافير مقص جوكر علي كارت,0,0,91٫04,0,150,0,135,0,120,0,105,0,2025/06/28,,,,,,,,,,,,,,,004051,,0,,0,لوازم كوافير,مقص جوكر علي كارت,,,,64٫77,0,0,الادوات,1,نواقص,99999,\us\134\pid\1615\f132875312390583164232.png,91,,2025/02/04,,,,,,,,2022/04/12,,-1,,10,#ROYALELCHIM ,,رويال/ادره المخازن,,,,0,39٫31,91,2022/02/02,,91٫04,لا,150,135,120,105,3
2903,"لوازم كوافير مقص شعر BP 2030 SS 6""",0,0,115,0,175,0,160,0,150,0,135,0,2026/02/17,,,,,,,,,,,,,,,9252458642030,SS,0,,0,لوازم كوافير,مقص شعر BP 2030,"6""",,,52٫17,0,0,الادوات,1,نواقص,99999,\us\134\pid\2068\f132875303966934232216.png,115,,2026/02/18,,,,,,,,2026/02/17,,-1,,10,#ROYALELCHIM ,,سعيد سالم,,,,0,34٫29,115,2021/10/26,,115,لا,175,160,150,135,3
2904,لوازم كوافير مقص فلاش,0,0,70,0,100,0,95,0,90,0,80,0,2023/07/21,,,,,,,,,,,,,,,004192,,0,,0,لوازم كوافير,مقص فلاش,,,,42٫86,0,0,,1,---,99999,,70,,,,,,,,,,2023/07/21,,-1,,,,,هاني مسن,,,,0,30,70,2023/05/04,,70,لا,100,95,90,80,0
2905,لوازم كوافير مناديل رقبه مصري 5star,0,0,60,0,80,0,75,0,70,0,65,0,2024/12/01,,,,,,,,,,,,,,,004025   041279805132,,0,,0,لوازم كوافير,مناديل رقبه مصري 5star,,,,33٫33,0,0,,1,نواقص,99999,,60,,2024/02/08,,,,,,,,2023/09/02,,-1,,,,,,,,,0,25,60,2024/02/08,,60,لا,80,75,70,65,0
2906,لوازم كوافير مناديل قناع,0,0,7٫5,0,15,0,12,0,10,0,8,0,2024/01/12,,,,,,,,,,,,,,,004013,,0,,0,لوازم كوافير,مناديل قناع,,,,100,0,0,,1,نواقص,99999,,7٫5,,2022/11/02,,,,,,,,2022/11/02,,-1,,,,,رصيد اول المده,,,,0,50,7٫5,2021/08/29,,7٫5,لا,15,12,10,8,0
2907,لوازم كوافير موس DORCO,0,0,4٫25,0,10,0,8,0,6,0,5,0,2024/01/12,,,,,,,,,,,,,,,8801038586755,,0,,0,لوازم كوافير,موس DORCO,,,,135٫29,0,0,,1,نواقص,99999,,4٫25,,2022/06/18,,,,,,,,2022/03/20,,-1,,,,,معرض الوكيل للتجاره,,,,0,57٫5,4٫25,2022/02/22,,4٫25,لا,10,8,6,5,0
2908,لوازم كوافير موس بدكير,0,0,8٫4,0,15,0,13,0,11,0,9٫5,0,2024/01/12,,,,,,,,,,,,,,,004181,,0,,0,لوازم كوافير,موس بدكير,,,,78٫57,0,0,,1,نواقص,99999,,8٫4,,2023/10/13,,,,,,,,2023/05/24,,-1,,,,,محارب صبرى,,,,0,44,8٫4,2023/01/14,,8٫4,لا,15,13,11,9٫5,0
2909,لوازم كوافير موس بدكير الماني PEDL,0,0,77,0,150,0,135,0,120,0,100,0,2024/01/12,,,,,,,,,,,,,,,004075,,0,,0,لوازم كوافير,موس بدكير الماني PEDL,,,,94٫81,0,0,,1,نواقص,99999,,77,,2023/10/13,,,,,,,,2023/03/30,,-1,,,,,سعيد سالم,,,,0,48٫67,77,2021/10/26,,77,لا,150,135,120,100,0
2910,لوازم كوافير موس هندي,0,0,34,0,40,0,39,0,38,0,35,0,2022/09/28,,,,,,,,,,,,,,,004153,,0,,0,لوازم كوافير,موس هندي,,,,17٫65,0,0,,1,---,99999,,34,,,,,,,,,,2022/09/28,,-1,,,,,Fady مسن,,,,0,15,34,2022/09/28,,34,لا,40,39,38,35,0
2911,لوازم كوافير موس نص هندي,0,0,40,0,55,0,50,0,45,0,40,0,2023/06/16,,,,,,,,,,,,,,,004148,,0,,0,لوازم كوافير,موس نص هندي,,,,37٫5,0,0,,1,---,99999,,40,,,,,,,,,,2023/06/16,,-1,,,,,هاني مسن,,,,0,27٫27,40,2023/06/16,,40,لا,55,50,45,40,0
2912,لوازم كوافير ورق شمع صيني,0,0,8,0,20,0,15,0,12,0,10,0,2023/12/17,,,,,,,,,,,,,,,004149,صيني,0,,0,لوازم كوافير,ورق شمع,,,,150,0,0,,1,نواقص,1356,,8,,2022/09/22,,,,,,,,2022/09/21,,-1,,,,,,,,,0,60,8,2022/09/12,,8,لا,20,15,12,10,0
132,إجمالي -   لوازم كوافير,0,0,0,0,0,0,0,0,0,0,0,0,,0,0,0,0,0,0,0,0,0,0,0,0,0,0,,,0,0,0,,,,,,0,0,,,,,,,0,,,,,0,0,0,0,0,,,,,,,,,,,,,,0,,,0,,0,0,0,0,
,,,,,,,,,,,,,,,,,,,,,,,,,,,,,,,,,,,,,,,,,,,,,,,,,,,,,,,,,,,,,,,,,,,,,,,,,,,,,,,
,لوازم ميكب ارتيست,,,,,,,,,,,,,,,,,,,,,,,,,,,,,,,,,لوازم ميكب ارتيست,,,,,,,,,,,,,,,,,,,,,,,,,,,,,,,,,,,,,,,,,,,,,
2913,لوازم ميكب ارتيست LANELL GLUE,0,0,41٫47,0,75,0,70,0,65,0,60,0,2023/12/15,,,,,,,,,,,,,,,071025,GLUE,0,,0,لوازم ميكب ارتيست,LANELL,,,,80٫85,0,0,,1,نواقص,99999,,40,,2023/04/19,,,,,,,,2023/08/09,,-1,,,,,معرض صاصا,,,,0,44٫71,41٫47,2023/03/04,,41٫47,لا,75,70,65,60,0
2914,لوازم ميكب ارتيست LILYB ANGEL BASE COAT,0,0,129٫59,0,185,0,175,0,165,0,160,0,2025/04/08,,,,,,,,,,,,,,,071021,BASE COAT,0,,0,لوازم ميكب ارتيست,LILYB ANGEL,,,,42٫75,0,0,,1,نواقص,99999,,125,,2025/04/08,,,,,,,,2025/04/08,,-1,,,,,معرض صاصا,,,,0,29٫95,129٫59,2023/03/04,,129٫59,لا,185,175,165,160,0
2915,لوازم ميكب ارتيست شنطه 2*1جلد 124 AY888,0,0,111٫99,0,200,0,175,0,150,0,125,0,2022/03/21,,,,,,,,,,,,,,,071005,AY888,0,,0,لوازم ميكب ارتيست,شنطه 2*1جلد 124,,,,78٫58,0,0,,1,نواقص,99999,,110,,2022/03/23,,,,,,,,2022/03/21,,-1,,,,,عالم سمسم,,,,0,44,111٫99,2021/09/07,,111٫99,لا,200,175,150,125,0
2916,لوازم ميكب ارتيست شنطه ترولي دورين ووتر بروف مستورد,0,0,3054٫37,0,6500,0,6000,0,5000,0,4700,0,2023/12/15,,,,,,,,,,,,,,,071003,مستورد,0,,0,لوازم ميكب ارتيست,شنطه ترولي دورين ووتر بروف,,,,112٫81,0,0,,1,نواقص,99999,,3000,,2023/10/13,,,,,,,,,,-1,,,,,عالم سمسم,,,,0,53٫01,3054٫37,2021/09/07,,3054٫37,لا,6500,6000,5000,4700,0
2917,لوازم ميكب ارتيست شنطه ستانلس S904,0,0,488٫7,0,850,0,750,0,625,0,550,0,2022/01/06,,,,,,,,,,,,,,,071007,S904,0,,0,لوازم ميكب ارتيست,شنطه ستانلس,,,,73٫93,0,0,,1,---,99999,,480,,,,,,,,,,2022/01/06,,-1,,,,,عالم سمسم,,,,0,42٫51,488٫7,2021/09/07,,488٫7,لا,850,750,625,550,0
2918,لوازم ميكب ارتيست شنطه فيونكه S95,0,0,229٫08,0,350,0,300,0,275,0,250,0,2023/10/03,,,,,,,,,,,,,,,071008,S95,0,,0,لوازم ميكب ارتيست,شنطه فيونكه,,,,52٫79,0,0,,1,نواقص,99999,,225,,2022/06/18,,,,,,,,2023/10/03,,-1,,,,,عالم سمسم,,,,0,34٫55,229٫08,2021/09/07,,229٫08,لا,350,300,275,250,0
2919,لوازم ميكب ارتيست شنطه كلاسيك S92,0,0,967٫22,0,1850,0,1700,0,1650,0,1400,0,2023/12/15,,,,,,,,,,,,,,,071013,S92,0,,0,لوازم ميكب ارتيست,شنطه كلاسيك,,,,91٫27,0,0,,1,نواقص,99999,,950,,2023/10/13,,,,,,,,2023/05/03,,-1,,,,,عالم سمسم,,,,0,47٫72,967٫22,2021/09/07,,967٫22,لا,1850,1700,1650,1400,0
2920,لوازم ميكب ارتيست شنطه مدور 2 دور S94,0,0,229,0,375,0,325,0,275,0,250,0,2024/03/21,,,,,,,,,,,,,,,071006,S94,0,,0,لوازم ميكب ارتيست,شنطه مدور 2 دور,,,,63٫76,0,0,,1,نواقص,99999,,229,,2024/03/21,,,,,,,,2024/03/21,,-1,,,,,رويال/ادره المخازن,,,,0,38٫93,229,2022/02/09,,229,لا,375,325,275,250,0
2921,لوازم ميكب ارتيست شنطه مدوره SH,0,0,117٫08,0,175,0,150,0,140,0,130,0,2022/11/15,,,,,,,,,,,,,,,071009,SH,0,,0,لوازم ميكب ارتيست,شنطه مدوره,,,,49٫47,0,0,,1,نواقص,99999,,115,,2022/11/16,,,,,,,,2022/11/15,,-1,,,,,عالم سمسم,,,,0,33٫09,117٫08,2021/09/07,,117٫08,لا,175,150,140,130,0
2922,لوازم ميكب ارتيست شنطه مكياج درك برونز S105,0,0,509٫03,0,1100,0,1000,0,900,0,875,0,2023/04/19,,,,,,,,,,,,,,,071010,S105,0,,0,لوازم ميكب ارتيست,شنطه مكياج درك برونز,,,,116٫1,0,0,,1,نواقص,99999,,509,,2023/04/19,,,,,,,,2023/04/19,,-1,,,,,رويال/ادره المخازن,,,,0,53٫72,509,2022/02/09,,509٫03,لا,1100,1000,900,875,0
2923,لوازم ميكب ارتيست شنطه مكياج ريشه S106,0,0,458٫08,0,950,0,850,0,800,0,750,0,2023/12/15,,,,,,,,,,,,,,,071012,S106,0,,0,لوازم ميكب ارتيست,شنطه مكياج ريشه,,,,107٫39,0,0,,1,نواقص,99999,,458,,2023/10/13,,,,,,,,2023/05/03,,-1,,,,,رويال/ادره المخازن,,,,0,51٫78,458,2022/02/09,,458٫08,لا,950,850,800,750,0
2924,لوازم ميكب ارتيست شنطه ورد مط S93,0,0,763٫59,0,1000,0,950,0,875,0,825,0,2023/12/15,,,,,,,,,,,,,,,071011,S93,0,,0,لوازم ميكب ارتيست,شنطه ورد مط,,,,30٫96,0,0,,1,نواقص,1228,,750,,2022/08/09,,,,,,,,2022/08/09,,-1,,,,,عالم سمسم,,,,0,23٫64,763٫59,2021/09/07,,763٫59,لا,1000,950,875,825,0
2925,لوازم ميكب ارتيست شنطه ووتر بروف لابتوب,0,0,458٫16,0,750,0,650,0,600,0,500,0,2022/07/04,,,,,,,,,,,,,,,071004,,0,,0,لوازم ميكب ارتيست,شنطه ووتر بروف لابتوب,,,,63٫7,0,0,,1,نواقص,99999,,450,,2022/06/18,,,,,,,,2022/07/04,,-1,,,,,عالم سمسم,,,,0,38٫91,458٫16,2021/09/07,,458٫16,لا,750,650,600,500,0
2926,لوازم ميكب ارتيست كرسي شعر ووتر بروف مستورد,0,0,1679٫9,0,2500,0,2250,0,2100,0,1850,0,2023/05/19,,,,,,,,,,,,,,,071001,مستورد,0,,0,لوازم ميكب ارتيست,كرسي شعر ووتر بروف,,,,48٫82,0,0,,1,نواقص,99999,,1650,,2022/02/08,,,,,,,,2023/05/19,,-1,,,,,عالم سمسم,,,,0,32٫8,1679٫9,2021/09/07,,1679٫9,لا,2500,2250,2100,1850,0
2927,لوازم ميكب ارتيست لاصق رموش Ib دهبي,0,0,196٫98,0,300,0,280,0,260,0,240,0,2023/12/11,,,,,,,,,,,,,,,071015,Ib,0,,0,لوازم ميكب ارتيست,لاصق رموش,دهبي,,,52٫3,0,0,,1,نواقص,99999,,190,,2023/10/13,,,,,,,,2023/08/04,,-1,,,,,معرض صاصا,,,,0,34٫34,196٫98,2023/03/04,,196٫98,لا,300,280,260,240,0
2928,لوازم ميكب ارتيست لاصق رموش IB شهر,0,0,165٫88,0,250,0,240,0,230,0,200,0,2023/12/15,,,,,,,,,,,,,,,071014,IB,0,,0,لوازم ميكب ارتيست,لاصق رموش,شهر,,,50٫71,0,0,,1,نواقص,99999,,160,,2023/10/13,,,,,,,,2023/04/15,,-1,,,,,معرض صاصا,,,,0,33٫65,165٫88,2023/03/04,,165٫88,لا,250,240,230,200,0
2929,لوازم ميكب ارتيست مغناطيس كت اي ساده,0,0,20٫74,0,30,0,28,0,26,0,24,0,2025/06/28,,,,,,,,,,,,,,,071026,,0,,0,لوازم ميكب ارتيست,مغناطيس كت اي ساده,,,,44٫68,0,0,,1,نواقص,99999,,20,,2025/02/03,,,,,,,,2025/01/21,,-1,,,,,معرض صاصا,,,,0,30٫88,20٫74,2023/03/04,,20٫74,لا,30,28,26,24,0
17,إجمالي -   لوازم ميكب ارتيست,0,0,0,0,0,0,0,0,0,0,0,0,,0,0,0,0,0,0,0,0,0,0,0,0,0,0,,,0,0,0,,,,,,0,0,,,,,,,0,,,,,0,0,0,0,0,,,,,,,,,,,,,,0,,,0,,0,0,0,0,
,,,,,,,,,,,,,,,,,,,,,,,,,,,,,,,,,,,,,,,,,,,,,,,,,,,,,,,,,,,,,,,,,,,,,,,,,,,,,,,
,لوفه,,,,,,,,,,,,,,,,,,,,,,,,,,,,,,,,,لوفه,,,,,,,,,,,,,,,,,,,,,,,,,,,,,,,,,,,,,,,,,,,,,
2930,لوفه طويل اياد,0,0,10,0,15,0,14,0,13,0,12,0,2025/06/28,,,,,,,,,,,,,,,058007,اياد,0,,0,لوفه,طويل,,,,50,0,0,,1,نواقص,99999,,10,,2023/10/25,,,,,,,,2023/10/25,,-1,,,,,كيرمينا,,,,0,33٫33,10,2023/05/28,,10,لا,15,14,13,12,0
2931,لوفه لوف بشكير,0,0,9,0,15,0,13,0,11,0,10,0,2023/12/15,,,,,,,,,,,,,,,058003,,0,,0,لوفه,لوف بشكير,,,,66٫67,0,0,,1,نواقص,99999,,9,,2022/06/18,,,,,,,,2021/11/29,,-1,,,,,رويال / اداره المخازن الاقصر,,,,0,40,9,2022/02/24,,9,لا,15,13,11,10,0
2932,لوفه لوف بيبي,0,0,0,0,20,0,17,0,15,0,13,0,,,,,,,,,,,,,,,,058005,,0,,0,لوفه,لوف بيبي,,,,,0,0,,1,نواقص,99999,,0,,2021/07/15,,,,,,,,,,-1,,,,,,,,,0,,0,,,0,لا,20,17,15,13,0
2933,لوفه لوف جوانتي,0,0,5,0,15,0,13,0,11,0,9,0,2022/04/21,,,,,,,,,,,,,,,058004,,0,,0,لوفه,لوف جوانتي,,,,200,0,0,,1,نواقص,99999,,5,,2022/04/25,,,,,,,,2022/04/21,,-1,,,,,رويال / اداره المخازن الاقصر,,,,0,66٫67,5,2022/02/24,,5,لا,15,13,11,9,0
2934,لوفه لوف زراعي,0,0,5,0,10,0,8,0,7,0,6,0,2023/12/15,,,,,,,,,,,,,,,058006,,0,,0,لوفه,لوف زراعي,,,,100,0,0,,1,نواقص,99999,,5,,2022/06/18,,,,,,,,2022/04/21,,-1,,,,,رويال / اداره المخازن الاقصر,,,,0,50,5,2022/02/24,,5,لا,10,8,7,6,0
2935,لوفه لوف طويل الوان,0,0,8٫5,0,15,0,12,0,10,0,9٫5,0,2023/12/15,,,,,,,,,,,,,,,058001,,0,,0,لوفه,لوف طويل الوان,,,,76٫47,0,0,,1,نواقص,99999,,8٫5,,2022/06/18,,,,,,,,2023/09/30,,-1,,,,,رويال / اداره المخازن الاقصر,,,,0,43٫33,8٫5,2022/02/24,,8٫5,لا,15,12,10,9٫5,0
2936,لوفه لوف طويل دهبي,0,0,10,0,17,0,15,0,12,0,11,0,2023/12/15,,,,,,,,,,,,,,,058002,,0,,0,لوفه,لوف طويل دهبي,,,,70,0,0,,1,---,99999,,10,,2021/11/16,,,,,,,,2023/10/06,,-1,,,,,رويال / اداره المخازن الاقصر,,,,0,41٫18,10,2022/02/24,,10,لا,17,15,12,11,0
7,إجمالي -   لوفه,0,0,0,0,0,0,0,0,0,0,0,0,,0,0,0,0,0,0,0,0,0,0,0,0,0,0,,,0,0,0,,,,,,0,0,,,,,,,0,,,,,0,0,0,0,0,,,,,,,,,,,,,,0,,,0,,0,0,0,0,
,,,,,,,,,,,,,,,,,,,,,,,,,,,,,,,,,,,,,,,,,,,,,,,,,,,,,,,,,,,,,,,,,,,,,,,,,,,,,,,
,مستورد,,,,,,,,,,,,,,,,,,,,,,,,,,,,,,,,,مستورد,,,,,,,,,,,,,,,,,,,,,,,,,,,,,,,,,,,,,,,,,,,,,
2937,مستورد 7 OIL IN 1 100,0,0,35,0,65,0,60,0,55,0,50,0,2023/12/05,,,,,,,,,,,,,,,8901248257329,100,0,,0,مستورد,7 OIL IN 1,,,,85٫71,0,0,,1,نواقص,99999,,35,,2023/12/06,,,,,,,,2023/12/05,,-1,,,,,مايكل ثروت / مايت سينما,,,,0,46٫15,35,2023/08/10,,35,لا,65,60,55,50,0
2938,مستورد ALTEREGO ITALY HAIR STRAIGHTENING CREAM,0,0,170,0,300,0,280,0,250,0,210,0,2023/12/15,,,,,,,,,,,,,,,8008277100869,HAIR STRAIGHTENING CREAM,0,,0,مستورد,ALTEREGO ITALY,,,,76٫47,0,0,,1,---,99999,,170,,,,,,,,,,,,-1,,,,,سعيد سالم,,,,0,43٫33,170,2021/10/26,,170,لا,300,280,250,210,0
2939,مستورد AMALFI CODITINER,0,0,0,0,80,0,75,0,65,0,60,0,,,,,,,,,,,,,,,,8414227044105,,0,,0,مستورد,AMALFI CODITINER,,,,,0,0,منتجات العنايه الشخصيه,1,نواقص,99999,\us\134\pid\264\f132541034390828822007.png,0,,2021/07/15,,,,,,,,,,0,2021/10/01,5,#ROYALELCHIM ,"امالفي، ,بالكرياتين  ,للشعر  ,بلسم  ,العنايه  ,بالشعر , الشخصيه ,امالفى  , AMALFI , CODITINER",,,,,0,,0,,AMALFI بلسم للشعر بالكرياتين 1 لتر,0,لا,80,75,65,60,3
2940,مستورد AMALFI HAIR MASK,0,0,0,0,80,0,75,0,65,0,60,0,,,,,,,,,,,,,,,,8414227044129,,0,,0,مستورد,AMALFI HAIR MASK,,,,,0,0,منتجات العنايه الشخصيه,1,نواقص,99999,\us\134\pid\263\f132541021858816296073.jpg,0,,2021/07/15,,,,,,,,,,-2,2021/10/01,5,#ROYALELCHIM ,"MASK , HAIR ,ROYALELCHIM,AMALFI ,ماسك  ,بالكرياتين  ,500",,,,,0,,0,,AMALFI ماسك للشعر بالكرياتين 500 مل,0,لا,80,75,65,60,4
2941,مستورد AMALFI SHAMPO,0,0,0,0,75,0,70,0,65,0,55,0,,,,,,,,,,,,,,,,8414227044112,,0,,0,مستورد,AMALFI SHAMPO,,,,,0,0,منتجات العنايه الشخصيه,1,نواقص,99999,\us\134\pid\265\f132541025602452580076.png,0,,2021/07/15,,,,,,,,,,0,2021/10/01,5,#ROYALELCHIM ,"AMALFI , SHAMPO ,شامبو  ,.بالكرياتين  ,العنايه  ,الشخصيه , ROYALELCHIM , ELCHIM ,ROYAL , رويال , الكيم , شامبو",,,,,0,,0,,AMALFI شامبو بالكرياتين بتركيبة جديدة   750 مل,0,لا,75,70,65,55,3
2942,مستورد AMPOLLA ANTICAIDA,0,0,12٫5,0,30,0,25,0,20,0,15,0,2024/02/05,,,,,,,,,,,,,,,5707725093342,,0,,0,مستورد,AMPOLLA ANTICAIDA,,,,140,0,0,منتجات العنايه الشخصيه,1,نواقص,99999,\us\134\pid\52\f132541619661532806046.jpg,12٫5,,2024/02/05,,,,,,,,2024/02/05,,0,2021/10/01,10,#ROYALELCHIM ,"ROYAL, ELCHIM ,NATURALEZA   ,MEDICAL  ,COLLAGEN ,العنايه  ,بالشعر ,منتجات  ,منتجات العنايه الشخصيه",رصيد اول المده,,,,0,58٫33,12٫5,2021/08/28,NATURALEZA  MEDICAL COLLAGEN,12٫5,لا,30,25,20,15,3
2943,مستورد BANJARAS OIL,0,0,100,0,180,0,170,0,160,0,150,0,2024/02/11,,,,,,,,,,,,,,,8906050592507,,0,,0,مستورد,BANJARAS OIL,,,,80,0,0,,1,نواقص,99999,,100,,2024/02/11,,,,,,,,2024/02/11,,-1,,,,,مايكل ثروت / مايت سينما,,,,0,44٫44,100,2023/08/10,,100,لا,180,170,160,150,0
2944,مستورد Bless 200 Ml,0,0,35,0,70,0,60,0,50,0,40,0,2023/03/29,,,,,,,,,,,,,,,6224009072040,200 Ml,0,,0,مستورد,Bless,,,,100,0,0,,1,نواقص,99999,,35,,2022/04/16,,,,,,,,2023/03/29,,-1,,,,,,,,,0,50,35,2022/02/22,,35,لا,70,60,50,40,0
2945,مستورد Bless 250 Ml,0,0,45,0,80,0,70,0,60,0,50,0,2023/03/26,,,,,,,,,,,,,,,6224009072071,250 Ml,0,,0,مستورد,Bless,,,,77٫78,0,0,,1,نواقص,99999,,45,,2022/03/08,,,,,,,,2023/03/26,,-1,,,,,,,,,0,43٫75,45,2022/02/22,,45,لا,80,70,60,50,0
2946,مستورد Bless Leave In Cream Curl,0,0,65٫92,0,90,0,85,0,80,0,70,0,2023/10/12,,,,,,,,,,,,,,,6224009072019,Leave In Cream,0,,0,مستورد,Bless,Curl,,,36٫53,0,0,,1,نواقص,99999,,60,,2023/10/13,,,,,,,,2023/03/11,,-1,,,,,,,,,0,26٫76,60,2023/07/17,,65٫92,لا,90,85,80,70,0
2947,مستورد Bless Leave In Cream Curl,0,0,73٫2,0,105,0,100,0,95,0,90,0,2024/04/14,,,,,,,,,,,,,,,6224009072200,Leave In Cream,0,,0,مستورد,Bless,Curl,Argan,,43٫44,0,0,,1,نواقص,99999,,70,,2024/04/15,,,,,,,,2024/04/14,,-1,,,,,محارب صبرى,,,,0,30٫29,70,2024/03/30,,73٫2,لا,105,100,95,90,0
2948,مستورد Bless Leave In Cream Curl,0,0,49٫03,0,90,0,85,0,80,0,70,0,2023/12/15,,,,,,,,,,,,,,,006022,Leave In Cream,0,,0,مستورد,Bless,Curl,TUBE,,83٫54,0,0,,1,نواقص,99999,,40,,2023/10/13,,,,,,,,2023/09/11,,-1,,,,,,,,,0,45٫52,40,2023/07/17,,49٫03,لا,90,85,80,70,0
2949,مستورد Bless Leave In Cream Curl,0,0,78,0,105,0,100,0,95,0,90,0,2024/04/15,,,,,,,,,,,,,,,6224009072842,Leave In Cream,0,,0,مستورد,Bless,Curl,Vitamin,,34٫62,0,0,,1,نواقص,99999,,78,,2024/04/15,,,,,,,,2024/04/15,,-1,,,,,اسحق انور,,,,0,25٫71,78,2024/03/30,,78,لا,105,100,95,90,0
2950,مستورد Bless Shampoo Blue,0,0,60,0,90,0,85,0,75,0,65,0,2022/10/10,,,,,,,,,,,,,,,6224009072026,Shampoo,0,,0,مستورد,Bless,Blue,,,50,0,0,,1,نواقص,99999,,60,,2022/10/11,,,,,,,,2022/10/10,,-1,,,,,,,,,0,33٫33,60,2022/02/22,,60,لا,90,85,75,65,0
2951,مستورد Bless Shampoo Red,0,0,75,0,100,0,90,0,85,0,80,0,2022/03/11,,,,,,,,,,,,,,,6224009072033,Shampoo,0,,0,مستورد,Bless,Red,,,33٫33,0,0,,1,نواقص,99999,,75,,2022/03/15,,,,,,,,2022/03/11,,-1,,,,,,,,,0,25,75,2022/02/22,,75,لا,100,90,85,80,0
2952,مستورد BODY LOTION PERFECT PEONY,0,0,150,0,300,0,280,0,260,0,240,0,2023/09/07,,,,,,,,,,,,,,,667552243196,PERFECT,0,,0,مستورد,BODY LOTION,PEONY,,,100,0,0,,1,نواقص,99999,,150,,2023/09/05,,,,,,,,2023/09/07,,-1,,,,,مايكل ثروت / مايت سينما,,,,0,50,150,2023/08/10,,150,لا,300,280,260,240,0
2953,مستورد BODY LOTION SUMMER MELODY,0,0,150,0,300,0,280,0,260,0,230,0,2023/09/07,,,,,,,,,,,,,,,667556386202,SUMMER MELODY,0,,0,مستورد,BODY LOTION,,,,100,0,0,,1,نواقص,99999,,150,,2023/09/05,,,,,,,,2023/09/07,,-1,,,,,مايكل ثروت / مايت سينما,,,,0,50,150,2023/08/10,,150,لا,300,280,260,230,0
2954,مستورد CARE & MORE MIXED BERRIES,0,0,28,0,40,0,38,0,36,0,34,0,2024/06/29,,,,,,,,,,,,,,,6223004680151,MIXED BERRIES,0,,0,مستورد,CARE & MORE,,,,42٫86,0,0,,1,نواقص,99999,,28,,2024/05/20,,,,,,,,2024/06/29,,-1,,,,,اسحق انور,,,,0,30,28,2024/04/15,,28,لا,40,38,36,34,0
2955,مستورد CARE & MORE STRAWBERRY,0,0,28,0,40,0,38,0,35,0,33,0,2025/06/28,,,,,,,,,,,,,,,6223004687235,STRAWBERRY,0,,0,مستورد,CARE & MORE,,,,42٫86,0,0,,1,نواقص,99999,,28,,2025/02/03,,,,,,,,2024/05/13,,-1,,,,,اسحق انور,,,,0,30,28,2024/04/15,,28,لا,40,38,35,33,0
2956,مستورد CARE & MORE VANILLA COOKIES,0,0,28,0,40,0,36,0,33,0,30,0,2024/07/01,,,,,,,,,,,,,,,6223004687082,VANILLA COOKIES,0,,0,مستورد,CARE & MORE,,,,42٫86,0,0,,1,نواقص,99999,,28,,2024/07/01,,,,,,,,2024/07/01,,-1,,,,,اسحق انور,,,,0,30,28,2024/04/15,,28,لا,40,36,33,30,0
2957,مستورد Cartana Style Chic,0,0,0,0,100,0,80,0,65,0,55,0,,,,,,,,,,,,,,,,6224009473014,,0,,0,مستورد,Cartana Style Chic,,,,,0,0,منتجات العنايه الشخصيه,1,نواقص,99999,\us\134\pid\253\f132581423675212339554.png,0,,2021/07/15,,,,,,,,,,0,2021/04/01,20,#ROYALELCHIM ,"العنايه,بالشعر,CARTANA,STYLE,CHIC",,,,,0,,0,,CARTANA STYLE CHIC,0,لا,100,80,65,55,2
2958,مستورد CAVIAR EYE MASK,0,0,115,0,160,0,150,0,140,0,130,0,2024/04/09,,,,,,,,,,,,,,,6971158994043,,0,,0,مستورد,CAVIAR EYE MASK,,,,39٫13,0,0,,1,نواقص,99999,,115,,2024/04/11,,,,,,,,2024/04/09,,-1,,,,,ميخائيل نجع حمادي,,,,0,28٫13,115,2021/05/13,,115,لا,160,150,140,130,0
2959,مستورد Color Designe,0,0,40,0,65,0,60,0,55,0,52,0,2023/12/15,,,,,,,,,,,,,,,006011,,0,,0,مستورد,Color Designe,,,,62٫5,0,0,,1,نواقص,99999,,40,,2023/10/13,,,,,,,,,,-1,,,,,رويال/ادره المخازن,,,,0,38٫46,40,2022/02/11,,40,لا,65,60,55,52,0
2960,مستورد COSMO DESIGN DANCE GOLD 150 ML,0,0,17٫5,0,35,0,30,0,25,0,20,0,2023/10/15,,,,,,,,,,,,,,,3587925309267,DANCE GOLD,0,,0,مستورد,COSMO DESIGN,150 ML,,,100,0,0,,1,نواقص,99999,,17٫5,,2022/12/23,,,,,,,,2023/10/15,,-1,,,,,ا/عبد الفتاح سمير عبد الفتاح,,,,0,50,17٫5,2021/09/14,,17٫5,لا,35,30,25,20,0
2961,مستورد Devi Hair Serum,0,0,0,0,120,0,100,0,80,0,70,0,,,,,,,,,,,,,,,,4823015930201,,0,,0,مستورد,Devi Hair Serum,,,,,0,0,منتجات العنايه الشخصيه,1,---,99999,\us\134\pid\254\f132542388059870393178.jpg,0,,2021/07/15,,,,,,,,,,0,2021/01/10,18,#ROYALELCHIM ,"DEVI,HAIR.SERUM,سيرم,زيت.للشعر,نعومه,لمعه",,,,,0,,0,,DEVI HAIR SERUM,0,لا,120,100,80,70,4
2962,مستورد DISAAR VITAMIN C,0,0,90,0,150,0,140,0,130,0,120,0,2025/06/21,,,,,,,,,,,,,,,6932511219333,VITAMIN C,0,,0,مستورد,DISAAR,,,,66٫67,0,0,,1,نواقص,99999,,90,,2025/03/25,,,,,,,,2025/06/21,,-1,,,,,مايكل ثروت / مايت سينما,,,,0,40,90,2023/08/10,,90,لا,150,140,130,120,0
2963,مستورد DISAAR VITAMIN C هالات,0,0,40,0,75,0,70,0,65,0,60,0,2023/10/23,,,,,,,,,,,,,,,6932511219340,VITAMIN C,0,,0,مستورد,DISAAR,هالات,,,87٫5,0,0,,1,نواقص,99999,,40,,2023/10/23,,,,,,,,2023/10/23,,-1,,,,,مايكل ثروت / مايت سينما,,,,0,46٫67,40,2023/08/10,,40,لا,75,70,65,60,0
2964,مستورد DOVE GREEN TEA,0,0,70,0,130,0,120,0,110,0,100,0,2023/10/07,,,,,,,,,,,,,,,50285662,GREEN TEA,0,,0,مستورد,DOVE,,,,85٫71,0,0,,1,نواقص,99999,,70,,2023/10/07,,,,,,,,2023/10/07,,-1,,,,,مايكل ثروت / مايت سينما,,,,0,46٫15,70,2023/08/10,,70,لا,130,120,110,100,0
2965,مستورد DOVE ORIGINAL,0,0,70,0,130,0,120,0,110,0,100,0,2023/10/10,,,,,,,,,,,,,,,80466437,ORIGINAL,0,,0,مستورد,DOVE,,,,85٫71,0,0,,1,نواقص,99999,,70,,2023/10/10,,,,,,,,2023/10/10,,-1,,,,,مايكل ثروت / مايت سينما,,,,0,46٫15,70,2023/08/10,,70,لا,130,120,110,100,0
2966,مستورد DOVE ULTIMATE,0,0,70,0,130,0,120,0,110,0,100,0,2023/08/17,,,,,,,,,,,,,,,4800888222787,ULTIMATE,0,,0,مستورد,DOVE,,,,85٫71,0,0,,1,نواقص,99999,,70,,2023/08/18,,,,,,,,2023/08/17,,-1,,,,,مايكل ثروت / مايت سينما,,,,0,46٫15,70,2023/08/10,,70,لا,130,120,110,100,0
2967,مستورد Dr Rashel 24 K Gold,0,0,60,0,100,0,95,0,85,0,75,0,2023/09/10,,,,,,,,,,,,,,,6971764151403,,0,,0,مستورد,Dr Rashel 24 K Gold,,,,66٫67,0,0,,1,نواقص,99999,,60,,2023/09/10,,,,,,,,2023/09/10,,-1,,,,,مايكل ثروت / مايت سينما,,,,0,40,60,2023/08/10,,60,لا,100,95,85,75,0
2968,مستورد Dr.rashel سيرم بالهالورنك اسيد,0,0,120,0,170,0,160,0,150,0,140,0,2023/10/09,,,,,,,,,,,,,,,6971764151540,سيرم بالهالورنك اسيد,0,,0,مستورد,Dr.rashel,,,,41٫67,0,0,,1,نواقص,99999,,120,,2023/10/09,,,,,,,,2023/10/09,,-1,,,,,مايكل ثروت / مايت سينما,,,,0,29٫41,120,2023/08/10,,120,لا,170,160,150,140,0
2969,مستورد ELSADA HAIR SPRAY,0,0,55٫54,0,95,0,80,0,70,0,65,0,2023/12/15,,,,,,,,,,,,,,,5283022010256,HAIR SPRAY,0,,0,مستورد,ELSADA,,,,71٫06,0,0,,1,نواقص,99999,,55,,2023/06/18,,,,,,,,2023/01/14,,-1,,,,,رويال/ادره المخازن,,,,0,41٫54,55,2022/02/02,,55٫54,لا,95,80,70,65,0
2970,مستورد ENCHANTEUR POWDER 250 GM ALLURING,0,0,70,0,115,0,110,0,105,0,100,0,2023/08/17,,,,,,,,,,,,,,,8888202026422,250 GM,0,,0,مستورد,ENCHANTEUR POWDER,ALLURING,,,64٫29,0,0,,1,نواقص,99999,,70,,2023/08/18,,,,,,,,2023/08/17,,-1,,,,,مايكل ثروت / مايت سينما,,,,0,39٫13,70,2023/08/10,,70,لا,115,110,105,100,0
2971,مستورد Energy Spry Extream Hold,0,0,148,0,185,0,175,0,170,0,165,0,2024/11/09,,,,,,,,,,,,,,,6223009500508,Extream Hold,0,,0,مستورد,Energy Spry,,,,25,0,0,,1,نواقص,99999,,148,,2024/11/09,,,,,,,,2024/11/09,,-1,,,,,اسحق انور,,,,0,20,148,2024/03/30,,148,لا,185,175,170,165,0
2972,مستورد Energy Spry Ultra Hold,0,0,148,0,185,0,180,0,175,0,165,0,2026/03/09,,,,,,,,,,,,,,,6223009500515,Ultra Hold,0,,0,مستورد,Energy Spry,,,,25,0,0,,1,نواقص,99999,,148,,2026/03/09,,,,,,,,2026/03/09,,-1,,,,,اسحق انور,,,,0,20,148,2024/03/30,,148,لا,185,180,175,165,0
2973,مستورد ENLIVEN HAIR SPRAY,0,0,45,0,75,0,65,0,55,0,50,0,2023/09/03,,,,,,,,,,,,,,,5055028381735,,0,,0,مستورد,ENLIVEN HAIR SPRAY,,,,66٫67,0,0,منتجات العنايه الشخصيه,1,نواقص,1311,\us\134\pid\272\f132545136164523503039.jpg,45,,2021/07/15,,,,,,,,2023/09/03,,0,2021/10/01,5,#ROYALELCHIM ,"ENLIVEN ,HAIR  ,SPRAY ,العنايه  ,بالشعر ,الشخصيه , ROYAL , ELCHIM",رويال/ادره المخازن,,,,0,40,45,2022/02/11,ENLIVEN HAIR SPRAY,45,لا,75,65,55,50,3
2974,مستورد Eye Cream,0,0,40,0,70,0,60,0,50,0,45,0,2025/06/28,,,,,,,,,,,,,,,5280270004679,,0,,0,مستورد,Eye Cream,,,,75,0,0,,1,نواقص,99999,,40,,2024/03/24,,,,,,,,2024/03/24,,-1,,,,,,,,,0,42٫86,40,2022/02/22,,40,لا,70,60,50,45,0
2975,مستورد FAIRNESS CREAM TOUCH ME,0,0,13,0,35,0,30,0,25,0,15,0,2023/12/15,,,,,,,,,,,,,,,8857101134688,,0,,0,مستورد,FAIRNESS CREAM TOUCH ME,,,,169٫23,0,0,منتجات العنايه الشخصيه,1,نواقص,99999,\us\134\pid\813\f132581395230855975316.png,13,,2021/07/15,,,,,,,,,,0,2020/04/01,10,#ROYALELCHIM ,"العنايه,بالبشره,FAIRNESS,CREAM,TOUCH,ME",رصيد اول المده,,,,0,62٫86,13,2021/08/29,FAIRNESS CREAM TOUCH ME,13,لا,35,30,25,15,2
2976,مستورد Fixspray,0,0,69٫29,0,110,0,100,0,90,0,80,0,2025/10/18,,,,,,,,,,,,,,,5466548521653,,0,,0,مستورد,Fixspray,,,,58٫76,0,0,,1,نواقص,99999,,70,,2024/02/18,,,,,,,,2025/10/18,,-1,,,,,محارب صبرى,,,,0,37٫01,70,2024/03/30,,69٫29,لا,110,100,90,80,0
2977,مستورد Garnier Serum,0,0,100,0,160,0,150,0,140,0,130,0,2023/10/25,,,,,,,,,,,,,,,3600542398183,,0,,0,مستورد,Garnier Serum,,,,60,0,0,,1,نواقص,99999,,100,,2023/10/25,,,,,,,,2023/10/25,,-1,,,,,مايكل ثروت / مايت سينما,,,,0,37٫5,100,2023/08/10,,100,لا,160,150,140,130,0
2978,مستورد GARNIER SHEET MASK بخلاصه الرومان,0,0,40,0,70,0,60,0,65,0,50,0,2025/03/20,,,,,,,,,,,,,,,3600542064934,بخلاصه الرومان,0,,0,مستورد,GARNIER SHEET MASK,,,,75,0,0,,1,نواقص,99999,,40,,2025/03/20,,,,,,,,2025/03/20,,-1,,,,,مايكل ثروت / مايت سينما,,,,0,42٫86,40,2023/08/10,,40,لا,70,60,65,50,0
2979,مستورد GARNIER SHEET MASK بخلاصه شاي الاخضر,0,0,40,0,70,0,60,0,65,0,50,0,2025/03/22,,,,,,,,,,,,,,,3600542065016,بخلاصه شاي الاخضر,0,,0,مستورد,GARNIER SHEET MASK,,,,75,0,0,,1,نواقص,99999,,40,,2025/03/22,,,,,,,,2025/03/22,,-1,,,,,مايكل ثروت / مايت سينما,,,,0,42٫86,40,2023/08/10,,40,لا,70,60,65,50,0
2980,مستورد Go Spray Chance 150 Ml,0,0,17٫5,0,35,0,30,0,25,0,20,0,2023/12/15,,,,,,,,,,,,,,,8696630140913,Chance,0,,0,مستورد,Go Spray,150 Ml,,,100,0,0,,1,نواقص,99999,,17٫5,,2022/05/27,,,,,,,,2022/05/26,,-1,,,,,الاستاذ/عبد الفتاح سمير,,,,0,50,17٫5,2022/02/11,,17٫5,لا,35,30,25,20,0
2981,مستورد Hair Mask GK,0,0,40,0,75,0,65,0,55,0,45,0,2023/12/15,,,,,,,,,,,,,,,6325844562519,GK,0,,0,مستورد,Hair Mask,,,,87٫5,0,0,,1,نواقص,99999,,40,,2022/06/18,,,,,,,,2022/04/12,,-1,,,,,,,,,0,46٫67,40,2022/02/22,,40,لا,75,65,55,45,0
2982,مستورد Hair Remover J.casanova Blue,0,0,45,0,75,0,65,0,60,0,55,0,2023/04/08,,,,,,,,,,,,,,,6281056587859,J.casanova Blue,0,,0,مستورد,Hair Remover,,,,66٫67,0,0,,1,نواقص,99999,,45,,2023/04/08,,,,,,,,2023/04/08,,-1,,,,,رويال / اداره المخازن الاقصر,,,,0,40,45,2021/11/24,,45,لا,75,65,60,55,0
2983,مستورد Hello Beautiful Bodylotion,0,0,0,0,60,0,50,0,40,0,30,0,,,,,,,,,,,,,,,,667534380383,Bodylotion,0,,0,مستورد,Hello Beautiful,,,,,0,0,,1,نواقص,99999,,0,,2021/07/15,,,,,,,,,,-1,,,,,,,,,0,,0,,,0,لا,60,50,40,30,0
2984,مستورد ITALY BLACK HAIR SPRAY,0,0,79٫83,0,120,0,110,0,100,0,90,0,2023/12/15,,,,,,,,,,,,,,,8008423990030,,0,,0,مستورد,ITALY BLACK HAIR SPRAY,,,,50٫32,0,0,منتجات العنايه الشخصيه,1,نواقص,99999,\us\134\pid\271\f132541047349392704010.png,80,,2023/03/08,,,,,,,,2023/05/25,,0,2021/10/01,10,#ITALY ,"BLACK  ,HAIR  ,SPRAY  ,العنايه  ,بالشعر ,العنايه  ,الشخصيه",رويال/ادره المخازن,,,,0,33٫48,80,2022/02/02,BLACK HAIR SPRAY 500ml,79٫83,لا,120,110,100,90,2
2985,مستورد J.CASANOVA HAIR FOOD,0,0,70,0,125,0,115,0,105,0,100,0,2023/09/04,,,,,,,,,,,,,,,6281056587811,HAIR FOOD,0,,0,مستورد,J.CASANOVA,,,,78٫57,0,0,,1,نواقص,99999,,70,,2023/09/04,,,,,,,,2023/09/04,,-1,,,,,مايكل ثروت / مايت سينما,,,,0,44,70,2023/08/10,,70,لا,125,115,105,100,0
2986,مستورد Japanese Cherry Blossom Body Lotion,0,0,25,0,55,0,50,0,40,0,30,0,2023/12/15,,,,,,,,,,,,,,,667532627114,Body Lotion,0,,0,مستورد,Japanese Cherry Blossom,,,,120,0,0,,1,نواقص,99999,,25,,2022/06/18,,,,,,,,2022/04/18,,-1,,,,,رويال / اداره المخازن الاقصر,,,,0,54٫55,25,2022/02/24,,25,لا,55,50,40,30,0
2987,مستورد Kesh King Oil,0,0,115,0,160,0,150,0,140,0,1350,0,2023/12/15,,,,,,,,,,,,,,,8901248297110,Oil,0,,0,مستورد,Kesh King,,,,39٫13,0,0,,1,نواقص,99999,,115,,2023/08/14,,,,,,,,,,-1,,,,,مايكل ثروت / مايت سينما,,,,0,28٫13,115,2023/08/10,,115,لا,160,150,140,1350,0
2988,مستورد Kesh King Oil 80,0,0,70,0,95,0,90,0,85,0,80,0,2023/10/18,,,,,,,,,,,,,,,8901248297158,Oil,0,,0,مستورد,Kesh King,80,,,35٫71,0,0,,1,نواقص,99999,,70,,2023/10/06,,,,,,,,2023/10/18,,-1,,,,,مايكل ثروت / مايت سينما,,,,0,26٫32,70,2023/08/10,,70,لا,95,90,85,80,0
2989,مستورد Kesh King Oil عرض,0,0,125,0,170,0,160,0,150,0,140,0,2023/08/29,,,,,,,,,,,,,,,006025,Oil,0,,0,مستورد,Kesh King,عرض,,,36,0,0,,1,نواقص,99999,,125,,2023/08/29,,,,,,,,2023/08/29,,-1,,,,,مايكل ثروت / مايت سينما,,,,0,26٫47,125,2023/08/10,,125,لا,170,160,150,140,0
2990,مستورد Kesh King حناء طبيعي,0,0,40,0,60,0,55,0,50,0,45,0,2025/06/28,,,,,,,,,,,,,,,8901248243452,,0,,0,مستورد,Kesh King حناء طبيعي,,,,50,0,0,,1,نواقص,99999,,40,,2024/11/02,,,,,,,,2024/11/02,,-1,,,,,مايكل ثروت / مايت سينما,,,,0,33٫33,40,2023/08/10,,40,لا,60,55,50,45,0
2991,مستورد Keshking Shampo 340 Ml,0,0,125,0,165,0,155,0,145,0,140,0,2023/12/15,,,,,,,,,,,,,,,8901248240284,340 Ml,0,,0,مستورد,Keshking Shampo,,,,32,0,0,,1,نواقص,99999,,125,,2023/10/13,,,,,,,,2023/07/06,,-1,,,,,ميخائيل نجع حمادي,,,,0,24٫24,125,2023/04/11,,125,لا,165,155,145,140,0
2992,مستورد LADY FRESH&ESSENCE,0,0,60,0,90,0,80,0,70,0,65,0,2022/08/06,,,,,,,,,,,,,,,022200750394,FRESH&ESSENCE,0,,0,مستورد,LADY,,,,50,0,0,,1,نواقص,99999,,60,,2022/08/06,,,,,,,,2022/08/06,,-1,,,,,,,,,0,33٫33,60,2022/08/06,,60,لا,90,80,70,65,0
2993,مستورد LADY PEARL 45G,0,0,40,0,70,0,60,0,50,0,45,0,2022/08/06,,,,,,,,,,,,,,,7509546048314,PEARL,0,,0,مستورد,LADY,45G,,,75,0,0,,1,نواقص,99999,,40,,2022/08/06,,,,,,,,2022/08/06,,-1,,,,,,,,,0,42٫86,40,2022/02/22,,40,لا,70,60,50,45,0
2994,مستورد LADY SPEED STICK,0,0,140,0,180,0,170,0,160,0,150,0,2025/03/30,,,,,,,,,,,,,,,022200963435,SPEED STICK,0,,0,مستورد,LADY,,,,28٫57,0,0,,1,نواقص,99999,,140,,2025/04/01,,,,,,,,2025/03/30,,-1,,,,,اسحق انور,,,,0,22٫22,140,2024/04/15,,140,لا,180,170,160,150,0
2995,مستورد LADY VITAMIN E 45G,0,0,40,0,70,0,60,0,50,0,45,0,2022/08/19,,,,,,,,,,,,,,,7509546060613,VITAMIN E,0,,0,مستورد,LADY,45G,,,75,0,0,,1,نواقص,99999,,40,,2022/08/19,,,,,,,,2022/08/19,,-1,,,,,,,,,0,42٫86,40,2022/02/22,,40,لا,70,60,50,45,0
2996,مستورد Lova serum,0,0,60,0,120,0,100,0,80,0,70,0,2023/12/15,,,,,,,,,,,,,,,4820000307376,,0,,0,مستورد,Lova serum,,,,100,0,0,منتجات العنايه الشخصيه,1,نواقص,99999,\us\134\pid\255\f132542383462745948174.jpg,60,,2023/10/13,,,,,,,,,,0,2021/10/01,18,#ROYALELCHIM ,"سيرم,لتطويل,تنعيم,لمعه,زيت,LOVA,SERUM",رويال/ادره المخازن,,,,0,50,60,2022/02/09,LOVA SERUM,60,لا,120,100,80,70,4
2997,مستورد MALIZIA MOUSSE,0,0,40,0,65,0,55,0,50,0,45,0,2023/05/19,,,,,,,,,,,,,,,8003510003839,,0,,0,مستورد,MALIZIA MOUSSE,,,,62٫5,0,0,منتجات العنايه الشخصيه,1,---,99999,\us\134\pid\273\f132541401117032885019.png,40,,2021/07/15,,,,,,,,2023/05/19,,-1,2021/10/10,5,#ITALY ,"منتجات, العنايه ,الشخصيه,MALIZA,الشعر,HAIR,ROYALELCHIM,FIXED,مثبت,",رويال/ادره المخازن,,,,0,38٫46,40,2022/02/09,MALIZIA MOUSSE,40,لا,65,55,50,45,1
2998,مستورد Medi Hydro Vial eYe Mask,0,0,115,0,160,0,155,0,145,0,125,0,2022/01/03,,,,,,,,,,,,,,,6971158994050,,0,,0,مستورد,Medi Hydro Vial eYe Mask,,,,39٫13,0,0,,1,نواقص,99999,,115,,2022/01/03,,,,,,,,2022/01/03,,-1,,,,,ميخائيل نجع حمادي,,,,0,28٫13,115,2021/11/20,,115,لا,160,155,145,125,0
2999,مستورد Molto Bello مخمريه سيروم,0,0,115,0,170,0,155,0,140,0,130,0,2024/11/07,,,,,,,,,,,,,,,006027,مخمريه سيروم,0,,0,مستورد,Molto Bello,,,,47٫83,0,0,,1,---,99999,,115,,,,,,,,,,,,-1,,,,,Mahmoud Kilani,,,,0,32٫35,115,2024/10/22,,115,لا,170,155,140,130,0
3000,مستورد Moon Light Path Bodylotion,0,0,24,0,60,0,50,0,40,0,30,0,2023/12/15,,,,,,,,,,,,,,,667534380352,Bodylotion,0,,0,مستورد,Moon Light Path,,,,150,0,0,,1,نواقص,99999,,24,,2022/06/18,,,,,,,,,,-1,,,,,رويال / اداره المخازن الاقصر,,,,0,60,24,2022/02/24,,24,لا,60,50,40,30,0
3001,مستورد MOTIONS RELAXER,0,0,50,0,200,0,150,0,140,0,120,0,2022/11/02,,,,,,,,,,,,,,,802535338159,,0,,0,مستورد,MOTIONS RELAXER,,,,300,0,0,منتجات العنايه الشخصيه,1,نواقص,99999,\us\134\pid\269\f132541523779087029042.jpg,50,,2022/11/02,,,,,,,,2022/11/02,,-1,2021/10/10,10,#ROYALELCHIM ,"العنايه, بالشعر,التنعيم, الترطيب, التطويل,اللمعان,يمنع.التساقط,يعالج,الخصله,الخصله,من ,الهيشان",,,,,0,75,50,2022/11/02,MOTIONS RELAXER,50,لا,200,150,140,120,2
3002,مستورد Olive Oil Spray,0,0,70,0,120,0,110,0,100,0,85,0,2023/03/10,,,,,,,,,,,,,,,006020,,0,,0,مستورد,Olive Oil Spray,,,,71٫43,0,0,,1,---,99999,,70,,,,,,,,,,2023/03/10,,-1,,,,,محارب صبرى,,,,0,41٫67,70,2023/02/03,,70,لا,120,110,100,85,0
3003,مستورد Parachute زيت جوز هند,0,0,100,0,170,0,150,0,145,0,140,0,2023/11/02,,,,,,,,,,,,,,,8901200100045,,0,,0,مستورد,Parachute زيت جوز هند,,,,70,0,0,,1,نواقص,99999,,100,,2023/11/02,,,,,,,,2023/11/02,,-1,,,,,مايكل ثروت / مايت سينما,,,,0,41٫18,100,2023/08/10,,100,لا,170,150,145,140,0
3004,مستورد PARISIENNE BLUES HAIR SPRAY ML 750,0,0,105,0,160,0,140,0,130,0,120,0,2023/12/15,,,,,,,,,,,,,,,8008423031047,BLUES HAIR SPRAY,0,,0,مستورد,PARISIENNE,ML 750,,,52٫38,0,0,,1,نواقص,99999,,105,,2023/01/14,,,,,,,,2023/04/06,,-1,,,,,رويال/ادره المخازن,,,,0,34٫38,105,2022/02/02,,105,لا,160,140,130,120,0
3005,مستورد Pink Cashmere Body Lotion,0,0,0,0,55,0,50,0,45,0,30,0,,,,,,,,,,,,,,,,0667532628647,Body Lotion,0,,0,مستورد,Pink Cashmere,,,,,0,0,,1,نواقص,99999,,0,,2021/07/15,,,,,,,,,,-1,,,,,,,,,0,,0,,,0,لا,55,50,45,30,0
3006,مستورد ROLL ON BEESLINE,0,0,70,0,150,0,145,0,130,0,115,0,2023/10/13,,,,,,,,,,,,,,,006023,BEESLINE,0,,0,مستورد,ROLL ON,,,,114٫29,0,0,,1,نواقص,99999,,70,,2023/10/13,,,,,,,,2023/10/13,,-1,,,,,مايكل ثروت / مايت سينما,,,,0,53٫33,70,2023/08/10,,70,لا,150,145,130,115,0
3007,مستورد Rose Body Lotion,0,0,0,0,55,0,45,0,35,0,30,0,,,,,,,,,,,,,,,,006005,Body Lotion,0,,0,مستورد,Rose,,,,,0,0,,1,نواقص,99999,,0,,2021/07/15,,,,,,,,,,-1,,,,,,,,,0,,0,,,0,لا,55,45,35,30,0
3008,مستورد Roska Serm,0,0,0,0,120,0,100,0,80,0,70,0,,,,,,,,,,,,,,,,3600541214767,,0,,0,مستورد,Roska Serm,,,,,0,0,منتجات العنايه الشخصيه,1,---,99999,\us\134\pid\256\f132541055336904335015.jpg,0,,2021/07/15,,,,,,,,,,0,2021/10/01,5,#ROYALELCHIM ,"ROSKA ,HAIR  ,SERM ,العنايه  ,بالشعر ,الشخصيه",,,,,0,,0,,ROSKA HAIR SERM,0,لا,120,100,80,70,3
3009,مستورد RUSKA SMART CREAM,0,0,60,0,120,0,100,0,80,0,70,0,2022/10/15,,,,,,,,,,,,,,,006000,,0,,0,مستورد,RUSKA SMART CREAM,,,,100,0,0,منتجات العنايه الشخصيه,1,نواقص,99999,\us\134\pid\258\f132581467246343165200.png,60,,2021/07/15,,,,,,,,2022/10/15,,0,2021/04/01,20,#ROYALELCHIM ,"العنايه,بالشعر,RUSKA,SMART,CREAM",رصيد اول المده,,,,0,50,60,2021/08/26,RUSKA SMART CREAM,60,لا,120,100,80,70,2
3010,مستورد SEELA PROTEIN 0% FORMOL,0,0,1770٫3,0,3500,0,300,0,2700,0,2250,0,2021/10/17,,,,,,,,,,,,,,,62211628,0% FORMOL,0,,0,مستورد,SEELA PROTEIN,,,,97٫71,0,0,,1,نواقص,99999,,1750,,2021/10/20,,,,,,,,2021/10/17,,-1,,,,,معرض الوكيل للتجاره,,,,0,49٫42,1770٫3,2021/09/13,,1770٫3,لا,3500,300,2700,2250,0
3011,مستورد Serum Bio Avocado,0,0,70,0,115,0,90,0,80,0,75,0,2022/08/31,,,,,,,,,,,,,,,5060040701645,Avocado,0,,0,مستورد,Serum Bio,,,,64٫29,0,0,,1,نواقص,99999,,70,,2022/08/31,,,,,,,,2022/08/31,,-1,,,,,,,,,0,39٫13,70,2022/02/22,,70,لا,115,90,80,75,0
3012,مستورد Serum Bio Keratin,0,0,165,0,210,0,95,0,200,0,190,0,2024/04/09,,,,,,,,,,,,,,,5060040701621,Keratin,0,,0,مستورد,Serum Bio,,,,27٫27,0,0,,1,نواقص,99999,,165,,2024/04/11,180,,,,,,,2024/04/09,,-1,,,,,اسحق انور,,,,0,21٫43,165,2024/03/30,,165,لا,210,95,200,190,0
3013,مستورد SESA OIL,0,0,70,0,150,0,140,0,130,0,120,0,2024/02/21,,,,,,,,,,,,,,,8904319400235,,0,,0,مستورد,SESA OIL,,,,114٫29,0,0,,1,نواقص,99999,,70,,2024/02/21,,,,,,,,2024/02/21,,-1,,,,,مايكل ثروت / مايت سينما,,,,0,53٫33,70,2023/08/10,,70,لا,150,140,130,120,0
3014,مستورد SESA OIL اطاله شعر,0,0,70,0,140,0,120,0,110,0,100,0,2023/09/29,,,,,,,,,,,,,,,006026,اطاله شعر,0,,0,مستورد,SESA OIL,,,,100,0,0,,1,نواقص,99999,,70,,2023/09/29,,,,,,,,2023/09/29,,-1,,,,,مايكل ثروت / مايت سينما,,,,0,50,70,2023/08/10,,70,لا,140,120,110,100,0
3015,مستورد SOFT & BEAUTIFUL RELAXER,0,0,175,0,275,0,230,0,220,0,200,0,2023/12/15,,,,,,,,,,,,,,,802535832015,,0,,0,مستورد,SOFT & BEAUTIFUL RELAXER,,,,57٫14,0,0,منتجات العنايه الشخصيه,1,نواقص,99999,\us\134\pid\268\f132541423688404241021.jpg,175,,2023/10/13,,,,,,,,2023/06/25,,0,2021/10/10,15,#ROYALELCHIM ,"RELAX,RELAXER,العنايه,الشعر,فرد.",سعيد سالم,,,,0,36٫36,175,2021/10/26,SOFT&BEAUTIFUL RELAXER,175,لا,275,230,220,200,2
3016,مستورد SOFT &BEAUTIFUL NORMAL,0,0,171,0,300,0,250,0,220,0,200,0,2025/06/28,,,,,,,,,,,,,,,802535831018,,0,,0,مستورد,SOFT &BEAUTIFUL NORMAL,,,,75٫44,0,0,,1,نواقص,99999,,171,,2025/02/03,,,,,,,,2022/04/27,,-1,,,,,سعيد سالم,,,,0,43,171,2021/10/26,,171,لا,300,250,220,200,0
3017,مستورد SPHAIR ROSA PROTIEN,0,0,1365٫66,0,2000,0,1850,0,1650,0,1500,0,2021/10/17,,,,,,,,,,,,,,,7898626100012,PROTIEN,0,,0,مستورد,SPHAIR ROSA,,,,46٫45,0,0,,1,نواقص,99999,,1350,,2021/10/20,,,,,,,,2021/10/17,,-1,,,,,معرض الوكيل للتجاره,,,,0,31٫72,1365٫66,2021/09/13,,1365٫66,لا,2000,1850,1650,1500,0
3018,مستورد ST.IVES APRICOT FRESH SKIN,0,0,70,0,120,0,110,0,95,0,85,0,2024/01/05,,,,,,,,,,,,,,,077043103609,APRICOT,0,,0,مستورد,ST.IVES,FRESH SKIN,,,71٫43,0,0,,1,نواقص,99999,,70,,2024/01/05,,,,,,,,2024/01/05,,-1,,,,,مايكل ثروت / مايت سينما,,,,0,41٫67,70,2023/08/10,,70,لا,120,110,95,85,0
3019,مستورد ST.IVES AVOCADO &HONEY,0,0,70,0,120,0,110,0,100,0,90,0,2025/06/28,,,,,,,,,,,,,,,077043000953,AVOCADO &HONEY,0,,0,مستورد,ST.IVES,,,,71٫43,0,0,,1,نواقص,99999,,70,,2025/02/03,,,,,,,,,,-1,,,,,مايكل ثروت / مايت سينما,,,,0,41٫67,70,2023/08/10,,70,لا,120,110,100,90,0
3020,مستورد ST.IVES COCONUT&COFFEE,0,0,70,0,120,0,110,0,95,0,85,0,2023/11/11,,,,,,,,,,,,,,,077043000168,COCONUT&COFFEE,0,,0,مستورد,ST.IVES,,,,71٫43,0,0,,1,نواقص,99999,,70,,2023/11/11,,,,,,,,2023/11/11,,-1,,,,,مايكل ثروت / مايت سينما,,,,0,41٫67,70,2023/08/10,,70,لا,120,110,95,85,0
3021,مستورد ST.IVES Renewing Cream 283g,0,0,122٫5,0,260,0,240,0,220,0,200,0,2023/12/15,,,,,,,,,,,,,,,077043104736,Renewing Cream,0,,0,مستورد,ST.IVES,283g,,,112٫24,0,0,,1,نواقص,99999,,120,,2023/10/13,,,,,,,,2023/08/25,,-1,,,,,مايكل ثروت / مايت سينما,,,,0,52٫88,120,2023/08/10,,122٫5,لا,260,240,220,200,0
3022,مستورد STARVILLE,0,0,70,0,140,0,130,0,120,0,110,0,2023/11/29,,,,,,,,,,,,,,,6224008073628,,0,,0,مستورد,STARVILLE,,,,100,0,0,,1,نواقص,99999,,70,,2023/11/29,,,,,,,,2023/11/29,,-1,,,,,مايكل ثروت / مايت سينما,,,,0,50,70,2023/08/10,,70,لا,140,130,120,110,0
3023,مستورد STARVILLE SWEET VANILA,0,0,70,0,140,0,130,0,120,0,110,0,2024/02/05,,,,,,,,,,,,,,,6224010337756,SWEET VANILA,0,,0,مستورد,STARVILLE,,,,100,0,0,,1,نواقص,99999,,70,,2024/02/05,,,,,,,,2024/02/05,,-1,,,,,مايكل ثروت / مايت سينما,,,,0,50,70,2023/08/10,,70,لا,140,130,120,110,0
3024,مستورد STRAND Shampoo,0,0,50,0,85,0,75,0,65,0,55,0,2023/05/11,,,,,,,,,,,,,,,6224008777151,Shampoo,0,,0,مستورد,STRAND,,,,70,0,0,,1,نواقص,99999,,50,,2023/05/11,,,,,,,,2023/05/11,,-1,,,,,,,,,0,41٫18,50,2022/02/22,,50,لا,85,75,65,55,0
3025,مستورد SUNSERA DRY HAIR MASK,0,0,90,0,200,0,160,0,130,0,110,0,2023/12/15,,,,,,,,,,,,,,,5055757811169,,0,,0,مستورد,SUNSERA DRY HAIR MASK,,,,122٫22,0,0,منتجات العنايه الشخصيه,1,نواقص,99999,\us\134\pid\260\f132541609557768625043.jpg,90,,2022/06/18,,,,,,,,,,0,2021/10/10,25,#ROYALELCHIM ,"حمام ,كريم,بلسم ,منعم ,تطويل,ترطيب ,مكيف ,الشعر,العنايه ,SOFT,CONDITIONER,CREAM,HAIR,شعر",رصيد اول المده,,,,0,55,90,2021/08/26,SUNSERA DRY HAIR MASK,90,لا,200,160,130,110,2
3026,مستورد SUNSERA NORMAL HAIR MASK,0,0,90,0,200,0,150,0,130,0,110,0,2023/12/15,,,,,,,,,,,,,,,5055757811145,,0,,0,مستورد,SUNSERA NORMAL HAIR MASK,,,,122٫22,0,0,منتجات العنايه الشخصيه,1,نواقص,99999,\us\134\pid\261\f132541498647560434038.jpg,90,,2022/06/18,,,,,,,,,,0,2021/10/10,25,#ROYALELCHIM ,"HAIR,CARE,NORMAL,SUNSERA,HAIR,MASK,CONDITIONER,BALSAM,بلسم ,مكيف, شعر,ترطيب,تطوبل,تنعيم,تغذيه الشعر,",رويال / اداره المخازن الاقصر,,,,0,55,90,2021/11/24,SUNSERA NORMAL HAIR MASK,90,لا,200,150,130,110,1
3027,مستورد TCB RELAXER,0,0,0,0,200,0,180,0,160,0,135,0,,,,,,,,,,,,,,,,802535815155,,0,,0,مستورد,TCB RELAXER,,,,,0,0,,1,نواقص,99999,,0,,2021/07/15,,,,,,,,,,-1,,,,,,,,,0,,0,,,0,لا,200,180,160,135,0
3028,مستورد Vaseline 100ml,0,0,35,0,70,0,60,0,50,0,40,0,2024/05/05,,,,,,,,,,,,,,,8901030025280,,0,,0,مستورد,Vaseline 100ml,,,,100,0,0,,1,نواقص,99999,,35,,2024/05/07,,,,,,,,2024/05/05,,-1,,,,,,,,,0,50,35,2022/02/22,,35,لا,70,60,50,40,0
3029,مستورد Vaseline 300 Ml,0,0,65,0,100,0,90,0,80,0,70,0,2023/12/11,,,,,,,,,,,,,,,6281006450196,,0,,0,مستورد,Vaseline 300 Ml,,,,53٫85,0,0,,1,نواقص,99999,,65,,2023/11/21,,,,,,,,2023/12/11,,-1,,,,,,,,,0,35,65,2022/02/22,,65,لا,100,90,80,70,0
3030,مستورد White Skin Dr Rashel,0,0,120,0,200,0,185,0,170,0,150,0,2024/01/26,,,,,,,,,,,,,,,6971764150161,Dr Rashel,0,,0,مستورد,White Skin,,,,66٫67,0,0,,1,نواقص,99999,,120,,2024/01/27,,,,,,,,2024/01/26,,-1,,,,,مايكل ثروت / مايت سينما,,,,0,40,120,2023/08/10,,120,لا,200,185,170,150,0
3031,مستورد Zero Frizz Keratin Serum,0,0,230,0,300,0,280,0,270,0,260,0,2024/10/04,,,,,,,,,,,,,,,819933011669,Keratin Serum,0,,0,مستورد,Zero Frizz,,,,30٫43,0,0,,1,نواقص,99999,,230,,2024/10/04,,,,,,,,2024/10/04,,-1,,,,,اسحق انور,,,,0,23٫33,230,2024/03/30,,230,لا,300,280,270,260,0
3032,مستورد افريكانو بيست طقم فرد بزبدة الشيا,0,0,205,0,330,0,300,0,250,0,230,0,2023/12/15,,,,,,,,,,,,,,,034285562007,بزبدة الشيا,0,,0,مستورد,افريكانو بيست طقم فرد,,,,60٫98,0,0,,1,نواقص,99999,,205,,2022/11/02,,,,,,,,2022/11/02,,-1,,,,,سعيد سالم,,,,0,37٫88,205,2021/10/26,,205,لا,330,300,250,230,0
3033,مستورد الوان تاتو BIOTOUCH,0,0,495,0,750,0,650,0,600,0,550,0,2023/02/04,,,,,,,,,,,,,,,701816118841,,0,,0,مستورد,الوان تاتو BIOTOUCH,,,,51٫52,0,0,مستلزمات الكوافير,1,نواقص,99999,\us\134\pid\53\f132561272397386381161.png,495,,2021/07/15,,,,,,,,,,-1,2021/03/30,30,#TOOLS ,"Micro, Pigments ,Tattoo ,BIOTOUCH,تاتو ,لون",رصيد اول المده,,,,0,34,495,2021/08/29,BIOTOUCH MICRO PIGMENTS TATTO,495,لا,750,650,600,550,5
3034,مستورد انشاتر 100 مللي,0,0,30,0,50,0,45,0,40,0,35,0,2023/10/16,,,,,,,,,,,,,,,8888202052544,100 مللي,0,,0,مستورد,انشاتر,,,,66٫67,0,0,,1,---,99999,,30,,2023/10/13,,,,,,,,2023/10/16,,-1,,,,,مايكل ثروت / مايت سينما,,,,0,40,30,2023/08/10,,30,لا,50,45,40,35,0
3035,مستورد انشاتر 100 مللي رومانتك,0,0,30,0,50,0,45,0,42,0,40,0,2023/10/12,,,,,,,,,,,,,,,8888202052551,100 مللي,0,,0,مستورد,انشاتر,رومانتك,,,66٫67,0,0,,1,نواقص,99999,,30,,2023/10/12,,,,,,,,2023/10/12,,-1,,,,,مايكل ثروت / مايت سينما,,,,0,40,30,2023/08/10,,30,لا,50,45,42,40,0
3036,مستورد بودره Style Chic 400,0,0,61٫67,0,90,0,80,0,75,0,70,0,2022/09/21,,,,,,,,,,,,,,,6224009473458,,0,,0,مستورد,بودره Style Chic 400,,,,45٫95,0,0,منتجات العنايه الشخصيه,1,نواقص,99999,\us\134\pid\298\f132580537483482336448.png,63,,2022/09/22,,,,,,,,2022/09/21,,0,2021/04/01,10,#ROYALELCHIM ,"العنايه,بالشعر,STYLE,CHIC,400",رويال/ادره المخازن,,,,0,31٫48,63,2022/02/09,STYLE CHIC 400,61٫67,لا,90,80,75,70,2
3037,مستورد بودره تفتيح بيضاء,0,0,0,0,200,0,170,0,150,0,135,0,,,,,,,,,,,,,,,,8021694015332,,0,,0,مستورد,بودره تفتيح بيضاء,,,,,0,0,منتجات العنايه الشخصيه,1,نواقص,99999,\us\134\pid\81\f132580529512764520402.png,0,,2021/07/15,,,,,,,,,,-1,2020/04/01,20,#ROYALELCHIM ,"العنايه,بالشعر,بودره,تفتيح,بيضاء",,,,,0,,0,,بودره تفتيح بيضاء,0,لا,200,170,150,135,3
3038,مستورد حقن كولاجين,0,0,11,0,20,0,18,0,15,0,12,0,2023/12/15,,,,,,,,,,,,,,,006001,,0,,0,مستورد,حقن كولاجين,,,,81٫82,0,0,منتجات العنايه الشخصيه,1,نواقص,99999,,11,,2021/07/15,,,,,,,,2022/11/23,,0,2021/04/01,10,#royalelchim ,مستورد حقن كولاجين,رويال/ادره المخازن,,,,0,45,11,2022/02/14,مستورد حقن كولاجين,11,لا,20,18,15,12,0
3039,مستورد صبغه ايطالى PERACOLOR 100ML,0,0,41٫64,0,60,0,55,0,50,0,45,0,2023/12/15,,,,,,,,,,,,,,,006006,100ML,0,,0,مستورد,صبغه ايطالى PERACOLOR,,,,44٫1,0,0,,1,نواقص,99999,,42,,2022/06/18,,,,,,,,2022/04/18,,-1,,,,,رويال/ادره المخازن,,,,0,30٫6,42,2022/02/02,,41٫64,لا,60,55,50,45,0
3040,مستورد طقم GK,0,0,45,0,80,0,70,0,60,0,50,0,2022/10/31,,,,,,,,,,,,,,,006013,,0,,0,مستورد,طقم GK,,,,77٫78,0,0,,1,نواقص,99999,,45,,2022/11/02,,,,,,,,2022/10/31,,-1,,,,,,,,,0,43٫75,45,2022/02/22,,45,لا,80,70,60,50,0
3041,مستورد غسول Disaar Vitamin C,0,0,40,0,75,0,65,0,55,0,45,0,2023/12/15,,,,,,,,,,,,,,,006014,Vitamin C,0,,0,مستورد,غسول Disaar,,,,87٫5,0,0,,1,نواقص,99999,,40,,2022/06/18,,,,,,,,2022/04/12,,-1,,,,,,,,,0,46٫67,40,2022/02/22,,40,لا,75,65,55,45,0
3042,مستورد فرد Olive Oil,0,0,100,0,160,0,135,0,125,0,110,0,2023/04/05,,,,,,,,,,,,,,,006019,,0,,0,مستورد,فرد Olive Oil,,,,60,0,0,,1,---,99999,,100,,,,,,,,,,2023/04/05,,-1,,,,,محارب صبرى,,,,0,37٫5,100,2023/02/03,,100,لا,160,135,125,110,0
3043,مستورد فوم كيرلي,0,0,75,0,125,0,115,0,100,0,85,0,2023/01/16,,,,,,,,,,,,,,,006018,,0,,0,مستورد,فوم كيرلي,,,,66٫67,0,0,,1,---,99999,,75,,,,,,,,,,2023/01/16,,-1,,,,,محارب صبرى,,,,0,40,75,2023/01/14,,75,لا,125,115,100,85,0
3044,مستورد كريم تبيض و ازلة القشور GARNIER,0,0,16٫6,0,40,0,30,0,25,0,20,0,2023/12/15,,,,,,,,,,,,,,,5021044048884,,0,,0,مستورد,كريم تبيض و ازلة القشور GARNIER,,,,140٫96,0,0,منتجات العنايه الشخصيه,1,نواقص,99999,\us\134\pid\520\f132561210281739407137.jpg,15٫5,,2023/10/13,,,,,,,,2023/05/25,,-3,2021/03/01,30,#ROYALELCHIM ,"GRNIER,FRUCTIS,SCRUB,كريم,تبييض,ازاله القشور,عنابه,جسم",محمود السقاري,,,,0,58٫5,15٫5,2023/03/01,GARNIER FRUCTIS SCRUB,16٫6,لا,40,30,25,20,3
3045,مستورد كريم تبيض و ازلة القشورL'OREAL,0,0,15٫28,0,40,0,30,0,25,0,20,0,2023/12/15,,,,,,,,,,,,,,,3054080046943,,0,,0,مستورد,كريم تبيض و ازلة القشورL'OREAL,,,,161٫77,0,0,منتجات العنايه الشخصيه,1,نواقص,99999,\us\134\pid\518\f132581387098401019246.png,15٫5,,2023/10/13,,,,,,,,2023/05/25,,-1,2020/04/01,10,#ROYALELCHIM ,"كريم,تبيض,وازال, القشور,LORAL,العنايه,بالبشره",محمود السقاري,,,,0,61٫8,15٫5,2023/03/01,كريم تبيض وازاله القشور LOREAL,15٫28,لا,40,30,25,20,2
3046,مستورد كريم تكبير/تخسيس,0,0,44٫8,0,75,0,70,0,65,0,55,0,2025/06/28,,,,,,,,,,,,,,,006015,,0,,0,مستورد,كريم تكبير/تخسيس,,,,67٫41,0,0,,1,نواقص,99999,,45٫83,,2024/09/20,,,,,,,,2024/09/19,,-1,,,,,,,,,0,40٫27,45٫83,2023/04/07,,44٫8,لا,75,70,65,55,0
3047,مستورد ماسك شفايف,0,0,6٫83,0,20,0,18,0,15,0,12,0,2025/06/28,,,,,,,,,,,,,,,006016,,0,,0,مستورد,ماسك شفايف,,,,192٫68,0,0,,1,نواقص,99999,,0٫5,,2025/02/03,,,,,,,,2024/04/01,,-1,,,,,مايكل ثروت / مايت سينما,,,,0,65٫83,0٫5,2023/08/10,,6٫83,لا,20,18,15,12,0
3048,مستورد ماسك عيون,0,0,10,0,20,0,18,0,15,0,12,0,2025/06/28,,,,,,,,,,,,,,,006017,,0,,0,مستورد,ماسك عيون,,,,100,0,0,,1,نواقص,99999,,10,,2025/02/03,,,,,,,,2022/08/26,,-1,,,,,,,,,0,50,10,2022/03/05,,10,لا,20,18,15,12,0
3049,مستورد مقشر بشره وجسم,0,0,0,0,30,0,25,0,20,0,15,0,,,,,,,,,,,,,,,,006002,,0,,0,مستورد,مقشر بشره وجسم,,,,,0,0,منتجات العنايه الشخصيه,1,نواقص,99999,\us\134\pid\296\f132545807972264195017.jpg,0,,2021/07/15,,,,,,,,,,-1,2021/01/30,15,#ROYALELCHIM ,"تقشير,ترطيب,البشره,تنظيف",,,,,0,,0,,"LOREA,DOVE,GARNIER",0,لا,30,25,20,15,5
113,إجمالي -   مستورد,0,0,0,0,0,0,0,0,0,0,0,0,,0,0,0,0,0,0,0,0,0,0,0,0,0,0,,,0,0,0,,,,,,0,0,,,,,,,0,,,,,0,0,0,0,0,,,,,,,,,,,,,,0,,,0,,0,0,0,0,
,,,,,,,,,,,,,,,,,,,,,,,,,,,,,,,,,,,,,,,,,,,,,,,,,,,,,,,,,,,,,,,,,,,,,,,,,,,,,,,
,مناديل,,,,,,,,,,,,,,,,,,,,,,,,,,,,,,,,,مناديل,,,,,,,,,,,,,,,,,,,,,,,,,,,,,,,,,,,,,,,,,,,,,
3050,مناديل عرض سحب 300 Moji,0,0,30٫24,0,40,0,37,0,35,0,33٫5,0,2025/06/28,,,,,,,,,,,,,,,101001,Moji,0,,0,مناديل,عرض سحب 300,,,,32٫29,0,0,,1,نواقص,99999,,30٫86,,2025/02/03,,,,,,,,2024/04/01,,-1,,,,,الفا ميديكال,,,,0,24٫41,30٫86,2024/01/02,,30٫24,لا,40,37,35,33٫5,0
1,إجمالي -   مناديل,0,0,0,0,0,0,0,0,0,0,0,0,,0,0,0,0,0,0,0,0,0,0,0,0,0,0,,,0,0,0,,,,,,0,0,,,,,,,0,,,,,0,0,0,0,0,,,,,,,,,,,,,,0,,,0,,0,0,0,0,
3050,إجمالي,0,0,0,0,0,0,0,0,0,0,0,0,,0,0,0,0,0,0,0,0,0,0,0,0,0,0,,,3,0,0,,,,,,0,0,,,,,,,0,,,,,0,0,0,0,0,,,,,,,,,,,,,,0,,,0,,0,0,0,0,
